model_id,band_id,block,model_flux_jy,observed_flux_jy,effective_wavelength_um,five_minus_three_over_five,quadrature_unresolved,three_node_flux_jy
m0022_24af7874,c01,nir_continuum,0.00012457877299417748,0.00011280459058311971,1.13,0.012217007232193492,True,0.00012305679322352982
m0022_24af7874,c02,nir_continuum,0.00023723214078782845,0.00020968344816331647,1.21,-0.0008002269508565037,False,0.00023742198034049626
m0022_24af7874,c03,nir_continuum,0.0028145238309130573,0.001938644984729536,1.521,-0.01000362202393914,True,0.0028426792634948807
m0022_24af7874,c04,nir_continuum,0.010071822397445843,0.0066964785327128075,1.74,-0.003977052317017867,False,0.010111878562048197
m0022_24af7874,c05,nir_continuum,0.04608272745021905,0.044436987446273134,2.2,-0.001395947685756468,False,0.04614705652695653
m0022_24af7874,c06,nir_continuum,0.060086817103972186,0.061174555951986266,2.3,0.00522946508629239,False,0.05977259519178053
m0022_24af7874,c07,nir_continuum,0.09134457947678278,0.12292927588858787,2.55,0.0030283338989493098,False,0.09106795759026796
m0022_24af7874,c08,nir_continuum,0.41297712224175104,0.471292322592436,3.91,0.0021442249709751333,False,0.4120916063837988
m0022_24af7874,c09,nir_continuum,0.5800120684140337,0.7883862647800575,4.525,0.00386167213786743,False,0.5777722519698124
m0022_24af7874,h01,nir_ice,0.11082126896723313,0.1667887218763796,2.77,-0.016263651078160107,True,0.11262362741775514
m0022_24af7874,h02,nir_ice,0.03867810685252994,0.03981732977517519,2.95,0.0015938651312162862,False,0.038616459166676234
m0022_24af7874,h03,nir_ice,0.03698495685427942,0.033334526346008767,3.1100000000000003,-0.004311879862936947,False,0.03714443154497098
m0022_24af7874,h04,nir_ice,0.24388977102542497,0.18794238036499775,3.3600000000000003,0.004794920267787096,False,0.2427203390192292
m0022_24af7874,s01,miri,0.3350158343278146,1.1932705614272665,8.399999999999999,0.0036788159494316086,False,0.3337833727331773
m0022_24af7874,s02,miri,0.05300974162280281,0.49919728831445087,9.7,0.016683414128137442,True,0.052125358150484025
m0022_24af7874,s03,miri,0.2936233949112138,0.986303694733075,11.0,0.004545319176773364,False,0.29228878286357457
m0022_24af7874,s04,miri,1.4582089794853073,1.836899064256267,12.7,0.0009617767373098194,False,1.456806508010702
m0022_24af7874,s05,miri,3.4619047397671756,3.2846375481516548,18.450000000000003,0.0009283281194560401,False,3.4586909562503716
m0022_24af7874,s06,miri,4.308861796057016,3.9092068681040057,19.8,-0.0006090650507852412,False,4.311486173185658
m0020_1d821a4c,c01,nir_continuum,0.0001416961561650591,0.00011280459058311971,1.13,0.028182799769254932,True,0.00013770276176778616
m0020_1d821a4c,c02,nir_continuum,0.00026405644332181305,0.00020968344816331647,1.21,-0.007293898904597623,False,0.00026598244432450997
m0020_1d821a4c,c03,nir_continuum,0.0030919593786265876,0.001938644984729536,1.521,-0.01494617519746999,True,0.003138172345203001
m0020_1d821a4c,c04,nir_continuum,0.01111321946827723,0.0066964785327128075,1.74,0.007770419672183195,False,0.01102686508909964
m0020_1d821a4c,c05,nir_continuum,0.05031088999655339,0.044436987446273134,2.2,0.0023832538815279913,False,0.05019098637268598
m0020_1d821a4c,c06,nir_continuum,0.06370329198422696,0.061174555951986266,2.3,0.005175229314830634,False,0.06337361284009897
m0020_1d821a4c,c07,nir_continuum,0.09636138111263205,0.12292927588858787,2.55,-0.003225176222882475,False,0.09667216354780063
m0020_1d821a4c,c08,nir_continuum,0.4352136474884743,0.471292322592436,3.91,-0.0038775337443668055,False,0.4369012030926198
m0020_1d821a4c,c09,nir_continuum,0.6392972299933092,0.7883862647800575,4.525,-0.0021660818347177444,False,0.6406820001101831
m0020_1d821a4c,h01,nir_ice,0.1230996277607913,0.1667887218763796,2.77,0.03534599775205686,True,0.11874854859467933
m0020_1d821a4c,h02,nir_ice,0.04036792250447728,0.03981732977517519,2.95,0.0018627757792029208,False,0.0402927261161792
m0020_1d821a4c,h03,nir_ice,0.038579222167207716,0.033334526346008767,3.1100000000000003,0.005224406669776734,False,0.03837766862160256
m0020_1d821a4c,h04,nir_ice,0.2522366580472865,0.18794238036499775,3.3600000000000003,0.0038622781854342706,False,0.25126244990534363
m0020_1d821a4c,s01,miri,0.39600675973789673,1.1932705614272665,8.399999999999999,-0.0013314748192784984,False,0.3965340327667518
m0020_1d821a4c,s02,miri,0.06281281345464494,0.49919728831445087,9.7,0.007395303285776248,False,0.062348293648914956
m0020_1d821a4c,s03,miri,0.34873073718294445,0.986303694733075,11.0,6.724787254555548e-05,False,0.34870728578277765
m0020_1d821a4c,s04,miri,1.715891266856743,1.836899064256267,12.7,-0.002811197489685377,False,1.7207149760787037
m0020_1d821a4c,s05,miri,3.981737520037358,3.2846375481516548,18.450000000000003,-7.230072191295567e-05,False,3.9820254025345245
m0020_1d821a4c,s06,miri,4.945925221960339,3.9092068681040057,19.8,0.0021292832526125806,False,4.935393946216545
m0059_696750ab,c01,nir_continuum,0.0002895543329957571,0.00011280459058311971,1.13,0.012181493969200721,True,0.00028602712863461333
m0059_696750ab,c02,nir_continuum,0.000433668866164298,0.00020968344816331647,1.21,0.00017161457329725835,False,0.0004335944422668789
m0059_696750ab,c03,nir_continuum,0.0034832488461967767,0.001938644984729536,1.521,-0.010516133324104157,True,0.003519879155464414
m0059_696750ab,c04,nir_continuum,0.011516273960018733,0.0066964785327128075,1.74,0.014460879363979407,True,0.011349738511560365
m0059_696750ab,c05,nir_continuum,0.04946169817923032,0.044436987446273134,2.2,-0.007922244016497406,False,0.04985354582167653
m0059_696750ab,c06,nir_continuum,0.06291074408593057,0.061174555951986266,2.3,0.008920276009394802,False,0.06234956288472767
m0059_696750ab,c07,nir_continuum,0.09550218195078837,0.12292927588858787,2.55,-0.0013676117880537292,False,0.09563279186060912
m0059_696750ab,c08,nir_continuum,0.47267364881924373,0.471292322592436,3.91,0.006019668537469814,False,0.4698283101269555
m0059_696750ab,c09,nir_continuum,0.7008980585186841,0.7883862647800575,4.525,-0.0015892711140214444,False,0.7020119755569616
m0059_696750ab,h01,nir_ice,0.1246120768939693,0.1667887218763796,2.77,0.03646867362320305,True,0.12006763973221365
m0059_696750ab,h02,nir_ice,0.0401548436745074,0.03981732977517519,2.95,0.05477492512459015,True,0.03795536511884663
m0059_696750ab,h03,nir_ice,0.041149406752987366,0.033334526346008767,3.1100000000000003,-0.02542436808634403,True,0.04219560441681001
m0059_696750ab,h04,nir_ice,0.2680802272336802,0.18794238036499775,3.3600000000000003,-0.0013547697958370536,False,0.2684434142283975
m0059_696750ab,s01,miri,0.5298739267845095,1.1932705614272665,8.399999999999999,-0.011889704448091088,True,0.5361739711687268
m0059_696750ab,s02,miri,0.14744573564121927,0.49919728831445087,9.7,0.0034138216411132667,False,0.1469423821979974
m0059_696750ab,s03,miri,0.5947396992759153,0.986303694733075,11.0,-0.0009769057577479875,False,0.5953207039124992
m0059_696750ab,s04,miri,2.174458757431987,1.836899064256267,12.7,0.002781439827254242,False,2.168410631241344
m0059_696750ab,s05,miri,4.7438292757809375,3.2846375481516548,18.450000000000003,0.0018063696766084628,False,4.735260166426159
m0059_696750ab,s06,miri,5.624854779898343,3.9092068681040057,19.8,0.00036035505448969143,False,5.622827835047636
m0018_2077eb19,c01,nir_continuum,0.00016538342503572302,0.00011280459058311971,1.13,-0.032606228461767583,True,0.00017077595477622742
m0018_2077eb19,c02,nir_continuum,0.00031226887154647186,0.00020968344816331647,1.21,0.03127778319381728,True,0.00030250179348406334
m0018_2077eb19,c03,nir_continuum,0.003490045705817122,0.001938644984729536,1.521,-0.006974198918334446,False,0.0035143859788035695
m0018_2077eb19,c04,nir_continuum,0.012313874488955556,0.0066964785327128075,1.74,-0.007543040552683345,False,0.0124067585435864
m0018_2077eb19,c05,nir_continuum,0.05328869477335221,0.044436987446273134,2.2,0.005402792042957514,False,0.053000787037251154
m0018_2077eb19,c06,nir_continuum,0.06779652672134807,0.061174555951986266,2.3,0.01994887951522166,True,0.0664440619782334
m0018_2077eb19,c07,nir_continuum,0.0985835129817866,0.12292927588858787,2.55,0.012353672211086854,True,0.09736564457699218
m0018_2077eb19,c08,nir_continuum,0.44261714439698124,0.471292322592436,3.91,-0.00042579834780908537,False,0.44280561004577745
m0018_2077eb19,c09,nir_continuum,0.6685125112385495,0.7883862647800575,4.525,-0.00014127664485972293,False,0.668606956443184
m0018_2077eb19,h01,nir_ice,0.12429442633933134,0.1667887218763796,2.77,0.024884708138586994,True,0.12120139581662398
m0018_2077eb19,h02,nir_ice,0.040653575185960675,0.03981732977517519,2.95,0.012865100069967392,True,0.04013056287299135
m0018_2077eb19,h03,nir_ice,0.039175698272253645,0.033334526346008767,3.1100000000000003,-0.010198577858335575,True,0.039575234681237886
m0018_2077eb19,h04,nir_ice,0.2582828726666027,0.18794238036499775,3.3600000000000003,0.026368203530652404,True,0.25147241731164816
m0018_2077eb19,s01,miri,0.4549564111947206,1.1932705614272665,8.399999999999999,0.0020449562996567427,False,0.4540260452155787
m0018_2077eb19,s02,miri,0.0746028925296301,0.49919728831445087,9.7,0.004062385453377625,False,0.07429982682423783
m0018_2077eb19,s03,miri,0.40065426684322525,0.986303694733075,11.0,-0.002163994966657486,False,0.40152128066004383
m0018_2077eb19,s04,miri,1.9521708949627883,1.836899064256267,12.7,-0.0007954029407086847,False,1.9537236574334076
m0018_2077eb19,s05,miri,4.447065395994936,3.2846375481516548,18.450000000000003,8.970742623434608e-06,False,4.447025502515839
m0018_2077eb19,s06,miri,5.521788247969198,3.9092068681040057,19.8,-0.00043105712481976736,False,5.524168454135231
m0058_efaf62b7,c01,nir_continuum,0.00032227003776389985,0.00011280459058311971,1.13,-0.021157229405698343,True,0.00032908837888345375
m0058_efaf62b7,c02,nir_continuum,0.0005071573078496623,0.00020968344816331647,1.21,-0.02063337297254383,True,0.0005176216737382756
m0058_efaf62b7,c03,nir_continuum,0.004029767850508027,0.001938644984729536,1.521,-0.011912463299133907,True,0.0040777723121312335
m0058_efaf62b7,c04,nir_continuum,0.012985337629674907,0.0066964785327128075,1.74,-0.006673009784616295,False,0.013071988914734274
m0058_efaf62b7,c05,nir_continuum,0.05421969899137329,0.044436987446273134,2.2,0.019637019743013417,True,0.05315498569181945
m0058_efaf62b7,c06,nir_continuum,0.06948150183571658,0.061174555951986266,2.3,0.004748389267536536,False,0.06915157661810754
m0058_efaf62b7,c07,nir_continuum,0.10298429789354228,0.12292927588858787,2.55,0.015669065015782115,True,0.1013706302342437
m0058_efaf62b7,c08,nir_continuum,0.5047519077992489,0.471292322592436,3.91,0.0036393303597901496,False,0.5029149488570331
m0058_efaf62b7,c09,nir_continuum,0.7693200527603907,0.7883862647800575,4.525,-0.0018430414804934787,False,0.7707379415294036
m0058_efaf62b7,h01,nir_ice,0.13189238665845857,0.1667887218763796,2.77,0.035246235332690196,True,0.12724367655970437
m0058_efaf62b7,h02,nir_ice,0.04413062071409484,0.03981732977517519,2.95,0.0017533391564007342,False,0.04405324476880055
m0058_efaf62b7,h03,nir_ice,0.044236507691484746,0.033334526346008767,3.1100000000000003,0.0019560132096900903,False,0.044149980498089644
m0058_efaf62b7,h04,nir_ice,0.28065575783509916,0.18794238036499775,3.3600000000000003,0.011961280426397025,True,0.27729875561235057
m0058_efaf62b7,s01,miri,0.6363515594561227,1.1932705614272665,8.399999999999999,0.003492808363135133,False,0.6341289054073602
m0058_efaf62b7,s02,miri,0.177764283838407,0.49919728831445087,9.7,-0.004785113925665713,False,0.17861490618848816
m0058_efaf62b7,s03,miri,0.7072744327382944,0.986303694733075,11.0,0.0003427004122776207,False,0.7070320494986015
m0058_efaf62b7,s04,miri,2.565246921417499,1.836899064256267,12.7,-0.001783116645357936,False,2.5698210559025316
m0058_efaf62b7,s05,miri,5.5054404883955605,3.2846375481516548,18.450000000000003,0.0008076085028837982,False,5.500994247845012
m0058_efaf62b7,s06,miri,6.534253538832129,3.9092068681040057,19.8,-0.0012021875087944564,False,6.542108936815809
m0048_236a3ffe,c01,nir_continuum,3.169875139329708e-05,0.00011280459058311971,1.13,-0.005751806368239174,False,3.1881076473426274e-05
m0048_236a3ffe,c02,nir_continuum,7.526755178597247e-05,0.00020968344816331647,1.21,-0.011348775984860964,True,7.61217463701204e-05
m0048_236a3ffe,c03,nir_continuum,0.001807546162360664,0.001938644984729536,1.521,-0.014279740914464848,True,0.0018333574532501094
m0048_236a3ffe,c04,nir_continuum,0.008429499280170089,0.0066964785327128075,1.74,0.00405288705710314,False,0.008395335471639627
m0048_236a3ffe,c05,nir_continuum,0.0450610063128617,0.044436987446273134,2.2,0.009165383333713091,False,0.04464800491660146
m0048_236a3ffe,c06,nir_continuum,0.05902284455089317,0.061174555951986266,2.3,-0.00025232013724119475,False,0.059037737203130616
m0048_236a3ffe,c07,nir_continuum,0.08876738743464559,0.12292927588858787,2.55,0.005023152787897604,False,0.08832149528497886
m0048_236a3ffe,c08,nir_continuum,0.3698402402170145,0.471292322592436,3.91,0.0004584152301234486,False,0.3696706998181865
m0048_236a3ffe,c09,nir_continuum,0.518083956908554,0.7883862647800575,4.525,0.004048165349002292,False,0.5159866673863228
m0048_236a3ffe,h01,nir_ice,0.11266149620824488,0.1667887218763796,2.77,0.04102657921299616,True,0.10803938040980265
m0048_236a3ffe,h02,nir_ice,0.03577887192411392,0.03981732977517519,2.95,-0.003361921072670808,False,0.03589915766759199
m0048_236a3ffe,h03,nir_ice,0.03404600405424371,0.033334526346008767,3.1100000000000003,-0.024837089912455902,True,0.0348916077180988
m0048_236a3ffe,h04,nir_ice,0.22453959865990064,0.18794238036499775,3.3600000000000003,0.008546010692292848,False,0.22262068084890999
m0048_236a3ffe,s01,miri,0.2383703192258026,1.1932705614272665,8.399999999999999,-0.0019898099997163582,False,0.23884463087063368
m0048_236a3ffe,s02,miri,0.018465315945149725,0.49919728831445087,9.7,0.0037842062932577636,False,0.018395439380343097
m0048_236a3ffe,s03,miri,0.15189270560688659,0.986303694733075,11.0,-0.004885143385773936,False,0.15263472325302938
m0048_236a3ffe,s04,miri,1.0835597878869494,1.836899064256267,12.7,0.0005055763830361014,False,1.0830119656485862
m0048_236a3ffe,s05,miri,2.584019502502433,3.2846375481516548,18.450000000000003,0.0016036975338554037,False,2.5798755167988356
m0048_236a3ffe,s06,miri,3.3935382269675167,3.9092068681040057,19.8,0.0011091998833563383,False,3.389774114761999
m0049_b80ea3cc,c01,nir_continuum,2.679520071319109e-05,0.00011280459058311971,1.13,0.0067405250147639035,False,2.6614586992508206e-05
m0049_b80ea3cc,c02,nir_continuum,6.570897211535226e-05,0.00020968344816331647,1.21,-0.00979153470013603,False,6.635236379593e-05
m0049_b80ea3cc,c03,nir_continuum,0.0016315765139509656,0.001938644984729536,1.521,-0.022509724083767096,True,0.0016683028511015564
m0049_b80ea3cc,c04,nir_continuum,0.007723523144642695,0.0066964785327128075,1.74,0.004388000128131915,False,0.007689632324094373
m0049_b80ea3cc,c05,nir_continuum,0.04382362760891838,0.044436987446273134,2.2,0.0022032919910944886,False,0.04372707136118694
m0049_b80ea3cc,c06,nir_continuum,0.056416960743130344,0.061174555951986266,2.3,-0.003876735861494621,False,0.05663567439803977
m0049_b80ea3cc,c07,nir_continuum,0.08803691417531312,0.12292927588858787,2.55,0.010404504155508289,True,0.08712093373593795
m0049_b80ea3cc,c08,nir_continuum,0.37020871774215797,0.471292322592436,3.91,-0.009047758408025063,False,0.37355827678083375
m0049_b80ea3cc,c09,nir_continuum,0.5029318304151933,0.7883862647800575,4.525,-0.0030915688898223875,False,0.5044866788158063
m0049_b80ea3cc,h01,nir_ice,0.11322497981977289,0.1667887218763796,2.77,0.033681538566735156,True,0.1094113882952554
m0049_b80ea3cc,h02,nir_ice,0.035693440526014496,0.03981732977517519,2.95,-0.004376555414052024,False,0.03584965484639477
m0049_b80ea3cc,h03,nir_ice,0.03380147944204472,0.033334526346008767,3.1100000000000003,-0.00982858889951712,False,0.03413370028767606
m0049_b80ea3cc,h04,nir_ice,0.22489288097899415,0.18794238036499775,3.3600000000000003,0.005061536897489162,False,0.22375457736393634
m0049_b80ea3cc,s01,miri,0.21175243555702236,1.1932705614272665,8.399999999999999,-0.00022625166919540136,False,0.21180034489902333
m0049_b80ea3cc,s02,miri,0.015793007426748395,0.49919728831445087,9.7,-0.0019760119422361838,False,0.015824214598027474
m0049_b80ea3cc,s03,miri,0.13388538715383633,0.986303694733075,11.0,0.0002830423565683064,False,0.13384749191834625
m0049_b80ea3cc,s04,miri,0.960721006849326,1.836899064256267,12.7,0.004417838496636227,False,0.95647669660074
m0049_b80ea3cc,s05,miri,2.3185104167217188,3.2846375481516548,18.450000000000003,-0.00014640487014017025,False,2.3188498579381975
m0049_b80ea3cc,s06,miri,3.051635390102057,3.9092068681040057,19.8,-0.0005412722143631284,False,3.0532871555470864
m0057_f2d715ee,c01,nir_continuum,0.00038016193001262015,0.00011280459058311971,1.13,-0.0044499958148032535,False,0.00038185364901012383
m0057_f2d715ee,c02,nir_continuum,0.0005966969181028623,0.00020968344816331647,1.21,0.0029507144775973715,False,0.0005949362358678784
m0057_f2d715ee,c03,nir_continuum,0.0045359448865808895,0.001938644984729536,1.521,-0.019326696461669873,True,0.004623609716570702
m0057_f2d715ee,c04,nir_continuum,0.014595843497506259,0.0066964785327128075,1.74,-0.008019821066645876,False,0.014712899550673026
m0057_f2d715ee,c05,nir_continuum,0.057226014170421974,0.044436987446273134,2.2,-0.002765951043131515,False,0.05738429852401091
m0057_f2d715ee,c06,nir_continuum,0.07069685167700895,0.061174555951986266,2.3,-0.018143895973341453,True,0.07197956799947935
m0057_f2d715ee,c07,nir_continuum,0.10568744912590977,0.12292927588858787,2.55,0.0064920682352555435,False,0.10500131899457427
m0057_f2d715ee,c08,nir_continuum,0.5220871198607532,0.471292322592436,3.91,0.003153269038109064,False,0.5204408387105007
m0057_f2d715ee,c09,nir_continuum,0.8189554857394656,0.7883862647800575,4.525,-0.010440896657689361,True,0.8275061153333192
m0057_f2d715ee,h01,nir_ice,0.13364360577907,0.1667887218763796,2.77,0.03423179230458303,True,0.1290687456232053
m0057_f2d715ee,h02,nir_ice,0.04533106498647165,0.03981732977517519,2.95,-0.010636715346503867,True,0.04581323862108662
m0057_f2d715ee,h03,nir_ice,0.04555684586743369,0.033334526346008767,3.1100000000000003,-0.0010736883221240145,False,0.04560575972083436
m0057_f2d715ee,h04,nir_ice,0.2823999585501147,0.18794238036499775,3.3600000000000003,0.009615795901130675,False,0.279684458186209
m0057_f2d715ee,s01,miri,0.7396777993021347,1.1932705614272665,8.399999999999999,-0.001983834388181196,False,0.7411451975565645
m0057_f2d715ee,s02,miri,0.2112160837882083,0.49919728831445087,9.7,-0.004621697077755756,False,0.21219226054542728
m0057_f2d715ee,s03,miri,0.8156709766279079,0.986303694733075,11.0,-0.0008227540719652685,False,0.8163420732453124
m0057_f2d715ee,s04,miri,2.9218051779230563,1.836899064256267,12.7,-0.00034869230302105416,False,2.922823988899525
m0057_f2d715ee,s05,miri,6.169221237105051,3.2846375481516548,18.450000000000003,0.0005466559062562573,False,6.165848795878786
m0057_f2d715ee,s06,miri,7.322829984669557,3.9092068681040057,19.8,0.00048174229449703837,False,7.319302267750531
m0050_e8f5e0b7,c01,nir_continuum,2.3568575115962803e-05,0.00011280459058311971,1.13,-0.015813030751300066,True,2.394126571903585e-05
m0050_e8f5e0b7,c02,nir_continuum,5.873025319679545e-05,0.00020968344816331647,1.21,-0.01110870106286752,True,5.938267002290517e-05
m0050_e8f5e0b7,c03,nir_continuum,0.0014962095162386608,0.001938644984729536,1.521,-0.02148680794483409,True,0.001528358282759314
m0050_e8f5e0b7,c04,nir_continuum,0.0070974785340423025,0.0066964785327128075,1.74,-0.008455117502665022,False,0.007157488549020273
m0050_e8f5e0b7,c05,nir_continuum,0.04003747955279457,0.044436987446273134,2.2,0.007554802832224336,False,0.03973500428887399
m0050_e8f5e0b7,c06,nir_continuum,0.05379607197423535,0.061174555951986266,2.3,-0.0017631435451782088,False,0.05389092217129267
m0050_e8f5e0b7,c07,nir_continuum,0.08413617611320763,0.12292927588858787,2.55,0.0004980521178575322,False,0.08409427191250601
m0050_e8f5e0b7,c08,nir_continuum,0.3563062792514561,0.471292322592436,3.91,-0.006548215772410952,False,0.3586394496490595
m0050_e8f5e0b7,c09,nir_continuum,0.47200354555862983,0.7883862647800575,4.525,0.002200825312674706,False,0.4709647482078922
m0050_e8f5e0b7,h01,nir_ice,0.10823778165737398,0.1667887218763796,2.77,0.039604516789446466,True,0.10395107661647207
m0050_e8f5e0b7,h02,nir_ice,0.034409299025061305,0.03981732977517519,2.95,-0.010833100006332416,True,0.03478205840254759
m0050_e8f5e0b7,h03,nir_ice,0.0327662344506959,0.033334526346008767,3.1100000000000003,-0.0023574484244143217,False,0.032843479158475686
m0050_e8f5e0b7,h04,nir_ice,0.21973546348965034,0.18794238036499775,3.3600000000000003,-0.005146059426251159,False,0.22086623524282292
m0050_e8f5e0b7,s01,miri,0.18266347856339943,1.1932705614272665,8.399999999999999,0.0032766429090289283,False,0.1820649555716261
m0050_e8f5e0b7,s02,miri,0.013228755594249231,0.49919728831445087,9.7,-0.000745417084698875,False,0.01323861653467849
m0050_e8f5e0b7,s03,miri,0.11370129704994161,0.986303694733075,11.0,-0.006367457646725941,False,0.11442528524328492
m0050_e8f5e0b7,s04,miri,0.815944152735381,1.836899064256267,12.7,0.0017027411581351033,False,0.8145548110437788
m0050_e8f5e0b7,s05,miri,2.009003161271784,3.2846375481516548,18.450000000000003,-0.0006718646143178409,False,2.010352939405895
m0050_e8f5e0b7,s06,miri,2.653327964686111,3.9092068681040057,19.8,-0.00036370257764457007,False,2.6542929869062037
m0032_8f57c4a3,c01,nir_continuum,1.295708062233264e-05,0.00011280459058311971,1.13,-0.047307071882940005,True,1.357004216672638e-05
m0032_8f57c4a3,c02,nir_continuum,2.0154063664405254e-05,0.00020968344816331647,1.21,0.04582843940652109,True,1.923043437896589e-05
m0032_8f57c4a3,c03,nir_continuum,0.00028473105433894104,0.001938644984729536,1.521,-0.014209095610353113,True,0.0002887768251132797
m0032_8f57c4a3,c04,nir_continuum,0.0030300855091074407,0.0066964785327128075,1.74,-0.10356551659856404,True,0.0033438978801959758
m0032_8f57c4a3,c05,nir_continuum,0.06322672170522624,0.044436987446273134,2.2,-0.009236055822182947,False,0.06381068723634933
m0032_8f57c4a3,c06,nir_continuum,0.0945413317613004,0.061174555951986266,2.3,0.005641721687720613,False,0.09400795587951669
m0032_8f57c4a3,c07,nir_continuum,0.1693900296894961,0.12292927588858787,2.55,0.0024790621690796598,False,0.1689701012750736
m0032_8f57c4a3,c08,nir_continuum,0.7240968015988716,0.471292322592436,3.91,-0.006224798191917357,False,0.7286041580602374
m0032_8f57c4a3,c09,nir_continuum,0.9147561023956706,0.7883862647800575,4.525,-0.009235386958626158,False,0.9232042289740593
m0032_8f57c4a3,h01,nir_ice,0.22837938332684968,0.1667887218763796,2.77,0.05314796812560125,True,0.2162414831412498
m0032_8f57c4a3,h02,nir_ice,0.08088725186417188,0.03981732977517519,2.95,-0.009108252903677876,False,0.08162399341083425
m0032_8f57c4a3,h03,nir_ice,0.07467264504581579,0.033334526346008767,3.1100000000000003,-0.12453291512981368,True,0.08397184721382507
m0032_8f57c4a3,h04,nir_ice,0.46797519486591904,0.18794238036499775,3.3600000000000003,0.0011543763073831766,False,0.4674349753885228
m0032_8f57c4a3,s01,miri,2.3518033258294437,1.1932705614272665,8.399999999999999,0.002578693866520029,False,2.345738745017866
m0032_8f57c4a3,s02,miri,0.11271468674087638,0.49919728831445087,9.7,-0.025415689244703082,True,0.11557940819239655
m0032_8f57c4a3,s03,miri,0.5439852103790968,0.986303694733075,11.0,0.004056000849987238,False,0.5417788059034186
m0032_8f57c4a3,s04,miri,3.0497839599974874,1.836899064256267,12.7,0.005269831208072621,False,3.0337121133072134
m0032_8f57c4a3,s05,miri,2.3859249459388288,3.2846375481516548,18.450000000000003,0.0020069834601062916,False,2.3811364340352745
m0032_8f57c4a3,s06,miri,3.464998560357031,3.9092068681040057,19.8,-0.0004318097891179726,False,3.466494780654673
m0031_cf039c56,c01,nir_continuum,1.54541605932129e-05,0.00011280459058311971,1.13,0.005180127498594134,False,1.5374106070956308e-05
m0031_cf039c56,c02,nir_continuum,2.4277905615578457e-05,0.00020968344816331647,1.21,0.012384671189134111,True,2.3977231737368685e-05
m0031_cf039c56,c03,nir_continuum,0.00032559693426697535,0.001938644984729536,1.521,-0.00472021146533613,False,0.0003271338206491806
m0031_cf039c56,c04,nir_continuum,0.0036439727470323185,0.0066964785327128075,1.74,0.007041113219214788,False,0.003618315122352731
m0031_cf039c56,c05,nir_continuum,0.06539456019074398,0.044436987446273134,2.2,-0.033943999708768366,True,0.06761431312281363
m0031_cf039c56,c06,nir_continuum,0.1030587355662989,0.061174555951986266,2.3,3.5365516557944443e-06,False,0.10305837109375698
m0031_cf039c56,c07,nir_continuum,0.18076136277378008,0.12292927588858787,2.55,0.014146123934137753,True,0.17820429013347855
m0031_cf039c56,c08,nir_continuum,0.7504956750397228,0.471292322592436,3.91,-0.006700750360927325,False,0.7555245592051196
m0031_cf039c56,c09,nir_continuum,0.9868582365119909,0.7883862647800575,4.525,-0.00435548131278372,False,0.9911564791194856
m0031_cf039c56,h01,nir_ice,0.23890119832120424,0.1667887218763796,2.77,0.029500356561163794,True,0.2318535277878394
m0031_cf039c56,h02,nir_ice,0.08565019037243568,0.03981732977517519,2.95,0.0027433672534863955,False,0.08541522044491306
m0031_cf039c56,h03,nir_ice,0.08744212591966309,0.033334526346008767,3.1100000000000003,-0.0074738271160953735,False,0.0880956532514505
m0031_cf039c56,h04,nir_ice,0.48435173965765865,0.18794238036499775,3.3600000000000003,0.0006002712452159487,False,0.48406099723577184
m0031_cf039c56,s01,miri,2.8433532364307603,1.1932705614272665,8.399999999999999,0.008974566190428709,False,2.8178353746076428
m0031_cf039c56,s02,miri,0.1339026991334437,0.49919728831445087,9.7,-0.01389967859439875,True,0.13576390361432103
m0031_cf039c56,s03,miri,0.643964405498,0.986303694733075,11.0,0.0015761446255268023,False,0.6429494244612438
m0031_cf039c56,s04,miri,3.6504178027172887,1.836899064256267,12.7,0.002488300159663516,False,3.6413344675159487
m0031_cf039c56,s05,miri,2.7163402582755682,3.2846375481516548,18.450000000000003,0.001547965565188621,False,2.712135457092422
m0031_cf039c56,s06,miri,3.9558734841590644,3.9092068681040057,19.8,0.0003484382428325785,False,3.954495106553376
m0030_ebd8d282,c01,nir_continuum,2.0287466383535382e-05,0.00011280459058311971,1.13,-0.0038305046687055755,False,2.0365177618233722e-05
m0030_ebd8d282,c02,nir_continuum,2.9630097847756623e-05,0.00020968344816331647,1.21,0.06817576623415095,True,2.761004322339295e-05
m0030_ebd8d282,c03,nir_continuum,0.00037539269874416783,0.001938644984729536,1.521,-0.008124186762633755,False,0.00037844245913809456
m0030_ebd8d282,c04,nir_continuum,0.004031643794617056,0.0066964785327128075,1.74,-0.005280317273193208,False,0.0040529321529851345
m0030_ebd8d282,c05,nir_continuum,0.07251061748756883,0.044436987446273134,2.2,0.02035365136446166,True,0.07103476165900502
m0030_ebd8d282,c06,nir_continuum,0.10756300657867181,0.061174555951986266,2.3,0.01320607848204805,True,0.10614252107202882
m0030_ebd8d282,c07,nir_continuum,0.18627296071300295,0.12292927588858787,2.55,0.005535405404067171,False,0.1852418643596406
m0030_ebd8d282,c08,nir_continuum,0.76388079007002,0.471292322592436,3.91,0.00586376007556626,False,0.7594015763907154
m0030_ebd8d282,c09,nir_continuum,1.021805679923875,0.7883862647800575,4.525,-0.0076612228641118624,False,1.0296339609615872
m0030_ebd8d282,h01,nir_ice,0.24507885276574745,0.1667887218763796,2.77,0.04385858019672252,True,0.23433004224720017
m0030_ebd8d282,h02,nir_ice,0.0880901513790042,0.03981732977517519,2.95,0.005616019956232265,False,0.08759543533091219
m0030_ebd8d282,h03,nir_ice,0.08877113617298249,0.033334526346008767,3.1100000000000003,0.0025221936037863974,False,0.08854723818112614
m0030_ebd8d282,h04,nir_ice,0.48906483245639215,0.18794238036499775,3.3600000000000003,0.000476904524220024,False,0.4888315952251568
m0030_ebd8d282,s01,miri,3.2544171773552293,1.1932705614272665,8.399999999999999,0.005947923083708195,False,3.2350601543020217
m0030_ebd8d282,s02,miri,0.15688886309153602,0.49919728831445087,9.7,-0.018589978100443123,True,0.1598054236206111
m0030_ebd8d282,s03,miri,0.7385630558367413,0.986303694733075,11.0,-0.0025738333845764,False,0.7404639940864687
m0030_ebd8d282,s04,miri,4.17781772241946,1.836899064256267,12.7,0.001960114023483842,False,4.169628723314187
m0030_ebd8d282,s05,miri,3.029960572379495,3.2846375481516548,18.450000000000003,0.002236588856149533,False,3.0231837963287385
m0030_ebd8d282,s06,miri,4.400359237727259,3.9092068681040057,19.8,-0.0010740466092593697,False,4.405085428646063
m0023_5780c5f2,c01,nir_continuum,7.441382979979145e-05,0.00011280459058311971,1.13,-0.009099577356991729,False,7.509096420048467e-05
m0023_5780c5f2,c02,nir_continuum,9.888423642261044e-05,0.00020968344816331647,1.21,-0.026010022010268405,True,0.00010145621758843112
m0023_5780c5f2,c03,nir_continuum,0.00034494870261132213,0.001938644984729536,1.521,-0.01870989078633233,True,0.000351402655164067
m0023_5780c5f2,c04,nir_continuum,0.0007571195612473881,0.0066964785327128075,1.74,-0.0012970952256791896,False,0.0007581016174155504
m0023_5780c5f2,c05,nir_continuum,0.0025293123167692646,0.044436987446273134,2.2,-0.00394618432475192,False,0.0025392934493861014
m0023_5780c5f2,c06,nir_continuum,0.0030883600372192135,0.061174555951986266,2.3,-0.008147526450491268,False,0.003113522532311097
m0023_5780c5f2,c07,nir_continuum,0.00541097256231637,0.12292927588858787,2.55,0.003860381707906641,False,0.005390084142814819
m0023_5780c5f2,c08,nir_continuum,0.11532877009115053,0.471292322592436,3.91,0.0022904931324461714,False,0.11506461033528328
m0023_5780c5f2,c09,nir_continuum,0.2712239598658638,0.7883862647800575,4.525,-0.0028693537623555527,False,0.27200219735554587
m0023_5780c5f2,h01,nir_ice,0.008197618125599243,0.1667887218763796,2.77,0.020227347256398263,True,0.008031802057097403
m0023_5780c5f2,h02,nir_ice,0.0031161407681554927,0.03981732977517519,2.95,-0.015424436873933621,True,0.003164205484724198
m0023_5780c5f2,h03,nir_ice,0.0038079890053081974,0.033334526346008767,3.1100000000000003,-0.07844571544576863,True,0.00410670942723922
m0023_5780c5f2,h04,nir_ice,0.03568033191326279,0.18794238036499775,3.3600000000000003,0.0313438153204875,True,0.03456197417919978
m0023_5780c5f2,s01,miri,0.3835241063987567,1.1932705614272665,8.399999999999999,0.005113695993284143,False,0.3815628807125375
m0023_5780c5f2,s02,miri,0.052801160235483376,0.49919728831445087,9.7,0.0024044048133546984,False,0.05267420487166247
m0023_5780c5f2,s03,miri,0.24884883408319428,0.986303694733075,11.0,-0.00601032917156543,False,0.25034449748999454
m0023_5780c5f2,s04,miri,1.3743154760029979,1.836899064256267,12.7,0.002943154544597695,False,1.3702706531640887
m0023_5780c5f2,s05,miri,3.5294830804272723,3.2846375481516548,18.450000000000003,-0.0016223356763465022,False,3.535209086747711
m0023_5780c5f2,s06,miri,4.397657340888253,3.9092068681040057,19.8,-0.0015158358718963785,False,4.40432346763788
m0021_8e0e1afb,c01,nir_continuum,8.762869391519186e-05,0.00011280459058311971,1.13,-0.013980015732636816,True,8.885374443475666e-05
m0021_8e0e1afb,c02,nir_continuum,0.00011835535968266007,0.00020968344816331647,1.21,-0.01182759448821587,True,0.0001197552188824935
m0021_8e0e1afb,c03,nir_continuum,0.0004143018383345481,0.001938644984729536,1.521,-0.03225462202435479,True,0.0004276649875340243
m0021_8e0e1afb,c04,nir_continuum,0.0008869925514705877,0.0066964785327128075,1.74,0.02274877303079695,True,0.0008668145592371758
m0021_8e0e1afb,c05,nir_continuum,0.0028191322118425776,0.044436987446273134,2.2,0.02960846079548926,True,0.0027356620462709357
m0021_8e0e1afb,c06,nir_continuum,0.00358974389208727,0.061174555951986266,2.3,-0.020818747300155333,True,0.003664477863048911
m0021_8e0e1afb,c07,nir_continuum,0.005920688809820304,0.12292927588858787,2.55,0.006061823293772544,False,0.005884798640477757
m0021_8e0e1afb,c08,nir_continuum,0.12455423330703254,0.471292322592436,3.91,-0.009894291773814288,False,0.12578660923303606
m0021_8e0e1afb,c09,nir_continuum,0.3125294586338732,0.7883862647800575,4.525,0.02906521126762299,True,0.30344572389132385
m0021_8e0e1afb,h01,nir_ice,0.008872056027773387,0.1667887218763796,2.77,0.03967486598439977,True,0.008520058393865392
m0021_8e0e1afb,h02,nir_ice,0.003692652078886731,0.03981732977517519,2.95,0.03854541045568806,True,0.0035503172888359923
m0021_8e0e1afb,h03,nir_ice,0.004321533982091505,0.033334526346008767,3.1100000000000003,-0.030864661468099238,True,0.004454916665471646
m0021_8e0e1afb,h04,nir_ice,0.03806989326928668,0.18794238036499775,3.3600000000000003,-0.011896099931878948,True,0.03852277652401408
m0021_8e0e1afb,s01,miri,0.45280127492581307,1.1932705614272665,8.399999999999999,0.004317018265040244,False,0.4508465235515248
m0021_8e0e1afb,s02,miri,0.06407883876048709,0.49919728831445087,9.7,0.011488977019130426,True,0.06334263845455529
m0021_8e0e1afb,s03,miri,0.2959403748137127,0.986303694733075,11.0,-0.0011640910342143513,False,0.2962848763506954
m0021_8e0e1afb,s04,miri,1.6178646611804584,1.836899064256267,12.7,-0.0009956456972151086,False,1.619475481169039
m0021_8e0e1afb,s05,miri,4.1138316977086715,3.2846375481516548,18.450000000000003,0.0012311782647153066,False,4.108766837537756
m0021_8e0e1afb,s06,miri,5.124108059616563,3.9092068681040057,19.8,-0.0006143766773081123,False,5.127256192100398
m0019_26164c3e,c01,nir_continuum,0.00011028226269066441,0.00011280459058311971,1.13,-0.0074689283610582646,False,0.0001111059530101964
m0019_26164c3e,c02,nir_continuum,0.00015300855614283688,0.00020968344816331647,1.21,0.020185663143080602,True,0.00014991997697052844
m0019_26164c3e,c03,nir_continuum,0.0004922911992090144,0.001938644984729536,1.521,-0.021753229289371248,True,0.0005030001225425476
m0019_26164c3e,c04,nir_continuum,0.0010400259163476791,0.0066964785327128075,1.74,-0.050855516851832275,True,0.0010929169718628408
m0019_26164c3e,c05,nir_continuum,0.003122172836595117,0.044436987446273134,2.2,-0.008310180563610346,False,0.0031481186566180218
m0019_26164c3e,c06,nir_continuum,0.003966931691324835,0.061174555951986266,2.3,0.0023081896447301555,False,0.003957775260673567
m0019_26164c3e,c07,nir_continuum,0.006832081904827347,0.12292927588858787,2.55,-5.359508430404795e-05,False,0.006832448070833008
m0019_26164c3e,c08,nir_continuum,0.1380986226210393,0.471292322592436,3.91,-0.0006793851424492933,False,0.13819244477344075
m0019_26164c3e,c09,nir_continuum,0.3303151108551101,0.7883862647800575,4.525,-0.013272734411839493,True,0.3346992955937073
m0019_26164c3e,h01,nir_ice,0.01023921037780172,0.1667887218763796,2.77,0.0358931490472258,True,0.009871692873585382
m0019_26164c3e,h02,nir_ice,0.004064540468259929,0.03981732977517519,2.95,0.03347213567339657,True,0.003928491618256322
m0019_26164c3e,h03,nir_ice,0.004914598541656363,0.033334526346008767,3.1100000000000003,0.018490117155806014,True,0.0048237270388473835
m0019_26164c3e,h04,nir_ice,0.04242962817987057,0.18794238036499775,3.3600000000000003,-0.017196776430193603,True,0.04315928100969604
m0019_26164c3e,s01,miri,0.5205784279794949,1.1932705614272665,8.399999999999999,0.002910871660482949,False,0.5190630909864307
m0019_26164c3e,s02,miri,0.07518232504064735,0.49919728831445087,9.7,0.0007986237966808366,False,0.0751222826467801
m0019_26164c3e,s03,miri,0.3403365692394973,0.986303694733075,11.0,-0.0074710009422441215,False,0.3428792240689657
m0019_26164c3e,s04,miri,1.8314754920193728,1.836899064256267,12.7,-0.0032177533562167382,False,1.8373687284306468
m0019_26164c3e,s05,miri,4.591971004100604,3.2846375481516548,18.450000000000003,0.0035292391138950774,False,4.57576484042306
m0019_26164c3e,s06,miri,5.702682094195928,3.9092068681040057,19.8,-0.0024282726936769154,False,5.716529761405984
m0029_dc226670,c01,nir_continuum,8.250868520696937e-05,0.00011280459058311971,1.13,-0.05483027457531428,True,8.703265907171568e-05
m0029_dc226670,c02,nir_continuum,0.00014286309173951674,0.00020968344816331647,1.21,0.01114634335072246,True,0.00014127069066684233
m0029_dc226670,c03,nir_continuum,0.002630363248090185,0.001938644984729536,1.521,-0.01654587463901001,True,0.002673884908648144
m0029_dc226670,c04,nir_continuum,0.01876824460568905,0.0066964785327128075,1.74,-0.008314241962716335,False,0.018924288332556195
m0029_dc226670,c05,nir_continuum,0.1436675387334155,0.044436987446273134,2.2,0.027285445896772256,True,0.13974750587818247
m0029_dc226670,c06,nir_continuum,0.1885938474247768,0.061174555951986266,2.3,-0.005333552102438893,False,0.18959972253621626
m0029_dc226670,c07,nir_continuum,0.2636225757049243,0.12292927588858787,2.55,-0.03389787330480534,True,0.2725588203764563
m0029_dc226670,c08,nir_continuum,0.7766395327523266,0.471292322592436,3.91,-0.00016821894064285173,False,0.7767701782317875
m0029_dc226670,c09,nir_continuum,0.9169779582176328,0.7883862647800575,4.525,-0.005246232379159291,False,0.9217886376730096
m0029_dc226670,h01,nir_ice,0.33880485559459345,0.1667887218763796,2.77,0.05417469970192144,True,0.3204502042852035
m0029_dc226670,h02,nir_ice,0.17515186403567454,0.03981732977517519,2.95,0.0047162349543434234,False,0.17432580669219108
m0029_dc226670,h03,nir_ice,0.17814104938193842,0.033334526346008767,3.1100000000000003,-0.005565894273634947,False,0.17913256362859267
m0029_dc226670,h04,nir_ice,0.5654493183064369,0.18794238036499775,3.3600000000000003,0.00834031735928227,False,0.5607332915411714
m0029_dc226670,s01,miri,2.3668988849331085,1.1932705614272665,8.399999999999999,-0.0001381789840567284,False,2.3672259406163936
m0029_dc226670,s02,miri,0.3943240980439709,0.49919728831445087,9.7,-0.007034407629825888,False,0.3970979344878756
m0029_dc226670,s03,miri,1.199374018405638,0.986303694733075,11.0,0.0017687823077512947,False,1.1972525868615056
m0029_dc226670,s04,miri,3.5325641295728722,1.836899064256267,12.7,0.00214433030338561,False,3.524989145261176
m0029_dc226670,s05,miri,3.5538383549887893,3.2846375481516548,18.450000000000003,0.0026352296170722446,False,3.5444731749014355
m0029_dc226670,s06,miri,4.55988121951882,3.9092068681040057,19.8,0.000571886052620983,False,4.557273487047769
m0028_aaaebdbf,c01,nir_continuum,9.703469835645377e-05,0.00011280459058311971,1.13,-0.048104063502997056,True,0.00010170246164818678
m0028_aaaebdbf,c02,nir_continuum,0.00016797752681786769,0.00020968344816331647,1.21,0.007791699795798741,False,0.00016666869635646213
m0028_aaaebdbf,c03,nir_continuum,0.002909051200619097,0.001938644984729536,1.521,-0.028142517550943578,True,0.0029909192250891134
m0028_aaaebdbf,c04,nir_continuum,0.020683338138447593,0.0066964785327128075,1.74,-0.0025339586307572257,False,0.020735748861636382
m0028_aaaebdbf,c05,nir_continuum,0.1534189196100342,0.044436987446273134,2.2,0.003534534617945297,False,0.15287665512762477
m0028_aaaebdbf,c06,nir_continuum,0.2046530996318343,0.061174555951986266,2.3,0.01025280337122177,True,0.20255483164199806
m0028_aaaebdbf,c07,nir_continuum,0.2893536680262084,0.12292927588858787,2.55,0.007168806759598061,False,0.2872793474949476
m0028_aaaebdbf,c08,nir_continuum,0.7952826596188128,0.471292322592436,3.91,-0.01165675975293616,True,0.8045530785176654
m0028_aaaebdbf,c09,nir_continuum,0.9684472586310201,0.7883862647800575,4.525,-0.004476575509942132,False,0.9727825859116783
m0028_aaaebdbf,h01,nir_ice,0.35717218849355986,0.1667887218763796,2.77,0.03794276365038354,True,0.3436200885630585
m0028_aaaebdbf,h02,nir_ice,0.1813663294939003,0.03981732977517519,2.95,-0.002580850864241488,False,0.18183440894211894
m0028_aaaebdbf,h03,nir_ice,0.1846561559478315,0.033334526346008767,3.1100000000000003,-0.000555897315967008,False,0.18475880580929968
m0028_aaaebdbf,h04,nir_ice,0.5783784957414089,0.18794238036499775,3.3600000000000003,0.006111603760598851,False,0.5748436755517862
m0028_aaaebdbf,s01,miri,2.8467772316976263,1.1932705614272665,8.399999999999999,0.005305020983649222,False,2.8316750187476956
m0028_aaaebdbf,s02,miri,0.4631956313401654,0.49919728831445087,9.7,-0.006541609975008817,False,0.4662256765025207
m0028_aaaebdbf,s03,miri,1.3952426966093232,0.986303694733075,11.0,-0.002096851686467478,False,1.39816831361074
m0028_aaaebdbf,s04,miri,4.255166502344944,1.836899064256267,12.7,0.0001352588958862017,False,4.254590953222025
m0028_aaaebdbf,s05,miri,4.064791551742255,3.2846375481516548,18.450000000000003,0.0015654731490431634,False,4.058428229711545
m0028_aaaebdbf,s06,miri,5.267244021341178,3.9092068681040057,19.8,0.0008779342628013587,False,5.262619727344307
m0027_775ec05e,c01,nir_continuum,0.00011767889579009353,0.00011280459058311971,1.13,-0.008708605639987842,False,0.00011870371488567868
m0027_775ec05e,c02,nir_continuum,0.00019638360370066653,0.00020968344816331647,1.21,-0.010211559522478817,True,0.00019838898655909478
m0027_775ec05e,c03,nir_continuum,0.003316203463670506,0.001938644984729536,1.521,-0.00969795454477003,False,0.0033483638541223913
m0027_775ec05e,c04,nir_continuum,0.022855380960120204,0.0066964785327128075,1.74,0.0020808621612408303,False,0.022807822062699545
m0027_775ec05e,c05,nir_continuum,0.16012274291520878,0.044436987446273134,2.2,-0.012287626387157002,True,0.16209027135623766
m0027_775ec05e,c06,nir_continuum,0.2083016550083795,0.061174555951986266,2.3,0.02107361997067041,True,0.2039119850914712
m0027_775ec05e,c07,nir_continuum,0.29241783248345465,0.12292927588858787,2.55,0.012818610924253664,True,0.28866944206153566
m0027_775ec05e,c08,nir_continuum,0.7954940424200689,0.471292322592436,3.91,-0.002531583147273165,False,0.7975079017316158
m0027_775ec05e,c09,nir_continuum,1.0012413139598522,0.7883862647800575,4.525,-0.02056727513687459,True,1.0218341195424703
m0027_775ec05e,h01,nir_ice,0.3618330199288893,0.1667887218763796,2.77,0.04021610480656906,True,0.3472815052769517
m0027_775ec05e,h02,nir_ice,0.183913289369585,0.03981732977517519,2.95,0.000690326101979464,False,0.18378632922543228
m0027_775ec05e,h03,nir_ice,0.18624523360291234,0.033334526346008767,3.1100000000000003,-0.002928176806705666,False,0.18679059257630787
m0027_775ec05e,h04,nir_ice,0.5739922195350388,0.18794238036499775,3.3600000000000003,0.006075233217905779,False,0.5705050829361
m0027_775ec05e,s01,miri,3.2208950305864414,1.1932705614272665,8.399999999999999,-0.0010953176422681115,False,3.2244229337373365
m0027_775ec05e,s02,miri,0.529484477562907,0.49919728831445087,9.7,-0.0016676173976638248,False,0.5303674550894838
m0027_775ec05e,s03,miri,1.5680409705065184,0.986303694733075,11.0,-0.0034365424022592002,False,1.5734296097901437
m0027_775ec05e,s04,miri,4.8841142512412326,1.836899064256267,12.7,0.0052847317848994275,False,4.858303017416618
m0027_775ec05e,s05,miri,4.516201583285913,3.2846375481516548,18.450000000000003,0.0015386745801154176,False,4.5092526187110336
m0027_775ec05e,s06,miri,5.847470465075965,3.9092068681040057,19.8,0.0009161784200538798,False,5.84211313882396
m0017_0f6eca82,c01,nir_continuum,0.0006639794944368843,0.00011280459058311971,1.13,-0.005665077506199451,False,0.0006677409897353964
m0017_0f6eca82,c02,nir_continuum,0.0009169390756676505,0.00020968344816331647,1.21,0.01188493588663972,True,0.0009060413135413858
m0017_0f6eca82,c03,nir_continuum,0.0028288800120833983,0.001938644984729536,1.521,-0.013251536099313658,True,0.0028663670176841483
m0017_0f6eca82,c04,nir_continuum,0.005424235643556046,0.0066964785327128075,1.74,0.0030672323481997924,False,0.005407598252525872
m0017_0f6eca82,c05,nir_continuum,0.012552403113988279,0.044436987446273134,2.2,0.014945007779047947,True,0.012364807351803979
m0017_0f6eca82,c06,nir_continuum,0.014763995510624559,0.061174555951986266,2.3,-0.010161889355770802,True,0.014914025599452622
m0017_0f6eca82,c07,nir_continuum,0.02161635460153925,0.12292927588858787,2.55,-0.008878548088674335,False,0.021808276445370853
m0017_0f6eca82,c08,nir_continuum,0.20171806045933827,0.471292322592436,3.91,-0.0026243436905738493,False,0.20224743797857953
m0017_0f6eca82,c09,nir_continuum,0.3768006428653738,0.7883862647800575,4.525,-0.002243845846341731,False,0.37764612542276615
m0017_0f6eca82,h01,nir_ice,0.03022335784407181,0.1667887218763796,2.77,0.03218077632837482,True,0.0292507467253993
m0017_0f6eca82,h02,nir_ice,0.015148746348099977,0.03981732977517519,2.95,-0.01643329073048747,True,0.015397690101040714
m0017_0f6eca82,h03,nir_ice,0.016998156379305896,0.033334526346008767,3.1100000000000003,0.01334717183245409,True,0.016771279065276375
m0017_0f6eca82,h04,nir_ice,0.08285829097987309,0.18794238036499775,3.3600000000000003,0.013125414996354336,True,0.08177074152487357
m0017_0f6eca82,s01,miri,0.7779073538950881,1.1932705614272665,8.399999999999999,-0.0016092067749160096,False,0.7791591676792331
m0017_0f6eca82,s02,miri,0.20426084136830439,0.49919728831445087,9.7,-0.00421276683257161,False,0.20512134466601395
m0017_0f6eca82,s03,miri,0.6574380358865666,0.986303694733075,11.0,-0.0010589847294590411,False,0.658134252727136
m0017_0f6eca82,s04,miri,2.2161714814736095,1.836899064256267,12.7,0.0017793227657174682,False,2.2122281971038897
m0017_0f6eca82,s05,miri,4.702681877356478,3.2846375481516548,18.450000000000003,0.0020773629354996193,False,4.692912700327012
m0017_0f6eca82,s06,miri,5.514635725800063,3.9092068681040057,19.8,0.0017967727354459599,False,5.504727178682029
m0015_518faf82,c01,nir_continuum,0.0007744751724816915,0.00011280459058311971,1.13,-0.009077570122348631,False,0.0007815055251679121
m0015_518faf82,c02,nir_continuum,0.0010797158832337322,0.00020968344816331647,1.21,0.005875513704285512,False,0.0010733719977650577
m0015_518faf82,c03,nir_continuum,0.0033126636471618775,0.001938644984729536,1.521,-0.003879116754563159,False,0.0033255138562178154
m0015_518faf82,c04,nir_continuum,0.0062216668258007184,0.0066964785327128075,1.74,-0.00590247447433356,False,0.006258390055427815
m0015_518faf82,c05,nir_continuum,0.014580863664768738,0.044436987446273134,2.2,0.024792203247517918,True,0.014219371929267442
m0015_518faf82,c06,nir_continuum,0.017296378592775115,0.061174555951986266,2.3,-0.0053541726406516905,False,0.017388986389818905
m0015_518faf82,c07,nir_continuum,0.024175007882560724,0.12292927588858787,2.55,0.03901382478997207,True,0.023231848360734306
m0015_518faf82,c08,nir_continuum,0.21643685991601874,0.471292322592436,3.91,-0.013065159017791653,True,0.21926464190813302
m0015_518faf82,c09,nir_continuum,0.41438712481397444,0.7883862647800575,4.525,-0.024274293677338615,True,0.4244460795778168
m0015_518faf82,h01,nir_ice,0.03352673206017299,0.1667887218763796,2.77,0.0058728582655046,False,0.03332983431467804
m0015_518faf82,h02,nir_ice,0.016762438298233002,0.03981732977517519,2.95,-0.04036546137665408,True,0.017439061853938873
m0015_518faf82,h03,nir_ice,0.019962055955418067,0.033334526346008767,3.1100000000000003,-0.010822967828543284,True,0.020178104644815138
m0015_518faf82,h04,nir_ice,0.09395385333357559,0.18794238036499775,3.3600000000000003,0.015077847909681561,True,0.09253723142248341
m0015_518faf82,s01,miri,0.9077477785296371,1.1932705614272665,8.399999999999999,-0.0022145998565449975,False,0.9097580766297478
m0015_518faf82,s02,miri,0.24151949671548054,0.49919728831445087,9.7,0.000587724254498727,False,0.24137754984932652
m0015_518faf82,s03,miri,0.7683474028720849,0.986303694733075,11.0,-0.0012403672599517327,False,0.7693004358348764
m0015_518faf82,s04,miri,2.6191794457035322,1.836899064256267,12.7,0.0014576762133841523,False,2.6153615301269455
m0015_518faf82,s05,miri,5.465069593406238,3.2846375481516548,18.450000000000003,-0.0018085637294354983,False,5.474953520051713
m0015_518faf82,s06,miri,6.425353277619102,3.9092068681040057,19.8,0.001259596386116088,False,6.417259925851094
m0013_98397414,c01,nir_continuum,0.0009278555943010462,0.00011280459058311971,1.13,-0.012984502557900702,True,0.0009399033376386106
m0013_98397414,c02,nir_continuum,0.0012619276728047042,0.00020968344816331647,1.21,-0.01089769716131383,True,0.0012756797784224114
m0013_98397414,c03,nir_continuum,0.003863455532891907,0.001938644984729536,1.521,-0.017060525674031123,True,0.003929368115201287
m0013_98397414,c04,nir_continuum,0.007254593634434705,0.0066964785327128075,1.74,0.012684613478168568,True,0.007162571918240718
m0013_98397414,c05,nir_continuum,0.016071396567995038,0.044436987446273134,2.2,0.013941215679510002,True,0.015847341762169682
m0013_98397414,c06,nir_continuum,0.01919099195534149,0.061174555951986266,2.3,0.02231893819621254,True,0.018762669391966212
m0013_98397414,c07,nir_continuum,0.026805115414870507,0.12292927588858787,2.55,0.005258930340945199,False,0.026664149180122707
m0013_98397414,c08,nir_continuum,0.2325951960852245,0.471292322592436,3.91,-0.006923040445902437,False,0.23420546203524512
m0013_98397414,c09,nir_continuum,0.4464289541498139,0.7883862647800575,4.525,0.003924633825833181,False,0.4446768839755262
m0013_98397414,h01,nir_ice,0.03744731781644118,0.1667887218763796,2.77,0.026756417781683167,True,0.03644536173614101
m0013_98397414,h02,nir_ice,0.019580450798794523,0.03981732977517519,2.95,0.047821974691878835,True,0.018644074976238992
m0013_98397414,h03,nir_ice,0.02107917268090416,0.033334526346008767,3.1100000000000003,-0.052273850454328655,True,0.022181062201326714
m0013_98397414,h04,nir_ice,0.09976593165212738,0.18794238036499775,3.3600000000000003,0.014039499294085678,True,0.09836526792512354
m0013_98397414,s01,miri,1.0221393539681085,1.1932705614272665,8.399999999999999,-0.004153254454379112,False,1.0263845587929727
m0013_98397414,s02,miri,0.2785000452336354,0.49919728831445087,9.7,-0.00018158985873717023,False,0.2785506180175077
m0013_98397414,s03,miri,0.8730144516119708,0.986303694733075,11.0,0.0005192556024203623,False,0.8725611339669773
m0013_98397414,s04,miri,2.9599822564043476,1.836899064256267,12.7,0.003000415067819033,False,2.951101081041755
m0013_98397414,s05,miri,6.1401251677149675,3.2846375481516548,18.450000000000003,0.0013726535794399346,False,6.131696902925294
m0013_98397414,s06,miri,7.2074611826618025,3.9092068681040057,19.8,-0.0011898085125091563,False,7.216036681330513
m0046_b66d65cb,c01,nir_continuum,0.0004334751443498113,0.00011280459058311971,1.13,-0.009026227436526655,False,0.0004373877895907939
m0046_b66d65cb,c02,nir_continuum,0.0009178620449303789,0.00020968344816331647,1.21,-0.0018710009239608135,False,0.0009195793656645122
m0046_b66d65cb,c03,nir_continuum,0.011593164569024298,0.001938644984729536,1.521,-0.019274490182567636,True,0.011816616905694848
m0046_b66d65cb,c04,nir_continuum,0.03671651874579147,0.0066964785327128075,1.74,0.002318064257046518,False,0.03663140749604367
m0046_b66d65cb,c05,nir_continuum,0.1177278711725637,0.044436987446273134,2.2,0.0005062503301481538,False,0.11766827139891495
m0046_b66d65cb,c06,nir_continuum,0.14082505957414107,0.061174555951986266,2.3,0.0067456703254016965,False,0.13987510014869886
m0046_b66d65cb,c07,nir_continuum,0.18154323143096304,0.12292927588858787,2.55,0.004614027497895111,False,0.18070558596908384
m0046_b66d65cb,c08,nir_continuum,0.4887537587080963,0.471292322592436,3.91,0.0011055413728794576,False,0.48821342120669414
m0046_b66d65cb,c09,nir_continuum,0.5935634151942274,0.7883862647800575,4.525,-0.0034012832599001172,False,0.5955822925020167
m0046_b66d65cb,h01,nir_ice,0.21608445340393373,0.1667887218763796,2.77,0.04411943250004789,True,0.20655092994766913
m0046_b66d65cb,h02,nir_ice,0.09906837200033357,0.03981732977517519,2.95,-5.594174445502058e-05,False,0.09907391405788359
m0046_b66d65cb,h03,nir_ice,0.09508981660571049,0.033334526346008767,3.1100000000000003,0.001581235033277888,False,0.09493945725638557
m0046_b66d65cb,h04,nir_ice,0.3471982920179085,0.18794238036499775,3.3600000000000003,0.006233353474668321,False,0.3450340823379598
m0046_b66d65cb,s01,miri,0.48897140197889943,1.1932705614272665,8.399999999999999,0.0016318606180311063,False,0.4881734688046666
m0046_b66d65cb,s02,miri,0.09521991537671971,0.49919728831445087,9.7,-0.004342076293853341,False,0.09563336751397969
m0046_b66d65cb,s03,miri,0.4330013542577338,0.986303694733075,11.0,-0.002645764982073579,False,0.43414697407801933
m0046_b66d65cb,s04,miri,1.692971668375259,1.836899064256267,12.7,0.0002739863832451577,False,1.6925078171909043
m0046_b66d65cb,s05,miri,3.5643304150086057,3.2846375481516548,18.450000000000003,0.0006221671442939193,False,3.56211280573298
m0046_b66d65cb,s06,miri,4.356906806641246,3.9092068681040057,19.8,-0.0006713980623972749,False,4.35983202542927
m0047_b75b52cd,c01,nir_continuum,0.0003935172974225207,0.00011280459058311971,1.13,-0.0018322499643305345,False,0.0003942383194766866
m0047_b75b52cd,c02,nir_continuum,0.0008457110682969623,0.00020968344816331647,1.21,0.0019783572002858335,False,0.0008440379497156356
m0047_b75b52cd,c03,nir_continuum,0.010616956702642536,0.001938644984729536,1.521,-0.012986464197295046,True,0.010754833430745635
m0047_b75b52cd,c04,nir_continuum,0.03369890643444907,0.0066964785327128075,1.74,-0.0038981066173345356,False,0.03383026836461813
m0047_b75b52cd,c05,nir_continuum,0.11113348900461086,0.044436987446273134,2.2,-0.0007749039402709087,False,0.11121960678313658
m0047_b75b52cd,c06,nir_continuum,0.133419790431485,0.061174555951986266,2.3,0.001509938507457315,False,0.1332183347522556
m0047_b75b52cd,c07,nir_continuum,0.17485235009690944,0.12292927588858787,2.55,0.0032744992125046594,False,0.17427979621421252
m0047_b75b52cd,c08,nir_continuum,0.4782844603366054,0.471292322592436,3.91,0.0010955949705482985,False,0.4777604542873692
m0047_b75b52cd,c09,nir_continuum,0.5702061304795526,0.7883862647800575,4.525,-0.0016145301648469756,False,0.5711267454773925
m0047_b75b52cd,h01,nir_ice,0.21060537622423384,0.1667887218763796,2.77,0.04249066317159045,True,0.20165661412096383
m0047_b75b52cd,h02,nir_ice,0.09680777235345356,0.03981732977517519,2.95,-0.00899334294967056,False,0.0976783978504218
m0047_b75b52cd,h03,nir_ice,0.09346150497416453,0.033334526346008767,3.1100000000000003,0.0004672980706183444,False,0.09341783059321301
m0047_b75b52cd,h04,nir_ice,0.34019700763663796,0.18794238036499775,3.3600000000000003,0.000443918796475237,False,0.3400459877904434
m0047_b75b52cd,s01,miri,0.42518131530609493,1.1932705614272665,8.399999999999999,0.003308782130616334,False,0.4237744829677382
m0047_b75b52cd,s02,miri,0.08118927274888539,0.49919728831445087,9.7,-0.00030486199493847104,False,0.08121402427254322
m0047_b75b52cd,s03,miri,0.37142333450973375,0.986303694733075,11.0,-0.0010696878522357494,False,0.3718206415386957
m0047_b75b52cd,s04,miri,1.4379657250413465,1.836899064256267,12.7,0.00036134114128906177,False,1.4374461288651255
m0047_b75b52cd,s05,miri,3.069796763106594,3.2846375481516548,18.450000000000003,0.0005738720466051598,False,3.0680350925554882
m0047_b75b52cd,s06,miri,3.754903287205424,3.9092068681040057,19.8,0.0011340878443272873,False,3.7506448970307797
m0045_9877d8ba,c01,nir_continuum,0.0004856897590057972,0.00011280459058311971,1.13,-0.007493533302764067,False,0.0004893292913897186
m0045_9877d8ba,c02,nir_continuum,0.0010267758939344405,0.00020968344816331647,1.21,0.0022714953434309513,False,0.0010244435772726213
m0045_9877d8ba,c03,nir_continuum,0.012664228512689548,0.001938644984729536,1.521,-0.015007598416915856,True,0.012854288168468049
m0045_9877d8ba,c04,nir_continuum,0.03905603912981169,0.0066964785327128075,1.74,0.00025893838899454513,False,0.03904592602195891
m0045_9877d8ba,c05,nir_continuum,0.12007687874973202,0.044436987446273134,2.2,0.004829465789500496,False,0.1194969715717002
m0045_9877d8ba,c06,nir_continuum,0.14203169272886448,0.061174555951986266,2.3,0.0015709476115898444,False,0.141808568380402
m0045_9877d8ba,c07,nir_continuum,0.18103238607224903,0.12292927588858787,2.55,0.0036866494121039687,False,0.180364983132564
m0045_9877d8ba,c08,nir_continuum,0.4808657590817998,0.471292322592436,3.91,-0.0024569907900023774,False,0.4820472418230913
m0045_9877d8ba,c09,nir_continuum,0.5946390590377135,0.7883862647800575,4.525,-0.00026993652296287323,False,0.5947995738377281
m0045_9877d8ba,h01,nir_ice,0.21742927329992404,0.1667887218763796,2.77,0.04529419973273449,True,0.20758098836733396
m0045_9877d8ba,h02,nir_ice,0.0993739622338425,0.03981732977517519,2.95,0.005383495124460953,False,0.09883898299265824
m0045_9877d8ba,h03,nir_ice,0.09422839257915945,0.033334526346008767,3.1100000000000003,-0.005121441478061434,False,0.09471097777732541
m0045_9877d8ba,h04,nir_ice,0.34148802055848776,0.18794238036499775,3.3600000000000003,0.009628046060813479,False,0.3382001581673346
m0045_9877d8ba,s01,miri,0.5414203420537512,1.1932705614272665,8.399999999999999,-0.0018930581804797904,False,0.5424452822613542
m0045_9877d8ba,s02,miri,0.10845798374749369,0.49919728831445087,9.7,-0.0018749142948125304,False,0.1086613331716084
m0045_9877d8ba,s03,miri,0.48878740738865245,0.986303694733075,11.0,0.00027074297007197547,False,0.48865507163424227
m0045_9877d8ba,s04,miri,1.9129321037850333,1.836899064256267,12.7,0.0009772295895419127,False,1.91106272993043
m0045_9877d8ba,s05,miri,3.986741001361029,3.2846375481516548,18.450000000000003,-0.0016449097739330775,False,3.9932988306003074
m0045_9877d8ba,s06,miri,4.878993529107904,3.9092068681040057,19.8,0.0012487195233765484,False,4.872901034633679
m0025_6c0a0d1b,c01,nir_continuum,0.0009225459878684556,0.00011280459058311971,1.13,-0.014276619060241403,True,0.0009357168255028077
m0025_6c0a0d1b,c02,nir_continuum,0.0015903764663462649,0.00020968344816331647,1.21,-0.003508715311922696,False,0.0015959566446054555
m0025_6c0a0d1b,c03,nir_continuum,0.017644692234820354,0.001938644984729536,1.521,-0.025176389947891488,True,0.018088921887034724
m0025_6c0a0d1b,c04,nir_continuum,0.07153248567060723,0.0066964785327128075,1.74,-0.009333284852770286,False,0.07220011873559772
m0025_6c0a0d1b,c05,nir_continuum,0.2724083902544789,0.044436987446273134,2.2,-0.0046150632192412016,False,0.27366557219695503
m0025_6c0a0d1b,c06,nir_continuum,0.32343725985758554,0.061174555951986266,2.3,0.0014177344577336584,False,0.3229787117093705
m0025_6c0a0d1b,c07,nir_continuum,0.3987210654474393,0.12292927588858787,2.55,0.010146339798690203,True,0.3946755060325138
m0025_6c0a0d1b,c08,nir_continuum,0.8249794957973079,0.471292322592436,3.91,-0.0024757861563277,False,0.8270219686122571
m0025_6c0a0d1b,c09,nir_continuum,0.9422579177432817,0.7883862647800575,4.525,-0.005068776193459318,False,0.9470340122448374
m0025_6c0a0d1b,h01,nir_ice,0.46299393463034993,0.1667887218763796,2.77,0.03468015851666876,True,0.4469372315851132
m0025_6c0a0d1b,h02,nir_ice,0.2997106392541884,0.03981732977517519,2.95,0.001005658759194923,False,0.2994092326245985
m0025_6c0a0d1b,h03,nir_ice,0.30293476206943754,0.033334526346008767,3.1100000000000003,-0.008299698056561756,False,0.30544902912545024
m0025_6c0a0d1b,h04,nir_ice,0.6572611098213309,0.18794238036499775,3.3600000000000003,0.000850785138742821,False,0.6567019218368213
m0025_6c0a0d1b,s01,miri,2.6876925579860966,1.1932705614272665,8.399999999999999,-0.0004601758196776134,False,2.6889293691120093
m0025_6c0a0d1b,s02,miri,1.1166932259940492,0.49919728831445087,9.7,0.0008629610863317997,False,1.115729563194646
m0025_6c0a0d1b,s03,miri,2.334320975282211,0.986303694733075,11.0,-6.182549586591118e-05,False,2.334465295834018
m0025_6c0a0d1b,s04,miri,4.4713893053651255,1.836899064256267,12.7,0.0010322927082613623,False,4.466773522789399
m0025_6c0a0d1b,s05,miri,5.273507913517208,3.2846375481516548,18.450000000000003,-0.0007346749167982749,False,5.277382227504806
m0025_6c0a0d1b,s06,miri,6.214163082794942,3.9092068681040057,19.8,0.0016312628422908764,False,6.204026149462043
m0026_5a6609fd,c01,nir_continuum,0.0008122288237982322,0.00011280459058311971,1.13,-0.006597944878727821,False,0.0008175878648065669
m0026_5a6609fd,c02,nir_continuum,0.0013939930969397254,0.00020968344816331647,1.21,-0.0017274600979583893,False,0.0013964011643915182
m0026_5a6609fd,c03,nir_continuum,0.01563007783868425,0.001938644984729536,1.521,-0.019222175895498683,True,0.015930521944159774
m0026_5a6609fd,c04,nir_continuum,0.06483793784307677,0.0066964785327128075,1.74,0.004242840840521868,False,0.06456284079238095
m0026_5a6609fd,c05,nir_continuum,0.2545246525549779,0.044436987446273134,2.2,0.00277057564874006,False,0.25381947275060507
m0026_5a6609fd,c06,nir_continuum,0.29615099703230524,0.061174555951986266,2.3,-0.03404949995308408,True,0.3062347903918625
m0026_5a6609fd,c07,nir_continuum,0.38295055271282114,0.12292927588858787,2.55,0.005196841289120838,False,0.3809604194687915
m0026_5a6609fd,c08,nir_continuum,0.8115037501811554,0.471292322592436,3.91,-0.005241508592877838,False,0.8157572540608825
m0026_5a6609fd,c09,nir_continuum,0.9152771359229241,0.7883862647800575,4.525,0.0045076877221641365,False,0.9111513524149468
m0026_5a6609fd,h01,nir_ice,0.4519559744519567,0.1667887218763796,2.77,0.04246966517292145,True,0.43276155554408063
m0026_5a6609fd,h02,nir_ice,0.2915329467399506,0.03981732977517519,2.95,0.005024654776263419,False,0.2900680943266756
m0026_5a6609fd,h03,nir_ice,0.29657952203817994,0.033334526346008767,3.1100000000000003,-0.007908236918823315,False,0.29892494316372925
m0026_5a6609fd,h04,nir_ice,0.6415016308183721,0.18794238036499775,3.3600000000000003,0.0061539565272908745,False,0.6375538576701296
m0026_5a6609fd,s01,miri,2.258905336877077,1.1932705614272665,8.399999999999999,-0.00034223675656014444,False,2.259678417312946
m0026_5a6609fd,s02,miri,0.9716182632701785,0.49919728831445087,9.7,-0.0025763850842965997,False,0.974121526071298
m0026_5a6609fd,s03,miri,2.0164519600692703,0.986303694733075,11.0,-8.999428829572137e-05,False,2.0166334292282992
m0026_5a6609fd,s04,miri,3.693958151372983,1.836899064256267,12.7,0.0026559877335775744,False,3.6841470438345874
m0026_5a6609fd,s05,miri,4.576224848381498,3.2846375481516548,18.450000000000003,0.00022518172538438537,False,4.575194366174393
m0026_5a6609fd,s06,miri,5.353686085218799,3.9092068681040057,19.8,-0.00046617569787946227,False,5.356181843565803
m0024_dddb52d3,c01,nir_continuum,0.0010673502463215475,0.00011280459058311971,1.13,-0.0135526706006489,True,0.0010818156926254649
m0024_dddb52d3,c02,nir_continuum,0.0018153576807235818,0.00020968344816331647,1.21,-0.003202662231453584,False,0.0018211716582042143
m0024_dddb52d3,c03,nir_continuum,0.019536914595852682,0.001938644984729536,1.521,-0.007849206500454394,False,0.01969026387289727
m0024_dddb52d3,c04,nir_continuum,0.0773895086709774,0.0066964785327128075,1.74,-0.0009934966268675739,False,0.07746639488679695
m0024_dddb52d3,c05,nir_continuum,0.27830595592863383,0.044436987446273134,2.2,-6.267984108944106e-05,False,0.2783234001017257
m0024_dddb52d3,c06,nir_continuum,0.3308586576178387,0.061174555951986266,2.3,0.008432948877858863,False,0.3280685434723505
m0024_dddb52d3,c07,nir_continuum,0.40250350265938806,0.12292927588858787,2.55,0.017356328075987533,True,0.3955175198154976
m0024_dddb52d3,c08,nir_continuum,0.8343928405156014,0.471292322592436,3.91,-0.009069024207235566,False,0.8419599693845814
m0024_dddb52d3,c09,nir_continuum,0.9632721904110296,0.7883862647800575,4.525,0.008607863512095915,False,0.9549804748709738
m0024_dddb52d3,h01,nir_ice,0.46174444036459783,0.1667887218763796,2.77,0.04020989850161293,True,0.4431777432838533
m0024_dddb52d3,h02,nir_ice,0.3007584536883237,0.03981732977517519,2.95,-0.006161499552123343,False,0.30261157676602163
m0024_dddb52d3,h03,nir_ice,0.3049447987229833,0.033334526346008767,3.1100000000000003,0.0028194710891650153,False,0.3040850156791926
m0024_dddb52d3,h04,nir_ice,0.6442659273114593,0.18794238036499775,3.3600000000000003,3.925618813621163e-05,False,0.644240635887007
m0024_dddb52d3,s01,miri,3.0305523913011743,1.1932705614272665,8.399999999999999,0.0020810267684721355,False,3.0242457306516193
m0024_dddb52d3,s02,miri,1.2457013358304319,0.49919728831445087,9.7,-0.0009028163630427829,False,1.2468259753798838
m0024_dddb52d3,s03,miri,2.5822886981802498,0.986303694733075,11.0,-0.001783002717086791,False,2.5868929259454077
m0024_dddb52d3,s04,miri,5.12472859085057,1.836899064256267,12.7,9.427209622635141e-05,False,5.12424547194372
m0024_dddb52d3,s05,miri,5.845347911395328,3.2846375481516548,18.450000000000003,0.00027941789048212094,False,5.843714616612792
m0024_dddb52d3,s06,miri,6.940502064292074,3.9092068681040057,19.8,-0.001130525136881996,False,6.948348476338338
m0016_b4e2d2d1,c01,nir_continuum,0.0010598415625960157,0.00011280459058311971,1.13,-0.011095799299314257,True,0.0010716013518636527
m0016_b4e2d2d1,c02,nir_continuum,0.001937520749233046,0.00020968344816331647,1.21,-0.008254186497163363,False,0.001953513406839339
m0016_b4e2d2d1,c03,nir_continuum,0.01571274179640532,0.001938644984729536,1.521,-0.017394712311584286,True,0.015986060419579996
m0016_b4e2d2d1,c04,nir_continuum,0.04223948761965624,0.0066964785327128075,1.74,-0.012687109859219068,True,0.042775384639483945
m0016_b4e2d2d1,c05,nir_continuum,0.12117800414745822,0.044436987446273134,2.2,-0.005334231409855569,False,0.1218243956633652
m0016_b4e2d2d1,c06,nir_continuum,0.14354623998724766,0.061174555951986266,2.3,0.001430170410373329,False,0.14334094440229755
m0016_b4e2d2d1,c07,nir_continuum,0.1836648224244684,0.12292927588858787,2.55,0.014251615301833154,True,0.1810473020307954
m0016_b4e2d2d1,c08,nir_continuum,0.5213229649081408,0.471292322592436,3.91,-0.006683122635993056,False,0.5248070302155814
m0016_b4e2d2d1,c09,nir_continuum,0.6636338486852502,0.7883862647800575,4.525,0.0014948628279512382,False,0.6626418071134804
m0016_b4e2d2d1,h01,nir_ice,0.22162604389535182,0.1667887218763796,2.77,0.04534771605672972,True,0.21157580898600908
m0016_b4e2d2d1,h02,nir_ice,0.10345229667185923,0.03981732977517519,2.95,-0.0027598869876278203,False,0.10373781331928411
m0016_b4e2d2d1,h03,nir_ice,0.10094165720674227,0.033334526346008767,3.1100000000000003,-0.0048791192650276295,False,0.1014341635910635
m0016_b4e2d2d1,h04,nir_ice,0.3601342406889665,0.18794238036499775,3.3600000000000003,0.0008909221416278823,False,0.35981338911997834
m0016_b4e2d2d1,s01,miri,0.6839171682247603,1.1932705614272665,8.399999999999999,0.002750970551142832,False,0.682035732235553
m0016_b4e2d2d1,s02,miri,0.19406863812336822,0.49919728831445087,9.7,-0.004263483012770274,False,0.19489604646531866
m0016_b4e2d2d1,s03,miri,0.7109886640793471,0.986303694733075,11.0,-0.003028630933055714,False,0.7131419863404298
m0016_b4e2d2d1,s04,miri,2.214956612559184,1.836899064256267,12.7,0.002839023521941175,False,2.2086682986360495
m0016_b4e2d2d1,s05,miri,4.469007212185248,3.2846375481516548,18.450000000000003,-0.0006598514315610128,False,4.471956092991865
m0016_b4e2d2d1,s06,miri,5.2382658548350145,3.9092068681040057,19.8,-0.0017418615254078016,False,5.247390188587409
m0014_d7d002b4,c01,nir_continuum,0.0011707858661185165,0.00011280459058311971,1.13,-0.010463856508789216,True,0.0011830368014240991
m0014_d7d002b4,c02,nir_continuum,0.0021606149479578523,0.00020968344816331647,1.21,0.0016945974962250799,False,0.0021569535752767365
m0014_d7d002b4,c03,nir_continuum,0.017618013575455338,0.001938644984729536,1.521,-0.007423165978341372,False,0.017748795014434614
m0014_d7d002b4,c04,nir_continuum,0.04689993690453201,0.0066964785327128075,1.74,0.00653275393939954,False,0.04659355115696134
m0014_d7d002b4,c05,nir_continuum,0.13000653948118843,0.044436987446273134,2.2,-0.00908006997088566,False,0.13118700795635033
m0014_d7d002b4,c06,nir_continuum,0.15257372843716066,0.061174555951986266,2.3,0.0038330713430644917,False,0.15198890245098368
m0014_d7d002b4,c07,nir_continuum,0.19301230764033497,0.12292927588858787,2.55,0.004299913095611954,False,0.19218237149109801
m0014_d7d002b4,c08,nir_continuum,0.5443862959757431,0.471292322592436,3.91,0.004634695476563165,False,0.5418632312722813
m0014_d7d002b4,c09,nir_continuum,0.703787440581488,0.7883862647800575,4.525,-0.0047424461916072466,False,0.7071251146487747
m0014_d7d002b4,h01,nir_ice,0.2303937951219196,0.1667887218763796,2.77,0.04832869005735227,True,0.21925916480633523
m0014_d7d002b4,h02,nir_ice,0.10763290893485682,0.03981732977517519,2.95,0.003863222789442499,False,0.10721709902816569
m0014_d7d002b4,h03,nir_ice,0.10402414508351977,0.033334526346008767,3.1100000000000003,-0.007325472087382952,False,0.10478617105474297
m0014_d7d002b4,h04,nir_ice,0.37258215694553476,0.18794238036499775,3.3600000000000003,0.00974006590010525,False,0.3689531821836819
m0014_d7d002b4,s01,miri,0.7971250003846875,1.1932705614272665,8.399999999999999,-0.002709432983103193,False,0.7992847571523859
m0014_d7d002b4,s02,miri,0.23048349914849667,0.49919728831445087,9.7,-0.0033162475298443585,False,0.23124783948321775
m0014_d7d002b4,s03,miri,0.8337286323494506,0.986303694733075,11.0,0.0014261863208358376,False,0.8325395799787046
m0014_d7d002b4,s04,miri,2.622544865805016,1.836899064256267,12.7,0.0013261963473737057,False,2.619066856383162
m0014_d7d002b4,s05,miri,5.216352893601403,3.2846375481516548,18.450000000000003,0.0020731482813794886,False,5.2055386205649645
m0014_d7d002b4,s06,miri,6.114785864223574,3.9092068681040057,19.8,0.0014818789303630954,False,6.105724491887699
m0012_360d3d25,c01,nir_continuum,0.001334192353648858,0.00011280459058311971,1.13,-0.004588162578478507,False,0.0013403138450783618
m0012_360d3d25,c02,nir_continuum,0.002431095635761129,0.00020968344816331647,1.21,-0.007853930411743941,False,0.0024501892917086912
m0012_360d3d25,c03,nir_continuum,0.01950674828926526,0.001938644984729536,1.521,-0.0078089581690392006,False,0.019659075670670108
m0012_360d3d25,c04,nir_continuum,0.05087760124453279,0.0066964785327128075,1.74,0.0005137608462054595,False,0.050851462325064496
m0012_360d3d25,c05,nir_continuum,0.1342956781201521,0.044436987446273134,2.2,0.007020320182348494,False,0.13335287946064303
m0012_360d3d25,c06,nir_continuum,0.15494068652449905,0.061174555951986266,2.3,0.0068917755458845886,False,0.15387287009004694
m0012_360d3d25,c07,nir_continuum,0.1959714113247108,0.12292927588858787,2.55,0.0019053534613185986,False,0.19559801651782377
m0012_360d3d25,c08,nir_continuum,0.5421671926214399,0.471292322592436,3.91,-0.008675876732229294,False,0.5468709683528823
m0012_360d3d25,c09,nir_continuum,0.7358675361401776,0.7883862647800575,4.525,0.005396647548423456,False,0.7318963184053023
m0012_360d3d25,h01,nir_ice,0.2277153042004894,0.1667887218763796,2.77,0.04211042575251577,True,0.21812611579024316
m0012_360d3d25,h02,nir_ice,0.10796406310520104,0.03981732977517519,2.95,-0.005214786042462941,False,0.10852707259456963
m0012_360d3d25,h03,nir_ice,0.1038000005227348,0.033334526346008767,3.1100000000000003,-0.006837892137835309,False,0.10450977373021651
m0012_360d3d25,h04,nir_ice,0.36884943913456514,0.18794238036499775,3.3600000000000003,0.002894036294534334,False,0.3677819754704911
m0012_360d3d25,s01,miri,0.895372379848575,1.1932705614272665,8.399999999999999,-0.00015617632329575722,False,0.8955122158148403
m0012_360d3d25,s02,miri,0.2672390254647141,0.49919728831445087,9.7,0.0007263749544849465,False,0.2670449097297556
m0012_360d3d25,s03,miri,0.9473720209527471,0.986303694733075,11.0,-0.0004555212234700506,False,0.9478035690148128
m0012_360d3d25,s04,miri,2.952005225641422,1.836899064256267,12.7,0.00029288241016408906,False,2.9511406352361194
m0012_360d3d25,s05,miri,5.847503909648819,3.2846375481516548,18.450000000000003,0.0004636360718177981,False,5.84479279590621
m0012_360d3d25,s06,miri,6.864759701267624,3.9092068681040057,19.8,-0.0010079272575292694,False,6.87167887968692
m0056_e69570c9,c01,nir_continuum,0.001528314578145478,0.00011280459058311971,1.13,-0.004786898387920845,False,0.0015356304647358384
m0056_e69570c9,c02,nir_continuum,0.0026178317559098006,0.00020968344816331647,1.21,0.0001469251475828474,False,0.0026174471305927165
m0056_e69570c9,c03,nir_continuum,0.01817974500017638,0.001938644984729536,1.521,-0.0098367153215317,False,0.018358573976361155
m0056_e69570c9,c04,nir_continuum,0.04616355067345416,0.0066964785327128075,1.74,-0.008941740511284029,False,0.046576333164655696
m0056_e69570c9,c05,nir_continuum,0.14121367309885485,0.044436987446273134,2.2,0.09412798625865247,True,0.127921514417872
m0056_e69570c9,c06,nir_continuum,0.1489290297548287,0.061174555951986266,2.3,0.006548864435931542,False,0.1479537137283895
m0056_e69570c9,c07,nir_continuum,0.18895988522586885,0.12292927588858787,2.55,0.023452166944948782,True,0.1845283664516534
m0056_e69570c9,c08,nir_continuum,0.5691755610332001,0.471292322592436,3.91,-0.00022765479775292103,False,0.569305136580433
m0056_e69570c9,c09,nir_continuum,0.745206892204075,0.7883862647800575,4.525,0.0001422213830568302,False,0.7451009078492022
m0056_e69570c9,h01,nir_ice,0.2245281510189628,0.1667887218763796,2.77,0.05528766079612353,True,0.2121145147662456
m0056_e69570c9,h02,nir_ice,0.10940988609203292,0.03981732977517519,2.95,0.0028381060020780512,False,0.10909936923762845
m0056_e69570c9,h03,nir_ice,0.10799622765504313,0.033334526346008767,3.1100000000000003,-0.0029530182187726657,False,0.1083151424828672
m0056_e69570c9,h04,nir_ice,0.3813782394337663,0.18794238036499775,3.3600000000000003,0.0018258210928888212,False,0.38068191099983933
m0056_e69570c9,s01,miri,0.9612754720773046,1.1932705614272665,8.399999999999999,-0.0009209304583828052,False,0.9621607399384369
m0056_e69570c9,s02,miri,0.3797116068854978,0.49919728831445087,9.7,0.0006959617304622663,False,0.3794473421384932
m0056_e69570c9,s03,miri,1.125717088758533,0.986303694733075,11.0,-0.00904161736952213,False,1.13589539194142
m0056_e69570c9,s04,miri,2.9473481640832455,1.836899064256267,12.7,0.008424407596875655,False,2.922518501819105
m0056_e69570c9,s05,miri,5.506489476472401,3.2846375481516548,18.450000000000003,0.0008743933594336105,False,5.501674638640383
m0056_e69570c9,s06,miri,6.239756174235461,3.9092068681040057,19.8,0.0016294815026403856,False,6.229588606968558
m0055_88e39109,c01,nir_continuum,0.0017489523680275284,0.00011280459058311971,1.13,-0.001478952278384184,False,0.0017515389851170081
m0055_88e39109,c02,nir_continuum,0.002996177086982744,0.00020968344816331647,1.21,-0.0001683557571669158,False,0.002996681510644829
m0055_88e39109,c03,nir_continuum,0.020868726434764798,0.001938644984729536,1.521,-0.016315311132153967,True,0.02120920619947979
m0055_88e39109,c04,nir_continuum,0.052266932028742656,0.0066964785327128075,1.74,-0.003318854333330242,False,0.052440398362596126
m0055_88e39109,c05,nir_continuum,0.1359948745440809,0.044436987446273134,2.2,0.0007311780095222832,False,0.13589543808240653
m0055_88e39109,c06,nir_continuum,0.15956085944476256,0.061174555951986266,2.3,-0.0014096823775385508,False,0.15978578957646675
m0055_88e39109,c07,nir_continuum,0.2005151829228305,0.12292927588858787,2.55,0.013698840333664525,True,0.1977683574474951
m0055_88e39109,c08,nir_continuum,0.5974277955435667,0.471292322592436,3.91,0.0025643673041090124,False,0.5958957712381089
m0055_88e39109,c09,nir_continuum,0.81103781954628,0.7883862647800575,4.525,-0.004145367082213972,False,0.8143998690258577
m0055_88e39109,h01,nir_ice,0.23819299990641568,0.1667887218763796,2.77,0.035470058358959146,True,0.22974428029903957
m0055_88e39109,h02,nir_ice,0.11433179734866804,0.03981732977517519,2.95,0.003077841027372895,False,0.11397990225205502
m0055_88e39109,h03,nir_ice,0.1121555730859073,0.033334526346008767,3.1100000000000003,-0.007258099647186787,False,0.11296960941135216
m0055_88e39109,h04,nir_ice,0.3951929526483941,0.18794238036499775,3.3600000000000003,0.010781906790118348,True,0.39093201906882746
m0055_88e39109,s01,miri,1.132237579502174,1.1932705614272665,8.399999999999999,0.004682182203024359,False,1.1269362368578335
m0055_88e39109,s02,miri,0.45031237905158183,0.49919728831445087,9.7,-0.004102264390709879,False,0.452159679488861
m0055_88e39109,s03,miri,1.3328031531733981,0.986303694733075,11.0,-0.00010651354511219781,False,1.3329451147621794
m0055_88e39109,s04,miri,3.477359276930198,1.836899064256267,12.7,0.003627599214828237,False,3.4647448111475305
m0055_88e39109,s05,miri,6.435521414680212,3.2846375481516548,18.450000000000003,-0.0009699855038570099,False,6.441763777162214
m0055_88e39109,s06,miri,7.310667155608334,3.9092068681040057,19.8,-0.0024411136656318643,False,7.328513325106775
m0054_af50020e,c01,nir_continuum,0.0020066274890016304,0.00011280459058311971,1.13,-0.0010554585950192095,False,0.002008745401231899
m0054_af50020e,c02,nir_continuum,0.0034075325903161016,0.00020968344816331647,1.21,-0.0099022475814564,False,0.003441274821667293
m0054_af50020e,c03,nir_continuum,0.023276087967831465,0.001938644984729536,1.521,-0.018409627134185175,True,0.023704592068461736
m0054_af50020e,c04,nir_continuum,0.05682682779941718,0.0066964785327128075,1.74,4.6886095672957246e-05,False,0.05682416341133219
m0054_af50020e,c05,nir_continuum,0.14148598002989937,0.044436987446273134,2.2,-0.0045595388912820466,False,0.14213109085841685
m0054_af50020e,c06,nir_continuum,0.1632082284678338,0.061174555951986266,2.3,0.008249003545137015,False,0.16186192321260712
m0054_af50020e,c07,nir_continuum,0.20336008011434045,0.12292927588858787,2.55,0.008148607982109635,False,0.20170297854227828
m0054_af50020e,c08,nir_continuum,0.6025394696026019,0.471292322592436,3.91,-0.00042981795093944024,False,0.6027984518827866
m0054_af50020e,c09,nir_continuum,0.8380091899585583,0.7883862647800575,4.525,0.00022117089918184432,False,0.8378238467124925
m0054_af50020e,h01,nir_ice,0.23536410436879507,0.1667887218763796,2.77,0.03235867475219742,True,0.22774803386718298
m0054_af50020e,h02,nir_ice,0.11459449098466716,0.03981732977517519,2.95,-0.009478072969800416,False,0.11568062593215697
m0054_af50020e,h03,nir_ice,0.11281586767616746,0.033334526346008767,3.1100000000000003,-0.021924782885649825,True,0.11528933108102363
m0054_af50020e,h04,nir_ice,0.3959467303181425,0.18794238036499775,3.3600000000000003,0.015582423379097293,True,0.3897769207307559
m0054_af50020e,s01,miri,1.2809262526101046,1.1932705614272665,8.399999999999999,-0.0008312974369767634,False,1.2819910833208557
m0054_af50020e,s02,miri,0.5218156280152806,0.49919728831445087,9.7,-0.00047222490478523413,False,0.5220620423505355
m0054_af50020e,s03,miri,1.5120703387000913,0.986303694733075,11.0,0.0003643444109946845,False,1.5115194243231551
m0054_af50020e,s04,miri,3.9194430418657302,1.836899064256267,12.7,-0.0020266538885237444,False,3.9273863963473747
m0054_af50020e,s05,miri,7.238591828801394,3.2846375481516548,18.450000000000003,0.0024879547876136836,False,7.2205825396053465
m0054_af50020e,s06,miri,8.2153334166984,3.9092068681040057,19.8,-0.0013091089522634276,False,8.226088183220028
m0041_f3dcf372,c01,nir_continuum,0.0011971588937540374,0.00011280459058311971,1.13,-0.00422572975507677,False,0.0012022177637129286
m0041_f3dcf372,c02,nir_continuum,0.0028052293076420735,0.00020968344816331647,1.21,-0.0008447043719570153,False,0.0028075988971025807
m0041_f3dcf372,c03,nir_continuum,0.03227430170071278,0.001938644984729536,1.521,-0.01782367676094516,True,0.032849548421911505
m0041_f3dcf372,c04,nir_continuum,0.07018212218709781,0.0066964785327128075,1.74,0.0042143277800169715,False,0.06988635171990418
m0041_f3dcf372,c05,nir_continuum,0.18729252738601931,0.044436987446273134,2.2,-0.0019655067272925843,False,0.18766065210856817
m0041_f3dcf372,c06,nir_continuum,0.2285778440272008,0.061174555951986266,2.3,0.002056763358001124,False,0.22810771349315476
m0041_f3dcf372,c07,nir_continuum,0.2917731958888384,0.12292927588858787,2.55,0.012637270274749373,True,0.28808597915346373
m0041_f3dcf372,c08,nir_continuum,0.7798341842924644,0.471292322592436,3.91,-0.0023800453572686195,False,0.7816902250222291
m0041_f3dcf372,c09,nir_continuum,0.9162963963563387,0.7883862647800575,4.525,-0.0005815396235633349,False,0.9168292590177483
m0041_f3dcf372,h01,nir_ice,0.33352628517190075,0.1667887218763796,2.77,0.025800813285753083,True,0.3249210357622897
m0041_f3dcf372,h02,nir_ice,0.09949586509209041,0.03981732977517519,2.95,0.0005323781645335072,False,0.09944289566605401
m0041_f3dcf372,h03,nir_ice,0.08867908687100115,0.033334526346008767,3.1100000000000003,-0.018160018620001606,True,0.09028950073978327
m0041_f3dcf372,h04,nir_ice,0.5509791259270269,0.18794238036499775,3.3600000000000003,0.0040071319039479665,False,0.5487712798931154
m0041_f3dcf372,s01,miri,0.3475336219202788,1.1932705614272665,8.399999999999999,0.028889310218940478,True,0.3374936153051119
m0041_f3dcf372,s02,miri,0.048710401768237745,0.49919728831445087,9.7,0.009178688957636395,False,0.04826330414140559
m0041_f3dcf372,s03,miri,0.515050706649794,0.986303694733075,11.0,0.003011594719676567,False,0.5134995826612818
m0041_f3dcf372,s04,miri,2.6321915574008967,1.836899064256267,12.7,0.0011990195764890578,False,2.629035508194504
m0041_f3dcf372,s05,miri,2.2212209100325286,3.2846375481516548,18.450000000000003,0.001971990912855541,False,2.2168406825824998
m0041_f3dcf372,s06,miri,2.985059106861111,3.9092068681040057,19.8,0.0008876475820573943,False,2.9824094263626075
m0040_842ee062,c01,nir_continuum,0.0012962800687805333,0.00011280459058311971,1.13,-0.009952302094109137,False,0.0013091810396236097
m0040_842ee062,c02,nir_continuum,0.003026583335255845,0.00020968344816331647,1.21,0.00829268571412072,False,0.003001484830868973
m0040_842ee062,c03,nir_continuum,0.03527550201368329,0.001938644984729536,1.521,-0.00898458996027876,False,0.03559243793491922
m0040_842ee062,c04,nir_continuum,0.07792438969863397,0.0066964785327128075,1.74,-0.022110005276517575,True,0.07964729836604018
m0040_842ee062,c05,nir_continuum,0.19952161975829913,0.044436987446273134,2.2,-0.011599365444047209,True,0.20183594393986387
m0040_842ee062,c06,nir_continuum,0.24227617755665184,0.061174555951986266,2.3,-0.007831946815018451,False,0.2441736716938215
m0040_842ee062,c07,nir_continuum,0.3097868441538968,0.12292927588858787,2.55,0.00907378146547475,False,0.30697590602916525
m0040_842ee062,c08,nir_continuum,0.8251083945581331,0.471292322592436,3.91,0.003900619730094623,False,0.821889960474853
m0040_842ee062,c09,nir_continuum,1.0028872402218452,0.7883862647800575,4.525,0.0054236929815946406,False,0.9974478877357231
m0040_842ee062,h01,nir_ice,0.34933240512099734,0.1667887218763796,2.77,0.04938690083035297,True,0.33207996027245795
m0040_842ee062,h02,nir_ice,0.1031519379130524,0.03981732977517519,2.95,-0.008911747759760174,False,0.10407120196466396
m0040_842ee062,h03,nir_ice,0.09223661047242254,0.033334526346008767,3.1100000000000003,-0.021779624253291573,True,0.09424548919090912
m0040_842ee062,h04,nir_ice,0.5734631147781815,0.18794238036499775,3.3600000000000003,0.006915620249949087,False,0.5694972616490226
m0040_842ee062,s01,miri,0.4096619271234678,1.1932705614272665,8.399999999999999,0.027722803228373775,True,0.3983049501276675
m0040_842ee062,s02,miri,0.059499852186515566,0.49919728831445087,9.7,0.017787926100856697,True,0.05844147321280993
m0040_842ee062,s03,miri,0.6113638135847147,0.986303694733075,11.0,0.007517243129597382,False,0.6067680431573605
m0040_842ee062,s04,miri,3.2131820981264028,1.836899064256267,12.7,0.0008287519294108849,False,3.210519167263032
m0040_842ee062,s05,miri,2.55977339005952,3.2846375481516548,18.450000000000003,0.00017019560132114074,False,2.559337727888153
m0040_842ee062,s06,miri,3.432777750964985,3.9092068681040057,19.8,-0.002097485736342069,False,3.4399779533336665
m0039_5987c894,c01,nir_continuum,0.001429247665898232,0.00011280459058311971,1.13,-0.009265015227163812,False,0.0014424896672861674
m0039_5987c894,c02,nir_continuum,0.0033094541024673023,0.00020968344816331647,1.21,0.0064794812213398905,False,0.003288010556757479
m0039_5987c894,c03,nir_continuum,0.038308722536333197,0.001938644984729536,1.521,-0.005863338814904662,False,0.03853333955612989
m0039_5987c894,c04,nir_continuum,0.0842870288164011,0.0066964785327128075,1.74,0.005756121172865778,False,0.08380186246523307
m0039_5987c894,c05,nir_continuum,0.21055093828090365,0.044436987446273134,2.2,0.013057051845998287,True,0.2078017637635463
m0039_5987c894,c06,nir_continuum,0.24927370060665582,0.061174555951986266,2.3,0.007736112572793207,False,0.24734529119732598
m0039_5987c894,c07,nir_continuum,0.3147769305457672,0.12292927588858787,2.55,0.008639439235176441,False,0.3120574343816817
m0039_5987c894,c08,nir_continuum,0.8160290992301625,0.471292322592436,3.91,-0.007201547633839498,False,0.8219057716588677
m0039_5987c894,c09,nir_continuum,1.0389930774211216,0.7883862647800575,4.525,-0.017932612355352887,True,1.0576249375184097
m0039_5987c894,h01,nir_ice,0.35002657423342926,0.1667887218763796,2.77,0.04666308710970121,True,0.33369325370926445
m0039_5987c894,h02,nir_ice,0.10412934831765856,0.03981732977517519,2.95,0.006225020115431659,False,0.10348114102977435
m0039_5987c894,h03,nir_ice,0.09218325241426045,0.033334526346008767,3.1100000000000003,-0.003880536855748844,False,0.09254097292273679
m0039_5987c894,h04,nir_ice,0.5649245019245718,0.18794238036499775,3.3600000000000003,-0.015149089103771106,True,0.5734825935411306
m0039_5987c894,s01,miri,0.46843610281610937,1.1932705614272665,8.399999999999999,0.02502844568625477,True,0.4567118752592955
m0039_5987c894,s02,miri,0.06985158577571285,0.49919728831445087,9.7,0.0040670519616663355,False,0.06956749574675823
m0039_5987c894,s03,miri,0.7002480937025902,0.986303694733075,11.0,0.0012992592463412086,False,0.6993382898921143
m0039_5987c894,s04,miri,3.719803073742825,1.836899064256267,12.7,0.004970752720415232,False,3.701312852494609
m0039_5987c894,s05,miri,2.8609972949080107,3.2846375481516548,18.450000000000003,0.00037221388999644577,False,2.8599323919756037
m0039_5987c894,s06,miri,3.8166733293882844,3.9092068681040057,19.8,-0.0005743697305030821,False,3.8188655110199035
m0044_ce965c35,c01,nir_continuum,0.0034547245578879166,0.00011280459058311971,1.13,-0.01373601989633166,True,0.0035021787231514106
m0044_ce965c35,c02,nir_continuum,0.006200164422828536,0.00020968344816331647,1.21,0.006751469418299717,False,0.0061583042023393795
m0044_ce965c35,c03,nir_continuum,0.04235315400398349,0.001938644984729536,1.521,-0.016929538839521023,True,0.043070173369670145
m0044_ce965c35,c04,nir_continuum,0.09978793854023661,0.0066964785327128075,1.74,0.0003149883011641951,False,0.09975650650699915
m0044_ce965c35,c05,nir_continuum,0.2194373206157625,0.044436987446273134,2.2,0.0009111238945059475,False,0.2192373860296031
m0044_ce965c35,c06,nir_continuum,0.24829173605912896,0.061174555951986266,2.3,0.002950151412007827,False,0.24755923784340425
m0044_ce965c35,c07,nir_continuum,0.2862541055773243,0.12292927588858787,2.55,0.010284970355238465,True,0.2833099905873962
m0044_ce965c35,c08,nir_continuum,0.5806485155698656,0.471292322592436,3.91,-0.00325942949525894,False,0.5825410984678924
m0044_ce965c35,c09,nir_continuum,0.6421588467917386,0.7883862647800575,4.525,-0.005200036158686885,False,0.6454980960146763
m0044_ce965c35,h01,nir_ice,0.3286010261402866,0.1667887218763796,2.77,0.044671530525537524,True,0.3139219153703378
m0044_ce965c35,h02,nir_ice,0.19536598176819395,0.03981732977517519,2.95,-0.004321756722605311,False,0.19621030601326903
m0044_ce965c35,h03,nir_ice,0.19121430381562757,0.033334526346008767,3.1100000000000003,-0.0005096315073386663,False,0.19131175264950584
m0044_ce965c35,h04,nir_ice,0.4577473220312721,0.18794238036499775,3.3600000000000003,-0.002572667241446567,False,0.45892495357152185
m0044_ce965c35,s01,miri,0.6946562346958267,1.1932705614272665,8.399999999999999,0.002944837658137164,False,0.6926105848564347
m0044_ce965c35,s02,miri,0.2729113146259851,0.49919728831445087,9.7,0.00044860795767702417,False,0.2727888844385038
m0044_ce965c35,s03,miri,0.787150603513761,0.986303694733075,11.0,-0.0010503853175287928,False,0.7879774149503758
m0044_ce965c35,s04,miri,1.9580006124749767,1.836899064256267,12.7,0.002193554139028491,False,1.953705632127262
m0044_ce965c35,s05,miri,3.8235461889159765,3.2846375481516548,18.450000000000003,-0.00026791194473827195,False,3.8245705626112456
m0044_ce965c35,s06,miri,4.442061843143578,3.9092068681040057,19.8,0.000987819124789704,False,4.437673889501422
m0043_68b48624,c01,nir_continuum,0.003788261877702317,0.00011280459058311971,1.13,-0.01067664930315447,True,0.003828707821239054
m0043_68b48624,c02,nir_continuum,0.006768023728671461,0.00020968344816331647,1.21,-0.0020254655031672272,False,0.006781732127258502
m0043_68b48624,c03,nir_continuum,0.04677444277218491,0.001938644984729536,1.521,-0.013885616482026825,True,0.047423934745679984
m0043_68b48624,c04,nir_continuum,0.10799832834475626,0.0066964785327128075,1.74,0.0046898451542606735,False,0.10749183290790035
m0043_68b48624,c05,nir_continuum,0.23019385610399007,0.044436987446273134,2.2,0.0008780697846306068,False,0.22999172983433755
m0043_68b48624,c06,nir_continuum,0.2573859594794734,0.061174555951986266,2.3,0.006070767114289964,False,0.25582342926098545
m0043_68b48624,c07,nir_continuum,0.29511303894171326,0.12292927588858787,2.55,0.011607073798813206,True,0.29168764011972476
m0043_68b48624,c08,nir_continuum,0.593083135088148,0.471292322592436,3.91,-1.0374795091986423e-05,False,0.5930892882041471
m0043_68b48624,c09,nir_continuum,0.6708948319464042,0.7883862647800575,4.525,0.0060413087093238015,False,0.6668417491551261
m0043_68b48624,h01,nir_ice,0.33710903687043975,0.1667887218763796,2.77,0.03715425907519102,True,0.3245840003779673
m0043_68b48624,h02,nir_ice,0.20051476253088224,0.03981732977517519,2.95,-0.0016977441534716628,False,0.2008551852966538
m0043_68b48624,h03,nir_ice,0.19452692328249077,0.033334526346008767,3.1100000000000003,-0.007003933150193887,False,0.19588937684907423
m0043_68b48624,h04,nir_ice,0.4678047124000941,0.18794238036499775,3.3600000000000003,0.006666503290630075,False,0.4646860907455066
m0043_68b48624,s01,miri,0.7913269992670892,1.1932705614272665,8.399999999999999,0.003918591723912336,False,0.7882261118368528
m0043_68b48624,s02,miri,0.3159857078131747,0.49919728831445087,9.7,-0.003634807207584506,False,0.3171342549414277
m0043_68b48624,s03,miri,0.916268326904212,0.986303694733075,11.0,0.0025469246550436533,False,0.9139346605117841
m0043_68b48624,s04,miri,2.32067706717765,1.836899064256267,12.7,-0.0022249680302426976,False,2.3258404994606376
m0043_68b48624,s05,miri,4.5119067921538125,3.2846375481516548,18.450000000000003,0.0016498440776382816,False,4.504462849453922
m0043_68b48624,s06,miri,5.233896967145972,3.9092068681040057,19.8,0.00014750390653645026,False,5.2331249468969085
m0042_74e50156,c01,nir_continuum,0.004165424428096614,0.00011280459058311971,1.13,-0.013149924570833247,True,0.0042201994451315904
m0042_74e50156,c02,nir_continuum,0.0074496794445426204,0.00020968344816331647,1.21,0.002420231371070623,False,0.007431649496646518
m0042_74e50156,c03,nir_continuum,0.050134323143062695,0.001938644984729536,1.521,-0.011697390862967972,True,0.05072076391651744
m0042_74e50156,c04,nir_continuum,0.11268824215800098,0.0066964785327128075,1.74,-0.0004307182482313086,False,0.11273677904025954
m0042_74e50156,c05,nir_continuum,0.23165828617661996,0.044436987446273134,2.2,0.0026934157221979965,False,0.2310343341064544
m0042_74e50156,c06,nir_continuum,0.2581182537675829,0.061174555951986266,2.3,0.0013184747903584252,False,0.257777931357059
m0042_74e50156,c07,nir_continuum,0.2928498857310399,0.12292927588858787,2.55,0.007226492673415432,False,0.290733608177394
m0042_74e50156,c08,nir_continuum,0.583645544885789,0.471292322592436,3.91,0.0028806989407210207,False,0.58196423778288
m0042_74e50156,c09,nir_continuum,0.6687639020976576,0.7883862647800575,4.525,0.012154270714202128,True,0.6606355645876765
m0042_74e50156,h01,nir_ice,0.3336351716947264,0.1667887218763796,2.77,0.045988858016025445,True,0.31829167115450535
m0042_74e50156,h02,nir_ice,0.19792449091098624,0.03981732977517519,2.95,-0.004390127216009221,False,0.19879340460524933
m0042_74e50156,h03,nir_ice,0.1909774632876546,0.033334526346008767,3.1100000000000003,-0.003358888992261773,False,0.1916189353868616
m0042_74e50156,h04,nir_ice,0.4557356465844839,0.18794238036499775,3.3600000000000003,0.0004259563131143491,False,0.45554152310871
m0042_74e50156,s01,miri,0.8645022768376897,1.1932705614272665,8.399999999999999,0.004993665072490708,False,0.8601852420127566
m0042_74e50156,s02,miri,0.3522005498549331,0.49919728831445087,9.7,0.0015798098277473175,False,0.35164413996493427
m0042_74e50156,s03,miri,1.0214809112908756,0.986303694733075,11.0,0.0016746844919120127,False,1.0197702530499526
m0042_74e50156,s04,miri,2.6044866764910304,1.836899064256267,12.7,0.0036718831352071644,False,2.594923305787751
m0042_74e50156,s05,miri,5.028570009514571,3.2846375481516548,18.450000000000003,5.331764948453468e-05,False,5.028301897981395
m0042_74e50156,s06,miri,5.855894519227144,3.9092068681040057,19.8,-0.0007607837068013834,False,5.86034958836612
m0011_fff77572,c01,nir_continuum,0.004703144649683904,0.00011280459058311971,1.13,-0.014063375402552893,True,0.004769286738464917
m0011_fff77572,c02,nir_continuum,0.006119657759650969,0.00020968344816331647,1.21,-0.001422112305974254,False,0.00612836060025932
m0011_fff77572,c03,nir_continuum,0.014970547695522592,0.001938644984729536,1.521,-0.015864597820137116,True,0.015208049413859238
m0011_fff77572,c04,nir_continuum,0.02395838602380202,0.0066964785327128075,1.74,-0.0017416086949852507,False,0.024000112157218888
m0011_fff77572,c05,nir_continuum,0.042646987201931386,0.044436987446273134,2.2,-0.004157459506429043,False,0.04282429032429461
m0011_fff77572,c06,nir_continuum,0.04762283466435276,0.061174555951986266,2.3,0.015349716568244041,True,0.0468918376500786
m0011_fff77572,c07,nir_continuum,0.059780364599282244,0.12292927588858787,2.55,-0.0032558860235760967,False,0.05997500265286533
m0011_fff77572,c08,nir_continuum,0.29392356645395656,0.471292322592436,3.91,0.13160891503307068,True,0.2552406047703007
m0011_fff77572,c09,nir_continuum,0.46966459152716256,0.7883862647800575,4.525,0.0011201851584743913,False,0.4691384802222729
m0011_fff77572,h01,nir_ice,0.07680700161421472,0.1667887218763796,2.77,0.04476006063795693,True,0.07336911556454281
m0011_fff77572,h02,nir_ice,0.05086962069868531,0.03981732977517519,2.95,0.013711493181678506,True,0.05017212224132071
m0011_fff77572,h03,nir_ice,0.055672557528284775,0.033334526346008767,3.1100000000000003,-0.0030457345701041033,False,0.05584212136135478
m0011_fff77572,h04,nir_ice,0.159133065113515,0.18794238036499775,3.3600000000000003,0.015445437511413173,True,0.15667518530030455
m0011_fff77572,s01,miri,1.1617781827492617,1.1932705614272665,8.399999999999999,0.0012915544928990294,False,1.1602776829175798
m0011_fff77572,s02,miri,0.5468835690244715,0.49919728831445087,9.7,-0.00011243443442969999,False,0.5469450575692537
m0011_fff77572,s03,miri,1.2708883406355067,0.986303694733075,11.0,-0.004832622044880378,False,1.2770300636470433
m0011_fff77572,s04,miri,2.9108623727028724,1.836899064256267,12.7,0.002474641605515767,False,2.9036590315674515
m0011_fff77572,s05,miri,5.465848026475818,3.2846375481516548,18.450000000000003,0.0010766162881616888,False,5.459963405461898
m0011_fff77572,s06,miri,6.129977353196459,3.9092068681040057,19.8,-0.0008301860177515329,False,6.135066374684216
m0009_dc97c067,c01,nir_continuum,0.0055748703850187825,0.00011280459058311971,1.13,-0.012776136673730922,True,0.005646095690996117
m0009_dc97c067,c02,nir_continuum,0.007241150951608088,0.00020968344816331647,1.21,-0.00500969772754422,False,0.007277426929075164
m0009_dc97c067,c03,nir_continuum,0.01760509193800396,0.001938644984729536,1.521,-0.01350744494263966,True,0.017842891748066657
m0009_dc97c067,c04,nir_continuum,0.027842434695143022,0.0066964785327128075,1.74,0.014932203231566138,True,0.02742668580181354
m0009_dc97c067,c05,nir_continuum,0.04819838291925197,0.044436987446273134,2.2,0.0009532308732625137,False,0.04815243873261201
m0009_dc97c067,c06,nir_continuum,0.054540752134427835,0.061174555951986266,2.3,0.0066007046712125185,False,0.05418074473704267
m0009_dc97c067,c07,nir_continuum,0.06796199616639054,0.12292927588858787,2.55,0.012056643584642942,True,0.0671426026013115
m0009_dc97c067,c08,nir_continuum,0.33074610259192055,0.471292322592436,3.91,-0.0032850467379628595,False,0.3318326189973341
m0009_dc97c067,c09,nir_continuum,0.5063481280807093,0.7883862647800575,4.525,-0.008948363604420433,False,0.5108791152411931
m0009_dc97c067,h01,nir_ice,0.08680467090285089,0.1667887218763796,2.77,0.06380166144621069,True,0.08126638867795746
m0009_dc97c067,h02,nir_ice,0.055334348796114104,0.03981732977517519,2.95,-0.016772173029389305,True,0.05626242606859111
m0009_dc97c067,h03,nir_ice,0.061784189527170616,0.033334526346008767,3.1100000000000003,-0.012435982217234293,True,0.06255253660943674
m0009_dc97c067,h04,nir_ice,0.182222092009645,0.18794238036499775,3.3600000000000003,0.024360402108611942,True,0.17778308857521757
m0009_dc97c067,s01,miri,1.3462152242166423,1.1932705614272665,8.399999999999999,0.003871955385849881,False,1.3410027389287236
m0009_dc97c067,s02,miri,0.6346711031057956,0.49919728831445087,9.7,0.0025633882019632866,False,0.6330441946879671
m0009_dc97c067,s03,miri,1.4856902559200895,0.986303694733075,11.0,0.0012743030756868082,False,1.4837970362574526
m0009_dc97c067,s04,miri,3.4565080316294945,1.836899064256267,12.7,-0.0008245441858957188,False,3.4593580752304764
m0009_dc97c067,s05,miri,6.409436757147632,3.2846375481516548,18.450000000000003,-0.00021355647339964877,False,6.410805533857967
m0009_dc97c067,s06,miri,7.240445610065837,3.9092068681040057,19.8,0.00270962677812613,False,7.220826704755237
m0010_a1c2f541,c01,nir_continuum,0.006541990692843781,0.00011280459058311971,1.13,-0.00950237339343822,False,0.00660415513114358
m0010_a1c2f541,c02,nir_continuum,0.010700210255027291,0.00020968344816331647,1.21,0.00015285548520556203,False,0.010698574669196957
m0010_a1c2f541,c03,nir_continuum,0.05487019061225481,0.001938644984729536,1.521,-0.01964761199427583,True,0.05594825882745635
m0010_a1c2f541,c04,nir_continuum,0.11543016016656929,0.0066964785327128075,1.74,-0.0010716875423196547,False,0.11555386523122776
m0010_a1c2f541,c05,nir_continuum,0.22998548897811702,0.044436987446273134,2.2,0.008210403695979206,False,0.2280972152693895
m0010_a1c2f541,c06,nir_continuum,0.2585422378964719,0.061174555951986266,2.3,0.006011843816970694,False,0.25698792234214823
m0010_a1c2f541,c07,nir_continuum,0.295159893552208,0.12292927588858787,2.55,0.015559973748672481,True,0.2905672133568747
m0010_a1c2f541,c08,nir_continuum,0.6082887690665479,0.471292322592436,3.91,-0.007991502942805444,False,0.6131499105546188
m0010_a1c2f541,c09,nir_continuum,0.7032825319828493,0.7883862647800575,4.525,-0.004486880336674904,False,0.7064380765467301
m0010_a1c2f541,h01,nir_ice,0.3341866581507954,0.1667887218763796,2.77,0.03711015114457349,True,0.32178494075631947
m0010_a1c2f541,h02,nir_ice,0.2028527331799296,0.03981732977517519,2.95,0.0035837070633544248,False,0.20212576840721194
m0010_a1c2f541,h03,nir_ice,0.19778319817648518,0.033334526346008767,3.1100000000000003,-0.010189300711008058,True,0.1997984706582903
m0010_a1c2f541,h04,nir_ice,0.4701883049120813,0.18794238036499775,3.3600000000000003,-0.004057722028240066,False,0.4720961983543439
m0010_a1c2f541,s01,miri,1.0445533375591494,1.1932705614272665,8.399999999999999,-0.003878723776181931,False,1.0486048714250302
m0010_a1c2f541,s02,miri,0.5037141996182463,0.49919728831445087,9.7,-0.006125061261340059,False,0.5067994799491149
m0010_a1c2f541,s03,miri,1.2795695988242037,0.986303694733075,11.0,0.002149423813552118,False,1.2768192614573937
m0010_a1c2f541,s04,miri,2.788679355566711,1.836899064256267,12.7,-0.0014998475971239706,False,2.792861949597307
m0010_a1c2f541,s05,miri,5.059376880578464,3.2846375481516548,18.450000000000003,0.0012891386148334936,False,5.052854642474714
m0010_a1c2f541,s06,miri,5.675688018680681,3.9092068681040057,19.8,0.0008321497048328178,False,5.670964996571213
m0008_dbb914b7,c01,nir_continuum,0.007316676163234995,0.00011280459058311971,1.13,-0.009821329995583643,False,0.007388535654304947
m0008_dbb914b7,c02,nir_continuum,0.01198871344764204,0.00020968344816331647,1.21,0.003190048223631789,False,0.011950468873604759
m0008_dbb914b7,c03,nir_continuum,0.06170416334697426,0.001938644984729536,1.521,-0.01035872332251797,True,0.06234333970293302
m0008_dbb914b7,c04,nir_continuum,0.1277943262224343,0.0066964785327128075,1.74,0.001658808150916869,False,0.1275823399524556
m0008_dbb914b7,c05,nir_continuum,0.24468791707814705,0.044436987446273134,2.2,0.002311014664574528,False,0.24412243971353526
m0008_dbb914b7,c06,nir_continuum,0.2710294949311425,0.061174555951986266,2.3,0.0046984318353967295,False,0.2697560813238265
m0008_dbb914b7,c07,nir_continuum,0.30588272009016,0.12292927588858787,2.55,0.006843204208129178,False,0.303789502172845
m0008_dbb914b7,c08,nir_continuum,0.6243333078548776,0.471292322592436,3.91,-0.0016202438570297574,False,0.6253448800616686
m0008_dbb914b7,c09,nir_continuum,0.7435660982821002,0.7883862647800575,4.525,0.0015375833199638923,False,0.742422803452091
m0008_dbb914b7,h01,nir_ice,0.3461971430856851,0.1667887218763796,2.77,0.038279872291139626,True,0.3329447606608077
m0008_dbb914b7,h02,nir_ice,0.20640788949203154,0.03981732977517519,2.95,-0.007855317859511813,False,0.20802928907270243
m0008_dbb914b7,h03,nir_ice,0.20253586829568795,0.033334526346008767,3.1100000000000003,-0.0019414535800105438,False,0.20292908228227116
m0008_dbb914b7,h04,nir_ice,0.48092035132801586,0.18794238036499775,3.3600000000000003,0.003221095374547958,False,0.4793712610088272
m0008_dbb914b7,s01,miri,1.2097038918829692,1.1932705614272665,8.399999999999999,-0.0017691839612820393,False,1.211844080606389
m0008_dbb914b7,s02,miri,0.5858763727186462,0.49919728831445087,9.7,-0.003317278939709831,False,0.5878198880711394
m0008_dbb914b7,s03,miri,1.4962456847588037,0.986303694733075,11.0,0.001747194676527688,False,1.4936314522636156
m0008_dbb914b7,s04,miri,3.28582637388287,1.836899064256267,12.7,-0.001876403682776224,False,3.291991910591787
m0008_dbb914b7,s05,miri,5.953151248450135,3.2846375481516548,18.450000000000003,-0.002552279891374072,False,5.968345356671863
m0008_dbb914b7,s06,miri,6.687809454165069,3.9092068681040057,19.8,0.00019834934005908328,False,6.686482931573394
m0007_4b398b64,c01,nir_continuum,0.006443077883199067,0.00011280459058311971,1.13,-0.008544795075854752,False,0.006498132663368775
m0007_4b398b64,c02,nir_continuum,0.00835003203701597,0.00020968344816331647,1.21,0.00029281284545192883,False,0.008347587040375597
m0007_4b398b64,c03,nir_continuum,0.019934007797121518,0.001938644984729536,1.521,-0.013709997327628643,True,0.020207302990748983
m0007_4b398b64,c04,nir_continuum,0.03147632586668159,0.0066964785327128075,1.74,-0.0027209616417966584,False,0.03156197174198952
m0007_4b398b64,c05,nir_continuum,0.05345878385507808,0.044436987446273134,2.2,0.005119528167689367,False,0.05318510010532159
m0007_4b398b64,c06,nir_continuum,0.060316418803185314,0.061174555951986266,2.3,0.03409062910652521,True,0.05826019414073208
m0007_4b398b64,c07,nir_continuum,0.07512834474064721,0.12292927588858787,2.55,0.007834361094011658,False,0.07453976215955359
m0007_4b398b64,c08,nir_continuum,0.33769393407779064,0.471292322592436,3.91,-0.0055407939053662755,False,0.339565026569608
m0007_4b398b64,c09,nir_continuum,0.5171060449523672,0.7883862647800575,4.525,-0.007777954643065046,False,0.5211280723156615
m0007_4b398b64,h01,nir_ice,0.09687149483189814,0.1667887218763796,2.77,0.02947759461209452,True,0.09401595617777583
m0007_4b398b64,h02,nir_ice,0.06158506386025173,0.03981732977517519,2.95,0.00763290669860825,False,0.0611149908137786
m0007_4b398b64,h03,nir_ice,0.06592325828252833,0.033334526346008767,3.1100000000000003,-0.011191919645038939,True,0.06666106609196554
m0007_4b398b64,h04,nir_ice,0.19406549676706447,0.18794238036499775,3.3600000000000003,0.007613704372293527,False,0.19258793944581776
m0007_4b398b64,s01,miri,1.499692769531835,1.1932705614272665,8.399999999999999,0.005071681829798347,False,1.4920868049623204
m0007_4b398b64,s02,miri,0.7162175722892856,0.49919728831445087,9.7,-0.0007258204395214607,False,0.7167374176423976
m0007_4b398b64,s03,miri,1.646652724122056,0.986303694733075,11.0,0.0012282853514947452,False,1.644630164702018
m0007_4b398b64,s04,miri,3.864939946253178,1.836899064256267,12.7,-0.0015037645034185177,False,3.870751905752198
m0007_4b398b64,s05,miri,7.194166221810094,3.2846375481516548,18.450000000000003,-0.0012516182628194707,False,7.20317057163907
m0007_4b398b64,s06,miri,8.125265609568673,3.9092068681040057,19.8,0.00014246917063961948,False,8.124108009716052
m0037_c66f2ae1,c01,nir_continuum,0.006507681222555501,0.00011280459058311971,1.13,-0.015513890863748674,True,0.006608640678818294
m0037_c66f2ae1,c02,nir_continuum,0.012364356561358422,0.00020968344816331647,1.21,-0.0022180570582493657,False,0.012391781409700054
m0037_c66f2ae1,c03,nir_continuum,0.08181465305743113,0.001938644984729536,1.521,-0.018980448761920246,True,0.08336753188776198
m0037_c66f2ae1,c04,nir_continuum,0.15686196562091034,0.0066964785327128075,1.74,0.027342192149287285,True,0.15257301561598852
m0037_c66f2ae1,c05,nir_continuum,0.32098674360581175,0.044436987446273134,2.2,0.00486057888379647,False,0.31942656221786275
m0037_c66f2ae1,c06,nir_continuum,0.35877704572595637,0.061174555951986266,2.3,0.003136069641659226,False,0.357651895924731
m0037_c66f2ae1,c07,nir_continuum,0.41213168443186243,0.12292927588858787,2.55,0.011712447910906849,True,0.40730461354551994
m0037_c66f2ae1,c08,nir_continuum,0.8264658864648876,0.471292322592436,3.91,-0.002944294947728436,False,0.8288992457988761
m0037_c66f2ae1,c09,nir_continuum,0.946914257516684,0.7883862647800575,4.525,0.004364972024578435,False,0.9427810032729492
m0037_c66f2ae1,h01,nir_ice,0.4554532820456754,0.1667887218763796,2.77,0.042897280824368875,True,0.4359155747033816
m0037_c66f2ae1,h02,nir_ice,0.20056778661071656,0.03981732977517519,2.95,-0.013462399976579276,True,0.20326791037648723
m0037_c66f2ae1,h03,nir_ice,0.18621482028353098,0.033334526346008767,3.1100000000000003,-0.003039681365386866,False,0.1867808540027057
m0037_c66f2ae1,h04,nir_ice,0.6407752170508588,0.18794238036499775,3.3600000000000003,0.006412567856385482,False,0.6366662024908301
m0037_c66f2ae1,s01,miri,0.7462796307547848,1.1932705614272665,8.399999999999999,0.01862793289178323,True,0.7323779838745799
m0037_c66f2ae1,s02,miri,0.20587256572373214,0.49919728831445087,9.7,0.004097467454882785,False,0.20502900958582593
m0037_c66f2ae1,s03,miri,1.159610973274525,0.986303694733075,11.0,0.0002844387835209638,False,1.1592811349399292
m0037_c66f2ae1,s04,miri,3.618369735514017,1.836899064256267,12.7,0.0027612452351763986,False,3.6083785293227226
m0037_c66f2ae1,s05,miri,3.664059418619112,3.2846375481516548,18.450000000000003,0.0013112819813352506,False,3.6592548035249353
m0037_c66f2ae1,s06,miri,4.5436798116468236,3.9092068681040057,19.8,-0.0009256530780343309,False,4.547885682850077
m0038_ae83e6f4,c01,nir_continuum,0.005962060422254801,0.00011280459058311971,1.13,-0.01401542738150697,True,0.00604562124714707
m0038_ae83e6f4,c02,nir_continuum,0.011383791045011334,0.00020968344816331647,1.21,-0.004011015815826644,False,0.01142945161093694
m0038_ae83e6f4,c03,nir_continuum,0.07447398582263912,0.001938644984729536,1.521,-0.009144868381068268,False,0.0751550406208007
m0038_ae83e6f4,c04,nir_continuum,0.14177098311217912,0.0066964785327128075,1.74,0.03570002594714826,True,0.1367097553365216
m0038_ae83e6f4,c05,nir_continuum,0.29994931437608796,0.044436987446273134,2.2,0.006072453748093169,False,0.2981278860377669
m0038_ae83e6f4,c06,nir_continuum,0.3378857928113078,0.061174555951986266,2.3,-0.0002010041332074392,False,0.33795370925221496
m0038_ae83e6f4,c07,nir_continuum,0.38329035933030914,0.12292927588858787,2.55,0.03071337415536218,True,0.37151821911405414
m0038_ae83e6f4,c08,nir_continuum,0.8080115604530926,0.471292322592436,3.91,0.002905069213973273,False,0.8056642309442859
m0038_ae83e6f4,c09,nir_continuum,0.8953790575240879,0.7883862647800575,4.525,-8.600694098194106e-06,False,0.8953867584054636
m0038_ae83e6f4,h01,nir_ice,0.4413699552215023,0.1667887218763796,2.77,0.03346004378381956,True,0.42660169719492835
m0038_ae83e6f4,h02,nir_ice,0.19499204217868218,0.03981732977517519,2.95,0.0008632812575107711,False,0.19482370920330558
m0038_ae83e6f4,h03,nir_ice,0.18131139051946013,0.033334526346008767,3.1100000000000003,0.0001755754252772405,False,0.18127955669496207
m0038_ae83e6f4,h04,nir_ice,0.626807155071029,0.18794238036499775,3.3600000000000003,0.009396710880541694,False,0.6209172294569717
m0038_ae83e6f4,s01,miri,0.6355429204382325,1.1932705614272665,8.399999999999999,0.01955676435601609,True,0.6231137573050877
m0038_ae83e6f4,s02,miri,0.17282758156447192,0.49919728831445087,9.7,-0.0010290399002554278,False,0.1730054280417664
m0038_ae83e6f4,s03,miri,0.9754188706263435,0.986303694733075,11.0,0.0012453132529880553,False,0.9742041685795378
m0038_ae83e6f4,s04,miri,2.926179214174612,1.836899064256267,12.7,0.0006873469816893921,False,2.924167913723867
m0038_ae83e6f4,s05,miri,3.182551290340044,3.2846375481516548,18.450000000000003,0.0005047394837135959,False,3.180944931044866
m0038_ae83e6f4,s06,miri,3.9312844148443755,3.9092068681040057,19.8,0.000507111391358395,False,3.929290815734938
m0006_fb30e6fe,c01,nir_continuum,0.008162968573644546,0.00011280459058311971,1.13,-0.011413921382141276,True,0.008256140055189015
m0006_fb30e6fe,c02,nir_continuum,0.013295811574407361,0.00020968344816331647,1.21,0.0009189204904692283,False,0.01328359378071422
m0006_fb30e6fe,c03,nir_continuum,0.06714848404202792,0.001938644984729536,1.521,-0.014658914720065582,True,0.06813280794318169
m0006_fb30e6fe,c04,nir_continuum,0.13506335684887058,0.0066964785327128075,1.74,-0.003599336085445649,False,0.13554949526299814
m0006_fb30e6fe,c05,nir_continuum,0.24912386918655305,0.044436987446273134,2.2,0.0027434152787850223,False,0.24844041895751662
m0006_fb30e6fe,c06,nir_continuum,0.2744127191846105,0.061174555951986266,2.3,0.005645694133245073,False,0.27286346890582214
m0006_fb30e6fe,c07,nir_continuum,0.3065011302854367,0.12292927588858787,2.55,-0.0029868089052081715,False,0.3074165905908296
m0006_fb30e6fe,c08,nir_continuum,0.6218352049990278,0.471292322592436,3.91,0.02104656931714276,True,0.6087477072531761
m0006_fb30e6fe,c09,nir_continuum,0.7434833592008082,0.7883862647800575,4.525,0.009984488319878863,False,0.7360600582848434
m0006_fb30e6fe,h01,nir_ice,0.3406061601129616,0.1667887218763796,2.77,0.045239903592128095,True,0.32519717026656625
m0006_fb30e6fe,h02,nir_ice,0.20638649194822026,0.03981732977517519,2.95,0.006661649436483642,False,0.20501161749043556
m0006_fb30e6fe,h03,nir_ice,0.1996496706030999,0.033334526346008767,3.1100000000000003,-0.0064358341734902435,False,0.2009345827758934
m0006_fb30e6fe,h04,nir_ice,0.4736663079340244,0.18794238036499775,3.3600000000000003,0.011707200705476966,True,0.46812100139961854
m0006_fb30e6fe,s01,miri,1.3349453113105647,1.1932705614272665,8.399999999999999,-0.00034433250257896573,False,1.3354049763704143
m0006_fb30e6fe,s02,miri,0.6632200758696465,0.49919728831445087,9.7,-0.0018455246017899036,False,0.6644440648360649
m0006_fb30e6fe,s03,miri,1.6711655439221214,0.986303694733075,11.0,0.0033635551081043474,False,1.6655444865203741
m0006_fb30e6fe,s04,miri,3.722789114397456,1.836899064256267,12.7,0.00023029055630918605,False,3.7219317912212797
m0006_fb30e6fe,s05,miri,6.682485410713269,3.2846375481516548,18.450000000000003,-0.0009741548877821697,False,6.688995186538649
m0006_fb30e6fe,s06,miri,7.537024064045298,3.9092068681040057,19.8,9.995667013920264e-05,False,7.536270688217097
m0036_ceffebc5,c01,nir_continuum,0.0071352202192349196,0.00011280459058311971,1.13,-0.01094153160192827,True,0.007213290456750396
m0036_ceffebc5,c02,nir_continuum,0.013553558826846302,0.00020968344816331647,1.21,-0.0030754723483252568,False,0.013595242422239667
m0036_ceffebc5,c03,nir_continuum,0.08900406674300115,0.001938644984729536,1.521,-0.014940115476006747,True,0.0903337977779758
m0036_ceffebc5,c04,nir_continuum,0.16956614391631813,0.0066964785327128075,1.74,-0.012579178328203216,True,0.17169914667906727
m0036_ceffebc5,c05,nir_continuum,0.32650915809947423,0.044436987446273134,2.2,-0.009451692731013723,False,0.32959522233569244
m0036_ceffebc5,c06,nir_continuum,0.3647868917791987,0.061174555951986266,2.3,-0.001973672938837447,False,0.36550686179594594
m0036_ceffebc5,c07,nir_continuum,0.411973911014787,0.12292927588858787,2.55,0.003694038522595582,False,0.410452063517194
m0036_ceffebc5,c08,nir_continuum,0.8292305506137909,0.471292322592436,3.91,-0.02132012161653767,True,0.8469098468010254
m0036_ceffebc5,c09,nir_continuum,0.9587437476053151,0.7883862647800575,4.525,-0.008936886805009602,False,0.9673119319526745
m0036_ceffebc5,h01,nir_ice,0.45209750536329985,0.1667887218763796,2.77,0.041930154803596076,True,0.4331409869770971
m0036_ceffebc5,h02,nir_ice,0.20234474127319813,0.03981732977517519,2.95,-0.00615796498464808,False,0.20359077310478615
m0036_ceffebc5,h03,nir_ice,0.18468971669228298,0.033334526346008767,3.1100000000000003,-0.008247968413966666,False,0.1862130316419454
m0036_ceffebc5,h04,nir_ice,0.627248186551535,0.18794238036499775,3.3600000000000003,0.001984327895067943,False,0.62600352047783
m0036_ceffebc5,s01,miri,0.8408020332042081,1.1932705614272665,8.399999999999999,0.01687875089389769,True,0.8266103451346716
m0036_ceffebc5,s02,miri,0.23762618870625066,0.49919728831445087,9.7,0.006293325920363484,False,0.23613072965350843
m0036_ceffebc5,s03,miri,1.3163940996757606,0.986303694733075,11.0,0.0034103653045439303,False,1.31190471491112
m0036_ceffebc5,s04,miri,4.218896140786368,1.836899064256267,12.7,0.0021835532876985993,False,4.209683956247695
m0036_ceffebc5,s05,miri,4.106355799768393,3.2846375481516548,18.450000000000003,-0.0008055694566214766,False,4.1096637545787065
m0036_ceffebc5,s06,miri,5.085919966721271,3.9092068681040057,19.8,-0.0017538174267555935,False,5.094839741789991
m0053_8a945062,c01,nir_continuum,0.008282375877632715,0.00011280459058311971,1.13,-0.0037463661259806683,False,0.008313404690063317
m0053_8a945062,c02,nir_continuum,0.013047793597398402,0.00020968344816331647,1.21,0.0015046456528813442,False,0.013028161291482383
m0053_8a945062,c03,nir_continuum,0.06120395416871405,0.001938644984729536,1.521,-0.0011109706947954848,False,0.061271949968201095
m0053_8a945062,c04,nir_continuum,0.12289939602661579,0.0066964785327128075,1.74,-0.004624668859055905,False,0.12346776503621686
m0053_8a945062,c05,nir_continuum,0.23785718353136176,0.044436987446273134,2.2,-0.0009127130446043401,False,0.23807427888552368
m0053_8a945062,c06,nir_continuum,0.26299422140184636,0.061174555951986266,2.3,0.01799924131498006,True,0.25826052494638924
m0053_8a945062,c07,nir_continuum,0.29675990249627654,0.12292927588858787,2.55,0.02554825875616586,True,0.2891782037188471
m0053_8a945062,c08,nir_continuum,0.6457439043068938,0.471292322592436,3.91,0.0005002471329555708,False,0.6454208727701407
m0053_8a945062,c09,nir_continuum,0.7762916897544073,0.7883862647800575,4.525,-0.006567014703499516,False,0.781389608695229
m0053_8a945062,h01,nir_ice,0.34245652765246953,0.1667887218763796,2.77,0.041192778427430216,True,0.32834979178785423
m0053_8a945062,h02,nir_ice,0.20949138893550692,0.03981732977517519,2.95,-0.005127907272832086,False,0.210565641352425
m0053_8a945062,h03,nir_ice,0.20700660312967606,0.033334526346008767,3.1100000000000003,-0.0029535592881384494,False,0.2076180094050557
m0053_8a945062,h04,nir_ice,0.4889335631098595,0.18794238036499775,3.3600000000000003,0.0026334586487800514,False,0.487645976789409
m0053_8a945062,s01,miri,1.3823364898746415,1.1932705614272665,8.399999999999999,0.00280487049316027,False,1.3784592150425734
m0053_8a945062,s02,miri,0.7851197626253708,0.49919728831445087,9.7,0.0028798912257244724,False,0.7828587031098431
m0053_8a945062,s03,miri,1.778493306555106,0.986303694733075,11.0,-0.004985483059483194,False,1.7873599548063408
m0053_8a945062,s04,miri,3.4693702705315235,1.836899064256267,12.7,0.0038853563342219764,False,3.4558905307751524
m0053_8a945062,s05,miri,5.832800396476198,3.2846375481516548,18.450000000000003,0.00037405320867753283,False,5.830618618772321
m0053_8a945062,s06,miri,6.397102777158762,3.9092068681040057,19.8,-0.0004144331433382462,False,6.399753948570957
m0052_92aebdfa,c01,nir_continuum,0.00946402658299353,0.00011280459058311971,1.13,-0.006443179511866453,False,0.009525005005172834
m0052_92aebdfa,c02,nir_continuum,0.014982989770947372,0.00020968344816331647,1.21,-0.003972758007733627,False,0.015042513563539694
m0052_92aebdfa,c03,nir_continuum,0.0695222598798126,0.001938644984729536,1.521,-0.00840937758324053,False,0.07010689881358212
m0052_92aebdfa,c04,nir_continuum,0.1369780599962569,0.0066964785327128075,1.74,-0.005194867009708031,False,0.13768964280118526
m0052_92aebdfa,c05,nir_continuum,0.2527723857092152,0.044436987446273134,2.2,0.006644360732356558,False,0.2510928747953848
m0052_92aebdfa,c06,nir_continuum,0.27976450053843976,0.061174555951986266,2.3,0.003627816129803368,False,0.27874956637084003
m0052_92aebdfa,c07,nir_continuum,0.3151230515577121,0.12292927588858787,2.55,0.010627030815368857,True,0.3117742291781752
m0052_92aebdfa,c08,nir_continuum,0.6658642335217818,0.471292322592436,3.91,0.0034903435560435475,False,0.6635401385851092
m0052_92aebdfa,c09,nir_continuum,0.8278799915697607,0.7883862647800575,4.525,0.009753006420039982,False,0.8198056726969581
m0052_92aebdfa,h01,nir_ice,0.35556825842780154,0.1667887218763796,2.77,0.043421985633094955,True,0.34012877861876495
m0052_92aebdfa,h02,nir_ice,0.216018753397592,0.03981732977517519,2.95,0.0033378880209857164,False,0.2152977069883179
m0052_92aebdfa,h03,nir_ice,0.2131074870849446,0.033334526346008767,3.1100000000000003,0.004574607556078559,False,0.2121326039642689
m0052_92aebdfa,h04,nir_ice,0.4993546471533922,0.18794238036499775,3.3600000000000003,0.004920537346514365,False,0.4968975539629184
m0052_92aebdfa,s01,miri,1.6026111884448362,1.1932705614272665,8.399999999999999,0.0018981584435713089,False,1.5995691784857278
m0052_92aebdfa,s02,miri,0.92589302876238,0.49919728831445087,9.7,-0.0045507566866691005,False,0.9301065426541607
m0052_92aebdfa,s03,miri,2.0880382295168354,0.986303694733075,11.0,-0.0011145960550032919,False,2.090365548690151
m0052_92aebdfa,s04,miri,4.10525077335806,1.836899064256267,12.7,0.002176016772331757,False,4.096317678820605
m0052_92aebdfa,s05,miri,6.89480873182702,3.2846375481516548,18.450000000000003,-0.0021701954341004233,False,6.909771814255826
m0052_92aebdfa,s06,miri,7.568777390979659,3.9092068681040057,19.8,-0.0002108665682487016,False,7.570373393093933
m0051_183dd540,c01,nir_continuum,0.010724361259958968,0.00011280459058311971,1.13,-0.00513520850396061,False,0.010779433091100655
m0051_183dd540,c02,nir_continuum,0.016852609847636063,0.00020968344816331647,1.21,-0.00045210995019215273,False,0.016860229080234886
m0051_183dd540,c03,nir_continuum,0.07797799191270088,0.001938644984729536,1.521,0.004458127277718479,False,0.07763035609989316
m0051_183dd540,c04,nir_continuum,0.1468900604770126,0.0066964785327128075,1.74,-0.005861881908749163,False,0.14775111266509788
m0051_183dd540,c05,nir_continuum,0.2583402188302155,0.044436987446273134,2.2,-0.0021251466567527902,False,0.25888922968256733
m0051_183dd540,c06,nir_continuum,0.2813231410463835,0.061174555951986266,2.3,-0.002932464966536476,False,0.282148111301778
m0051_183dd540,c07,nir_continuum,0.31330848434976327,0.12292927588858787,2.55,0.005259656295491656,False,0.3116605894076221
m0051_183dd540,c08,nir_continuum,0.6858368086980652,0.471292322592436,3.91,0.028030704007733855,True,0.6666123201158409
m0051_183dd540,c09,nir_continuum,0.8498545758804725,0.7883862647800575,4.525,0.01143173251050701,True,0.8401392656961766
m0051_183dd540,h01,nir_ice,0.3499532734229174,0.1667887218763796,2.77,0.03598761176458648,True,0.33735929088322725
m0051_183dd540,h02,nir_ice,0.21279104092380696,0.03981732977517519,2.95,-0.0038744700237193287,False,0.21361549343318229
m0051_183dd540,h03,nir_ice,0.20939809285356395,0.033334526346008767,3.1100000000000003,-0.008577570098841148,False,0.21119421967357904
m0051_183dd540,h04,nir_ice,0.49608479432979424,0.18794238036499775,3.3600000000000003,0.012138587657642745,True,0.49006302556819836
m0051_183dd540,s01,miri,1.7915899325756723,1.1932705614272665,8.399999999999999,0.003605870572733251,False,1.7851296911593926
m0051_183dd540,s02,miri,1.0566246503161842,0.49919728831445087,9.7,-0.0008572074537299197,False,1.05753039684223
m0051_183dd540,s03,miri,2.3509919861842397,0.986303694733075,11.0,-0.0008276408778220549,False,2.352937763255438
m0051_183dd540,s04,miri,4.638833596985049,1.836899064256267,12.7,0.0007132671726344748,False,4.635524869261006
m0051_183dd540,s05,miri,7.801464147272605,3.2846375481516548,18.450000000000003,-0.00018874387290477798,False,7.802936625830089
m0051_183dd540,s06,miri,8.565756871176484,3.9092068681040057,19.8,-0.0015567619611003352,False,8.579091715641566
m0035_2c9149db,c01,nir_continuum,0.020054972201751425,0.00011280459058311971,1.13,-0.008197823784085005,False,0.020219379329856107
m0035_2c9149db,c02,nir_continuum,0.032512613947947945,0.00020968344816331647,1.21,-0.0009301516798381525,False,0.03254285561042756
m0035_2c9149db,c03,nir_continuum,0.14402316485587055,0.001938644984729536,1.521,-0.015055989926497284,True,0.1461915761751228
m0035_2c9149db,c04,nir_continuum,0.25003376798822924,0.0066964785327128075,1.74,-0.0019601393939142646,False,0.2505238690266718
m0035_2c9149db,c05,nir_continuum,0.4157811355225149,0.044436987446273134,2.2,3.829362599393297e-05,False,0.41576521375521586
m0035_2c9149db,c06,nir_continuum,0.43031071129067483,0.061174555951986266,2.3,-0.02876095048310553,True,0.44268685635045585
m0035_2c9149db,c07,nir_continuum,0.4863065566352384,0.12292927588858787,2.55,0.008574261100790095,False,0.4821368372436217
m0035_2c9149db,c08,nir_continuum,0.8170443216911072,0.471292322592436,3.91,-0.002260595323471937,False,0.8188913282637914
m0035_2c9149db,c09,nir_continuum,0.8750553339137347,0.7883862647800575,4.525,0.007557363590697682,False,0.8684422225933692
m0035_2c9149db,h01,nir_ice,0.5307457249491092,0.1667887218763796,2.77,0.03987789831828654,True,0.5095807008967234
m0035_2c9149db,h02,nir_ice,0.310265809564165,0.03981732977517519,2.95,-0.00422645033874338,False,0.31157713260009795
m0035_2c9149db,h03,nir_ice,0.29668162297745776,0.033334526346008767,3.1100000000000003,-0.0033515913325320376,False,0.29767597853355054
m0035_2c9149db,h04,nir_ice,0.6857019335461311,0.18794238036499775,3.3600000000000003,0.008319298792700297,False,0.6799973742782285
m0035_2c9149db,s01,miri,0.9088791234533977,1.1932705614272665,8.399999999999999,0.012671817947017659,True,0.8973619726651513
m0035_2c9149db,s02,miri,0.42453763186812893,0.49919728831445087,9.7,0.0033368145749741868,False,0.42312102851048633
m0035_2c9149db,s03,miri,1.4373200154060297,0.986303694733075,11.0,0.00605194438123673,False,1.428621434614754
m0035_2c9149db,s04,miri,2.933774400044893,1.836899064256267,12.7,0.002487104585007489,False,2.9264777962831636
m0035_2c9149db,s05,miri,3.8222620301404784,3.2846375481516548,18.450000000000003,0.001278790775314535,False,3.8173741567154997
m0035_2c9149db,s06,miri,4.459984325723091,3.9092068681040057,19.8,0.0004528638537489252,False,4.457964560033684
m0034_1b110f70,c01,nir_continuum,0.022031802509075972,0.00011280459058311971,1.13,-0.012136272230978204,True,0.022299186462065267
m0034_1b110f70,c02,nir_continuum,0.03578584042619473,0.00020968344816331647,1.21,0.0008217925259042992,False,0.03575643188999928
m0034_1b110f70,c03,nir_continuum,0.16029124580979365,0.001938644984729536,1.521,-0.014139263684204517,True,0.16255764600056796
m0034_1b110f70,c04,nir_continuum,0.27385131479175023,0.0066964785327128075,1.74,-0.00844012453248018,False,0.27616265399197604
m0034_1b110f70,c05,nir_continuum,0.4391371567341643,0.044436987446273134,2.2,0.001205718933683748,False,0.4386076807498059
m0034_1b110f70,c06,nir_continuum,0.47148680624821265,0.061174555951986266,2.3,-0.003720154284900663,False,0.47324080991075107
m0034_1b110f70,c07,nir_continuum,0.5056871817579763,0.12292927588858787,2.55,0.008008722568691933,False,0.501637273412733
m0034_1b110f70,c08,nir_continuum,0.8395611418851591,0.471292322592436,3.91,-0.0021446646266820666,False,0.841361718968097
m0034_1b110f70,c09,nir_continuum,0.9143883603389148,0.7883862647800575,4.525,-7.141140887435745e-05,False,0.9144536580999849
m0034_1b110f70,h01,nir_ice,0.546002390559707,0.1667887218763796,2.77,0.03941730562585012,True,0.5244804474585703
m0034_1b110f70,h02,nir_ice,0.31591886025952176,0.03981732977517519,2.95,0.0005164873272061882,False,0.3157556921717723
m0034_1b110f70,h03,nir_ice,0.3013161801342232,0.033334526346008767,3.1100000000000003,-0.002060708496889051,False,0.3019371049468759
m0034_1b110f70,h04,nir_ice,0.6943122450493526,0.18794238036499775,3.3600000000000003,0.0013786339073768316,False,0.6933550426460207
m0034_1b110f70,s01,miri,1.0566316821935473,1.1932705614272665,8.399999999999999,0.012954179975076642,True,1.042943885215044
m0034_1b110f70,s02,miri,0.4980876857514431,0.49919728831445087,9.7,0.00719250107381216,False,0.4945051895368232
m0034_1b110f70,s03,miri,1.7010358491014006,0.986303694733075,11.0,-2.4090605544357826e-06,False,1.7010399469997664
m0034_1b110f70,s04,miri,3.6613385594835357,1.836899064256267,12.7,-0.001218010322040825,False,3.6657981076414727
m0034_1b110f70,s05,miri,4.4798949505379495,3.2846375481516548,18.450000000000003,-0.00033453171281517375,False,4.481393617468985
m0034_1b110f70,s06,miri,5.236323653535444,3.9092068681040057,19.8,0.0007361898112578656,False,5.232468725413263
m0033_3cfa6b6c,c01,nir_continuum,0.024272077438598744,0.00011280459058311971,1.13,-0.010784174730189389,True,0.02453383176276128
m0033_3cfa6b6c,c02,nir_continuum,0.03926071466097587,0.00020968344816331647,1.21,0.002393214691262516,False,0.03916675534185976
m0033_3cfa6b6c,c03,nir_continuum,0.17338367955705736,0.001938644984729536,1.521,-0.015212742770924001,True,0.17602132087483519
m0033_3cfa6b6c,c04,nir_continuum,0.28927874095456535,0.0066964785327128075,1.74,-0.0011800296456982364,False,0.289620098444762
m0033_3cfa6b6c,c05,nir_continuum,0.4460002235170222,0.044436987446273134,2.2,-0.0004390803789025235,False,0.44619605346415464
m0033_3cfa6b6c,c06,nir_continuum,0.47769820069819185,0.061174555951986266,2.3,0.005004263648987916,False,0.47530767295725096
m0033_3cfa6b6c,c07,nir_continuum,0.5013082027515038,0.12292927588858787,2.55,0.01115948090938483,True,0.49571386343318036
m0033_3cfa6b6c,c08,nir_continuum,0.8415493716305626,0.471292322592436,3.91,0.020213188602194544,True,0.8245389754637358
m0033_3cfa6b6c,c09,nir_continuum,0.9078818007193473,0.7883862647800575,4.525,-0.005365631924004872,False,0.9127531602925101
m0033_3cfa6b6c,h01,nir_ice,0.5384814419355599,0.1667887218763796,2.77,0.044357768362637884,True,0.5145956068666031
m0033_3cfa6b6c,h02,nir_ice,0.31480113925762604,0.03981732977517519,2.95,-0.013868214872898141,True,0.3191668690990839
m0033_3cfa6b6c,h03,nir_ice,0.295792678501542,0.033334526346008767,3.1100000000000003,-0.0033783988724415018,False,0.29679198415306807
m0033_3cfa6b6c,h04,nir_ice,0.6791395266633454,0.18794238036499775,3.3600000000000003,0.004613382917762854,False,0.6760063959722592
m0033_3cfa6b6c,s01,miri,1.1718148281452625,1.1932705614272665,8.399999999999999,0.01722102701040259,True,1.1516349733385827
m0033_3cfa6b6c,s02,miri,0.5643699257859837,0.49919728831445087,9.7,0.005419159212920563,False,0.5613115153031653
m0033_3cfa6b6c,s03,miri,1.9209847744364459,0.986303694733075,11.0,0.0017819253478211423,False,1.917561722974099
m0033_3cfa6b6c,s04,miri,4.25182811983699,1.836899064256267,12.7,-0.0016156227814445902,False,4.258697470210185
m0033_3cfa6b6c,s05,miri,5.024624212804187,3.2846375481516548,18.450000000000003,-0.0003332532457651493,False,5.026298685131854
m0033_3cfa6b6c,s06,miri,5.88986530742686,3.9092068681040057,19.8,0.002612089337309201,False,5.874480453059143
m0004_11bd84fb,c01,nir_continuum,0.03387440121583355,0.00011280459058311971,1.13,-0.008530903323413967,False,0.03416338045774436
m0004_11bd84fb,c02,nir_continuum,0.048361578337545535,0.00020968344816331647,1.21,-0.0002368297446386087,False,0.048373031797793536
m0004_11bd84fb,c03,nir_continuum,0.16053042119487035,0.001938644984729536,1.521,-0.015216428102477664,True,0.16297312080724255
m0004_11bd84fb,c04,nir_continuum,0.2687792919218395,0.0066964785327128075,1.74,-0.0013385255030219031,False,0.2691390598587611
m0004_11bd84fb,c05,nir_continuum,0.39096057261746,0.044436987446273134,2.2,0.004285736844872362,False,0.38928501848650093
m0004_11bd84fb,c06,nir_continuum,0.41375058441860946,0.061174555951986266,2.3,0.004315341425134665,False,0.41196510938199415
m0004_11bd84fb,c07,nir_continuum,0.42944486991552555,0.12292927588858787,2.55,0.005664943790462383,False,0.42701208886635167
m0004_11bd84fb,c08,nir_continuum,0.6928630447637405,0.471292322592436,3.91,0.007079308147709176,False,0.687958053765698
m0004_11bd84fb,c09,nir_continuum,0.750461225030195,0.7883862647800575,4.525,-0.0010240009466563804,False,0.7512296980350548
m0004_11bd84fb,h01,nir_ice,0.46985748406268607,0.1667887218763796,2.77,0.041015291269776454,True,0.45058614249857065
m0004_11bd84fb,h02,nir_ice,0.34840953908116606,0.03981732977517519,2.95,-0.0018298012252701797,False,0.3490470592826726
m0004_11bd84fb,h03,nir_ice,0.34411997124539295,0.033334526346008767,3.1100000000000003,-0.003786299491429012,False,0.34542291251750995
m0004_11bd84fb,h04,nir_ice,0.586733800572869,0.18794238036499775,3.3600000000000003,0.0043151931092524,False,0.5842019309196714
m0004_11bd84fb,s01,miri,1.321415422380091,1.1932705614272665,8.399999999999999,-0.0009882464032735054,False,1.3227213064184882
m0004_11bd84fb,s02,miri,1.0482980103210993,0.49919728831445087,9.7,-0.00042077461667738885,False,1.0487391075145558
m0004_11bd84fb,s03,miri,1.9004739311448562,0.986303694733075,11.0,-0.0030935873790023227,False,1.9063532133123688
m0004_11bd84fb,s04,miri,3.0186392668792585,1.836899064256267,12.7,0.0010872012131079244,False,3.015357398606372
m0004_11bd84fb,s05,miri,5.1137731989773565,3.2846375481516548,18.450000000000003,0.000986455002062543,False,5.108728691825812
m0004_11bd84fb,s06,miri,5.5454147781240595,3.9092068681040057,19.8,-0.0009216260603658309,False,5.550525576899116
m0002_0e561b14,c01,nir_continuum,0.03823659009976878,0.00011280459058311971,1.13,-0.013792878698263268,True,0.0387639827488501
m0002_0e561b14,c02,nir_continuum,0.05472082820221177,0.00020968344816331647,1.21,-2.8936782891408327e-05,False,0.05472241164693709
m0002_0e561b14,c03,nir_continuum,0.17797412760496192,0.001938644984729536,1.521,-0.01259781683183874,True,0.18021621306533553
m0002_0e561b14,c04,nir_continuum,0.28996706599445404,0.0066964785327128075,1.74,-0.0036309965123913755,False,0.29101993539978827
m0002_0e561b14,c05,nir_continuum,0.4063046687090649,0.044436987446273134,2.2,-0.001933070583168399,False,0.4070900843119504
m0002_0e561b14,c06,nir_continuum,0.42824671186745833,0.061174555951986266,2.3,0.0018782571526589388,False,0.4274423544177906
m0002_0e561b14,c07,nir_continuum,0.44277305125375827,0.12292927588858787,2.55,0.008697284831703603,False,0.43892212791120183
m0002_0e561b14,c08,nir_continuum,0.7062446836304146,0.471292322592436,3.91,0.0017750996138028935,False,0.7049910289652519
m0002_0e561b14,c09,nir_continuum,0.7761641780668113,0.7883862647800575,4.525,-0.0005744657206122421,False,0.7766100577806778
m0002_0e561b14,h01,nir_ice,0.48109184309733927,0.1667887218763796,2.77,0.0450005911058784,True,0.4594424257817425
m0002_0e561b14,h02,nir_ice,0.35325964857179726,0.03981732977517519,2.95,0.0001946239779805767,False,0.3531908957737322
m0002_0e561b14,h03,nir_ice,0.349625468957541,0.033334526346008767,3.1100000000000003,-0.008266979705458914,False,0.35251581561392453
m0002_0e561b14,h04,nir_ice,0.5941651014370813,0.18794238036499775,3.3600000000000003,-0.0009387603764297964,False,0.5947228800913679
m0002_0e561b14,s01,miri,1.5037200576837526,1.1932705614272665,8.399999999999999,0.0037825919633124793,False,1.4980320982784863
m0002_0e561b14,s02,miri,1.20240538119349,0.49919728831445087,9.7,0.00037217938618275184,False,1.2019578706967746
m0002_0e561b14,s03,miri,2.2045071364719955,0.986303694733075,11.0,0.0023146434565749856,False,2.1994044884535877
m0002_0e561b14,s04,miri,3.568669140845784,1.836899064256267,12.7,0.003807828245476707,False,3.55508026169251
m0002_0e561b14,s05,miri,6.093557280100703,3.2846375481516548,18.450000000000003,0.000889400659878579,False,6.088137666234774
m0002_0e561b14,s06,miri,6.63209046630771,3.9092068681040057,19.8,-0.0017932787774358348,False,6.643983653390974
m0000_1bd5e8cc,c01,nir_continuum,0.04224150940253328,0.00011280459058311971,1.13,-0.008890801318922458,False,0.0426170702700426
m0000_1bd5e8cc,c02,nir_continuum,0.060125175004750286,0.00020968344816331647,1.21,-0.00196333714691764,False,0.06024322099430204
m0000_1bd5e8cc,c03,nir_continuum,0.1899182559793914,0.001938644984729536,1.521,-0.010808816940338707,True,0.19197104764190104
m0000_1bd5e8cc,c04,nir_continuum,0.3009118071144516,0.0066964785327128075,1.74,-0.006330234809374666,False,0.3028166495103993
m0000_1bd5e8cc,c05,nir_continuum,0.41052251716373495,0.044436987446273134,2.2,0.007630670118644889,False,0.40738995525898275
m0000_1bd5e8cc,c06,nir_continuum,0.42851351689754047,0.061174555951986266,2.3,0.0013823572221781674,False,0.4279211581426562
m0000_1bd5e8cc,c07,nir_continuum,0.44018780320423206,0.12292927588858787,2.55,0.0014255378077694932,False,0.43956029884824543
m0000_1bd5e8cc,c08,nir_continuum,0.7034380310866654,0.471292322592436,3.91,0.01238589259673874,True,0.6947253231851646
m0000_1bd5e8cc,c09,nir_continuum,0.7876518201981233,0.7883862647800575,4.525,-0.010815647617665253,True,0.7961707847307988
m0000_1bd5e8cc,h01,nir_ice,0.47671715815092763,0.1667887218763796,2.77,0.05085654780676001,True,0.4524729692071222
m0000_1bd5e8cc,h02,nir_ice,0.3491797115344247,0.03981732977517519,2.95,-0.002159356431130434,False,0.3499337149901468
m0000_1bd5e8cc,h03,nir_ice,0.34911751493690957,0.033334526346008767,3.1100000000000003,0.005505454407394933,False,0.3471954643756014
m0000_1bd5e8cc,h04,nir_ice,0.582234531946226,0.18794238036499775,3.3600000000000003,-0.0004811209786474198,False,0.5825146571940383
m0000_1bd5e8cc,s01,miri,1.645586766222701,1.1932705614272665,8.399999999999999,0.00024792643710320843,False,1.6451787817588073
m0000_1bd5e8cc,s02,miri,1.3300459421006854,0.49919728831445087,9.7,0.0006471771562067519,False,1.3291851667502523
m0000_1bd5e8cc,s03,miri,2.4554831265864414,0.986303694733075,11.0,-0.0019519526949077284,False,2.4602761134926823
m0000_1bd5e8cc,s04,miri,4.052484506669077,1.836899064256267,12.7,0.003765917310288501,False,4.037223185115736
m0000_1bd5e8cc,s05,miri,6.872654853582348,3.2846375481516548,18.450000000000003,0.0001452637461336709,False,6.871656505992433
m0000_1bd5e8cc,s06,miri,7.517032791991894,3.9092068681040057,19.8,-0.0003715481220277769,False,7.51982573140898
m0005_d68a50fd,c01,nir_continuum,0.027435629551386388,0.00011280459058311971,1.13,-0.009071728331583317,False,0.027684518129282524
m0005_d68a50fd,c02,nir_continuum,0.03304379814195642,0.00020968344816331647,1.21,-0.0050430789061400895,False,0.03321044062334487
m0005_d68a50fd,c03,nir_continuum,0.062787929528143,0.001938644984729536,1.521,-0.013783570156470576,True,0.06365337135977368
m0005_d68a50fd,c04,nir_continuum,0.0868812087258282,0.0066964785327128075,1.74,-0.009211855944460126,False,0.0876815459048911
m0005_d68a50fd,c05,nir_continuum,0.1212107497523305,0.044436987446273134,2.2,0.0004409324154350651,False,0.1211573040036655
m0005_d68a50fd,c06,nir_continuum,0.12899424786678185,0.061174555951986266,2.3,-0.006294066587447155,False,0.12980614625225304
m0005_d68a50fd,c07,nir_continuum,0.14779573179978092,0.12292927588858787,2.55,0.018341660724467447,True,0.14508491263058496
m0005_d68a50fd,c08,nir_continuum,0.4460746706212267,0.471292322592436,3.91,-0.0032697108558370803,False,0.44753320581427086
m0005_d68a50fd,c09,nir_continuum,0.5724767220582565,0.7883862647800575,4.525,-0.003405496939015775,False,0.5744262897828837
m0005_d68a50fd,h01,nir_ice,0.1806715926529149,0.1667887218763796,2.77,0.04571601182759953,True,0.172412007986283
m0005_d68a50fd,h02,nir_ice,0.14139109178607775,0.03981732977517519,2.95,-0.007669930937247933,False,0.14247555169521905
m0005_d68a50fd,h03,nir_ice,0.15307306076655286,0.033334526346008767,3.1100000000000003,-0.012119460457049874,True,0.1549282236735527
m0005_d68a50fd,h04,nir_ice,0.2997599835157479,0.18794238036499775,3.3600000000000003,0.027158180375423998,True,0.2916190478140931
m0005_d68a50fd,s01,miri,1.4040677543371913,1.1932705614272665,8.399999999999999,0.0035183294414781875,False,1.3991277814192766
m0005_d68a50fd,s02,miri,1.1112720694868279,0.49919728831445087,9.7,-0.00337802771946569,False,1.1150259773414224
m0005_d68a50fd,s03,miri,1.947974959190567,0.986303694733075,11.0,-0.0011588567885436301,False,1.950232383195938
m0005_d68a50fd,s04,miri,3.200489905885527,1.836899064256267,12.7,-0.00018735442644285388,False,3.2010895318361805
m0005_d68a50fd,s05,miri,5.571598781833721,3.2846375481516548,18.450000000000003,0.0005194009295876551,False,5.568704888247147
m0005_d68a50fd,s06,miri,6.05582130293255,3.9092068681040057,19.8,6.661463667008297e-05,False,6.055417896596716
m0003_43c18d38,c01,nir_continuum,0.03288882262433898,0.00011280459058311971,1.13,-0.009644220248021083,False,0.033206009673426205
m0003_43c18d38,c02,nir_continuum,0.03974111293073389,0.00020968344816331647,1.21,-0.005625435604834597,False,0.03996467400239019
m0003_43c18d38,c03,nir_continuum,0.07499457972391868,0.001938644984729536,1.521,-0.012548270245086268,True,0.07593563197721108
m0003_43c18d38,c04,nir_continuum,0.10266306646588845,0.0066964785327128075,1.74,-0.0021429934749567915,False,0.1028830727474439
m0003_43c18d38,c05,nir_continuum,0.13708903741326897,0.044436987446273134,2.2,0.005275950250599917,False,0.13636576247197393
m0003_43c18d38,c06,nir_continuum,0.14644094765261106,0.061174555951986266,2.3,0.014681422495057361,True,0.1442909862295465
m0003_43c18d38,c07,nir_continuum,0.1650880702018876,0.12292927588858787,2.55,0.008839400419355924,False,0.16362879064491437
m0003_43c18d38,c08,nir_continuum,0.4727716310646152,0.471292322592436,3.91,0.004455767828211007,False,0.47066507044082667
m0003_43c18d38,c09,nir_continuum,0.6051934361220415,0.7883862647800575,4.525,-0.002852569921969921,False,0.6069197927148968
m0003_43c18d38,h01,nir_ice,0.19927231767091505,0.1667887218763796,2.77,0.04600720066325532,True,0.1901043561651973
m0003_43c18d38,h02,nir_ice,0.1549689033289733,0.03981732977517519,2.95,-0.0018745788933052585,False,0.15525940476427247
m0003_43c18d38,h03,nir_ice,0.16586746827843496,0.033334526346008767,3.1100000000000003,-0.008956106458522581,False,0.16735299498234224
m0003_43c18d38,h04,nir_ice,0.32084927502940924,0.18794238036499775,3.3600000000000003,0.004647642790785518,False,0.31935808220939005
m0003_43c18d38,s01,miri,1.5957796615253952,1.1932705614272665,8.399999999999999,0.0010677626262715907,False,1.594075747643054
m0003_43c18d38,s02,miri,1.2872622086587275,0.49919728831445087,9.7,-0.0029359175201585015,False,1.2910415043301666
m0003_43c18d38,s03,miri,2.2509200669102905,0.986303694733075,11.0,-0.0017514042510963904,False,2.2548623378843553
m0003_43c18d38,s04,miri,3.8050957701384047,1.836899064256267,12.7,-0.0007912125059882193,False,3.808106409498221
m0003_43c18d38,s05,miri,6.657474312753319,3.2846375481516548,18.450000000000003,-0.003072045163075142,False,6.67792637451411
m0003_43c18d38,s06,miri,7.2632830723707755,3.9092068681040057,19.8,-0.0005250116592038764,False,7.267096380667868
m0001_cd4fbbdc,c01,nir_continuum,0.03736990522893656,0.00011280459058311971,1.13,-0.012225234740557558,True,0.0378267610925927
m0001_cd4fbbdc,c02,nir_continuum,0.04505859183896885,0.00020968344816331647,1.21,-0.004951612095117141,False,0.04528170450730763
m0001_cd4fbbdc,c03,nir_continuum,0.08467503196502918,0.001938644984729536,1.521,-0.01151097077136864,True,0.08564972378304334
m0001_cd4fbbdc,c04,nir_continuum,0.11446729720612982,0.0066964785327128075,1.74,0.006322028202776812,False,0.11374363172489703
m0001_cd4fbbdc,c05,nir_continuum,0.1514502643483036,0.044436987446273134,2.2,0.007505796063618312,False,0.15031350955032416
m0001_cd4fbbdc,c06,nir_continuum,0.16255260428964446,0.061174555951986266,2.3,-0.004099614131619272,False,0.1632190072433218
m0001_cd4fbbdc,c07,nir_continuum,0.17851973900752854,0.12292927588858787,2.55,0.004692242513290288,False,0.17768208109869593
m0001_cd4fbbdc,c08,nir_continuum,0.4723434817665772,0.471292322592436,3.91,-0.009147240151399894,False,0.47666412102824446
m0001_cd4fbbdc,c09,nir_continuum,0.6087511675032065,0.7883862647800575,4.525,0.0032628145222791073,False,0.6067649253534226
m0001_cd4fbbdc,h01,nir_ice,0.21399105649719882,0.1667887218763796,2.77,0.056416070320705156,True,0.20191852200585086
m0001_cd4fbbdc,h02,nir_ice,0.16526950816918423,0.03981732977517519,2.95,0.003036068966282164,False,0.16476773854435905
m0001_cd4fbbdc,h03,nir_ice,0.17308079480366398,0.033334526346008767,3.1100000000000003,-0.0013271715210019031,False,0.17331050270535978
m0001_cd4fbbdc,h04,nir_ice,0.3289713781443862,0.18794238036499775,3.3600000000000003,0.015901672185298227,True,0.3237401831307884
m0001_cd4fbbdc,s01,miri,1.7571480835448892,1.1932705614272665,8.399999999999999,0.0002465145553961593,False,1.7567149209663089
m0001_cd4fbbdc,s02,miri,1.4242165459412097,0.49919728831445087,9.7,0.0012674811007042782,False,1.422411378385919
m0001_cd4fbbdc,s03,miri,2.4920009292327503,0.986303694733075,11.0,0.0018936650328867828,False,2.487281914211141
m0001_cd4fbbdc,s04,miri,4.273804804372631,1.836899064256267,12.7,-0.0017387984092963637,False,4.281236089368117
m0001_cd4fbbdc,s05,miri,7.50979602204632,3.2846375481516548,18.450000000000003,-5.656575518756068e-05,False,7.510220819329612
m0001_cd4fbbdc,s06,miri,8.194483877077753,3.9092068681040057,19.8,-0.000696729328962726,False,8.200193214330625
