task_index	fresh_model_index	grid_model_index	model_label	mass_factor	envelope_amax_um	envelope_size_exponent	anchor_ordinal	anchor_tag	region	bin_index	wavelength_um	wavelength_token	instrument	boundary_compromise	spatial_config	zoom_token	nx	ny	expected_fov_au	expected_pixel_au	expected_cdelt_deg	psf_fwhm_arcsec	wavelength_file	wavelength_file_sha256	seed	sed_photons	parameter	parameter_sha256	temperature_task_index	temperature_workdir	task_workdir
0	0	0	m2p00_a0p40_q3p25_i0p05	2.00	0.40	3.25	0	w000	near_ir_short	2	0.9946761707696127	0.9946761707696127	NIRSpec	false	full_n2401	1	2401	2401	6000	2.4989587671803415	4.9582515221832172e-06	0.032824313635397222	jwst_mcfost/runs/strict_continuum_3d_q_v1/anchors/w000/strict_continuum_anchor.lambda	958b10dda90471bb610395d7fe4ffc4a8c52cf9552775fb9f72f08df4d0897c3	41001	128000	jwst_mcfost/runs/strict_continuum_3d_q_v1/models/m2p00_a0p40_q3p25_i0p05/disk_envelope_m2p00_a0p40_q3p25_i0p05_rt.para	01bb0fe7a224e5ca72d5bb1b800987cc9dd3eb0941fe953658a4a97069126599	0	jwst_mcfost/runs/strict_continuum_3d_q_v1/models/m2p00_a0p40_q3p25_i0p05/temperature	jwst_mcfost/runs/strict_continuum_3d_q_v1/rt_tasks/t000_m2p00_a0p40_q3p25_i0p05_w000
1	0	0	m2p00_a0p40_q3p25_i0p05	2.00	0.40	3.25	1	w001	near_ir_short	21	1.2028117593024095	1.2028117593024095	NIRSpec	false	full_n2401	1	2401	2401	6000	2.4989587671803415	4.9582515221832172e-06	0.039692788056979511	jwst_mcfost/runs/strict_continuum_3d_q_v1/anchors/w001/strict_continuum_anchor.lambda	03eac41388c201eb0d3587e76e6cdbb0a254d084dea08a854af129f7798c686d	41001	128000	jwst_mcfost/runs/strict_continuum_3d_q_v1/models/m2p00_a0p40_q3p25_i0p05/disk_envelope_m2p00_a0p40_q3p25_i0p05_rt.para	01bb0fe7a224e5ca72d5bb1b800987cc9dd3eb0941fe953658a4a97069126599	0	jwst_mcfost/runs/strict_continuum_3d_q_v1/models/m2p00_a0p40_q3p25_i0p05/temperature	jwst_mcfost/runs/strict_continuum_3d_q_v1/rt_tasks/t001_m2p00_a0p40_q3p25_i0p05_w001
2	0	0	m2p00_a0p40_q3p25_i0p05	2.00	0.40	3.25	2	w002	near_ir_short	43	1.4987957445436022	1.4987957445436022	NIRSpec	false	full_n2401	1	2401	2401	6000	2.4989587671803415	4.9582515221832172e-06	0.049460259569938873	jwst_mcfost/runs/strict_continuum_3d_q_v1/anchors/w002/strict_continuum_anchor.lambda	5e5ede487ce8e28395d8732fcd14cbdcf044a502bbc451f3e32a4d760288e0ce	41001	128000	jwst_mcfost/runs/strict_continuum_3d_q_v1/models/m2p00_a0p40_q3p25_i0p05/disk_envelope_m2p00_a0p40_q3p25_i0p05_rt.para	01bb0fe7a224e5ca72d5bb1b800987cc9dd3eb0941fe953658a4a97069126599	0	jwst_mcfost/runs/strict_continuum_3d_q_v1/models/m2p00_a0p40_q3p25_i0p05/temperature	jwst_mcfost/runs/strict_continuum_3d_q_v1/rt_tasks/t002_m2p00_a0p40_q3p25_i0p05_w002
3	0	0	m2p00_a0p40_q3p25_i0p05	2.00	0.40	3.25	3	w003	near_ir_rise	59	1.7588530996181813	1.7588530996181813	NIRSpec	false	full_n2401	1	2401	2401	6000	2.4989587671803415	4.9582515221832172e-06	0.058042152287399985	jwst_mcfost/runs/strict_continuum_3d_q_v1/anchors/w003/strict_continuum_anchor.lambda	6096fee96dea6c68611a03b186f6797670dfd3a73c98ffae6e4e90e535aa1aee	41001	128000	jwst_mcfost/runs/strict_continuum_3d_q_v1/models/m2p00_a0p40_q3p25_i0p05/disk_envelope_m2p00_a0p40_q3p25_i0p05_rt.para	01bb0fe7a224e5ca72d5bb1b800987cc9dd3eb0941fe953658a4a97069126599	0	jwst_mcfost/runs/strict_continuum_3d_q_v1/models/m2p00_a0p40_q3p25_i0p05/temperature	jwst_mcfost/runs/strict_continuum_3d_q_v1/rt_tasks/t003_m2p00_a0p40_q3p25_i0p05_w003
4	0	0	m2p00_a0p40_q3p25_i0p05	2.00	0.40	3.25	4	w004	near_ir_rise	81	2.1916659199557045	2.1916659199557045	NIRSpec	false	full_n2401	1	2401	2401	6000	2.4989587671803415	4.9582515221832172e-06	0.072324975358538254	jwst_mcfost/runs/strict_continuum_3d_q_v1/anchors/w004/strict_continuum_anchor.lambda	adcd8c330cb64fdf6cd13feaf0fe06ed6c9726df6e30e2a5ad9b3c488f684d87	41001	128000	jwst_mcfost/runs/strict_continuum_3d_q_v1/models/m2p00_a0p40_q3p25_i0p05/disk_envelope_m2p00_a0p40_q3p25_i0p05_rt.para	01bb0fe7a224e5ca72d5bb1b800987cc9dd3eb0941fe953658a4a97069126599	0	jwst_mcfost/runs/strict_continuum_3d_q_v1/models/m2p00_a0p40_q3p25_i0p05/temperature	jwst_mcfost/runs/strict_continuum_3d_q_v1/rt_tasks/t004_m2p00_a0p40_q3p25_i0p05_w004
5	0	0	m2p00_a0p40_q3p25_i0p05	2.00	0.40	3.25	5	w005	near_ir_rise	96	2.546352514425122	2.546352514425122	NIRSpec	true	full_n2401	1	2401	2401	6000	2.4989587671803415	4.9582515221832172e-06	0.084029632976029028	jwst_mcfost/runs/strict_continuum_3d_q_v1/anchors/w005/strict_continuum_anchor.lambda	91d915d166c5e6bb5cb007f0659a7d85b73c54677f8d267a3239a12d70dd3290	41001	128000	jwst_mcfost/runs/strict_continuum_3d_q_v1/models/m2p00_a0p40_q3p25_i0p05/disk_envelope_m2p00_a0p40_q3p25_i0p05_rt.para	01bb0fe7a224e5ca72d5bb1b800987cc9dd3eb0941fe953658a4a97069126599	0	jwst_mcfost/runs/strict_continuum_3d_q_v1/models/m2p00_a0p40_q3p25_i0p05/temperature	jwst_mcfost/runs/strict_continuum_3d_q_v1/rt_tasks/t005_m2p00_a0p40_q3p25_i0p05_w005
6	0	0	m2p00_a0p40_q3p25_i0p05	2.00	0.40	3.25	6	w006	window_3p9	139	3.9143995604061015	3.9143995604061015	NIRSpec	true	support_zoom_n2401	1.9975051980918284	2401	2401	3003.7468767198525	1.2510399319949406	2.4822220872915486e-06	0.12917518549340135	jwst_mcfost/runs/strict_continuum_3d_q_v1/anchors/w006/strict_continuum_anchor.lambda	3f9b717a21e711e16c54ebd68a2308d823da5c67f37df6ad2ddbe13da82b8010	41001	128000	jwst_mcfost/runs/strict_continuum_3d_q_v1/models/m2p00_a0p40_q3p25_i0p05/disk_envelope_m2p00_a0p40_q3p25_i0p05_rt.para	01bb0fe7a224e5ca72d5bb1b800987cc9dd3eb0941fe953658a4a97069126599	0	jwst_mcfost/runs/strict_continuum_3d_q_v1/models/m2p00_a0p40_q3p25_i0p05/temperature	jwst_mcfost/runs/strict_continuum_3d_q_v1/rt_tasks/t006_m2p00_a0p40_q3p25_i0p05_w006
7	0	0	m2p00_a0p40_q3p25_i0p05	2.00	0.40	3.25	7	w007	window_5p4	171	5.3906283153397085	5.3906283153397085	MIRI	false	support_zoom_n2401	1.9975051980918284	2401	2401	3003.7468767198525	1.2510399319949406	2.4822220872915486e-06	0.28389073440621038	jwst_mcfost/runs/strict_continuum_3d_q_v1/anchors/w007/strict_continuum_anchor.lambda	5f63ad070f3c845a8f617a8a81a0c499df4a74529835dbb910e3bc7165189b12	41001	128000	jwst_mcfost/runs/strict_continuum_3d_q_v1/models/m2p00_a0p40_q3p25_i0p05/disk_envelope_m2p00_a0p40_q3p25_i0p05_rt.para	01bb0fe7a224e5ca72d5bb1b800987cc9dd3eb0941fe953658a4a97069126599	0	jwst_mcfost/runs/strict_continuum_3d_q_v1/models/m2p00_a0p40_q3p25_i0p05/temperature	jwst_mcfost/runs/strict_continuum_3d_q_v1/rt_tasks/t007_m2p00_a0p40_q3p25_i0p05_w007
8	0	0	m2p00_a0p40_q3p25_i0p05	2.00	0.40	3.25	8	w008	window_13p8	265	13.799908320389276	13.799908320389276	MIRI	false	zoom_n1201	3.9933471945199667	1201	1201	1502.4989583259237	1.2510399319949406	2.4822220872915486e-06	0.5613969745728461	jwst_mcfost/runs/strict_continuum_3d_q_v1/anchors/w008/strict_continuum_anchor.lambda	5797e825e4c6cd5a59e2cc5a5e36940d0ba149f20340a55934be09f172095b37	41001	128000	jwst_mcfost/runs/strict_continuum_3d_q_v1/models/m2p00_a0p40_q3p25_i0p05/disk_envelope_m2p00_a0p40_q3p25_i0p05_rt.para	01bb0fe7a224e5ca72d5bb1b800987cc9dd3eb0941fe953658a4a97069126599	0	jwst_mcfost/runs/strict_continuum_3d_q_v1/models/m2p00_a0p40_q3p25_i0p05/temperature	jwst_mcfost/runs/strict_continuum_3d_q_v1/rt_tasks/t008_m2p00_a0p40_q3p25_i0p05_w008
9	0	0	m2p00_a0p40_q3p25_i0p05	2.00	0.40	3.25	9	w009	window_27p5	334	27.513091575690556	27.513091575690556	MIRI	false	zoom_n1201	3.9933471945199667	1201	1201	1502.4989583259237	1.2510399319949406	2.4822220872915486e-06	1.0139320219977885	jwst_mcfost/runs/strict_continuum_3d_q_v1/anchors/w009/strict_continuum_anchor.lambda	02feaf67a3a60f2699c2d37af292482df3aaf64119571c73370a59f2c2945f23	41001	128000	jwst_mcfost/runs/strict_continuum_3d_q_v1/models/m2p00_a0p40_q3p25_i0p05/disk_envelope_m2p00_a0p40_q3p25_i0p05_rt.para	01bb0fe7a224e5ca72d5bb1b800987cc9dd3eb0941fe953658a4a97069126599	0	jwst_mcfost/runs/strict_continuum_3d_q_v1/models/m2p00_a0p40_q3p25_i0p05/temperature	jwst_mcfost/runs/strict_continuum_3d_q_v1/rt_tasks/t009_m2p00_a0p40_q3p25_i0p05_w009
10	1	1	m2p00_a0p40_q3p50_i0p05	2.00	0.40	3.50	0	w000	near_ir_short	2	0.9946761707696127	0.9946761707696127	NIRSpec	false	full_n2401	1	2401	2401	6000	2.4989587671803415	4.9582515221832172e-06	0.032824313635397222	jwst_mcfost/runs/strict_continuum_3d_q_v1/anchors/w000/strict_continuum_anchor.lambda	958b10dda90471bb610395d7fe4ffc4a8c52cf9552775fb9f72f08df4d0897c3	41001	128000	jwst_mcfost/runs/strict_continuum_3d_q_v1/models/m2p00_a0p40_q3p50_i0p05/disk_envelope_m2p00_a0p40_q3p50_i0p05_rt.para	5e828314e0b4e007b2399e11922eb18100db14c3dca6b24d2b9ecd4b0b3e95c8	1	jwst_mcfost/runs/strict_continuum_3d_q_v1/models/m2p00_a0p40_q3p50_i0p05/temperature	jwst_mcfost/runs/strict_continuum_3d_q_v1/rt_tasks/t010_m2p00_a0p40_q3p50_i0p05_w000
11	1	1	m2p00_a0p40_q3p50_i0p05	2.00	0.40	3.50	1	w001	near_ir_short	21	1.2028117593024095	1.2028117593024095	NIRSpec	false	full_n2401	1	2401	2401	6000	2.4989587671803415	4.9582515221832172e-06	0.039692788056979511	jwst_mcfost/runs/strict_continuum_3d_q_v1/anchors/w001/strict_continuum_anchor.lambda	03eac41388c201eb0d3587e76e6cdbb0a254d084dea08a854af129f7798c686d	41001	128000	jwst_mcfost/runs/strict_continuum_3d_q_v1/models/m2p00_a0p40_q3p50_i0p05/disk_envelope_m2p00_a0p40_q3p50_i0p05_rt.para	5e828314e0b4e007b2399e11922eb18100db14c3dca6b24d2b9ecd4b0b3e95c8	1	jwst_mcfost/runs/strict_continuum_3d_q_v1/models/m2p00_a0p40_q3p50_i0p05/temperature	jwst_mcfost/runs/strict_continuum_3d_q_v1/rt_tasks/t011_m2p00_a0p40_q3p50_i0p05_w001
12	1	1	m2p00_a0p40_q3p50_i0p05	2.00	0.40	3.50	2	w002	near_ir_short	43	1.4987957445436022	1.4987957445436022	NIRSpec	false	full_n2401	1	2401	2401	6000	2.4989587671803415	4.9582515221832172e-06	0.049460259569938873	jwst_mcfost/runs/strict_continuum_3d_q_v1/anchors/w002/strict_continuum_anchor.lambda	5e5ede487ce8e28395d8732fcd14cbdcf044a502bbc451f3e32a4d760288e0ce	41001	128000	jwst_mcfost/runs/strict_continuum_3d_q_v1/models/m2p00_a0p40_q3p50_i0p05/disk_envelope_m2p00_a0p40_q3p50_i0p05_rt.para	5e828314e0b4e007b2399e11922eb18100db14c3dca6b24d2b9ecd4b0b3e95c8	1	jwst_mcfost/runs/strict_continuum_3d_q_v1/models/m2p00_a0p40_q3p50_i0p05/temperature	jwst_mcfost/runs/strict_continuum_3d_q_v1/rt_tasks/t012_m2p00_a0p40_q3p50_i0p05_w002
13	1	1	m2p00_a0p40_q3p50_i0p05	2.00	0.40	3.50	3	w003	near_ir_rise	59	1.7588530996181813	1.7588530996181813	NIRSpec	false	full_n2401	1	2401	2401	6000	2.4989587671803415	4.9582515221832172e-06	0.058042152287399985	jwst_mcfost/runs/strict_continuum_3d_q_v1/anchors/w003/strict_continuum_anchor.lambda	6096fee96dea6c68611a03b186f6797670dfd3a73c98ffae6e4e90e535aa1aee	41001	128000	jwst_mcfost/runs/strict_continuum_3d_q_v1/models/m2p00_a0p40_q3p50_i0p05/disk_envelope_m2p00_a0p40_q3p50_i0p05_rt.para	5e828314e0b4e007b2399e11922eb18100db14c3dca6b24d2b9ecd4b0b3e95c8	1	jwst_mcfost/runs/strict_continuum_3d_q_v1/models/m2p00_a0p40_q3p50_i0p05/temperature	jwst_mcfost/runs/strict_continuum_3d_q_v1/rt_tasks/t013_m2p00_a0p40_q3p50_i0p05_w003
14	1	1	m2p00_a0p40_q3p50_i0p05	2.00	0.40	3.50	4	w004	near_ir_rise	81	2.1916659199557045	2.1916659199557045	NIRSpec	false	full_n2401	1	2401	2401	6000	2.4989587671803415	4.9582515221832172e-06	0.072324975358538254	jwst_mcfost/runs/strict_continuum_3d_q_v1/anchors/w004/strict_continuum_anchor.lambda	adcd8c330cb64fdf6cd13feaf0fe06ed6c9726df6e30e2a5ad9b3c488f684d87	41001	128000	jwst_mcfost/runs/strict_continuum_3d_q_v1/models/m2p00_a0p40_q3p50_i0p05/disk_envelope_m2p00_a0p40_q3p50_i0p05_rt.para	5e828314e0b4e007b2399e11922eb18100db14c3dca6b24d2b9ecd4b0b3e95c8	1	jwst_mcfost/runs/strict_continuum_3d_q_v1/models/m2p00_a0p40_q3p50_i0p05/temperature	jwst_mcfost/runs/strict_continuum_3d_q_v1/rt_tasks/t014_m2p00_a0p40_q3p50_i0p05_w004
15	1	1	m2p00_a0p40_q3p50_i0p05	2.00	0.40	3.50	5	w005	near_ir_rise	96	2.546352514425122	2.546352514425122	NIRSpec	true	full_n2401	1	2401	2401	6000	2.4989587671803415	4.9582515221832172e-06	0.084029632976029028	jwst_mcfost/runs/strict_continuum_3d_q_v1/anchors/w005/strict_continuum_anchor.lambda	91d915d166c5e6bb5cb007f0659a7d85b73c54677f8d267a3239a12d70dd3290	41001	128000	jwst_mcfost/runs/strict_continuum_3d_q_v1/models/m2p00_a0p40_q3p50_i0p05/disk_envelope_m2p00_a0p40_q3p50_i0p05_rt.para	5e828314e0b4e007b2399e11922eb18100db14c3dca6b24d2b9ecd4b0b3e95c8	1	jwst_mcfost/runs/strict_continuum_3d_q_v1/models/m2p00_a0p40_q3p50_i0p05/temperature	jwst_mcfost/runs/strict_continuum_3d_q_v1/rt_tasks/t015_m2p00_a0p40_q3p50_i0p05_w005
16	1	1	m2p00_a0p40_q3p50_i0p05	2.00	0.40	3.50	6	w006	window_3p9	139	3.9143995604061015	3.9143995604061015	NIRSpec	true	support_zoom_n2401	1.9975051980918284	2401	2401	3003.7468767198525	1.2510399319949406	2.4822220872915486e-06	0.12917518549340135	jwst_mcfost/runs/strict_continuum_3d_q_v1/anchors/w006/strict_continuum_anchor.lambda	3f9b717a21e711e16c54ebd68a2308d823da5c67f37df6ad2ddbe13da82b8010	41001	128000	jwst_mcfost/runs/strict_continuum_3d_q_v1/models/m2p00_a0p40_q3p50_i0p05/disk_envelope_m2p00_a0p40_q3p50_i0p05_rt.para	5e828314e0b4e007b2399e11922eb18100db14c3dca6b24d2b9ecd4b0b3e95c8	1	jwst_mcfost/runs/strict_continuum_3d_q_v1/models/m2p00_a0p40_q3p50_i0p05/temperature	jwst_mcfost/runs/strict_continuum_3d_q_v1/rt_tasks/t016_m2p00_a0p40_q3p50_i0p05_w006
17	1	1	m2p00_a0p40_q3p50_i0p05	2.00	0.40	3.50	7	w007	window_5p4	171	5.3906283153397085	5.3906283153397085	MIRI	false	support_zoom_n2401	1.9975051980918284	2401	2401	3003.7468767198525	1.2510399319949406	2.4822220872915486e-06	0.28389073440621038	jwst_mcfost/runs/strict_continuum_3d_q_v1/anchors/w007/strict_continuum_anchor.lambda	5f63ad070f3c845a8f617a8a81a0c499df4a74529835dbb910e3bc7165189b12	41001	128000	jwst_mcfost/runs/strict_continuum_3d_q_v1/models/m2p00_a0p40_q3p50_i0p05/disk_envelope_m2p00_a0p40_q3p50_i0p05_rt.para	5e828314e0b4e007b2399e11922eb18100db14c3dca6b24d2b9ecd4b0b3e95c8	1	jwst_mcfost/runs/strict_continuum_3d_q_v1/models/m2p00_a0p40_q3p50_i0p05/temperature	jwst_mcfost/runs/strict_continuum_3d_q_v1/rt_tasks/t017_m2p00_a0p40_q3p50_i0p05_w007
18	1	1	m2p00_a0p40_q3p50_i0p05	2.00	0.40	3.50	8	w008	window_13p8	265	13.799908320389276	13.799908320389276	MIRI	false	zoom_n1201	3.9933471945199667	1201	1201	1502.4989583259237	1.2510399319949406	2.4822220872915486e-06	0.5613969745728461	jwst_mcfost/runs/strict_continuum_3d_q_v1/anchors/w008/strict_continuum_anchor.lambda	5797e825e4c6cd5a59e2cc5a5e36940d0ba149f20340a55934be09f172095b37	41001	128000	jwst_mcfost/runs/strict_continuum_3d_q_v1/models/m2p00_a0p40_q3p50_i0p05/disk_envelope_m2p00_a0p40_q3p50_i0p05_rt.para	5e828314e0b4e007b2399e11922eb18100db14c3dca6b24d2b9ecd4b0b3e95c8	1	jwst_mcfost/runs/strict_continuum_3d_q_v1/models/m2p00_a0p40_q3p50_i0p05/temperature	jwst_mcfost/runs/strict_continuum_3d_q_v1/rt_tasks/t018_m2p00_a0p40_q3p50_i0p05_w008
19	1	1	m2p00_a0p40_q3p50_i0p05	2.00	0.40	3.50	9	w009	window_27p5	334	27.513091575690556	27.513091575690556	MIRI	false	zoom_n1201	3.9933471945199667	1201	1201	1502.4989583259237	1.2510399319949406	2.4822220872915486e-06	1.0139320219977885	jwst_mcfost/runs/strict_continuum_3d_q_v1/anchors/w009/strict_continuum_anchor.lambda	02feaf67a3a60f2699c2d37af292482df3aaf64119571c73370a59f2c2945f23	41001	128000	jwst_mcfost/runs/strict_continuum_3d_q_v1/models/m2p00_a0p40_q3p50_i0p05/disk_envelope_m2p00_a0p40_q3p50_i0p05_rt.para	5e828314e0b4e007b2399e11922eb18100db14c3dca6b24d2b9ecd4b0b3e95c8	1	jwst_mcfost/runs/strict_continuum_3d_q_v1/models/m2p00_a0p40_q3p50_i0p05/temperature	jwst_mcfost/runs/strict_continuum_3d_q_v1/rt_tasks/t019_m2p00_a0p40_q3p50_i0p05_w009
20	2	2	m2p00_a0p40_q3p75_i0p05	2.00	0.40	3.75	0	w000	near_ir_short	2	0.9946761707696127	0.9946761707696127	NIRSpec	false	full_n2401	1	2401	2401	6000	2.4989587671803415	4.9582515221832172e-06	0.032824313635397222	jwst_mcfost/runs/strict_continuum_3d_q_v1/anchors/w000/strict_continuum_anchor.lambda	958b10dda90471bb610395d7fe4ffc4a8c52cf9552775fb9f72f08df4d0897c3	41001	128000	jwst_mcfost/runs/strict_continuum_3d_q_v1/models/m2p00_a0p40_q3p75_i0p05/disk_envelope_m2p00_a0p40_q3p75_i0p05_rt.para	2d7072183fcc82d1ddf9007f64d79ea889fba8600bbe2aa1f2cc0795607b2edc	2	jwst_mcfost/runs/strict_continuum_3d_q_v1/models/m2p00_a0p40_q3p75_i0p05/temperature	jwst_mcfost/runs/strict_continuum_3d_q_v1/rt_tasks/t020_m2p00_a0p40_q3p75_i0p05_w000
21	2	2	m2p00_a0p40_q3p75_i0p05	2.00	0.40	3.75	1	w001	near_ir_short	21	1.2028117593024095	1.2028117593024095	NIRSpec	false	full_n2401	1	2401	2401	6000	2.4989587671803415	4.9582515221832172e-06	0.039692788056979511	jwst_mcfost/runs/strict_continuum_3d_q_v1/anchors/w001/strict_continuum_anchor.lambda	03eac41388c201eb0d3587e76e6cdbb0a254d084dea08a854af129f7798c686d	41001	128000	jwst_mcfost/runs/strict_continuum_3d_q_v1/models/m2p00_a0p40_q3p75_i0p05/disk_envelope_m2p00_a0p40_q3p75_i0p05_rt.para	2d7072183fcc82d1ddf9007f64d79ea889fba8600bbe2aa1f2cc0795607b2edc	2	jwst_mcfost/runs/strict_continuum_3d_q_v1/models/m2p00_a0p40_q3p75_i0p05/temperature	jwst_mcfost/runs/strict_continuum_3d_q_v1/rt_tasks/t021_m2p00_a0p40_q3p75_i0p05_w001
22	2	2	m2p00_a0p40_q3p75_i0p05	2.00	0.40	3.75	2	w002	near_ir_short	43	1.4987957445436022	1.4987957445436022	NIRSpec	false	full_n2401	1	2401	2401	6000	2.4989587671803415	4.9582515221832172e-06	0.049460259569938873	jwst_mcfost/runs/strict_continuum_3d_q_v1/anchors/w002/strict_continuum_anchor.lambda	5e5ede487ce8e28395d8732fcd14cbdcf044a502bbc451f3e32a4d760288e0ce	41001	128000	jwst_mcfost/runs/strict_continuum_3d_q_v1/models/m2p00_a0p40_q3p75_i0p05/disk_envelope_m2p00_a0p40_q3p75_i0p05_rt.para	2d7072183fcc82d1ddf9007f64d79ea889fba8600bbe2aa1f2cc0795607b2edc	2	jwst_mcfost/runs/strict_continuum_3d_q_v1/models/m2p00_a0p40_q3p75_i0p05/temperature	jwst_mcfost/runs/strict_continuum_3d_q_v1/rt_tasks/t022_m2p00_a0p40_q3p75_i0p05_w002
23	2	2	m2p00_a0p40_q3p75_i0p05	2.00	0.40	3.75	3	w003	near_ir_rise	59	1.7588530996181813	1.7588530996181813	NIRSpec	false	full_n2401	1	2401	2401	6000	2.4989587671803415	4.9582515221832172e-06	0.058042152287399985	jwst_mcfost/runs/strict_continuum_3d_q_v1/anchors/w003/strict_continuum_anchor.lambda	6096fee96dea6c68611a03b186f6797670dfd3a73c98ffae6e4e90e535aa1aee	41001	128000	jwst_mcfost/runs/strict_continuum_3d_q_v1/models/m2p00_a0p40_q3p75_i0p05/disk_envelope_m2p00_a0p40_q3p75_i0p05_rt.para	2d7072183fcc82d1ddf9007f64d79ea889fba8600bbe2aa1f2cc0795607b2edc	2	jwst_mcfost/runs/strict_continuum_3d_q_v1/models/m2p00_a0p40_q3p75_i0p05/temperature	jwst_mcfost/runs/strict_continuum_3d_q_v1/rt_tasks/t023_m2p00_a0p40_q3p75_i0p05_w003
24	2	2	m2p00_a0p40_q3p75_i0p05	2.00	0.40	3.75	4	w004	near_ir_rise	81	2.1916659199557045	2.1916659199557045	NIRSpec	false	full_n2401	1	2401	2401	6000	2.4989587671803415	4.9582515221832172e-06	0.072324975358538254	jwst_mcfost/runs/strict_continuum_3d_q_v1/anchors/w004/strict_continuum_anchor.lambda	adcd8c330cb64fdf6cd13feaf0fe06ed6c9726df6e30e2a5ad9b3c488f684d87	41001	128000	jwst_mcfost/runs/strict_continuum_3d_q_v1/models/m2p00_a0p40_q3p75_i0p05/disk_envelope_m2p00_a0p40_q3p75_i0p05_rt.para	2d7072183fcc82d1ddf9007f64d79ea889fba8600bbe2aa1f2cc0795607b2edc	2	jwst_mcfost/runs/strict_continuum_3d_q_v1/models/m2p00_a0p40_q3p75_i0p05/temperature	jwst_mcfost/runs/strict_continuum_3d_q_v1/rt_tasks/t024_m2p00_a0p40_q3p75_i0p05_w004
25	2	2	m2p00_a0p40_q3p75_i0p05	2.00	0.40	3.75	5	w005	near_ir_rise	96	2.546352514425122	2.546352514425122	NIRSpec	true	full_n2401	1	2401	2401	6000	2.4989587671803415	4.9582515221832172e-06	0.084029632976029028	jwst_mcfost/runs/strict_continuum_3d_q_v1/anchors/w005/strict_continuum_anchor.lambda	91d915d166c5e6bb5cb007f0659a7d85b73c54677f8d267a3239a12d70dd3290	41001	128000	jwst_mcfost/runs/strict_continuum_3d_q_v1/models/m2p00_a0p40_q3p75_i0p05/disk_envelope_m2p00_a0p40_q3p75_i0p05_rt.para	2d7072183fcc82d1ddf9007f64d79ea889fba8600bbe2aa1f2cc0795607b2edc	2	jwst_mcfost/runs/strict_continuum_3d_q_v1/models/m2p00_a0p40_q3p75_i0p05/temperature	jwst_mcfost/runs/strict_continuum_3d_q_v1/rt_tasks/t025_m2p00_a0p40_q3p75_i0p05_w005
26	2	2	m2p00_a0p40_q3p75_i0p05	2.00	0.40	3.75	6	w006	window_3p9	139	3.9143995604061015	3.9143995604061015	NIRSpec	true	support_zoom_n2401	1.9975051980918284	2401	2401	3003.7468767198525	1.2510399319949406	2.4822220872915486e-06	0.12917518549340135	jwst_mcfost/runs/strict_continuum_3d_q_v1/anchors/w006/strict_continuum_anchor.lambda	3f9b717a21e711e16c54ebd68a2308d823da5c67f37df6ad2ddbe13da82b8010	41001	128000	jwst_mcfost/runs/strict_continuum_3d_q_v1/models/m2p00_a0p40_q3p75_i0p05/disk_envelope_m2p00_a0p40_q3p75_i0p05_rt.para	2d7072183fcc82d1ddf9007f64d79ea889fba8600bbe2aa1f2cc0795607b2edc	2	jwst_mcfost/runs/strict_continuum_3d_q_v1/models/m2p00_a0p40_q3p75_i0p05/temperature	jwst_mcfost/runs/strict_continuum_3d_q_v1/rt_tasks/t026_m2p00_a0p40_q3p75_i0p05_w006
27	2	2	m2p00_a0p40_q3p75_i0p05	2.00	0.40	3.75	7	w007	window_5p4	171	5.3906283153397085	5.3906283153397085	MIRI	false	support_zoom_n2401	1.9975051980918284	2401	2401	3003.7468767198525	1.2510399319949406	2.4822220872915486e-06	0.28389073440621038	jwst_mcfost/runs/strict_continuum_3d_q_v1/anchors/w007/strict_continuum_anchor.lambda	5f63ad070f3c845a8f617a8a81a0c499df4a74529835dbb910e3bc7165189b12	41001	128000	jwst_mcfost/runs/strict_continuum_3d_q_v1/models/m2p00_a0p40_q3p75_i0p05/disk_envelope_m2p00_a0p40_q3p75_i0p05_rt.para	2d7072183fcc82d1ddf9007f64d79ea889fba8600bbe2aa1f2cc0795607b2edc	2	jwst_mcfost/runs/strict_continuum_3d_q_v1/models/m2p00_a0p40_q3p75_i0p05/temperature	jwst_mcfost/runs/strict_continuum_3d_q_v1/rt_tasks/t027_m2p00_a0p40_q3p75_i0p05_w007
28	2	2	m2p00_a0p40_q3p75_i0p05	2.00	0.40	3.75	8	w008	window_13p8	265	13.799908320389276	13.799908320389276	MIRI	false	zoom_n1201	3.9933471945199667	1201	1201	1502.4989583259237	1.2510399319949406	2.4822220872915486e-06	0.5613969745728461	jwst_mcfost/runs/strict_continuum_3d_q_v1/anchors/w008/strict_continuum_anchor.lambda	5797e825e4c6cd5a59e2cc5a5e36940d0ba149f20340a55934be09f172095b37	41001	128000	jwst_mcfost/runs/strict_continuum_3d_q_v1/models/m2p00_a0p40_q3p75_i0p05/disk_envelope_m2p00_a0p40_q3p75_i0p05_rt.para	2d7072183fcc82d1ddf9007f64d79ea889fba8600bbe2aa1f2cc0795607b2edc	2	jwst_mcfost/runs/strict_continuum_3d_q_v1/models/m2p00_a0p40_q3p75_i0p05/temperature	jwst_mcfost/runs/strict_continuum_3d_q_v1/rt_tasks/t028_m2p00_a0p40_q3p75_i0p05_w008
29	2	2	m2p00_a0p40_q3p75_i0p05	2.00	0.40	3.75	9	w009	window_27p5	334	27.513091575690556	27.513091575690556	MIRI	false	zoom_n1201	3.9933471945199667	1201	1201	1502.4989583259237	1.2510399319949406	2.4822220872915486e-06	1.0139320219977885	jwst_mcfost/runs/strict_continuum_3d_q_v1/anchors/w009/strict_continuum_anchor.lambda	02feaf67a3a60f2699c2d37af292482df3aaf64119571c73370a59f2c2945f23	41001	128000	jwst_mcfost/runs/strict_continuum_3d_q_v1/models/m2p00_a0p40_q3p75_i0p05/disk_envelope_m2p00_a0p40_q3p75_i0p05_rt.para	2d7072183fcc82d1ddf9007f64d79ea889fba8600bbe2aa1f2cc0795607b2edc	2	jwst_mcfost/runs/strict_continuum_3d_q_v1/models/m2p00_a0p40_q3p75_i0p05/temperature	jwst_mcfost/runs/strict_continuum_3d_q_v1/rt_tasks/t029_m2p00_a0p40_q3p75_i0p05_w009
30	3	3	m2p00_a0p40_q4p00_i0p05	2.00	0.40	4.00	0	w000	near_ir_short	2	0.9946761707696127	0.9946761707696127	NIRSpec	false	full_n2401	1	2401	2401	6000	2.4989587671803415	4.9582515221832172e-06	0.032824313635397222	jwst_mcfost/runs/strict_continuum_3d_q_v1/anchors/w000/strict_continuum_anchor.lambda	958b10dda90471bb610395d7fe4ffc4a8c52cf9552775fb9f72f08df4d0897c3	41001	128000	jwst_mcfost/runs/strict_continuum_3d_q_v1/models/m2p00_a0p40_q4p00_i0p05/disk_envelope_m2p00_a0p40_q4p00_i0p05_rt.para	3a79fa4828e5506293e1f58e51d935bb1bd3ac8a756077289b9c0ff2e03d3a3e	3	jwst_mcfost/runs/strict_continuum_3d_q_v1/models/m2p00_a0p40_q4p00_i0p05/temperature	jwst_mcfost/runs/strict_continuum_3d_q_v1/rt_tasks/t030_m2p00_a0p40_q4p00_i0p05_w000
31	3	3	m2p00_a0p40_q4p00_i0p05	2.00	0.40	4.00	1	w001	near_ir_short	21	1.2028117593024095	1.2028117593024095	NIRSpec	false	full_n2401	1	2401	2401	6000	2.4989587671803415	4.9582515221832172e-06	0.039692788056979511	jwst_mcfost/runs/strict_continuum_3d_q_v1/anchors/w001/strict_continuum_anchor.lambda	03eac41388c201eb0d3587e76e6cdbb0a254d084dea08a854af129f7798c686d	41001	128000	jwst_mcfost/runs/strict_continuum_3d_q_v1/models/m2p00_a0p40_q4p00_i0p05/disk_envelope_m2p00_a0p40_q4p00_i0p05_rt.para	3a79fa4828e5506293e1f58e51d935bb1bd3ac8a756077289b9c0ff2e03d3a3e	3	jwst_mcfost/runs/strict_continuum_3d_q_v1/models/m2p00_a0p40_q4p00_i0p05/temperature	jwst_mcfost/runs/strict_continuum_3d_q_v1/rt_tasks/t031_m2p00_a0p40_q4p00_i0p05_w001
32	3	3	m2p00_a0p40_q4p00_i0p05	2.00	0.40	4.00	2	w002	near_ir_short	43	1.4987957445436022	1.4987957445436022	NIRSpec	false	full_n2401	1	2401	2401	6000	2.4989587671803415	4.9582515221832172e-06	0.049460259569938873	jwst_mcfost/runs/strict_continuum_3d_q_v1/anchors/w002/strict_continuum_anchor.lambda	5e5ede487ce8e28395d8732fcd14cbdcf044a502bbc451f3e32a4d760288e0ce	41001	128000	jwst_mcfost/runs/strict_continuum_3d_q_v1/models/m2p00_a0p40_q4p00_i0p05/disk_envelope_m2p00_a0p40_q4p00_i0p05_rt.para	3a79fa4828e5506293e1f58e51d935bb1bd3ac8a756077289b9c0ff2e03d3a3e	3	jwst_mcfost/runs/strict_continuum_3d_q_v1/models/m2p00_a0p40_q4p00_i0p05/temperature	jwst_mcfost/runs/strict_continuum_3d_q_v1/rt_tasks/t032_m2p00_a0p40_q4p00_i0p05_w002
33	3	3	m2p00_a0p40_q4p00_i0p05	2.00	0.40	4.00	3	w003	near_ir_rise	59	1.7588530996181813	1.7588530996181813	NIRSpec	false	full_n2401	1	2401	2401	6000	2.4989587671803415	4.9582515221832172e-06	0.058042152287399985	jwst_mcfost/runs/strict_continuum_3d_q_v1/anchors/w003/strict_continuum_anchor.lambda	6096fee96dea6c68611a03b186f6797670dfd3a73c98ffae6e4e90e535aa1aee	41001	128000	jwst_mcfost/runs/strict_continuum_3d_q_v1/models/m2p00_a0p40_q4p00_i0p05/disk_envelope_m2p00_a0p40_q4p00_i0p05_rt.para	3a79fa4828e5506293e1f58e51d935bb1bd3ac8a756077289b9c0ff2e03d3a3e	3	jwst_mcfost/runs/strict_continuum_3d_q_v1/models/m2p00_a0p40_q4p00_i0p05/temperature	jwst_mcfost/runs/strict_continuum_3d_q_v1/rt_tasks/t033_m2p00_a0p40_q4p00_i0p05_w003
34	3	3	m2p00_a0p40_q4p00_i0p05	2.00	0.40	4.00	4	w004	near_ir_rise	81	2.1916659199557045	2.1916659199557045	NIRSpec	false	full_n2401	1	2401	2401	6000	2.4989587671803415	4.9582515221832172e-06	0.072324975358538254	jwst_mcfost/runs/strict_continuum_3d_q_v1/anchors/w004/strict_continuum_anchor.lambda	adcd8c330cb64fdf6cd13feaf0fe06ed6c9726df6e30e2a5ad9b3c488f684d87	41001	128000	jwst_mcfost/runs/strict_continuum_3d_q_v1/models/m2p00_a0p40_q4p00_i0p05/disk_envelope_m2p00_a0p40_q4p00_i0p05_rt.para	3a79fa4828e5506293e1f58e51d935bb1bd3ac8a756077289b9c0ff2e03d3a3e	3	jwst_mcfost/runs/strict_continuum_3d_q_v1/models/m2p00_a0p40_q4p00_i0p05/temperature	jwst_mcfost/runs/strict_continuum_3d_q_v1/rt_tasks/t034_m2p00_a0p40_q4p00_i0p05_w004
35	3	3	m2p00_a0p40_q4p00_i0p05	2.00	0.40	4.00	5	w005	near_ir_rise	96	2.546352514425122	2.546352514425122	NIRSpec	true	full_n2401	1	2401	2401	6000	2.4989587671803415	4.9582515221832172e-06	0.084029632976029028	jwst_mcfost/runs/strict_continuum_3d_q_v1/anchors/w005/strict_continuum_anchor.lambda	91d915d166c5e6bb5cb007f0659a7d85b73c54677f8d267a3239a12d70dd3290	41001	128000	jwst_mcfost/runs/strict_continuum_3d_q_v1/models/m2p00_a0p40_q4p00_i0p05/disk_envelope_m2p00_a0p40_q4p00_i0p05_rt.para	3a79fa4828e5506293e1f58e51d935bb1bd3ac8a756077289b9c0ff2e03d3a3e	3	jwst_mcfost/runs/strict_continuum_3d_q_v1/models/m2p00_a0p40_q4p00_i0p05/temperature	jwst_mcfost/runs/strict_continuum_3d_q_v1/rt_tasks/t035_m2p00_a0p40_q4p00_i0p05_w005
36	3	3	m2p00_a0p40_q4p00_i0p05	2.00	0.40	4.00	6	w006	window_3p9	139	3.9143995604061015	3.9143995604061015	NIRSpec	true	support_zoom_n2401	1.9975051980918284	2401	2401	3003.7468767198525	1.2510399319949406	2.4822220872915486e-06	0.12917518549340135	jwst_mcfost/runs/strict_continuum_3d_q_v1/anchors/w006/strict_continuum_anchor.lambda	3f9b717a21e711e16c54ebd68a2308d823da5c67f37df6ad2ddbe13da82b8010	41001	128000	jwst_mcfost/runs/strict_continuum_3d_q_v1/models/m2p00_a0p40_q4p00_i0p05/disk_envelope_m2p00_a0p40_q4p00_i0p05_rt.para	3a79fa4828e5506293e1f58e51d935bb1bd3ac8a756077289b9c0ff2e03d3a3e	3	jwst_mcfost/runs/strict_continuum_3d_q_v1/models/m2p00_a0p40_q4p00_i0p05/temperature	jwst_mcfost/runs/strict_continuum_3d_q_v1/rt_tasks/t036_m2p00_a0p40_q4p00_i0p05_w006
37	3	3	m2p00_a0p40_q4p00_i0p05	2.00	0.40	4.00	7	w007	window_5p4	171	5.3906283153397085	5.3906283153397085	MIRI	false	support_zoom_n2401	1.9975051980918284	2401	2401	3003.7468767198525	1.2510399319949406	2.4822220872915486e-06	0.28389073440621038	jwst_mcfost/runs/strict_continuum_3d_q_v1/anchors/w007/strict_continuum_anchor.lambda	5f63ad070f3c845a8f617a8a81a0c499df4a74529835dbb910e3bc7165189b12	41001	128000	jwst_mcfost/runs/strict_continuum_3d_q_v1/models/m2p00_a0p40_q4p00_i0p05/disk_envelope_m2p00_a0p40_q4p00_i0p05_rt.para	3a79fa4828e5506293e1f58e51d935bb1bd3ac8a756077289b9c0ff2e03d3a3e	3	jwst_mcfost/runs/strict_continuum_3d_q_v1/models/m2p00_a0p40_q4p00_i0p05/temperature	jwst_mcfost/runs/strict_continuum_3d_q_v1/rt_tasks/t037_m2p00_a0p40_q4p00_i0p05_w007
38	3	3	m2p00_a0p40_q4p00_i0p05	2.00	0.40	4.00	8	w008	window_13p8	265	13.799908320389276	13.799908320389276	MIRI	false	zoom_n1201	3.9933471945199667	1201	1201	1502.4989583259237	1.2510399319949406	2.4822220872915486e-06	0.5613969745728461	jwst_mcfost/runs/strict_continuum_3d_q_v1/anchors/w008/strict_continuum_anchor.lambda	5797e825e4c6cd5a59e2cc5a5e36940d0ba149f20340a55934be09f172095b37	41001	128000	jwst_mcfost/runs/strict_continuum_3d_q_v1/models/m2p00_a0p40_q4p00_i0p05/disk_envelope_m2p00_a0p40_q4p00_i0p05_rt.para	3a79fa4828e5506293e1f58e51d935bb1bd3ac8a756077289b9c0ff2e03d3a3e	3	jwst_mcfost/runs/strict_continuum_3d_q_v1/models/m2p00_a0p40_q4p00_i0p05/temperature	jwst_mcfost/runs/strict_continuum_3d_q_v1/rt_tasks/t038_m2p00_a0p40_q4p00_i0p05_w008
39	3	3	m2p00_a0p40_q4p00_i0p05	2.00	0.40	4.00	9	w009	window_27p5	334	27.513091575690556	27.513091575690556	MIRI	false	zoom_n1201	3.9933471945199667	1201	1201	1502.4989583259237	1.2510399319949406	2.4822220872915486e-06	1.0139320219977885	jwst_mcfost/runs/strict_continuum_3d_q_v1/anchors/w009/strict_continuum_anchor.lambda	02feaf67a3a60f2699c2d37af292482df3aaf64119571c73370a59f2c2945f23	41001	128000	jwst_mcfost/runs/strict_continuum_3d_q_v1/models/m2p00_a0p40_q4p00_i0p05/disk_envelope_m2p00_a0p40_q4p00_i0p05_rt.para	3a79fa4828e5506293e1f58e51d935bb1bd3ac8a756077289b9c0ff2e03d3a3e	3	jwst_mcfost/runs/strict_continuum_3d_q_v1/models/m2p00_a0p40_q4p00_i0p05/temperature	jwst_mcfost/runs/strict_continuum_3d_q_v1/rt_tasks/t039_m2p00_a0p40_q4p00_i0p05_w009
40	4	4	m2p00_a0p50_q3p25_i0p05	2.00	0.50	3.25	0	w000	near_ir_short	2	0.9946761707696127	0.9946761707696127	NIRSpec	false	full_n2401	1	2401	2401	6000	2.4989587671803415	4.9582515221832172e-06	0.032824313635397222	jwst_mcfost/runs/strict_continuum_3d_q_v1/anchors/w000/strict_continuum_anchor.lambda	958b10dda90471bb610395d7fe4ffc4a8c52cf9552775fb9f72f08df4d0897c3	41001	128000	jwst_mcfost/runs/strict_continuum_3d_q_v1/models/m2p00_a0p50_q3p25_i0p05/disk_envelope_m2p00_a0p50_q3p25_i0p05_rt.para	5a21d85be13223d205d023a6df3a093b376932b191ab6e64d3698c1831fd661a	4	jwst_mcfost/runs/strict_continuum_3d_q_v1/models/m2p00_a0p50_q3p25_i0p05/temperature	jwst_mcfost/runs/strict_continuum_3d_q_v1/rt_tasks/t040_m2p00_a0p50_q3p25_i0p05_w000
41	4	4	m2p00_a0p50_q3p25_i0p05	2.00	0.50	3.25	1	w001	near_ir_short	21	1.2028117593024095	1.2028117593024095	NIRSpec	false	full_n2401	1	2401	2401	6000	2.4989587671803415	4.9582515221832172e-06	0.039692788056979511	jwst_mcfost/runs/strict_continuum_3d_q_v1/anchors/w001/strict_continuum_anchor.lambda	03eac41388c201eb0d3587e76e6cdbb0a254d084dea08a854af129f7798c686d	41001	128000	jwst_mcfost/runs/strict_continuum_3d_q_v1/models/m2p00_a0p50_q3p25_i0p05/disk_envelope_m2p00_a0p50_q3p25_i0p05_rt.para	5a21d85be13223d205d023a6df3a093b376932b191ab6e64d3698c1831fd661a	4	jwst_mcfost/runs/strict_continuum_3d_q_v1/models/m2p00_a0p50_q3p25_i0p05/temperature	jwst_mcfost/runs/strict_continuum_3d_q_v1/rt_tasks/t041_m2p00_a0p50_q3p25_i0p05_w001
42	4	4	m2p00_a0p50_q3p25_i0p05	2.00	0.50	3.25	2	w002	near_ir_short	43	1.4987957445436022	1.4987957445436022	NIRSpec	false	full_n2401	1	2401	2401	6000	2.4989587671803415	4.9582515221832172e-06	0.049460259569938873	jwst_mcfost/runs/strict_continuum_3d_q_v1/anchors/w002/strict_continuum_anchor.lambda	5e5ede487ce8e28395d8732fcd14cbdcf044a502bbc451f3e32a4d760288e0ce	41001	128000	jwst_mcfost/runs/strict_continuum_3d_q_v1/models/m2p00_a0p50_q3p25_i0p05/disk_envelope_m2p00_a0p50_q3p25_i0p05_rt.para	5a21d85be13223d205d023a6df3a093b376932b191ab6e64d3698c1831fd661a	4	jwst_mcfost/runs/strict_continuum_3d_q_v1/models/m2p00_a0p50_q3p25_i0p05/temperature	jwst_mcfost/runs/strict_continuum_3d_q_v1/rt_tasks/t042_m2p00_a0p50_q3p25_i0p05_w002
43	4	4	m2p00_a0p50_q3p25_i0p05	2.00	0.50	3.25	3	w003	near_ir_rise	59	1.7588530996181813	1.7588530996181813	NIRSpec	false	full_n2401	1	2401	2401	6000	2.4989587671803415	4.9582515221832172e-06	0.058042152287399985	jwst_mcfost/runs/strict_continuum_3d_q_v1/anchors/w003/strict_continuum_anchor.lambda	6096fee96dea6c68611a03b186f6797670dfd3a73c98ffae6e4e90e535aa1aee	41001	128000	jwst_mcfost/runs/strict_continuum_3d_q_v1/models/m2p00_a0p50_q3p25_i0p05/disk_envelope_m2p00_a0p50_q3p25_i0p05_rt.para	5a21d85be13223d205d023a6df3a093b376932b191ab6e64d3698c1831fd661a	4	jwst_mcfost/runs/strict_continuum_3d_q_v1/models/m2p00_a0p50_q3p25_i0p05/temperature	jwst_mcfost/runs/strict_continuum_3d_q_v1/rt_tasks/t043_m2p00_a0p50_q3p25_i0p05_w003
44	4	4	m2p00_a0p50_q3p25_i0p05	2.00	0.50	3.25	4	w004	near_ir_rise	81	2.1916659199557045	2.1916659199557045	NIRSpec	false	full_n2401	1	2401	2401	6000	2.4989587671803415	4.9582515221832172e-06	0.072324975358538254	jwst_mcfost/runs/strict_continuum_3d_q_v1/anchors/w004/strict_continuum_anchor.lambda	adcd8c330cb64fdf6cd13feaf0fe06ed6c9726df6e30e2a5ad9b3c488f684d87	41001	128000	jwst_mcfost/runs/strict_continuum_3d_q_v1/models/m2p00_a0p50_q3p25_i0p05/disk_envelope_m2p00_a0p50_q3p25_i0p05_rt.para	5a21d85be13223d205d023a6df3a093b376932b191ab6e64d3698c1831fd661a	4	jwst_mcfost/runs/strict_continuum_3d_q_v1/models/m2p00_a0p50_q3p25_i0p05/temperature	jwst_mcfost/runs/strict_continuum_3d_q_v1/rt_tasks/t044_m2p00_a0p50_q3p25_i0p05_w004
45	4	4	m2p00_a0p50_q3p25_i0p05	2.00	0.50	3.25	5	w005	near_ir_rise	96	2.546352514425122	2.546352514425122	NIRSpec	true	full_n2401	1	2401	2401	6000	2.4989587671803415	4.9582515221832172e-06	0.084029632976029028	jwst_mcfost/runs/strict_continuum_3d_q_v1/anchors/w005/strict_continuum_anchor.lambda	91d915d166c5e6bb5cb007f0659a7d85b73c54677f8d267a3239a12d70dd3290	41001	128000	jwst_mcfost/runs/strict_continuum_3d_q_v1/models/m2p00_a0p50_q3p25_i0p05/disk_envelope_m2p00_a0p50_q3p25_i0p05_rt.para	5a21d85be13223d205d023a6df3a093b376932b191ab6e64d3698c1831fd661a	4	jwst_mcfost/runs/strict_continuum_3d_q_v1/models/m2p00_a0p50_q3p25_i0p05/temperature	jwst_mcfost/runs/strict_continuum_3d_q_v1/rt_tasks/t045_m2p00_a0p50_q3p25_i0p05_w005
46	4	4	m2p00_a0p50_q3p25_i0p05	2.00	0.50	3.25	6	w006	window_3p9	139	3.9143995604061015	3.9143995604061015	NIRSpec	true	support_zoom_n2401	1.9975051980918284	2401	2401	3003.7468767198525	1.2510399319949406	2.4822220872915486e-06	0.12917518549340135	jwst_mcfost/runs/strict_continuum_3d_q_v1/anchors/w006/strict_continuum_anchor.lambda	3f9b717a21e711e16c54ebd68a2308d823da5c67f37df6ad2ddbe13da82b8010	41001	128000	jwst_mcfost/runs/strict_continuum_3d_q_v1/models/m2p00_a0p50_q3p25_i0p05/disk_envelope_m2p00_a0p50_q3p25_i0p05_rt.para	5a21d85be13223d205d023a6df3a093b376932b191ab6e64d3698c1831fd661a	4	jwst_mcfost/runs/strict_continuum_3d_q_v1/models/m2p00_a0p50_q3p25_i0p05/temperature	jwst_mcfost/runs/strict_continuum_3d_q_v1/rt_tasks/t046_m2p00_a0p50_q3p25_i0p05_w006
47	4	4	m2p00_a0p50_q3p25_i0p05	2.00	0.50	3.25	7	w007	window_5p4	171	5.3906283153397085	5.3906283153397085	MIRI	false	support_zoom_n2401	1.9975051980918284	2401	2401	3003.7468767198525	1.2510399319949406	2.4822220872915486e-06	0.28389073440621038	jwst_mcfost/runs/strict_continuum_3d_q_v1/anchors/w007/strict_continuum_anchor.lambda	5f63ad070f3c845a8f617a8a81a0c499df4a74529835dbb910e3bc7165189b12	41001	128000	jwst_mcfost/runs/strict_continuum_3d_q_v1/models/m2p00_a0p50_q3p25_i0p05/disk_envelope_m2p00_a0p50_q3p25_i0p05_rt.para	5a21d85be13223d205d023a6df3a093b376932b191ab6e64d3698c1831fd661a	4	jwst_mcfost/runs/strict_continuum_3d_q_v1/models/m2p00_a0p50_q3p25_i0p05/temperature	jwst_mcfost/runs/strict_continuum_3d_q_v1/rt_tasks/t047_m2p00_a0p50_q3p25_i0p05_w007
48	4	4	m2p00_a0p50_q3p25_i0p05	2.00	0.50	3.25	8	w008	window_13p8	265	13.799908320389276	13.799908320389276	MIRI	false	zoom_n1201	3.9933471945199667	1201	1201	1502.4989583259237	1.2510399319949406	2.4822220872915486e-06	0.5613969745728461	jwst_mcfost/runs/strict_continuum_3d_q_v1/anchors/w008/strict_continuum_anchor.lambda	5797e825e4c6cd5a59e2cc5a5e36940d0ba149f20340a55934be09f172095b37	41001	128000	jwst_mcfost/runs/strict_continuum_3d_q_v1/models/m2p00_a0p50_q3p25_i0p05/disk_envelope_m2p00_a0p50_q3p25_i0p05_rt.para	5a21d85be13223d205d023a6df3a093b376932b191ab6e64d3698c1831fd661a	4	jwst_mcfost/runs/strict_continuum_3d_q_v1/models/m2p00_a0p50_q3p25_i0p05/temperature	jwst_mcfost/runs/strict_continuum_3d_q_v1/rt_tasks/t048_m2p00_a0p50_q3p25_i0p05_w008
49	4	4	m2p00_a0p50_q3p25_i0p05	2.00	0.50	3.25	9	w009	window_27p5	334	27.513091575690556	27.513091575690556	MIRI	false	zoom_n1201	3.9933471945199667	1201	1201	1502.4989583259237	1.2510399319949406	2.4822220872915486e-06	1.0139320219977885	jwst_mcfost/runs/strict_continuum_3d_q_v1/anchors/w009/strict_continuum_anchor.lambda	02feaf67a3a60f2699c2d37af292482df3aaf64119571c73370a59f2c2945f23	41001	128000	jwst_mcfost/runs/strict_continuum_3d_q_v1/models/m2p00_a0p50_q3p25_i0p05/disk_envelope_m2p00_a0p50_q3p25_i0p05_rt.para	5a21d85be13223d205d023a6df3a093b376932b191ab6e64d3698c1831fd661a	4	jwst_mcfost/runs/strict_continuum_3d_q_v1/models/m2p00_a0p50_q3p25_i0p05/temperature	jwst_mcfost/runs/strict_continuum_3d_q_v1/rt_tasks/t049_m2p00_a0p50_q3p25_i0p05_w009
50	5	6	m2p00_a0p50_q3p75_i0p05	2.00	0.50	3.75	0	w000	near_ir_short	2	0.9946761707696127	0.9946761707696127	NIRSpec	false	full_n2401	1	2401	2401	6000	2.4989587671803415	4.9582515221832172e-06	0.032824313635397222	jwst_mcfost/runs/strict_continuum_3d_q_v1/anchors/w000/strict_continuum_anchor.lambda	958b10dda90471bb610395d7fe4ffc4a8c52cf9552775fb9f72f08df4d0897c3	41001	128000	jwst_mcfost/runs/strict_continuum_3d_q_v1/models/m2p00_a0p50_q3p75_i0p05/disk_envelope_m2p00_a0p50_q3p75_i0p05_rt.para	d324c1483ed5ba91ada7d5e1a7ac95091fb6841f884d5d7fc3bb56c4355f1c0f	5	jwst_mcfost/runs/strict_continuum_3d_q_v1/models/m2p00_a0p50_q3p75_i0p05/temperature	jwst_mcfost/runs/strict_continuum_3d_q_v1/rt_tasks/t050_m2p00_a0p50_q3p75_i0p05_w000
51	5	6	m2p00_a0p50_q3p75_i0p05	2.00	0.50	3.75	1	w001	near_ir_short	21	1.2028117593024095	1.2028117593024095	NIRSpec	false	full_n2401	1	2401	2401	6000	2.4989587671803415	4.9582515221832172e-06	0.039692788056979511	jwst_mcfost/runs/strict_continuum_3d_q_v1/anchors/w001/strict_continuum_anchor.lambda	03eac41388c201eb0d3587e76e6cdbb0a254d084dea08a854af129f7798c686d	41001	128000	jwst_mcfost/runs/strict_continuum_3d_q_v1/models/m2p00_a0p50_q3p75_i0p05/disk_envelope_m2p00_a0p50_q3p75_i0p05_rt.para	d324c1483ed5ba91ada7d5e1a7ac95091fb6841f884d5d7fc3bb56c4355f1c0f	5	jwst_mcfost/runs/strict_continuum_3d_q_v1/models/m2p00_a0p50_q3p75_i0p05/temperature	jwst_mcfost/runs/strict_continuum_3d_q_v1/rt_tasks/t051_m2p00_a0p50_q3p75_i0p05_w001
52	5	6	m2p00_a0p50_q3p75_i0p05	2.00	0.50	3.75	2	w002	near_ir_short	43	1.4987957445436022	1.4987957445436022	NIRSpec	false	full_n2401	1	2401	2401	6000	2.4989587671803415	4.9582515221832172e-06	0.049460259569938873	jwst_mcfost/runs/strict_continuum_3d_q_v1/anchors/w002/strict_continuum_anchor.lambda	5e5ede487ce8e28395d8732fcd14cbdcf044a502bbc451f3e32a4d760288e0ce	41001	128000	jwst_mcfost/runs/strict_continuum_3d_q_v1/models/m2p00_a0p50_q3p75_i0p05/disk_envelope_m2p00_a0p50_q3p75_i0p05_rt.para	d324c1483ed5ba91ada7d5e1a7ac95091fb6841f884d5d7fc3bb56c4355f1c0f	5	jwst_mcfost/runs/strict_continuum_3d_q_v1/models/m2p00_a0p50_q3p75_i0p05/temperature	jwst_mcfost/runs/strict_continuum_3d_q_v1/rt_tasks/t052_m2p00_a0p50_q3p75_i0p05_w002
53	5	6	m2p00_a0p50_q3p75_i0p05	2.00	0.50	3.75	3	w003	near_ir_rise	59	1.7588530996181813	1.7588530996181813	NIRSpec	false	full_n2401	1	2401	2401	6000	2.4989587671803415	4.9582515221832172e-06	0.058042152287399985	jwst_mcfost/runs/strict_continuum_3d_q_v1/anchors/w003/strict_continuum_anchor.lambda	6096fee96dea6c68611a03b186f6797670dfd3a73c98ffae6e4e90e535aa1aee	41001	128000	jwst_mcfost/runs/strict_continuum_3d_q_v1/models/m2p00_a0p50_q3p75_i0p05/disk_envelope_m2p00_a0p50_q3p75_i0p05_rt.para	d324c1483ed5ba91ada7d5e1a7ac95091fb6841f884d5d7fc3bb56c4355f1c0f	5	jwst_mcfost/runs/strict_continuum_3d_q_v1/models/m2p00_a0p50_q3p75_i0p05/temperature	jwst_mcfost/runs/strict_continuum_3d_q_v1/rt_tasks/t053_m2p00_a0p50_q3p75_i0p05_w003
54	5	6	m2p00_a0p50_q3p75_i0p05	2.00	0.50	3.75	4	w004	near_ir_rise	81	2.1916659199557045	2.1916659199557045	NIRSpec	false	full_n2401	1	2401	2401	6000	2.4989587671803415	4.9582515221832172e-06	0.072324975358538254	jwst_mcfost/runs/strict_continuum_3d_q_v1/anchors/w004/strict_continuum_anchor.lambda	adcd8c330cb64fdf6cd13feaf0fe06ed6c9726df6e30e2a5ad9b3c488f684d87	41001	128000	jwst_mcfost/runs/strict_continuum_3d_q_v1/models/m2p00_a0p50_q3p75_i0p05/disk_envelope_m2p00_a0p50_q3p75_i0p05_rt.para	d324c1483ed5ba91ada7d5e1a7ac95091fb6841f884d5d7fc3bb56c4355f1c0f	5	jwst_mcfost/runs/strict_continuum_3d_q_v1/models/m2p00_a0p50_q3p75_i0p05/temperature	jwst_mcfost/runs/strict_continuum_3d_q_v1/rt_tasks/t054_m2p00_a0p50_q3p75_i0p05_w004
55	5	6	m2p00_a0p50_q3p75_i0p05	2.00	0.50	3.75	5	w005	near_ir_rise	96	2.546352514425122	2.546352514425122	NIRSpec	true	full_n2401	1	2401	2401	6000	2.4989587671803415	4.9582515221832172e-06	0.084029632976029028	jwst_mcfost/runs/strict_continuum_3d_q_v1/anchors/w005/strict_continuum_anchor.lambda	91d915d166c5e6bb5cb007f0659a7d85b73c54677f8d267a3239a12d70dd3290	41001	128000	jwst_mcfost/runs/strict_continuum_3d_q_v1/models/m2p00_a0p50_q3p75_i0p05/disk_envelope_m2p00_a0p50_q3p75_i0p05_rt.para	d324c1483ed5ba91ada7d5e1a7ac95091fb6841f884d5d7fc3bb56c4355f1c0f	5	jwst_mcfost/runs/strict_continuum_3d_q_v1/models/m2p00_a0p50_q3p75_i0p05/temperature	jwst_mcfost/runs/strict_continuum_3d_q_v1/rt_tasks/t055_m2p00_a0p50_q3p75_i0p05_w005
56	5	6	m2p00_a0p50_q3p75_i0p05	2.00	0.50	3.75	6	w006	window_3p9	139	3.9143995604061015	3.9143995604061015	NIRSpec	true	support_zoom_n2401	1.9975051980918284	2401	2401	3003.7468767198525	1.2510399319949406	2.4822220872915486e-06	0.12917518549340135	jwst_mcfost/runs/strict_continuum_3d_q_v1/anchors/w006/strict_continuum_anchor.lambda	3f9b717a21e711e16c54ebd68a2308d823da5c67f37df6ad2ddbe13da82b8010	41001	128000	jwst_mcfost/runs/strict_continuum_3d_q_v1/models/m2p00_a0p50_q3p75_i0p05/disk_envelope_m2p00_a0p50_q3p75_i0p05_rt.para	d324c1483ed5ba91ada7d5e1a7ac95091fb6841f884d5d7fc3bb56c4355f1c0f	5	jwst_mcfost/runs/strict_continuum_3d_q_v1/models/m2p00_a0p50_q3p75_i0p05/temperature	jwst_mcfost/runs/strict_continuum_3d_q_v1/rt_tasks/t056_m2p00_a0p50_q3p75_i0p05_w006
57	5	6	m2p00_a0p50_q3p75_i0p05	2.00	0.50	3.75	7	w007	window_5p4	171	5.3906283153397085	5.3906283153397085	MIRI	false	support_zoom_n2401	1.9975051980918284	2401	2401	3003.7468767198525	1.2510399319949406	2.4822220872915486e-06	0.28389073440621038	jwst_mcfost/runs/strict_continuum_3d_q_v1/anchors/w007/strict_continuum_anchor.lambda	5f63ad070f3c845a8f617a8a81a0c499df4a74529835dbb910e3bc7165189b12	41001	128000	jwst_mcfost/runs/strict_continuum_3d_q_v1/models/m2p00_a0p50_q3p75_i0p05/disk_envelope_m2p00_a0p50_q3p75_i0p05_rt.para	d324c1483ed5ba91ada7d5e1a7ac95091fb6841f884d5d7fc3bb56c4355f1c0f	5	jwst_mcfost/runs/strict_continuum_3d_q_v1/models/m2p00_a0p50_q3p75_i0p05/temperature	jwst_mcfost/runs/strict_continuum_3d_q_v1/rt_tasks/t057_m2p00_a0p50_q3p75_i0p05_w007
58	5	6	m2p00_a0p50_q3p75_i0p05	2.00	0.50	3.75	8	w008	window_13p8	265	13.799908320389276	13.799908320389276	MIRI	false	zoom_n1201	3.9933471945199667	1201	1201	1502.4989583259237	1.2510399319949406	2.4822220872915486e-06	0.5613969745728461	jwst_mcfost/runs/strict_continuum_3d_q_v1/anchors/w008/strict_continuum_anchor.lambda	5797e825e4c6cd5a59e2cc5a5e36940d0ba149f20340a55934be09f172095b37	41001	128000	jwst_mcfost/runs/strict_continuum_3d_q_v1/models/m2p00_a0p50_q3p75_i0p05/disk_envelope_m2p00_a0p50_q3p75_i0p05_rt.para	d324c1483ed5ba91ada7d5e1a7ac95091fb6841f884d5d7fc3bb56c4355f1c0f	5	jwst_mcfost/runs/strict_continuum_3d_q_v1/models/m2p00_a0p50_q3p75_i0p05/temperature	jwst_mcfost/runs/strict_continuum_3d_q_v1/rt_tasks/t058_m2p00_a0p50_q3p75_i0p05_w008
59	5	6	m2p00_a0p50_q3p75_i0p05	2.00	0.50	3.75	9	w009	window_27p5	334	27.513091575690556	27.513091575690556	MIRI	false	zoom_n1201	3.9933471945199667	1201	1201	1502.4989583259237	1.2510399319949406	2.4822220872915486e-06	1.0139320219977885	jwst_mcfost/runs/strict_continuum_3d_q_v1/anchors/w009/strict_continuum_anchor.lambda	02feaf67a3a60f2699c2d37af292482df3aaf64119571c73370a59f2c2945f23	41001	128000	jwst_mcfost/runs/strict_continuum_3d_q_v1/models/m2p00_a0p50_q3p75_i0p05/disk_envelope_m2p00_a0p50_q3p75_i0p05_rt.para	d324c1483ed5ba91ada7d5e1a7ac95091fb6841f884d5d7fc3bb56c4355f1c0f	5	jwst_mcfost/runs/strict_continuum_3d_q_v1/models/m2p00_a0p50_q3p75_i0p05/temperature	jwst_mcfost/runs/strict_continuum_3d_q_v1/rt_tasks/t059_m2p00_a0p50_q3p75_i0p05_w009
60	6	7	m2p00_a0p50_q4p00_i0p05	2.00	0.50	4.00	0	w000	near_ir_short	2	0.9946761707696127	0.9946761707696127	NIRSpec	false	full_n2401	1	2401	2401	6000	2.4989587671803415	4.9582515221832172e-06	0.032824313635397222	jwst_mcfost/runs/strict_continuum_3d_q_v1/anchors/w000/strict_continuum_anchor.lambda	958b10dda90471bb610395d7fe4ffc4a8c52cf9552775fb9f72f08df4d0897c3	41001	128000	jwst_mcfost/runs/strict_continuum_3d_q_v1/models/m2p00_a0p50_q4p00_i0p05/disk_envelope_m2p00_a0p50_q4p00_i0p05_rt.para	ec7e6c937e40b8047202d039ced802aaf43a3ee92465e3c8a6fdd2be41032d36	6	jwst_mcfost/runs/strict_continuum_3d_q_v1/models/m2p00_a0p50_q4p00_i0p05/temperature	jwst_mcfost/runs/strict_continuum_3d_q_v1/rt_tasks/t060_m2p00_a0p50_q4p00_i0p05_w000
61	6	7	m2p00_a0p50_q4p00_i0p05	2.00	0.50	4.00	1	w001	near_ir_short	21	1.2028117593024095	1.2028117593024095	NIRSpec	false	full_n2401	1	2401	2401	6000	2.4989587671803415	4.9582515221832172e-06	0.039692788056979511	jwst_mcfost/runs/strict_continuum_3d_q_v1/anchors/w001/strict_continuum_anchor.lambda	03eac41388c201eb0d3587e76e6cdbb0a254d084dea08a854af129f7798c686d	41001	128000	jwst_mcfost/runs/strict_continuum_3d_q_v1/models/m2p00_a0p50_q4p00_i0p05/disk_envelope_m2p00_a0p50_q4p00_i0p05_rt.para	ec7e6c937e40b8047202d039ced802aaf43a3ee92465e3c8a6fdd2be41032d36	6	jwst_mcfost/runs/strict_continuum_3d_q_v1/models/m2p00_a0p50_q4p00_i0p05/temperature	jwst_mcfost/runs/strict_continuum_3d_q_v1/rt_tasks/t061_m2p00_a0p50_q4p00_i0p05_w001
62	6	7	m2p00_a0p50_q4p00_i0p05	2.00	0.50	4.00	2	w002	near_ir_short	43	1.4987957445436022	1.4987957445436022	NIRSpec	false	full_n2401	1	2401	2401	6000	2.4989587671803415	4.9582515221832172e-06	0.049460259569938873	jwst_mcfost/runs/strict_continuum_3d_q_v1/anchors/w002/strict_continuum_anchor.lambda	5e5ede487ce8e28395d8732fcd14cbdcf044a502bbc451f3e32a4d760288e0ce	41001	128000	jwst_mcfost/runs/strict_continuum_3d_q_v1/models/m2p00_a0p50_q4p00_i0p05/disk_envelope_m2p00_a0p50_q4p00_i0p05_rt.para	ec7e6c937e40b8047202d039ced802aaf43a3ee92465e3c8a6fdd2be41032d36	6	jwst_mcfost/runs/strict_continuum_3d_q_v1/models/m2p00_a0p50_q4p00_i0p05/temperature	jwst_mcfost/runs/strict_continuum_3d_q_v1/rt_tasks/t062_m2p00_a0p50_q4p00_i0p05_w002
63	6	7	m2p00_a0p50_q4p00_i0p05	2.00	0.50	4.00	3	w003	near_ir_rise	59	1.7588530996181813	1.7588530996181813	NIRSpec	false	full_n2401	1	2401	2401	6000	2.4989587671803415	4.9582515221832172e-06	0.058042152287399985	jwst_mcfost/runs/strict_continuum_3d_q_v1/anchors/w003/strict_continuum_anchor.lambda	6096fee96dea6c68611a03b186f6797670dfd3a73c98ffae6e4e90e535aa1aee	41001	128000	jwst_mcfost/runs/strict_continuum_3d_q_v1/models/m2p00_a0p50_q4p00_i0p05/disk_envelope_m2p00_a0p50_q4p00_i0p05_rt.para	ec7e6c937e40b8047202d039ced802aaf43a3ee92465e3c8a6fdd2be41032d36	6	jwst_mcfost/runs/strict_continuum_3d_q_v1/models/m2p00_a0p50_q4p00_i0p05/temperature	jwst_mcfost/runs/strict_continuum_3d_q_v1/rt_tasks/t063_m2p00_a0p50_q4p00_i0p05_w003
64	6	7	m2p00_a0p50_q4p00_i0p05	2.00	0.50	4.00	4	w004	near_ir_rise	81	2.1916659199557045	2.1916659199557045	NIRSpec	false	full_n2401	1	2401	2401	6000	2.4989587671803415	4.9582515221832172e-06	0.072324975358538254	jwst_mcfost/runs/strict_continuum_3d_q_v1/anchors/w004/strict_continuum_anchor.lambda	adcd8c330cb64fdf6cd13feaf0fe06ed6c9726df6e30e2a5ad9b3c488f684d87	41001	128000	jwst_mcfost/runs/strict_continuum_3d_q_v1/models/m2p00_a0p50_q4p00_i0p05/disk_envelope_m2p00_a0p50_q4p00_i0p05_rt.para	ec7e6c937e40b8047202d039ced802aaf43a3ee92465e3c8a6fdd2be41032d36	6	jwst_mcfost/runs/strict_continuum_3d_q_v1/models/m2p00_a0p50_q4p00_i0p05/temperature	jwst_mcfost/runs/strict_continuum_3d_q_v1/rt_tasks/t064_m2p00_a0p50_q4p00_i0p05_w004
65	6	7	m2p00_a0p50_q4p00_i0p05	2.00	0.50	4.00	5	w005	near_ir_rise	96	2.546352514425122	2.546352514425122	NIRSpec	true	full_n2401	1	2401	2401	6000	2.4989587671803415	4.9582515221832172e-06	0.084029632976029028	jwst_mcfost/runs/strict_continuum_3d_q_v1/anchors/w005/strict_continuum_anchor.lambda	91d915d166c5e6bb5cb007f0659a7d85b73c54677f8d267a3239a12d70dd3290	41001	128000	jwst_mcfost/runs/strict_continuum_3d_q_v1/models/m2p00_a0p50_q4p00_i0p05/disk_envelope_m2p00_a0p50_q4p00_i0p05_rt.para	ec7e6c937e40b8047202d039ced802aaf43a3ee92465e3c8a6fdd2be41032d36	6	jwst_mcfost/runs/strict_continuum_3d_q_v1/models/m2p00_a0p50_q4p00_i0p05/temperature	jwst_mcfost/runs/strict_continuum_3d_q_v1/rt_tasks/t065_m2p00_a0p50_q4p00_i0p05_w005
66	6	7	m2p00_a0p50_q4p00_i0p05	2.00	0.50	4.00	6	w006	window_3p9	139	3.9143995604061015	3.9143995604061015	NIRSpec	true	support_zoom_n2401	1.9975051980918284	2401	2401	3003.7468767198525	1.2510399319949406	2.4822220872915486e-06	0.12917518549340135	jwst_mcfost/runs/strict_continuum_3d_q_v1/anchors/w006/strict_continuum_anchor.lambda	3f9b717a21e711e16c54ebd68a2308d823da5c67f37df6ad2ddbe13da82b8010	41001	128000	jwst_mcfost/runs/strict_continuum_3d_q_v1/models/m2p00_a0p50_q4p00_i0p05/disk_envelope_m2p00_a0p50_q4p00_i0p05_rt.para	ec7e6c937e40b8047202d039ced802aaf43a3ee92465e3c8a6fdd2be41032d36	6	jwst_mcfost/runs/strict_continuum_3d_q_v1/models/m2p00_a0p50_q4p00_i0p05/temperature	jwst_mcfost/runs/strict_continuum_3d_q_v1/rt_tasks/t066_m2p00_a0p50_q4p00_i0p05_w006
67	6	7	m2p00_a0p50_q4p00_i0p05	2.00	0.50	4.00	7	w007	window_5p4	171	5.3906283153397085	5.3906283153397085	MIRI	false	support_zoom_n2401	1.9975051980918284	2401	2401	3003.7468767198525	1.2510399319949406	2.4822220872915486e-06	0.28389073440621038	jwst_mcfost/runs/strict_continuum_3d_q_v1/anchors/w007/strict_continuum_anchor.lambda	5f63ad070f3c845a8f617a8a81a0c499df4a74529835dbb910e3bc7165189b12	41001	128000	jwst_mcfost/runs/strict_continuum_3d_q_v1/models/m2p00_a0p50_q4p00_i0p05/disk_envelope_m2p00_a0p50_q4p00_i0p05_rt.para	ec7e6c937e40b8047202d039ced802aaf43a3ee92465e3c8a6fdd2be41032d36	6	jwst_mcfost/runs/strict_continuum_3d_q_v1/models/m2p00_a0p50_q4p00_i0p05/temperature	jwst_mcfost/runs/strict_continuum_3d_q_v1/rt_tasks/t067_m2p00_a0p50_q4p00_i0p05_w007
68	6	7	m2p00_a0p50_q4p00_i0p05	2.00	0.50	4.00	8	w008	window_13p8	265	13.799908320389276	13.799908320389276	MIRI	false	zoom_n1201	3.9933471945199667	1201	1201	1502.4989583259237	1.2510399319949406	2.4822220872915486e-06	0.5613969745728461	jwst_mcfost/runs/strict_continuum_3d_q_v1/anchors/w008/strict_continuum_anchor.lambda	5797e825e4c6cd5a59e2cc5a5e36940d0ba149f20340a55934be09f172095b37	41001	128000	jwst_mcfost/runs/strict_continuum_3d_q_v1/models/m2p00_a0p50_q4p00_i0p05/disk_envelope_m2p00_a0p50_q4p00_i0p05_rt.para	ec7e6c937e40b8047202d039ced802aaf43a3ee92465e3c8a6fdd2be41032d36	6	jwst_mcfost/runs/strict_continuum_3d_q_v1/models/m2p00_a0p50_q4p00_i0p05/temperature	jwst_mcfost/runs/strict_continuum_3d_q_v1/rt_tasks/t068_m2p00_a0p50_q4p00_i0p05_w008
69	6	7	m2p00_a0p50_q4p00_i0p05	2.00	0.50	4.00	9	w009	window_27p5	334	27.513091575690556	27.513091575690556	MIRI	false	zoom_n1201	3.9933471945199667	1201	1201	1502.4989583259237	1.2510399319949406	2.4822220872915486e-06	1.0139320219977885	jwst_mcfost/runs/strict_continuum_3d_q_v1/anchors/w009/strict_continuum_anchor.lambda	02feaf67a3a60f2699c2d37af292482df3aaf64119571c73370a59f2c2945f23	41001	128000	jwst_mcfost/runs/strict_continuum_3d_q_v1/models/m2p00_a0p50_q4p00_i0p05/disk_envelope_m2p00_a0p50_q4p00_i0p05_rt.para	ec7e6c937e40b8047202d039ced802aaf43a3ee92465e3c8a6fdd2be41032d36	6	jwst_mcfost/runs/strict_continuum_3d_q_v1/models/m2p00_a0p50_q4p00_i0p05/temperature	jwst_mcfost/runs/strict_continuum_3d_q_v1/rt_tasks/t069_m2p00_a0p50_q4p00_i0p05_w009
70	7	8	m2p00_a0p60_q3p25_i0p05	2.00	0.60	3.25	0	w000	near_ir_short	2	0.9946761707696127	0.9946761707696127	NIRSpec	false	full_n2401	1	2401	2401	6000	2.4989587671803415	4.9582515221832172e-06	0.032824313635397222	jwst_mcfost/runs/strict_continuum_3d_q_v1/anchors/w000/strict_continuum_anchor.lambda	958b10dda90471bb610395d7fe4ffc4a8c52cf9552775fb9f72f08df4d0897c3	41001	128000	jwst_mcfost/runs/strict_continuum_3d_q_v1/models/m2p00_a0p60_q3p25_i0p05/disk_envelope_m2p00_a0p60_q3p25_i0p05_rt.para	7ca3a8fab6a3174f87bb86b867ba130f3758099f5b09aecfb330787416b91538	7	jwst_mcfost/runs/strict_continuum_3d_q_v1/models/m2p00_a0p60_q3p25_i0p05/temperature	jwst_mcfost/runs/strict_continuum_3d_q_v1/rt_tasks/t070_m2p00_a0p60_q3p25_i0p05_w000
71	7	8	m2p00_a0p60_q3p25_i0p05	2.00	0.60	3.25	1	w001	near_ir_short	21	1.2028117593024095	1.2028117593024095	NIRSpec	false	full_n2401	1	2401	2401	6000	2.4989587671803415	4.9582515221832172e-06	0.039692788056979511	jwst_mcfost/runs/strict_continuum_3d_q_v1/anchors/w001/strict_continuum_anchor.lambda	03eac41388c201eb0d3587e76e6cdbb0a254d084dea08a854af129f7798c686d	41001	128000	jwst_mcfost/runs/strict_continuum_3d_q_v1/models/m2p00_a0p60_q3p25_i0p05/disk_envelope_m2p00_a0p60_q3p25_i0p05_rt.para	7ca3a8fab6a3174f87bb86b867ba130f3758099f5b09aecfb330787416b91538	7	jwst_mcfost/runs/strict_continuum_3d_q_v1/models/m2p00_a0p60_q3p25_i0p05/temperature	jwst_mcfost/runs/strict_continuum_3d_q_v1/rt_tasks/t071_m2p00_a0p60_q3p25_i0p05_w001
72	7	8	m2p00_a0p60_q3p25_i0p05	2.00	0.60	3.25	2	w002	near_ir_short	43	1.4987957445436022	1.4987957445436022	NIRSpec	false	full_n2401	1	2401	2401	6000	2.4989587671803415	4.9582515221832172e-06	0.049460259569938873	jwst_mcfost/runs/strict_continuum_3d_q_v1/anchors/w002/strict_continuum_anchor.lambda	5e5ede487ce8e28395d8732fcd14cbdcf044a502bbc451f3e32a4d760288e0ce	41001	128000	jwst_mcfost/runs/strict_continuum_3d_q_v1/models/m2p00_a0p60_q3p25_i0p05/disk_envelope_m2p00_a0p60_q3p25_i0p05_rt.para	7ca3a8fab6a3174f87bb86b867ba130f3758099f5b09aecfb330787416b91538	7	jwst_mcfost/runs/strict_continuum_3d_q_v1/models/m2p00_a0p60_q3p25_i0p05/temperature	jwst_mcfost/runs/strict_continuum_3d_q_v1/rt_tasks/t072_m2p00_a0p60_q3p25_i0p05_w002
73	7	8	m2p00_a0p60_q3p25_i0p05	2.00	0.60	3.25	3	w003	near_ir_rise	59	1.7588530996181813	1.7588530996181813	NIRSpec	false	full_n2401	1	2401	2401	6000	2.4989587671803415	4.9582515221832172e-06	0.058042152287399985	jwst_mcfost/runs/strict_continuum_3d_q_v1/anchors/w003/strict_continuum_anchor.lambda	6096fee96dea6c68611a03b186f6797670dfd3a73c98ffae6e4e90e535aa1aee	41001	128000	jwst_mcfost/runs/strict_continuum_3d_q_v1/models/m2p00_a0p60_q3p25_i0p05/disk_envelope_m2p00_a0p60_q3p25_i0p05_rt.para	7ca3a8fab6a3174f87bb86b867ba130f3758099f5b09aecfb330787416b91538	7	jwst_mcfost/runs/strict_continuum_3d_q_v1/models/m2p00_a0p60_q3p25_i0p05/temperature	jwst_mcfost/runs/strict_continuum_3d_q_v1/rt_tasks/t073_m2p00_a0p60_q3p25_i0p05_w003
74	7	8	m2p00_a0p60_q3p25_i0p05	2.00	0.60	3.25	4	w004	near_ir_rise	81	2.1916659199557045	2.1916659199557045	NIRSpec	false	full_n2401	1	2401	2401	6000	2.4989587671803415	4.9582515221832172e-06	0.072324975358538254	jwst_mcfost/runs/strict_continuum_3d_q_v1/anchors/w004/strict_continuum_anchor.lambda	adcd8c330cb64fdf6cd13feaf0fe06ed6c9726df6e30e2a5ad9b3c488f684d87	41001	128000	jwst_mcfost/runs/strict_continuum_3d_q_v1/models/m2p00_a0p60_q3p25_i0p05/disk_envelope_m2p00_a0p60_q3p25_i0p05_rt.para	7ca3a8fab6a3174f87bb86b867ba130f3758099f5b09aecfb330787416b91538	7	jwst_mcfost/runs/strict_continuum_3d_q_v1/models/m2p00_a0p60_q3p25_i0p05/temperature	jwst_mcfost/runs/strict_continuum_3d_q_v1/rt_tasks/t074_m2p00_a0p60_q3p25_i0p05_w004
75	7	8	m2p00_a0p60_q3p25_i0p05	2.00	0.60	3.25	5	w005	near_ir_rise	96	2.546352514425122	2.546352514425122	NIRSpec	true	full_n2401	1	2401	2401	6000	2.4989587671803415	4.9582515221832172e-06	0.084029632976029028	jwst_mcfost/runs/strict_continuum_3d_q_v1/anchors/w005/strict_continuum_anchor.lambda	91d915d166c5e6bb5cb007f0659a7d85b73c54677f8d267a3239a12d70dd3290	41001	128000	jwst_mcfost/runs/strict_continuum_3d_q_v1/models/m2p00_a0p60_q3p25_i0p05/disk_envelope_m2p00_a0p60_q3p25_i0p05_rt.para	7ca3a8fab6a3174f87bb86b867ba130f3758099f5b09aecfb330787416b91538	7	jwst_mcfost/runs/strict_continuum_3d_q_v1/models/m2p00_a0p60_q3p25_i0p05/temperature	jwst_mcfost/runs/strict_continuum_3d_q_v1/rt_tasks/t075_m2p00_a0p60_q3p25_i0p05_w005
76	7	8	m2p00_a0p60_q3p25_i0p05	2.00	0.60	3.25	6	w006	window_3p9	139	3.9143995604061015	3.9143995604061015	NIRSpec	true	support_zoom_n2401	1.9975051980918284	2401	2401	3003.7468767198525	1.2510399319949406	2.4822220872915486e-06	0.12917518549340135	jwst_mcfost/runs/strict_continuum_3d_q_v1/anchors/w006/strict_continuum_anchor.lambda	3f9b717a21e711e16c54ebd68a2308d823da5c67f37df6ad2ddbe13da82b8010	41001	128000	jwst_mcfost/runs/strict_continuum_3d_q_v1/models/m2p00_a0p60_q3p25_i0p05/disk_envelope_m2p00_a0p60_q3p25_i0p05_rt.para	7ca3a8fab6a3174f87bb86b867ba130f3758099f5b09aecfb330787416b91538	7	jwst_mcfost/runs/strict_continuum_3d_q_v1/models/m2p00_a0p60_q3p25_i0p05/temperature	jwst_mcfost/runs/strict_continuum_3d_q_v1/rt_tasks/t076_m2p00_a0p60_q3p25_i0p05_w006
77	7	8	m2p00_a0p60_q3p25_i0p05	2.00	0.60	3.25	7	w007	window_5p4	171	5.3906283153397085	5.3906283153397085	MIRI	false	support_zoom_n2401	1.9975051980918284	2401	2401	3003.7468767198525	1.2510399319949406	2.4822220872915486e-06	0.28389073440621038	jwst_mcfost/runs/strict_continuum_3d_q_v1/anchors/w007/strict_continuum_anchor.lambda	5f63ad070f3c845a8f617a8a81a0c499df4a74529835dbb910e3bc7165189b12	41001	128000	jwst_mcfost/runs/strict_continuum_3d_q_v1/models/m2p00_a0p60_q3p25_i0p05/disk_envelope_m2p00_a0p60_q3p25_i0p05_rt.para	7ca3a8fab6a3174f87bb86b867ba130f3758099f5b09aecfb330787416b91538	7	jwst_mcfost/runs/strict_continuum_3d_q_v1/models/m2p00_a0p60_q3p25_i0p05/temperature	jwst_mcfost/runs/strict_continuum_3d_q_v1/rt_tasks/t077_m2p00_a0p60_q3p25_i0p05_w007
78	7	8	m2p00_a0p60_q3p25_i0p05	2.00	0.60	3.25	8	w008	window_13p8	265	13.799908320389276	13.799908320389276	MIRI	false	zoom_n1201	3.9933471945199667	1201	1201	1502.4989583259237	1.2510399319949406	2.4822220872915486e-06	0.5613969745728461	jwst_mcfost/runs/strict_continuum_3d_q_v1/anchors/w008/strict_continuum_anchor.lambda	5797e825e4c6cd5a59e2cc5a5e36940d0ba149f20340a55934be09f172095b37	41001	128000	jwst_mcfost/runs/strict_continuum_3d_q_v1/models/m2p00_a0p60_q3p25_i0p05/disk_envelope_m2p00_a0p60_q3p25_i0p05_rt.para	7ca3a8fab6a3174f87bb86b867ba130f3758099f5b09aecfb330787416b91538	7	jwst_mcfost/runs/strict_continuum_3d_q_v1/models/m2p00_a0p60_q3p25_i0p05/temperature	jwst_mcfost/runs/strict_continuum_3d_q_v1/rt_tasks/t078_m2p00_a0p60_q3p25_i0p05_w008
79	7	8	m2p00_a0p60_q3p25_i0p05	2.00	0.60	3.25	9	w009	window_27p5	334	27.513091575690556	27.513091575690556	MIRI	false	zoom_n1201	3.9933471945199667	1201	1201	1502.4989583259237	1.2510399319949406	2.4822220872915486e-06	1.0139320219977885	jwst_mcfost/runs/strict_continuum_3d_q_v1/anchors/w009/strict_continuum_anchor.lambda	02feaf67a3a60f2699c2d37af292482df3aaf64119571c73370a59f2c2945f23	41001	128000	jwst_mcfost/runs/strict_continuum_3d_q_v1/models/m2p00_a0p60_q3p25_i0p05/disk_envelope_m2p00_a0p60_q3p25_i0p05_rt.para	7ca3a8fab6a3174f87bb86b867ba130f3758099f5b09aecfb330787416b91538	7	jwst_mcfost/runs/strict_continuum_3d_q_v1/models/m2p00_a0p60_q3p25_i0p05/temperature	jwst_mcfost/runs/strict_continuum_3d_q_v1/rt_tasks/t079_m2p00_a0p60_q3p25_i0p05_w009
80	8	10	m2p00_a0p60_q3p75_i0p05	2.00	0.60	3.75	0	w000	near_ir_short	2	0.9946761707696127	0.9946761707696127	NIRSpec	false	full_n2401	1	2401	2401	6000	2.4989587671803415	4.9582515221832172e-06	0.032824313635397222	jwst_mcfost/runs/strict_continuum_3d_q_v1/anchors/w000/strict_continuum_anchor.lambda	958b10dda90471bb610395d7fe4ffc4a8c52cf9552775fb9f72f08df4d0897c3	41001	128000	jwst_mcfost/runs/strict_continuum_3d_q_v1/models/m2p00_a0p60_q3p75_i0p05/disk_envelope_m2p00_a0p60_q3p75_i0p05_rt.para	07eb8f8e4567418d375b40fb70a98744882de665d39cbde3b1414399b5e7683a	8	jwst_mcfost/runs/strict_continuum_3d_q_v1/models/m2p00_a0p60_q3p75_i0p05/temperature	jwst_mcfost/runs/strict_continuum_3d_q_v1/rt_tasks/t080_m2p00_a0p60_q3p75_i0p05_w000
81	8	10	m2p00_a0p60_q3p75_i0p05	2.00	0.60	3.75	1	w001	near_ir_short	21	1.2028117593024095	1.2028117593024095	NIRSpec	false	full_n2401	1	2401	2401	6000	2.4989587671803415	4.9582515221832172e-06	0.039692788056979511	jwst_mcfost/runs/strict_continuum_3d_q_v1/anchors/w001/strict_continuum_anchor.lambda	03eac41388c201eb0d3587e76e6cdbb0a254d084dea08a854af129f7798c686d	41001	128000	jwst_mcfost/runs/strict_continuum_3d_q_v1/models/m2p00_a0p60_q3p75_i0p05/disk_envelope_m2p00_a0p60_q3p75_i0p05_rt.para	07eb8f8e4567418d375b40fb70a98744882de665d39cbde3b1414399b5e7683a	8	jwst_mcfost/runs/strict_continuum_3d_q_v1/models/m2p00_a0p60_q3p75_i0p05/temperature	jwst_mcfost/runs/strict_continuum_3d_q_v1/rt_tasks/t081_m2p00_a0p60_q3p75_i0p05_w001
82	8	10	m2p00_a0p60_q3p75_i0p05	2.00	0.60	3.75	2	w002	near_ir_short	43	1.4987957445436022	1.4987957445436022	NIRSpec	false	full_n2401	1	2401	2401	6000	2.4989587671803415	4.9582515221832172e-06	0.049460259569938873	jwst_mcfost/runs/strict_continuum_3d_q_v1/anchors/w002/strict_continuum_anchor.lambda	5e5ede487ce8e28395d8732fcd14cbdcf044a502bbc451f3e32a4d760288e0ce	41001	128000	jwst_mcfost/runs/strict_continuum_3d_q_v1/models/m2p00_a0p60_q3p75_i0p05/disk_envelope_m2p00_a0p60_q3p75_i0p05_rt.para	07eb8f8e4567418d375b40fb70a98744882de665d39cbde3b1414399b5e7683a	8	jwst_mcfost/runs/strict_continuum_3d_q_v1/models/m2p00_a0p60_q3p75_i0p05/temperature	jwst_mcfost/runs/strict_continuum_3d_q_v1/rt_tasks/t082_m2p00_a0p60_q3p75_i0p05_w002
83	8	10	m2p00_a0p60_q3p75_i0p05	2.00	0.60	3.75	3	w003	near_ir_rise	59	1.7588530996181813	1.7588530996181813	NIRSpec	false	full_n2401	1	2401	2401	6000	2.4989587671803415	4.9582515221832172e-06	0.058042152287399985	jwst_mcfost/runs/strict_continuum_3d_q_v1/anchors/w003/strict_continuum_anchor.lambda	6096fee96dea6c68611a03b186f6797670dfd3a73c98ffae6e4e90e535aa1aee	41001	128000	jwst_mcfost/runs/strict_continuum_3d_q_v1/models/m2p00_a0p60_q3p75_i0p05/disk_envelope_m2p00_a0p60_q3p75_i0p05_rt.para	07eb8f8e4567418d375b40fb70a98744882de665d39cbde3b1414399b5e7683a	8	jwst_mcfost/runs/strict_continuum_3d_q_v1/models/m2p00_a0p60_q3p75_i0p05/temperature	jwst_mcfost/runs/strict_continuum_3d_q_v1/rt_tasks/t083_m2p00_a0p60_q3p75_i0p05_w003
84	8	10	m2p00_a0p60_q3p75_i0p05	2.00	0.60	3.75	4	w004	near_ir_rise	81	2.1916659199557045	2.1916659199557045	NIRSpec	false	full_n2401	1	2401	2401	6000	2.4989587671803415	4.9582515221832172e-06	0.072324975358538254	jwst_mcfost/runs/strict_continuum_3d_q_v1/anchors/w004/strict_continuum_anchor.lambda	adcd8c330cb64fdf6cd13feaf0fe06ed6c9726df6e30e2a5ad9b3c488f684d87	41001	128000	jwst_mcfost/runs/strict_continuum_3d_q_v1/models/m2p00_a0p60_q3p75_i0p05/disk_envelope_m2p00_a0p60_q3p75_i0p05_rt.para	07eb8f8e4567418d375b40fb70a98744882de665d39cbde3b1414399b5e7683a	8	jwst_mcfost/runs/strict_continuum_3d_q_v1/models/m2p00_a0p60_q3p75_i0p05/temperature	jwst_mcfost/runs/strict_continuum_3d_q_v1/rt_tasks/t084_m2p00_a0p60_q3p75_i0p05_w004
85	8	10	m2p00_a0p60_q3p75_i0p05	2.00	0.60	3.75	5	w005	near_ir_rise	96	2.546352514425122	2.546352514425122	NIRSpec	true	full_n2401	1	2401	2401	6000	2.4989587671803415	4.9582515221832172e-06	0.084029632976029028	jwst_mcfost/runs/strict_continuum_3d_q_v1/anchors/w005/strict_continuum_anchor.lambda	91d915d166c5e6bb5cb007f0659a7d85b73c54677f8d267a3239a12d70dd3290	41001	128000	jwst_mcfost/runs/strict_continuum_3d_q_v1/models/m2p00_a0p60_q3p75_i0p05/disk_envelope_m2p00_a0p60_q3p75_i0p05_rt.para	07eb8f8e4567418d375b40fb70a98744882de665d39cbde3b1414399b5e7683a	8	jwst_mcfost/runs/strict_continuum_3d_q_v1/models/m2p00_a0p60_q3p75_i0p05/temperature	jwst_mcfost/runs/strict_continuum_3d_q_v1/rt_tasks/t085_m2p00_a0p60_q3p75_i0p05_w005
86	8	10	m2p00_a0p60_q3p75_i0p05	2.00	0.60	3.75	6	w006	window_3p9	139	3.9143995604061015	3.9143995604061015	NIRSpec	true	support_zoom_n2401	1.9975051980918284	2401	2401	3003.7468767198525	1.2510399319949406	2.4822220872915486e-06	0.12917518549340135	jwst_mcfost/runs/strict_continuum_3d_q_v1/anchors/w006/strict_continuum_anchor.lambda	3f9b717a21e711e16c54ebd68a2308d823da5c67f37df6ad2ddbe13da82b8010	41001	128000	jwst_mcfost/runs/strict_continuum_3d_q_v1/models/m2p00_a0p60_q3p75_i0p05/disk_envelope_m2p00_a0p60_q3p75_i0p05_rt.para	07eb8f8e4567418d375b40fb70a98744882de665d39cbde3b1414399b5e7683a	8	jwst_mcfost/runs/strict_continuum_3d_q_v1/models/m2p00_a0p60_q3p75_i0p05/temperature	jwst_mcfost/runs/strict_continuum_3d_q_v1/rt_tasks/t086_m2p00_a0p60_q3p75_i0p05_w006
87	8	10	m2p00_a0p60_q3p75_i0p05	2.00	0.60	3.75	7	w007	window_5p4	171	5.3906283153397085	5.3906283153397085	MIRI	false	support_zoom_n2401	1.9975051980918284	2401	2401	3003.7468767198525	1.2510399319949406	2.4822220872915486e-06	0.28389073440621038	jwst_mcfost/runs/strict_continuum_3d_q_v1/anchors/w007/strict_continuum_anchor.lambda	5f63ad070f3c845a8f617a8a81a0c499df4a74529835dbb910e3bc7165189b12	41001	128000	jwst_mcfost/runs/strict_continuum_3d_q_v1/models/m2p00_a0p60_q3p75_i0p05/disk_envelope_m2p00_a0p60_q3p75_i0p05_rt.para	07eb8f8e4567418d375b40fb70a98744882de665d39cbde3b1414399b5e7683a	8	jwst_mcfost/runs/strict_continuum_3d_q_v1/models/m2p00_a0p60_q3p75_i0p05/temperature	jwst_mcfost/runs/strict_continuum_3d_q_v1/rt_tasks/t087_m2p00_a0p60_q3p75_i0p05_w007
88	8	10	m2p00_a0p60_q3p75_i0p05	2.00	0.60	3.75	8	w008	window_13p8	265	13.799908320389276	13.799908320389276	MIRI	false	zoom_n1201	3.9933471945199667	1201	1201	1502.4989583259237	1.2510399319949406	2.4822220872915486e-06	0.5613969745728461	jwst_mcfost/runs/strict_continuum_3d_q_v1/anchors/w008/strict_continuum_anchor.lambda	5797e825e4c6cd5a59e2cc5a5e36940d0ba149f20340a55934be09f172095b37	41001	128000	jwst_mcfost/runs/strict_continuum_3d_q_v1/models/m2p00_a0p60_q3p75_i0p05/disk_envelope_m2p00_a0p60_q3p75_i0p05_rt.para	07eb8f8e4567418d375b40fb70a98744882de665d39cbde3b1414399b5e7683a	8	jwst_mcfost/runs/strict_continuum_3d_q_v1/models/m2p00_a0p60_q3p75_i0p05/temperature	jwst_mcfost/runs/strict_continuum_3d_q_v1/rt_tasks/t088_m2p00_a0p60_q3p75_i0p05_w008
89	8	10	m2p00_a0p60_q3p75_i0p05	2.00	0.60	3.75	9	w009	window_27p5	334	27.513091575690556	27.513091575690556	MIRI	false	zoom_n1201	3.9933471945199667	1201	1201	1502.4989583259237	1.2510399319949406	2.4822220872915486e-06	1.0139320219977885	jwst_mcfost/runs/strict_continuum_3d_q_v1/anchors/w009/strict_continuum_anchor.lambda	02feaf67a3a60f2699c2d37af292482df3aaf64119571c73370a59f2c2945f23	41001	128000	jwst_mcfost/runs/strict_continuum_3d_q_v1/models/m2p00_a0p60_q3p75_i0p05/disk_envelope_m2p00_a0p60_q3p75_i0p05_rt.para	07eb8f8e4567418d375b40fb70a98744882de665d39cbde3b1414399b5e7683a	8	jwst_mcfost/runs/strict_continuum_3d_q_v1/models/m2p00_a0p60_q3p75_i0p05/temperature	jwst_mcfost/runs/strict_continuum_3d_q_v1/rt_tasks/t089_m2p00_a0p60_q3p75_i0p05_w009
90	9	11	m2p00_a0p60_q4p00_i0p05	2.00	0.60	4.00	0	w000	near_ir_short	2	0.9946761707696127	0.9946761707696127	NIRSpec	false	full_n2401	1	2401	2401	6000	2.4989587671803415	4.9582515221832172e-06	0.032824313635397222	jwst_mcfost/runs/strict_continuum_3d_q_v1/anchors/w000/strict_continuum_anchor.lambda	958b10dda90471bb610395d7fe4ffc4a8c52cf9552775fb9f72f08df4d0897c3	41001	128000	jwst_mcfost/runs/strict_continuum_3d_q_v1/models/m2p00_a0p60_q4p00_i0p05/disk_envelope_m2p00_a0p60_q4p00_i0p05_rt.para	cbaf5717cdba77bd54615c9207430f114f37cdee7ab416261e28daa5a0d66740	9	jwst_mcfost/runs/strict_continuum_3d_q_v1/models/m2p00_a0p60_q4p00_i0p05/temperature	jwst_mcfost/runs/strict_continuum_3d_q_v1/rt_tasks/t090_m2p00_a0p60_q4p00_i0p05_w000
91	9	11	m2p00_a0p60_q4p00_i0p05	2.00	0.60	4.00	1	w001	near_ir_short	21	1.2028117593024095	1.2028117593024095	NIRSpec	false	full_n2401	1	2401	2401	6000	2.4989587671803415	4.9582515221832172e-06	0.039692788056979511	jwst_mcfost/runs/strict_continuum_3d_q_v1/anchors/w001/strict_continuum_anchor.lambda	03eac41388c201eb0d3587e76e6cdbb0a254d084dea08a854af129f7798c686d	41001	128000	jwst_mcfost/runs/strict_continuum_3d_q_v1/models/m2p00_a0p60_q4p00_i0p05/disk_envelope_m2p00_a0p60_q4p00_i0p05_rt.para	cbaf5717cdba77bd54615c9207430f114f37cdee7ab416261e28daa5a0d66740	9	jwst_mcfost/runs/strict_continuum_3d_q_v1/models/m2p00_a0p60_q4p00_i0p05/temperature	jwst_mcfost/runs/strict_continuum_3d_q_v1/rt_tasks/t091_m2p00_a0p60_q4p00_i0p05_w001
92	9	11	m2p00_a0p60_q4p00_i0p05	2.00	0.60	4.00	2	w002	near_ir_short	43	1.4987957445436022	1.4987957445436022	NIRSpec	false	full_n2401	1	2401	2401	6000	2.4989587671803415	4.9582515221832172e-06	0.049460259569938873	jwst_mcfost/runs/strict_continuum_3d_q_v1/anchors/w002/strict_continuum_anchor.lambda	5e5ede487ce8e28395d8732fcd14cbdcf044a502bbc451f3e32a4d760288e0ce	41001	128000	jwst_mcfost/runs/strict_continuum_3d_q_v1/models/m2p00_a0p60_q4p00_i0p05/disk_envelope_m2p00_a0p60_q4p00_i0p05_rt.para	cbaf5717cdba77bd54615c9207430f114f37cdee7ab416261e28daa5a0d66740	9	jwst_mcfost/runs/strict_continuum_3d_q_v1/models/m2p00_a0p60_q4p00_i0p05/temperature	jwst_mcfost/runs/strict_continuum_3d_q_v1/rt_tasks/t092_m2p00_a0p60_q4p00_i0p05_w002
93	9	11	m2p00_a0p60_q4p00_i0p05	2.00	0.60	4.00	3	w003	near_ir_rise	59	1.7588530996181813	1.7588530996181813	NIRSpec	false	full_n2401	1	2401	2401	6000	2.4989587671803415	4.9582515221832172e-06	0.058042152287399985	jwst_mcfost/runs/strict_continuum_3d_q_v1/anchors/w003/strict_continuum_anchor.lambda	6096fee96dea6c68611a03b186f6797670dfd3a73c98ffae6e4e90e535aa1aee	41001	128000	jwst_mcfost/runs/strict_continuum_3d_q_v1/models/m2p00_a0p60_q4p00_i0p05/disk_envelope_m2p00_a0p60_q4p00_i0p05_rt.para	cbaf5717cdba77bd54615c9207430f114f37cdee7ab416261e28daa5a0d66740	9	jwst_mcfost/runs/strict_continuum_3d_q_v1/models/m2p00_a0p60_q4p00_i0p05/temperature	jwst_mcfost/runs/strict_continuum_3d_q_v1/rt_tasks/t093_m2p00_a0p60_q4p00_i0p05_w003
94	9	11	m2p00_a0p60_q4p00_i0p05	2.00	0.60	4.00	4	w004	near_ir_rise	81	2.1916659199557045	2.1916659199557045	NIRSpec	false	full_n2401	1	2401	2401	6000	2.4989587671803415	4.9582515221832172e-06	0.072324975358538254	jwst_mcfost/runs/strict_continuum_3d_q_v1/anchors/w004/strict_continuum_anchor.lambda	adcd8c330cb64fdf6cd13feaf0fe06ed6c9726df6e30e2a5ad9b3c488f684d87	41001	128000	jwst_mcfost/runs/strict_continuum_3d_q_v1/models/m2p00_a0p60_q4p00_i0p05/disk_envelope_m2p00_a0p60_q4p00_i0p05_rt.para	cbaf5717cdba77bd54615c9207430f114f37cdee7ab416261e28daa5a0d66740	9	jwst_mcfost/runs/strict_continuum_3d_q_v1/models/m2p00_a0p60_q4p00_i0p05/temperature	jwst_mcfost/runs/strict_continuum_3d_q_v1/rt_tasks/t094_m2p00_a0p60_q4p00_i0p05_w004
95	9	11	m2p00_a0p60_q4p00_i0p05	2.00	0.60	4.00	5	w005	near_ir_rise	96	2.546352514425122	2.546352514425122	NIRSpec	true	full_n2401	1	2401	2401	6000	2.4989587671803415	4.9582515221832172e-06	0.084029632976029028	jwst_mcfost/runs/strict_continuum_3d_q_v1/anchors/w005/strict_continuum_anchor.lambda	91d915d166c5e6bb5cb007f0659a7d85b73c54677f8d267a3239a12d70dd3290	41001	128000	jwst_mcfost/runs/strict_continuum_3d_q_v1/models/m2p00_a0p60_q4p00_i0p05/disk_envelope_m2p00_a0p60_q4p00_i0p05_rt.para	cbaf5717cdba77bd54615c9207430f114f37cdee7ab416261e28daa5a0d66740	9	jwst_mcfost/runs/strict_continuum_3d_q_v1/models/m2p00_a0p60_q4p00_i0p05/temperature	jwst_mcfost/runs/strict_continuum_3d_q_v1/rt_tasks/t095_m2p00_a0p60_q4p00_i0p05_w005
96	9	11	m2p00_a0p60_q4p00_i0p05	2.00	0.60	4.00	6	w006	window_3p9	139	3.9143995604061015	3.9143995604061015	NIRSpec	true	support_zoom_n2401	1.9975051980918284	2401	2401	3003.7468767198525	1.2510399319949406	2.4822220872915486e-06	0.12917518549340135	jwst_mcfost/runs/strict_continuum_3d_q_v1/anchors/w006/strict_continuum_anchor.lambda	3f9b717a21e711e16c54ebd68a2308d823da5c67f37df6ad2ddbe13da82b8010	41001	128000	jwst_mcfost/runs/strict_continuum_3d_q_v1/models/m2p00_a0p60_q4p00_i0p05/disk_envelope_m2p00_a0p60_q4p00_i0p05_rt.para	cbaf5717cdba77bd54615c9207430f114f37cdee7ab416261e28daa5a0d66740	9	jwst_mcfost/runs/strict_continuum_3d_q_v1/models/m2p00_a0p60_q4p00_i0p05/temperature	jwst_mcfost/runs/strict_continuum_3d_q_v1/rt_tasks/t096_m2p00_a0p60_q4p00_i0p05_w006
97	9	11	m2p00_a0p60_q4p00_i0p05	2.00	0.60	4.00	7	w007	window_5p4	171	5.3906283153397085	5.3906283153397085	MIRI	false	support_zoom_n2401	1.9975051980918284	2401	2401	3003.7468767198525	1.2510399319949406	2.4822220872915486e-06	0.28389073440621038	jwst_mcfost/runs/strict_continuum_3d_q_v1/anchors/w007/strict_continuum_anchor.lambda	5f63ad070f3c845a8f617a8a81a0c499df4a74529835dbb910e3bc7165189b12	41001	128000	jwst_mcfost/runs/strict_continuum_3d_q_v1/models/m2p00_a0p60_q4p00_i0p05/disk_envelope_m2p00_a0p60_q4p00_i0p05_rt.para	cbaf5717cdba77bd54615c9207430f114f37cdee7ab416261e28daa5a0d66740	9	jwst_mcfost/runs/strict_continuum_3d_q_v1/models/m2p00_a0p60_q4p00_i0p05/temperature	jwst_mcfost/runs/strict_continuum_3d_q_v1/rt_tasks/t097_m2p00_a0p60_q4p00_i0p05_w007
98	9	11	m2p00_a0p60_q4p00_i0p05	2.00	0.60	4.00	8	w008	window_13p8	265	13.799908320389276	13.799908320389276	MIRI	false	zoom_n1201	3.9933471945199667	1201	1201	1502.4989583259237	1.2510399319949406	2.4822220872915486e-06	0.5613969745728461	jwst_mcfost/runs/strict_continuum_3d_q_v1/anchors/w008/strict_continuum_anchor.lambda	5797e825e4c6cd5a59e2cc5a5e36940d0ba149f20340a55934be09f172095b37	41001	128000	jwst_mcfost/runs/strict_continuum_3d_q_v1/models/m2p00_a0p60_q4p00_i0p05/disk_envelope_m2p00_a0p60_q4p00_i0p05_rt.para	cbaf5717cdba77bd54615c9207430f114f37cdee7ab416261e28daa5a0d66740	9	jwst_mcfost/runs/strict_continuum_3d_q_v1/models/m2p00_a0p60_q4p00_i0p05/temperature	jwst_mcfost/runs/strict_continuum_3d_q_v1/rt_tasks/t098_m2p00_a0p60_q4p00_i0p05_w008
99	9	11	m2p00_a0p60_q4p00_i0p05	2.00	0.60	4.00	9	w009	window_27p5	334	27.513091575690556	27.513091575690556	MIRI	false	zoom_n1201	3.9933471945199667	1201	1201	1502.4989583259237	1.2510399319949406	2.4822220872915486e-06	1.0139320219977885	jwst_mcfost/runs/strict_continuum_3d_q_v1/anchors/w009/strict_continuum_anchor.lambda	02feaf67a3a60f2699c2d37af292482df3aaf64119571c73370a59f2c2945f23	41001	128000	jwst_mcfost/runs/strict_continuum_3d_q_v1/models/m2p00_a0p60_q4p00_i0p05/disk_envelope_m2p00_a0p60_q4p00_i0p05_rt.para	cbaf5717cdba77bd54615c9207430f114f37cdee7ab416261e28daa5a0d66740	9	jwst_mcfost/runs/strict_continuum_3d_q_v1/models/m2p00_a0p60_q4p00_i0p05/temperature	jwst_mcfost/runs/strict_continuum_3d_q_v1/rt_tasks/t099_m2p00_a0p60_q4p00_i0p05_w009
100	10	12	m2p25_a0p40_q3p25_i0p05	2.25	0.40	3.25	0	w000	near_ir_short	2	0.9946761707696127	0.9946761707696127	NIRSpec	false	full_n2401	1	2401	2401	6000	2.4989587671803415	4.9582515221832172e-06	0.032824313635397222	jwst_mcfost/runs/strict_continuum_3d_q_v1/anchors/w000/strict_continuum_anchor.lambda	958b10dda90471bb610395d7fe4ffc4a8c52cf9552775fb9f72f08df4d0897c3	41001	128000	jwst_mcfost/runs/strict_continuum_3d_q_v1/models/m2p25_a0p40_q3p25_i0p05/disk_envelope_m2p25_a0p40_q3p25_i0p05_rt.para	238130d76387998290b360c7dc68c330824e95e48a1cd2a70c2625f90e1c986c	10	jwst_mcfost/runs/strict_continuum_3d_q_v1/models/m2p25_a0p40_q3p25_i0p05/temperature	jwst_mcfost/runs/strict_continuum_3d_q_v1/rt_tasks/t100_m2p25_a0p40_q3p25_i0p05_w000
101	10	12	m2p25_a0p40_q3p25_i0p05	2.25	0.40	3.25	1	w001	near_ir_short	21	1.2028117593024095	1.2028117593024095	NIRSpec	false	full_n2401	1	2401	2401	6000	2.4989587671803415	4.9582515221832172e-06	0.039692788056979511	jwst_mcfost/runs/strict_continuum_3d_q_v1/anchors/w001/strict_continuum_anchor.lambda	03eac41388c201eb0d3587e76e6cdbb0a254d084dea08a854af129f7798c686d	41001	128000	jwst_mcfost/runs/strict_continuum_3d_q_v1/models/m2p25_a0p40_q3p25_i0p05/disk_envelope_m2p25_a0p40_q3p25_i0p05_rt.para	238130d76387998290b360c7dc68c330824e95e48a1cd2a70c2625f90e1c986c	10	jwst_mcfost/runs/strict_continuum_3d_q_v1/models/m2p25_a0p40_q3p25_i0p05/temperature	jwst_mcfost/runs/strict_continuum_3d_q_v1/rt_tasks/t101_m2p25_a0p40_q3p25_i0p05_w001
102	10	12	m2p25_a0p40_q3p25_i0p05	2.25	0.40	3.25	2	w002	near_ir_short	43	1.4987957445436022	1.4987957445436022	NIRSpec	false	full_n2401	1	2401	2401	6000	2.4989587671803415	4.9582515221832172e-06	0.049460259569938873	jwst_mcfost/runs/strict_continuum_3d_q_v1/anchors/w002/strict_continuum_anchor.lambda	5e5ede487ce8e28395d8732fcd14cbdcf044a502bbc451f3e32a4d760288e0ce	41001	128000	jwst_mcfost/runs/strict_continuum_3d_q_v1/models/m2p25_a0p40_q3p25_i0p05/disk_envelope_m2p25_a0p40_q3p25_i0p05_rt.para	238130d76387998290b360c7dc68c330824e95e48a1cd2a70c2625f90e1c986c	10	jwst_mcfost/runs/strict_continuum_3d_q_v1/models/m2p25_a0p40_q3p25_i0p05/temperature	jwst_mcfost/runs/strict_continuum_3d_q_v1/rt_tasks/t102_m2p25_a0p40_q3p25_i0p05_w002
103	10	12	m2p25_a0p40_q3p25_i0p05	2.25	0.40	3.25	3	w003	near_ir_rise	59	1.7588530996181813	1.7588530996181813	NIRSpec	false	full_n2401	1	2401	2401	6000	2.4989587671803415	4.9582515221832172e-06	0.058042152287399985	jwst_mcfost/runs/strict_continuum_3d_q_v1/anchors/w003/strict_continuum_anchor.lambda	6096fee96dea6c68611a03b186f6797670dfd3a73c98ffae6e4e90e535aa1aee	41001	128000	jwst_mcfost/runs/strict_continuum_3d_q_v1/models/m2p25_a0p40_q3p25_i0p05/disk_envelope_m2p25_a0p40_q3p25_i0p05_rt.para	238130d76387998290b360c7dc68c330824e95e48a1cd2a70c2625f90e1c986c	10	jwst_mcfost/runs/strict_continuum_3d_q_v1/models/m2p25_a0p40_q3p25_i0p05/temperature	jwst_mcfost/runs/strict_continuum_3d_q_v1/rt_tasks/t103_m2p25_a0p40_q3p25_i0p05_w003
104	10	12	m2p25_a0p40_q3p25_i0p05	2.25	0.40	3.25	4	w004	near_ir_rise	81	2.1916659199557045	2.1916659199557045	NIRSpec	false	full_n2401	1	2401	2401	6000	2.4989587671803415	4.9582515221832172e-06	0.072324975358538254	jwst_mcfost/runs/strict_continuum_3d_q_v1/anchors/w004/strict_continuum_anchor.lambda	adcd8c330cb64fdf6cd13feaf0fe06ed6c9726df6e30e2a5ad9b3c488f684d87	41001	128000	jwst_mcfost/runs/strict_continuum_3d_q_v1/models/m2p25_a0p40_q3p25_i0p05/disk_envelope_m2p25_a0p40_q3p25_i0p05_rt.para	238130d76387998290b360c7dc68c330824e95e48a1cd2a70c2625f90e1c986c	10	jwst_mcfost/runs/strict_continuum_3d_q_v1/models/m2p25_a0p40_q3p25_i0p05/temperature	jwst_mcfost/runs/strict_continuum_3d_q_v1/rt_tasks/t104_m2p25_a0p40_q3p25_i0p05_w004
105	10	12	m2p25_a0p40_q3p25_i0p05	2.25	0.40	3.25	5	w005	near_ir_rise	96	2.546352514425122	2.546352514425122	NIRSpec	true	full_n2401	1	2401	2401	6000	2.4989587671803415	4.9582515221832172e-06	0.084029632976029028	jwst_mcfost/runs/strict_continuum_3d_q_v1/anchors/w005/strict_continuum_anchor.lambda	91d915d166c5e6bb5cb007f0659a7d85b73c54677f8d267a3239a12d70dd3290	41001	128000	jwst_mcfost/runs/strict_continuum_3d_q_v1/models/m2p25_a0p40_q3p25_i0p05/disk_envelope_m2p25_a0p40_q3p25_i0p05_rt.para	238130d76387998290b360c7dc68c330824e95e48a1cd2a70c2625f90e1c986c	10	jwst_mcfost/runs/strict_continuum_3d_q_v1/models/m2p25_a0p40_q3p25_i0p05/temperature	jwst_mcfost/runs/strict_continuum_3d_q_v1/rt_tasks/t105_m2p25_a0p40_q3p25_i0p05_w005
106	10	12	m2p25_a0p40_q3p25_i0p05	2.25	0.40	3.25	6	w006	window_3p9	139	3.9143995604061015	3.9143995604061015	NIRSpec	true	support_zoom_n2401	1.9975051980918284	2401	2401	3003.7468767198525	1.2510399319949406	2.4822220872915486e-06	0.12917518549340135	jwst_mcfost/runs/strict_continuum_3d_q_v1/anchors/w006/strict_continuum_anchor.lambda	3f9b717a21e711e16c54ebd68a2308d823da5c67f37df6ad2ddbe13da82b8010	41001	128000	jwst_mcfost/runs/strict_continuum_3d_q_v1/models/m2p25_a0p40_q3p25_i0p05/disk_envelope_m2p25_a0p40_q3p25_i0p05_rt.para	238130d76387998290b360c7dc68c330824e95e48a1cd2a70c2625f90e1c986c	10	jwst_mcfost/runs/strict_continuum_3d_q_v1/models/m2p25_a0p40_q3p25_i0p05/temperature	jwst_mcfost/runs/strict_continuum_3d_q_v1/rt_tasks/t106_m2p25_a0p40_q3p25_i0p05_w006
107	10	12	m2p25_a0p40_q3p25_i0p05	2.25	0.40	3.25	7	w007	window_5p4	171	5.3906283153397085	5.3906283153397085	MIRI	false	support_zoom_n2401	1.9975051980918284	2401	2401	3003.7468767198525	1.2510399319949406	2.4822220872915486e-06	0.28389073440621038	jwst_mcfost/runs/strict_continuum_3d_q_v1/anchors/w007/strict_continuum_anchor.lambda	5f63ad070f3c845a8f617a8a81a0c499df4a74529835dbb910e3bc7165189b12	41001	128000	jwst_mcfost/runs/strict_continuum_3d_q_v1/models/m2p25_a0p40_q3p25_i0p05/disk_envelope_m2p25_a0p40_q3p25_i0p05_rt.para	238130d76387998290b360c7dc68c330824e95e48a1cd2a70c2625f90e1c986c	10	jwst_mcfost/runs/strict_continuum_3d_q_v1/models/m2p25_a0p40_q3p25_i0p05/temperature	jwst_mcfost/runs/strict_continuum_3d_q_v1/rt_tasks/t107_m2p25_a0p40_q3p25_i0p05_w007
108	10	12	m2p25_a0p40_q3p25_i0p05	2.25	0.40	3.25	8	w008	window_13p8	265	13.799908320389276	13.799908320389276	MIRI	false	zoom_n1201	3.9933471945199667	1201	1201	1502.4989583259237	1.2510399319949406	2.4822220872915486e-06	0.5613969745728461	jwst_mcfost/runs/strict_continuum_3d_q_v1/anchors/w008/strict_continuum_anchor.lambda	5797e825e4c6cd5a59e2cc5a5e36940d0ba149f20340a55934be09f172095b37	41001	128000	jwst_mcfost/runs/strict_continuum_3d_q_v1/models/m2p25_a0p40_q3p25_i0p05/disk_envelope_m2p25_a0p40_q3p25_i0p05_rt.para	238130d76387998290b360c7dc68c330824e95e48a1cd2a70c2625f90e1c986c	10	jwst_mcfost/runs/strict_continuum_3d_q_v1/models/m2p25_a0p40_q3p25_i0p05/temperature	jwst_mcfost/runs/strict_continuum_3d_q_v1/rt_tasks/t108_m2p25_a0p40_q3p25_i0p05_w008
109	10	12	m2p25_a0p40_q3p25_i0p05	2.25	0.40	3.25	9	w009	window_27p5	334	27.513091575690556	27.513091575690556	MIRI	false	zoom_n1201	3.9933471945199667	1201	1201	1502.4989583259237	1.2510399319949406	2.4822220872915486e-06	1.0139320219977885	jwst_mcfost/runs/strict_continuum_3d_q_v1/anchors/w009/strict_continuum_anchor.lambda	02feaf67a3a60f2699c2d37af292482df3aaf64119571c73370a59f2c2945f23	41001	128000	jwst_mcfost/runs/strict_continuum_3d_q_v1/models/m2p25_a0p40_q3p25_i0p05/disk_envelope_m2p25_a0p40_q3p25_i0p05_rt.para	238130d76387998290b360c7dc68c330824e95e48a1cd2a70c2625f90e1c986c	10	jwst_mcfost/runs/strict_continuum_3d_q_v1/models/m2p25_a0p40_q3p25_i0p05/temperature	jwst_mcfost/runs/strict_continuum_3d_q_v1/rt_tasks/t109_m2p25_a0p40_q3p25_i0p05_w009
110	11	13	m2p25_a0p40_q3p50_i0p05	2.25	0.40	3.50	0	w000	near_ir_short	2	0.9946761707696127	0.9946761707696127	NIRSpec	false	full_n2401	1	2401	2401	6000	2.4989587671803415	4.9582515221832172e-06	0.032824313635397222	jwst_mcfost/runs/strict_continuum_3d_q_v1/anchors/w000/strict_continuum_anchor.lambda	958b10dda90471bb610395d7fe4ffc4a8c52cf9552775fb9f72f08df4d0897c3	41001	128000	jwst_mcfost/runs/strict_continuum_3d_q_v1/models/m2p25_a0p40_q3p50_i0p05/disk_envelope_m2p25_a0p40_q3p50_i0p05_rt.para	d49b4073d7ef9073a72267a9cbc8c98e707a83c97458b1ab431a1c2612a51ca1	11	jwst_mcfost/runs/strict_continuum_3d_q_v1/models/m2p25_a0p40_q3p50_i0p05/temperature	jwst_mcfost/runs/strict_continuum_3d_q_v1/rt_tasks/t110_m2p25_a0p40_q3p50_i0p05_w000
111	11	13	m2p25_a0p40_q3p50_i0p05	2.25	0.40	3.50	1	w001	near_ir_short	21	1.2028117593024095	1.2028117593024095	NIRSpec	false	full_n2401	1	2401	2401	6000	2.4989587671803415	4.9582515221832172e-06	0.039692788056979511	jwst_mcfost/runs/strict_continuum_3d_q_v1/anchors/w001/strict_continuum_anchor.lambda	03eac41388c201eb0d3587e76e6cdbb0a254d084dea08a854af129f7798c686d	41001	128000	jwst_mcfost/runs/strict_continuum_3d_q_v1/models/m2p25_a0p40_q3p50_i0p05/disk_envelope_m2p25_a0p40_q3p50_i0p05_rt.para	d49b4073d7ef9073a72267a9cbc8c98e707a83c97458b1ab431a1c2612a51ca1	11	jwst_mcfost/runs/strict_continuum_3d_q_v1/models/m2p25_a0p40_q3p50_i0p05/temperature	jwst_mcfost/runs/strict_continuum_3d_q_v1/rt_tasks/t111_m2p25_a0p40_q3p50_i0p05_w001
112	11	13	m2p25_a0p40_q3p50_i0p05	2.25	0.40	3.50	2	w002	near_ir_short	43	1.4987957445436022	1.4987957445436022	NIRSpec	false	full_n2401	1	2401	2401	6000	2.4989587671803415	4.9582515221832172e-06	0.049460259569938873	jwst_mcfost/runs/strict_continuum_3d_q_v1/anchors/w002/strict_continuum_anchor.lambda	5e5ede487ce8e28395d8732fcd14cbdcf044a502bbc451f3e32a4d760288e0ce	41001	128000	jwst_mcfost/runs/strict_continuum_3d_q_v1/models/m2p25_a0p40_q3p50_i0p05/disk_envelope_m2p25_a0p40_q3p50_i0p05_rt.para	d49b4073d7ef9073a72267a9cbc8c98e707a83c97458b1ab431a1c2612a51ca1	11	jwst_mcfost/runs/strict_continuum_3d_q_v1/models/m2p25_a0p40_q3p50_i0p05/temperature	jwst_mcfost/runs/strict_continuum_3d_q_v1/rt_tasks/t112_m2p25_a0p40_q3p50_i0p05_w002
113	11	13	m2p25_a0p40_q3p50_i0p05	2.25	0.40	3.50	3	w003	near_ir_rise	59	1.7588530996181813	1.7588530996181813	NIRSpec	false	full_n2401	1	2401	2401	6000	2.4989587671803415	4.9582515221832172e-06	0.058042152287399985	jwst_mcfost/runs/strict_continuum_3d_q_v1/anchors/w003/strict_continuum_anchor.lambda	6096fee96dea6c68611a03b186f6797670dfd3a73c98ffae6e4e90e535aa1aee	41001	128000	jwst_mcfost/runs/strict_continuum_3d_q_v1/models/m2p25_a0p40_q3p50_i0p05/disk_envelope_m2p25_a0p40_q3p50_i0p05_rt.para	d49b4073d7ef9073a72267a9cbc8c98e707a83c97458b1ab431a1c2612a51ca1	11	jwst_mcfost/runs/strict_continuum_3d_q_v1/models/m2p25_a0p40_q3p50_i0p05/temperature	jwst_mcfost/runs/strict_continuum_3d_q_v1/rt_tasks/t113_m2p25_a0p40_q3p50_i0p05_w003
114	11	13	m2p25_a0p40_q3p50_i0p05	2.25	0.40	3.50	4	w004	near_ir_rise	81	2.1916659199557045	2.1916659199557045	NIRSpec	false	full_n2401	1	2401	2401	6000	2.4989587671803415	4.9582515221832172e-06	0.072324975358538254	jwst_mcfost/runs/strict_continuum_3d_q_v1/anchors/w004/strict_continuum_anchor.lambda	adcd8c330cb64fdf6cd13feaf0fe06ed6c9726df6e30e2a5ad9b3c488f684d87	41001	128000	jwst_mcfost/runs/strict_continuum_3d_q_v1/models/m2p25_a0p40_q3p50_i0p05/disk_envelope_m2p25_a0p40_q3p50_i0p05_rt.para	d49b4073d7ef9073a72267a9cbc8c98e707a83c97458b1ab431a1c2612a51ca1	11	jwst_mcfost/runs/strict_continuum_3d_q_v1/models/m2p25_a0p40_q3p50_i0p05/temperature	jwst_mcfost/runs/strict_continuum_3d_q_v1/rt_tasks/t114_m2p25_a0p40_q3p50_i0p05_w004
115	11	13	m2p25_a0p40_q3p50_i0p05	2.25	0.40	3.50	5	w005	near_ir_rise	96	2.546352514425122	2.546352514425122	NIRSpec	true	full_n2401	1	2401	2401	6000	2.4989587671803415	4.9582515221832172e-06	0.084029632976029028	jwst_mcfost/runs/strict_continuum_3d_q_v1/anchors/w005/strict_continuum_anchor.lambda	91d915d166c5e6bb5cb007f0659a7d85b73c54677f8d267a3239a12d70dd3290	41001	128000	jwst_mcfost/runs/strict_continuum_3d_q_v1/models/m2p25_a0p40_q3p50_i0p05/disk_envelope_m2p25_a0p40_q3p50_i0p05_rt.para	d49b4073d7ef9073a72267a9cbc8c98e707a83c97458b1ab431a1c2612a51ca1	11	jwst_mcfost/runs/strict_continuum_3d_q_v1/models/m2p25_a0p40_q3p50_i0p05/temperature	jwst_mcfost/runs/strict_continuum_3d_q_v1/rt_tasks/t115_m2p25_a0p40_q3p50_i0p05_w005
116	11	13	m2p25_a0p40_q3p50_i0p05	2.25	0.40	3.50	6	w006	window_3p9	139	3.9143995604061015	3.9143995604061015	NIRSpec	true	support_zoom_n2401	1.9975051980918284	2401	2401	3003.7468767198525	1.2510399319949406	2.4822220872915486e-06	0.12917518549340135	jwst_mcfost/runs/strict_continuum_3d_q_v1/anchors/w006/strict_continuum_anchor.lambda	3f9b717a21e711e16c54ebd68a2308d823da5c67f37df6ad2ddbe13da82b8010	41001	128000	jwst_mcfost/runs/strict_continuum_3d_q_v1/models/m2p25_a0p40_q3p50_i0p05/disk_envelope_m2p25_a0p40_q3p50_i0p05_rt.para	d49b4073d7ef9073a72267a9cbc8c98e707a83c97458b1ab431a1c2612a51ca1	11	jwst_mcfost/runs/strict_continuum_3d_q_v1/models/m2p25_a0p40_q3p50_i0p05/temperature	jwst_mcfost/runs/strict_continuum_3d_q_v1/rt_tasks/t116_m2p25_a0p40_q3p50_i0p05_w006
117	11	13	m2p25_a0p40_q3p50_i0p05	2.25	0.40	3.50	7	w007	window_5p4	171	5.3906283153397085	5.3906283153397085	MIRI	false	support_zoom_n2401	1.9975051980918284	2401	2401	3003.7468767198525	1.2510399319949406	2.4822220872915486e-06	0.28389073440621038	jwst_mcfost/runs/strict_continuum_3d_q_v1/anchors/w007/strict_continuum_anchor.lambda	5f63ad070f3c845a8f617a8a81a0c499df4a74529835dbb910e3bc7165189b12	41001	128000	jwst_mcfost/runs/strict_continuum_3d_q_v1/models/m2p25_a0p40_q3p50_i0p05/disk_envelope_m2p25_a0p40_q3p50_i0p05_rt.para	d49b4073d7ef9073a72267a9cbc8c98e707a83c97458b1ab431a1c2612a51ca1	11	jwst_mcfost/runs/strict_continuum_3d_q_v1/models/m2p25_a0p40_q3p50_i0p05/temperature	jwst_mcfost/runs/strict_continuum_3d_q_v1/rt_tasks/t117_m2p25_a0p40_q3p50_i0p05_w007
118	11	13	m2p25_a0p40_q3p50_i0p05	2.25	0.40	3.50	8	w008	window_13p8	265	13.799908320389276	13.799908320389276	MIRI	false	zoom_n1201	3.9933471945199667	1201	1201	1502.4989583259237	1.2510399319949406	2.4822220872915486e-06	0.5613969745728461	jwst_mcfost/runs/strict_continuum_3d_q_v1/anchors/w008/strict_continuum_anchor.lambda	5797e825e4c6cd5a59e2cc5a5e36940d0ba149f20340a55934be09f172095b37	41001	128000	jwst_mcfost/runs/strict_continuum_3d_q_v1/models/m2p25_a0p40_q3p50_i0p05/disk_envelope_m2p25_a0p40_q3p50_i0p05_rt.para	d49b4073d7ef9073a72267a9cbc8c98e707a83c97458b1ab431a1c2612a51ca1	11	jwst_mcfost/runs/strict_continuum_3d_q_v1/models/m2p25_a0p40_q3p50_i0p05/temperature	jwst_mcfost/runs/strict_continuum_3d_q_v1/rt_tasks/t118_m2p25_a0p40_q3p50_i0p05_w008
119	11	13	m2p25_a0p40_q3p50_i0p05	2.25	0.40	3.50	9	w009	window_27p5	334	27.513091575690556	27.513091575690556	MIRI	false	zoom_n1201	3.9933471945199667	1201	1201	1502.4989583259237	1.2510399319949406	2.4822220872915486e-06	1.0139320219977885	jwst_mcfost/runs/strict_continuum_3d_q_v1/anchors/w009/strict_continuum_anchor.lambda	02feaf67a3a60f2699c2d37af292482df3aaf64119571c73370a59f2c2945f23	41001	128000	jwst_mcfost/runs/strict_continuum_3d_q_v1/models/m2p25_a0p40_q3p50_i0p05/disk_envelope_m2p25_a0p40_q3p50_i0p05_rt.para	d49b4073d7ef9073a72267a9cbc8c98e707a83c97458b1ab431a1c2612a51ca1	11	jwst_mcfost/runs/strict_continuum_3d_q_v1/models/m2p25_a0p40_q3p50_i0p05/temperature	jwst_mcfost/runs/strict_continuum_3d_q_v1/rt_tasks/t119_m2p25_a0p40_q3p50_i0p05_w009
120	12	14	m2p25_a0p40_q3p75_i0p05	2.25	0.40	3.75	0	w000	near_ir_short	2	0.9946761707696127	0.9946761707696127	NIRSpec	false	full_n2401	1	2401	2401	6000	2.4989587671803415	4.9582515221832172e-06	0.032824313635397222	jwst_mcfost/runs/strict_continuum_3d_q_v1/anchors/w000/strict_continuum_anchor.lambda	958b10dda90471bb610395d7fe4ffc4a8c52cf9552775fb9f72f08df4d0897c3	41001	128000	jwst_mcfost/runs/strict_continuum_3d_q_v1/models/m2p25_a0p40_q3p75_i0p05/disk_envelope_m2p25_a0p40_q3p75_i0p05_rt.para	ce9220efb9948c86ccb01d1da9407722d42e3fb202b9058190e0dc784ca4139b	12	jwst_mcfost/runs/strict_continuum_3d_q_v1/models/m2p25_a0p40_q3p75_i0p05/temperature	jwst_mcfost/runs/strict_continuum_3d_q_v1/rt_tasks/t120_m2p25_a0p40_q3p75_i0p05_w000
121	12	14	m2p25_a0p40_q3p75_i0p05	2.25	0.40	3.75	1	w001	near_ir_short	21	1.2028117593024095	1.2028117593024095	NIRSpec	false	full_n2401	1	2401	2401	6000	2.4989587671803415	4.9582515221832172e-06	0.039692788056979511	jwst_mcfost/runs/strict_continuum_3d_q_v1/anchors/w001/strict_continuum_anchor.lambda	03eac41388c201eb0d3587e76e6cdbb0a254d084dea08a854af129f7798c686d	41001	128000	jwst_mcfost/runs/strict_continuum_3d_q_v1/models/m2p25_a0p40_q3p75_i0p05/disk_envelope_m2p25_a0p40_q3p75_i0p05_rt.para	ce9220efb9948c86ccb01d1da9407722d42e3fb202b9058190e0dc784ca4139b	12	jwst_mcfost/runs/strict_continuum_3d_q_v1/models/m2p25_a0p40_q3p75_i0p05/temperature	jwst_mcfost/runs/strict_continuum_3d_q_v1/rt_tasks/t121_m2p25_a0p40_q3p75_i0p05_w001
122	12	14	m2p25_a0p40_q3p75_i0p05	2.25	0.40	3.75	2	w002	near_ir_short	43	1.4987957445436022	1.4987957445436022	NIRSpec	false	full_n2401	1	2401	2401	6000	2.4989587671803415	4.9582515221832172e-06	0.049460259569938873	jwst_mcfost/runs/strict_continuum_3d_q_v1/anchors/w002/strict_continuum_anchor.lambda	5e5ede487ce8e28395d8732fcd14cbdcf044a502bbc451f3e32a4d760288e0ce	41001	128000	jwst_mcfost/runs/strict_continuum_3d_q_v1/models/m2p25_a0p40_q3p75_i0p05/disk_envelope_m2p25_a0p40_q3p75_i0p05_rt.para	ce9220efb9948c86ccb01d1da9407722d42e3fb202b9058190e0dc784ca4139b	12	jwst_mcfost/runs/strict_continuum_3d_q_v1/models/m2p25_a0p40_q3p75_i0p05/temperature	jwst_mcfost/runs/strict_continuum_3d_q_v1/rt_tasks/t122_m2p25_a0p40_q3p75_i0p05_w002
123	12	14	m2p25_a0p40_q3p75_i0p05	2.25	0.40	3.75	3	w003	near_ir_rise	59	1.7588530996181813	1.7588530996181813	NIRSpec	false	full_n2401	1	2401	2401	6000	2.4989587671803415	4.9582515221832172e-06	0.058042152287399985	jwst_mcfost/runs/strict_continuum_3d_q_v1/anchors/w003/strict_continuum_anchor.lambda	6096fee96dea6c68611a03b186f6797670dfd3a73c98ffae6e4e90e535aa1aee	41001	128000	jwst_mcfost/runs/strict_continuum_3d_q_v1/models/m2p25_a0p40_q3p75_i0p05/disk_envelope_m2p25_a0p40_q3p75_i0p05_rt.para	ce9220efb9948c86ccb01d1da9407722d42e3fb202b9058190e0dc784ca4139b	12	jwst_mcfost/runs/strict_continuum_3d_q_v1/models/m2p25_a0p40_q3p75_i0p05/temperature	jwst_mcfost/runs/strict_continuum_3d_q_v1/rt_tasks/t123_m2p25_a0p40_q3p75_i0p05_w003
124	12	14	m2p25_a0p40_q3p75_i0p05	2.25	0.40	3.75	4	w004	near_ir_rise	81	2.1916659199557045	2.1916659199557045	NIRSpec	false	full_n2401	1	2401	2401	6000	2.4989587671803415	4.9582515221832172e-06	0.072324975358538254	jwst_mcfost/runs/strict_continuum_3d_q_v1/anchors/w004/strict_continuum_anchor.lambda	adcd8c330cb64fdf6cd13feaf0fe06ed6c9726df6e30e2a5ad9b3c488f684d87	41001	128000	jwst_mcfost/runs/strict_continuum_3d_q_v1/models/m2p25_a0p40_q3p75_i0p05/disk_envelope_m2p25_a0p40_q3p75_i0p05_rt.para	ce9220efb9948c86ccb01d1da9407722d42e3fb202b9058190e0dc784ca4139b	12	jwst_mcfost/runs/strict_continuum_3d_q_v1/models/m2p25_a0p40_q3p75_i0p05/temperature	jwst_mcfost/runs/strict_continuum_3d_q_v1/rt_tasks/t124_m2p25_a0p40_q3p75_i0p05_w004
125	12	14	m2p25_a0p40_q3p75_i0p05	2.25	0.40	3.75	5	w005	near_ir_rise	96	2.546352514425122	2.546352514425122	NIRSpec	true	full_n2401	1	2401	2401	6000	2.4989587671803415	4.9582515221832172e-06	0.084029632976029028	jwst_mcfost/runs/strict_continuum_3d_q_v1/anchors/w005/strict_continuum_anchor.lambda	91d915d166c5e6bb5cb007f0659a7d85b73c54677f8d267a3239a12d70dd3290	41001	128000	jwst_mcfost/runs/strict_continuum_3d_q_v1/models/m2p25_a0p40_q3p75_i0p05/disk_envelope_m2p25_a0p40_q3p75_i0p05_rt.para	ce9220efb9948c86ccb01d1da9407722d42e3fb202b9058190e0dc784ca4139b	12	jwst_mcfost/runs/strict_continuum_3d_q_v1/models/m2p25_a0p40_q3p75_i0p05/temperature	jwst_mcfost/runs/strict_continuum_3d_q_v1/rt_tasks/t125_m2p25_a0p40_q3p75_i0p05_w005
126	12	14	m2p25_a0p40_q3p75_i0p05	2.25	0.40	3.75	6	w006	window_3p9	139	3.9143995604061015	3.9143995604061015	NIRSpec	true	support_zoom_n2401	1.9975051980918284	2401	2401	3003.7468767198525	1.2510399319949406	2.4822220872915486e-06	0.12917518549340135	jwst_mcfost/runs/strict_continuum_3d_q_v1/anchors/w006/strict_continuum_anchor.lambda	3f9b717a21e711e16c54ebd68a2308d823da5c67f37df6ad2ddbe13da82b8010	41001	128000	jwst_mcfost/runs/strict_continuum_3d_q_v1/models/m2p25_a0p40_q3p75_i0p05/disk_envelope_m2p25_a0p40_q3p75_i0p05_rt.para	ce9220efb9948c86ccb01d1da9407722d42e3fb202b9058190e0dc784ca4139b	12	jwst_mcfost/runs/strict_continuum_3d_q_v1/models/m2p25_a0p40_q3p75_i0p05/temperature	jwst_mcfost/runs/strict_continuum_3d_q_v1/rt_tasks/t126_m2p25_a0p40_q3p75_i0p05_w006
127	12	14	m2p25_a0p40_q3p75_i0p05	2.25	0.40	3.75	7	w007	window_5p4	171	5.3906283153397085	5.3906283153397085	MIRI	false	support_zoom_n2401	1.9975051980918284	2401	2401	3003.7468767198525	1.2510399319949406	2.4822220872915486e-06	0.28389073440621038	jwst_mcfost/runs/strict_continuum_3d_q_v1/anchors/w007/strict_continuum_anchor.lambda	5f63ad070f3c845a8f617a8a81a0c499df4a74529835dbb910e3bc7165189b12	41001	128000	jwst_mcfost/runs/strict_continuum_3d_q_v1/models/m2p25_a0p40_q3p75_i0p05/disk_envelope_m2p25_a0p40_q3p75_i0p05_rt.para	ce9220efb9948c86ccb01d1da9407722d42e3fb202b9058190e0dc784ca4139b	12	jwst_mcfost/runs/strict_continuum_3d_q_v1/models/m2p25_a0p40_q3p75_i0p05/temperature	jwst_mcfost/runs/strict_continuum_3d_q_v1/rt_tasks/t127_m2p25_a0p40_q3p75_i0p05_w007
128	12	14	m2p25_a0p40_q3p75_i0p05	2.25	0.40	3.75	8	w008	window_13p8	265	13.799908320389276	13.799908320389276	MIRI	false	zoom_n1201	3.9933471945199667	1201	1201	1502.4989583259237	1.2510399319949406	2.4822220872915486e-06	0.5613969745728461	jwst_mcfost/runs/strict_continuum_3d_q_v1/anchors/w008/strict_continuum_anchor.lambda	5797e825e4c6cd5a59e2cc5a5e36940d0ba149f20340a55934be09f172095b37	41001	128000	jwst_mcfost/runs/strict_continuum_3d_q_v1/models/m2p25_a0p40_q3p75_i0p05/disk_envelope_m2p25_a0p40_q3p75_i0p05_rt.para	ce9220efb9948c86ccb01d1da9407722d42e3fb202b9058190e0dc784ca4139b	12	jwst_mcfost/runs/strict_continuum_3d_q_v1/models/m2p25_a0p40_q3p75_i0p05/temperature	jwst_mcfost/runs/strict_continuum_3d_q_v1/rt_tasks/t128_m2p25_a0p40_q3p75_i0p05_w008
129	12	14	m2p25_a0p40_q3p75_i0p05	2.25	0.40	3.75	9	w009	window_27p5	334	27.513091575690556	27.513091575690556	MIRI	false	zoom_n1201	3.9933471945199667	1201	1201	1502.4989583259237	1.2510399319949406	2.4822220872915486e-06	1.0139320219977885	jwst_mcfost/runs/strict_continuum_3d_q_v1/anchors/w009/strict_continuum_anchor.lambda	02feaf67a3a60f2699c2d37af292482df3aaf64119571c73370a59f2c2945f23	41001	128000	jwst_mcfost/runs/strict_continuum_3d_q_v1/models/m2p25_a0p40_q3p75_i0p05/disk_envelope_m2p25_a0p40_q3p75_i0p05_rt.para	ce9220efb9948c86ccb01d1da9407722d42e3fb202b9058190e0dc784ca4139b	12	jwst_mcfost/runs/strict_continuum_3d_q_v1/models/m2p25_a0p40_q3p75_i0p05/temperature	jwst_mcfost/runs/strict_continuum_3d_q_v1/rt_tasks/t129_m2p25_a0p40_q3p75_i0p05_w009
130	13	15	m2p25_a0p40_q4p00_i0p05	2.25	0.40	4.00	0	w000	near_ir_short	2	0.9946761707696127	0.9946761707696127	NIRSpec	false	full_n2401	1	2401	2401	6000	2.4989587671803415	4.9582515221832172e-06	0.032824313635397222	jwst_mcfost/runs/strict_continuum_3d_q_v1/anchors/w000/strict_continuum_anchor.lambda	958b10dda90471bb610395d7fe4ffc4a8c52cf9552775fb9f72f08df4d0897c3	41001	128000	jwst_mcfost/runs/strict_continuum_3d_q_v1/models/m2p25_a0p40_q4p00_i0p05/disk_envelope_m2p25_a0p40_q4p00_i0p05_rt.para	15dd69b35ad9ee770c055dd3c8fcd570cf54934f867f5109d407618a14d786c2	13	jwst_mcfost/runs/strict_continuum_3d_q_v1/models/m2p25_a0p40_q4p00_i0p05/temperature	jwst_mcfost/runs/strict_continuum_3d_q_v1/rt_tasks/t130_m2p25_a0p40_q4p00_i0p05_w000
131	13	15	m2p25_a0p40_q4p00_i0p05	2.25	0.40	4.00	1	w001	near_ir_short	21	1.2028117593024095	1.2028117593024095	NIRSpec	false	full_n2401	1	2401	2401	6000	2.4989587671803415	4.9582515221832172e-06	0.039692788056979511	jwst_mcfost/runs/strict_continuum_3d_q_v1/anchors/w001/strict_continuum_anchor.lambda	03eac41388c201eb0d3587e76e6cdbb0a254d084dea08a854af129f7798c686d	41001	128000	jwst_mcfost/runs/strict_continuum_3d_q_v1/models/m2p25_a0p40_q4p00_i0p05/disk_envelope_m2p25_a0p40_q4p00_i0p05_rt.para	15dd69b35ad9ee770c055dd3c8fcd570cf54934f867f5109d407618a14d786c2	13	jwst_mcfost/runs/strict_continuum_3d_q_v1/models/m2p25_a0p40_q4p00_i0p05/temperature	jwst_mcfost/runs/strict_continuum_3d_q_v1/rt_tasks/t131_m2p25_a0p40_q4p00_i0p05_w001
132	13	15	m2p25_a0p40_q4p00_i0p05	2.25	0.40	4.00	2	w002	near_ir_short	43	1.4987957445436022	1.4987957445436022	NIRSpec	false	full_n2401	1	2401	2401	6000	2.4989587671803415	4.9582515221832172e-06	0.049460259569938873	jwst_mcfost/runs/strict_continuum_3d_q_v1/anchors/w002/strict_continuum_anchor.lambda	5e5ede487ce8e28395d8732fcd14cbdcf044a502bbc451f3e32a4d760288e0ce	41001	128000	jwst_mcfost/runs/strict_continuum_3d_q_v1/models/m2p25_a0p40_q4p00_i0p05/disk_envelope_m2p25_a0p40_q4p00_i0p05_rt.para	15dd69b35ad9ee770c055dd3c8fcd570cf54934f867f5109d407618a14d786c2	13	jwst_mcfost/runs/strict_continuum_3d_q_v1/models/m2p25_a0p40_q4p00_i0p05/temperature	jwst_mcfost/runs/strict_continuum_3d_q_v1/rt_tasks/t132_m2p25_a0p40_q4p00_i0p05_w002
133	13	15	m2p25_a0p40_q4p00_i0p05	2.25	0.40	4.00	3	w003	near_ir_rise	59	1.7588530996181813	1.7588530996181813	NIRSpec	false	full_n2401	1	2401	2401	6000	2.4989587671803415	4.9582515221832172e-06	0.058042152287399985	jwst_mcfost/runs/strict_continuum_3d_q_v1/anchors/w003/strict_continuum_anchor.lambda	6096fee96dea6c68611a03b186f6797670dfd3a73c98ffae6e4e90e535aa1aee	41001	128000	jwst_mcfost/runs/strict_continuum_3d_q_v1/models/m2p25_a0p40_q4p00_i0p05/disk_envelope_m2p25_a0p40_q4p00_i0p05_rt.para	15dd69b35ad9ee770c055dd3c8fcd570cf54934f867f5109d407618a14d786c2	13	jwst_mcfost/runs/strict_continuum_3d_q_v1/models/m2p25_a0p40_q4p00_i0p05/temperature	jwst_mcfost/runs/strict_continuum_3d_q_v1/rt_tasks/t133_m2p25_a0p40_q4p00_i0p05_w003
134	13	15	m2p25_a0p40_q4p00_i0p05	2.25	0.40	4.00	4	w004	near_ir_rise	81	2.1916659199557045	2.1916659199557045	NIRSpec	false	full_n2401	1	2401	2401	6000	2.4989587671803415	4.9582515221832172e-06	0.072324975358538254	jwst_mcfost/runs/strict_continuum_3d_q_v1/anchors/w004/strict_continuum_anchor.lambda	adcd8c330cb64fdf6cd13feaf0fe06ed6c9726df6e30e2a5ad9b3c488f684d87	41001	128000	jwst_mcfost/runs/strict_continuum_3d_q_v1/models/m2p25_a0p40_q4p00_i0p05/disk_envelope_m2p25_a0p40_q4p00_i0p05_rt.para	15dd69b35ad9ee770c055dd3c8fcd570cf54934f867f5109d407618a14d786c2	13	jwst_mcfost/runs/strict_continuum_3d_q_v1/models/m2p25_a0p40_q4p00_i0p05/temperature	jwst_mcfost/runs/strict_continuum_3d_q_v1/rt_tasks/t134_m2p25_a0p40_q4p00_i0p05_w004
135	13	15	m2p25_a0p40_q4p00_i0p05	2.25	0.40	4.00	5	w005	near_ir_rise	96	2.546352514425122	2.546352514425122	NIRSpec	true	full_n2401	1	2401	2401	6000	2.4989587671803415	4.9582515221832172e-06	0.084029632976029028	jwst_mcfost/runs/strict_continuum_3d_q_v1/anchors/w005/strict_continuum_anchor.lambda	91d915d166c5e6bb5cb007f0659a7d85b73c54677f8d267a3239a12d70dd3290	41001	128000	jwst_mcfost/runs/strict_continuum_3d_q_v1/models/m2p25_a0p40_q4p00_i0p05/disk_envelope_m2p25_a0p40_q4p00_i0p05_rt.para	15dd69b35ad9ee770c055dd3c8fcd570cf54934f867f5109d407618a14d786c2	13	jwst_mcfost/runs/strict_continuum_3d_q_v1/models/m2p25_a0p40_q4p00_i0p05/temperature	jwst_mcfost/runs/strict_continuum_3d_q_v1/rt_tasks/t135_m2p25_a0p40_q4p00_i0p05_w005
136	13	15	m2p25_a0p40_q4p00_i0p05	2.25	0.40	4.00	6	w006	window_3p9	139	3.9143995604061015	3.9143995604061015	NIRSpec	true	support_zoom_n2401	1.9975051980918284	2401	2401	3003.7468767198525	1.2510399319949406	2.4822220872915486e-06	0.12917518549340135	jwst_mcfost/runs/strict_continuum_3d_q_v1/anchors/w006/strict_continuum_anchor.lambda	3f9b717a21e711e16c54ebd68a2308d823da5c67f37df6ad2ddbe13da82b8010	41001	128000	jwst_mcfost/runs/strict_continuum_3d_q_v1/models/m2p25_a0p40_q4p00_i0p05/disk_envelope_m2p25_a0p40_q4p00_i0p05_rt.para	15dd69b35ad9ee770c055dd3c8fcd570cf54934f867f5109d407618a14d786c2	13	jwst_mcfost/runs/strict_continuum_3d_q_v1/models/m2p25_a0p40_q4p00_i0p05/temperature	jwst_mcfost/runs/strict_continuum_3d_q_v1/rt_tasks/t136_m2p25_a0p40_q4p00_i0p05_w006
137	13	15	m2p25_a0p40_q4p00_i0p05	2.25	0.40	4.00	7	w007	window_5p4	171	5.3906283153397085	5.3906283153397085	MIRI	false	support_zoom_n2401	1.9975051980918284	2401	2401	3003.7468767198525	1.2510399319949406	2.4822220872915486e-06	0.28389073440621038	jwst_mcfost/runs/strict_continuum_3d_q_v1/anchors/w007/strict_continuum_anchor.lambda	5f63ad070f3c845a8f617a8a81a0c499df4a74529835dbb910e3bc7165189b12	41001	128000	jwst_mcfost/runs/strict_continuum_3d_q_v1/models/m2p25_a0p40_q4p00_i0p05/disk_envelope_m2p25_a0p40_q4p00_i0p05_rt.para	15dd69b35ad9ee770c055dd3c8fcd570cf54934f867f5109d407618a14d786c2	13	jwst_mcfost/runs/strict_continuum_3d_q_v1/models/m2p25_a0p40_q4p00_i0p05/temperature	jwst_mcfost/runs/strict_continuum_3d_q_v1/rt_tasks/t137_m2p25_a0p40_q4p00_i0p05_w007
138	13	15	m2p25_a0p40_q4p00_i0p05	2.25	0.40	4.00	8	w008	window_13p8	265	13.799908320389276	13.799908320389276	MIRI	false	zoom_n1201	3.9933471945199667	1201	1201	1502.4989583259237	1.2510399319949406	2.4822220872915486e-06	0.5613969745728461	jwst_mcfost/runs/strict_continuum_3d_q_v1/anchors/w008/strict_continuum_anchor.lambda	5797e825e4c6cd5a59e2cc5a5e36940d0ba149f20340a55934be09f172095b37	41001	128000	jwst_mcfost/runs/strict_continuum_3d_q_v1/models/m2p25_a0p40_q4p00_i0p05/disk_envelope_m2p25_a0p40_q4p00_i0p05_rt.para	15dd69b35ad9ee770c055dd3c8fcd570cf54934f867f5109d407618a14d786c2	13	jwst_mcfost/runs/strict_continuum_3d_q_v1/models/m2p25_a0p40_q4p00_i0p05/temperature	jwst_mcfost/runs/strict_continuum_3d_q_v1/rt_tasks/t138_m2p25_a0p40_q4p00_i0p05_w008
139	13	15	m2p25_a0p40_q4p00_i0p05	2.25	0.40	4.00	9	w009	window_27p5	334	27.513091575690556	27.513091575690556	MIRI	false	zoom_n1201	3.9933471945199667	1201	1201	1502.4989583259237	1.2510399319949406	2.4822220872915486e-06	1.0139320219977885	jwst_mcfost/runs/strict_continuum_3d_q_v1/anchors/w009/strict_continuum_anchor.lambda	02feaf67a3a60f2699c2d37af292482df3aaf64119571c73370a59f2c2945f23	41001	128000	jwst_mcfost/runs/strict_continuum_3d_q_v1/models/m2p25_a0p40_q4p00_i0p05/disk_envelope_m2p25_a0p40_q4p00_i0p05_rt.para	15dd69b35ad9ee770c055dd3c8fcd570cf54934f867f5109d407618a14d786c2	13	jwst_mcfost/runs/strict_continuum_3d_q_v1/models/m2p25_a0p40_q4p00_i0p05/temperature	jwst_mcfost/runs/strict_continuum_3d_q_v1/rt_tasks/t139_m2p25_a0p40_q4p00_i0p05_w009
140	14	16	m2p25_a0p50_q3p25_i0p05	2.25	0.50	3.25	0	w000	near_ir_short	2	0.9946761707696127	0.9946761707696127	NIRSpec	false	full_n2401	1	2401	2401	6000	2.4989587671803415	4.9582515221832172e-06	0.032824313635397222	jwst_mcfost/runs/strict_continuum_3d_q_v1/anchors/w000/strict_continuum_anchor.lambda	958b10dda90471bb610395d7fe4ffc4a8c52cf9552775fb9f72f08df4d0897c3	41001	128000	jwst_mcfost/runs/strict_continuum_3d_q_v1/models/m2p25_a0p50_q3p25_i0p05/disk_envelope_m2p25_a0p50_q3p25_i0p05_rt.para	d3bfe047f3524f6d719a21d78020e20cb68a1d13c7dd91cd0d902b8d2f11a173	14	jwst_mcfost/runs/strict_continuum_3d_q_v1/models/m2p25_a0p50_q3p25_i0p05/temperature	jwst_mcfost/runs/strict_continuum_3d_q_v1/rt_tasks/t140_m2p25_a0p50_q3p25_i0p05_w000
141	14	16	m2p25_a0p50_q3p25_i0p05	2.25	0.50	3.25	1	w001	near_ir_short	21	1.2028117593024095	1.2028117593024095	NIRSpec	false	full_n2401	1	2401	2401	6000	2.4989587671803415	4.9582515221832172e-06	0.039692788056979511	jwst_mcfost/runs/strict_continuum_3d_q_v1/anchors/w001/strict_continuum_anchor.lambda	03eac41388c201eb0d3587e76e6cdbb0a254d084dea08a854af129f7798c686d	41001	128000	jwst_mcfost/runs/strict_continuum_3d_q_v1/models/m2p25_a0p50_q3p25_i0p05/disk_envelope_m2p25_a0p50_q3p25_i0p05_rt.para	d3bfe047f3524f6d719a21d78020e20cb68a1d13c7dd91cd0d902b8d2f11a173	14	jwst_mcfost/runs/strict_continuum_3d_q_v1/models/m2p25_a0p50_q3p25_i0p05/temperature	jwst_mcfost/runs/strict_continuum_3d_q_v1/rt_tasks/t141_m2p25_a0p50_q3p25_i0p05_w001
142	14	16	m2p25_a0p50_q3p25_i0p05	2.25	0.50	3.25	2	w002	near_ir_short	43	1.4987957445436022	1.4987957445436022	NIRSpec	false	full_n2401	1	2401	2401	6000	2.4989587671803415	4.9582515221832172e-06	0.049460259569938873	jwst_mcfost/runs/strict_continuum_3d_q_v1/anchors/w002/strict_continuum_anchor.lambda	5e5ede487ce8e28395d8732fcd14cbdcf044a502bbc451f3e32a4d760288e0ce	41001	128000	jwst_mcfost/runs/strict_continuum_3d_q_v1/models/m2p25_a0p50_q3p25_i0p05/disk_envelope_m2p25_a0p50_q3p25_i0p05_rt.para	d3bfe047f3524f6d719a21d78020e20cb68a1d13c7dd91cd0d902b8d2f11a173	14	jwst_mcfost/runs/strict_continuum_3d_q_v1/models/m2p25_a0p50_q3p25_i0p05/temperature	jwst_mcfost/runs/strict_continuum_3d_q_v1/rt_tasks/t142_m2p25_a0p50_q3p25_i0p05_w002
143	14	16	m2p25_a0p50_q3p25_i0p05	2.25	0.50	3.25	3	w003	near_ir_rise	59	1.7588530996181813	1.7588530996181813	NIRSpec	false	full_n2401	1	2401	2401	6000	2.4989587671803415	4.9582515221832172e-06	0.058042152287399985	jwst_mcfost/runs/strict_continuum_3d_q_v1/anchors/w003/strict_continuum_anchor.lambda	6096fee96dea6c68611a03b186f6797670dfd3a73c98ffae6e4e90e535aa1aee	41001	128000	jwst_mcfost/runs/strict_continuum_3d_q_v1/models/m2p25_a0p50_q3p25_i0p05/disk_envelope_m2p25_a0p50_q3p25_i0p05_rt.para	d3bfe047f3524f6d719a21d78020e20cb68a1d13c7dd91cd0d902b8d2f11a173	14	jwst_mcfost/runs/strict_continuum_3d_q_v1/models/m2p25_a0p50_q3p25_i0p05/temperature	jwst_mcfost/runs/strict_continuum_3d_q_v1/rt_tasks/t143_m2p25_a0p50_q3p25_i0p05_w003
144	14	16	m2p25_a0p50_q3p25_i0p05	2.25	0.50	3.25	4	w004	near_ir_rise	81	2.1916659199557045	2.1916659199557045	NIRSpec	false	full_n2401	1	2401	2401	6000	2.4989587671803415	4.9582515221832172e-06	0.072324975358538254	jwst_mcfost/runs/strict_continuum_3d_q_v1/anchors/w004/strict_continuum_anchor.lambda	adcd8c330cb64fdf6cd13feaf0fe06ed6c9726df6e30e2a5ad9b3c488f684d87	41001	128000	jwst_mcfost/runs/strict_continuum_3d_q_v1/models/m2p25_a0p50_q3p25_i0p05/disk_envelope_m2p25_a0p50_q3p25_i0p05_rt.para	d3bfe047f3524f6d719a21d78020e20cb68a1d13c7dd91cd0d902b8d2f11a173	14	jwst_mcfost/runs/strict_continuum_3d_q_v1/models/m2p25_a0p50_q3p25_i0p05/temperature	jwst_mcfost/runs/strict_continuum_3d_q_v1/rt_tasks/t144_m2p25_a0p50_q3p25_i0p05_w004
145	14	16	m2p25_a0p50_q3p25_i0p05	2.25	0.50	3.25	5	w005	near_ir_rise	96	2.546352514425122	2.546352514425122	NIRSpec	true	full_n2401	1	2401	2401	6000	2.4989587671803415	4.9582515221832172e-06	0.084029632976029028	jwst_mcfost/runs/strict_continuum_3d_q_v1/anchors/w005/strict_continuum_anchor.lambda	91d915d166c5e6bb5cb007f0659a7d85b73c54677f8d267a3239a12d70dd3290	41001	128000	jwst_mcfost/runs/strict_continuum_3d_q_v1/models/m2p25_a0p50_q3p25_i0p05/disk_envelope_m2p25_a0p50_q3p25_i0p05_rt.para	d3bfe047f3524f6d719a21d78020e20cb68a1d13c7dd91cd0d902b8d2f11a173	14	jwst_mcfost/runs/strict_continuum_3d_q_v1/models/m2p25_a0p50_q3p25_i0p05/temperature	jwst_mcfost/runs/strict_continuum_3d_q_v1/rt_tasks/t145_m2p25_a0p50_q3p25_i0p05_w005
146	14	16	m2p25_a0p50_q3p25_i0p05	2.25	0.50	3.25	6	w006	window_3p9	139	3.9143995604061015	3.9143995604061015	NIRSpec	true	support_zoom_n2401	1.9975051980918284	2401	2401	3003.7468767198525	1.2510399319949406	2.4822220872915486e-06	0.12917518549340135	jwst_mcfost/runs/strict_continuum_3d_q_v1/anchors/w006/strict_continuum_anchor.lambda	3f9b717a21e711e16c54ebd68a2308d823da5c67f37df6ad2ddbe13da82b8010	41001	128000	jwst_mcfost/runs/strict_continuum_3d_q_v1/models/m2p25_a0p50_q3p25_i0p05/disk_envelope_m2p25_a0p50_q3p25_i0p05_rt.para	d3bfe047f3524f6d719a21d78020e20cb68a1d13c7dd91cd0d902b8d2f11a173	14	jwst_mcfost/runs/strict_continuum_3d_q_v1/models/m2p25_a0p50_q3p25_i0p05/temperature	jwst_mcfost/runs/strict_continuum_3d_q_v1/rt_tasks/t146_m2p25_a0p50_q3p25_i0p05_w006
147	14	16	m2p25_a0p50_q3p25_i0p05	2.25	0.50	3.25	7	w007	window_5p4	171	5.3906283153397085	5.3906283153397085	MIRI	false	support_zoom_n2401	1.9975051980918284	2401	2401	3003.7468767198525	1.2510399319949406	2.4822220872915486e-06	0.28389073440621038	jwst_mcfost/runs/strict_continuum_3d_q_v1/anchors/w007/strict_continuum_anchor.lambda	5f63ad070f3c845a8f617a8a81a0c499df4a74529835dbb910e3bc7165189b12	41001	128000	jwst_mcfost/runs/strict_continuum_3d_q_v1/models/m2p25_a0p50_q3p25_i0p05/disk_envelope_m2p25_a0p50_q3p25_i0p05_rt.para	d3bfe047f3524f6d719a21d78020e20cb68a1d13c7dd91cd0d902b8d2f11a173	14	jwst_mcfost/runs/strict_continuum_3d_q_v1/models/m2p25_a0p50_q3p25_i0p05/temperature	jwst_mcfost/runs/strict_continuum_3d_q_v1/rt_tasks/t147_m2p25_a0p50_q3p25_i0p05_w007
148	14	16	m2p25_a0p50_q3p25_i0p05	2.25	0.50	3.25	8	w008	window_13p8	265	13.799908320389276	13.799908320389276	MIRI	false	zoom_n1201	3.9933471945199667	1201	1201	1502.4989583259237	1.2510399319949406	2.4822220872915486e-06	0.5613969745728461	jwst_mcfost/runs/strict_continuum_3d_q_v1/anchors/w008/strict_continuum_anchor.lambda	5797e825e4c6cd5a59e2cc5a5e36940d0ba149f20340a55934be09f172095b37	41001	128000	jwst_mcfost/runs/strict_continuum_3d_q_v1/models/m2p25_a0p50_q3p25_i0p05/disk_envelope_m2p25_a0p50_q3p25_i0p05_rt.para	d3bfe047f3524f6d719a21d78020e20cb68a1d13c7dd91cd0d902b8d2f11a173	14	jwst_mcfost/runs/strict_continuum_3d_q_v1/models/m2p25_a0p50_q3p25_i0p05/temperature	jwst_mcfost/runs/strict_continuum_3d_q_v1/rt_tasks/t148_m2p25_a0p50_q3p25_i0p05_w008
149	14	16	m2p25_a0p50_q3p25_i0p05	2.25	0.50	3.25	9	w009	window_27p5	334	27.513091575690556	27.513091575690556	MIRI	false	zoom_n1201	3.9933471945199667	1201	1201	1502.4989583259237	1.2510399319949406	2.4822220872915486e-06	1.0139320219977885	jwst_mcfost/runs/strict_continuum_3d_q_v1/anchors/w009/strict_continuum_anchor.lambda	02feaf67a3a60f2699c2d37af292482df3aaf64119571c73370a59f2c2945f23	41001	128000	jwst_mcfost/runs/strict_continuum_3d_q_v1/models/m2p25_a0p50_q3p25_i0p05/disk_envelope_m2p25_a0p50_q3p25_i0p05_rt.para	d3bfe047f3524f6d719a21d78020e20cb68a1d13c7dd91cd0d902b8d2f11a173	14	jwst_mcfost/runs/strict_continuum_3d_q_v1/models/m2p25_a0p50_q3p25_i0p05/temperature	jwst_mcfost/runs/strict_continuum_3d_q_v1/rt_tasks/t149_m2p25_a0p50_q3p25_i0p05_w009
150	15	18	m2p25_a0p50_q3p75_i0p05	2.25	0.50	3.75	0	w000	near_ir_short	2	0.9946761707696127	0.9946761707696127	NIRSpec	false	full_n2401	1	2401	2401	6000	2.4989587671803415	4.9582515221832172e-06	0.032824313635397222	jwst_mcfost/runs/strict_continuum_3d_q_v1/anchors/w000/strict_continuum_anchor.lambda	958b10dda90471bb610395d7fe4ffc4a8c52cf9552775fb9f72f08df4d0897c3	41001	128000	jwst_mcfost/runs/strict_continuum_3d_q_v1/models/m2p25_a0p50_q3p75_i0p05/disk_envelope_m2p25_a0p50_q3p75_i0p05_rt.para	8a5f7003f2a2379705a214ad83ecacf03dfa00912c871b623d0a50888b891dbb	15	jwst_mcfost/runs/strict_continuum_3d_q_v1/models/m2p25_a0p50_q3p75_i0p05/temperature	jwst_mcfost/runs/strict_continuum_3d_q_v1/rt_tasks/t150_m2p25_a0p50_q3p75_i0p05_w000
151	15	18	m2p25_a0p50_q3p75_i0p05	2.25	0.50	3.75	1	w001	near_ir_short	21	1.2028117593024095	1.2028117593024095	NIRSpec	false	full_n2401	1	2401	2401	6000	2.4989587671803415	4.9582515221832172e-06	0.039692788056979511	jwst_mcfost/runs/strict_continuum_3d_q_v1/anchors/w001/strict_continuum_anchor.lambda	03eac41388c201eb0d3587e76e6cdbb0a254d084dea08a854af129f7798c686d	41001	128000	jwst_mcfost/runs/strict_continuum_3d_q_v1/models/m2p25_a0p50_q3p75_i0p05/disk_envelope_m2p25_a0p50_q3p75_i0p05_rt.para	8a5f7003f2a2379705a214ad83ecacf03dfa00912c871b623d0a50888b891dbb	15	jwst_mcfost/runs/strict_continuum_3d_q_v1/models/m2p25_a0p50_q3p75_i0p05/temperature	jwst_mcfost/runs/strict_continuum_3d_q_v1/rt_tasks/t151_m2p25_a0p50_q3p75_i0p05_w001
152	15	18	m2p25_a0p50_q3p75_i0p05	2.25	0.50	3.75	2	w002	near_ir_short	43	1.4987957445436022	1.4987957445436022	NIRSpec	false	full_n2401	1	2401	2401	6000	2.4989587671803415	4.9582515221832172e-06	0.049460259569938873	jwst_mcfost/runs/strict_continuum_3d_q_v1/anchors/w002/strict_continuum_anchor.lambda	5e5ede487ce8e28395d8732fcd14cbdcf044a502bbc451f3e32a4d760288e0ce	41001	128000	jwst_mcfost/runs/strict_continuum_3d_q_v1/models/m2p25_a0p50_q3p75_i0p05/disk_envelope_m2p25_a0p50_q3p75_i0p05_rt.para	8a5f7003f2a2379705a214ad83ecacf03dfa00912c871b623d0a50888b891dbb	15	jwst_mcfost/runs/strict_continuum_3d_q_v1/models/m2p25_a0p50_q3p75_i0p05/temperature	jwst_mcfost/runs/strict_continuum_3d_q_v1/rt_tasks/t152_m2p25_a0p50_q3p75_i0p05_w002
153	15	18	m2p25_a0p50_q3p75_i0p05	2.25	0.50	3.75	3	w003	near_ir_rise	59	1.7588530996181813	1.7588530996181813	NIRSpec	false	full_n2401	1	2401	2401	6000	2.4989587671803415	4.9582515221832172e-06	0.058042152287399985	jwst_mcfost/runs/strict_continuum_3d_q_v1/anchors/w003/strict_continuum_anchor.lambda	6096fee96dea6c68611a03b186f6797670dfd3a73c98ffae6e4e90e535aa1aee	41001	128000	jwst_mcfost/runs/strict_continuum_3d_q_v1/models/m2p25_a0p50_q3p75_i0p05/disk_envelope_m2p25_a0p50_q3p75_i0p05_rt.para	8a5f7003f2a2379705a214ad83ecacf03dfa00912c871b623d0a50888b891dbb	15	jwst_mcfost/runs/strict_continuum_3d_q_v1/models/m2p25_a0p50_q3p75_i0p05/temperature	jwst_mcfost/runs/strict_continuum_3d_q_v1/rt_tasks/t153_m2p25_a0p50_q3p75_i0p05_w003
154	15	18	m2p25_a0p50_q3p75_i0p05	2.25	0.50	3.75	4	w004	near_ir_rise	81	2.1916659199557045	2.1916659199557045	NIRSpec	false	full_n2401	1	2401	2401	6000	2.4989587671803415	4.9582515221832172e-06	0.072324975358538254	jwst_mcfost/runs/strict_continuum_3d_q_v1/anchors/w004/strict_continuum_anchor.lambda	adcd8c330cb64fdf6cd13feaf0fe06ed6c9726df6e30e2a5ad9b3c488f684d87	41001	128000	jwst_mcfost/runs/strict_continuum_3d_q_v1/models/m2p25_a0p50_q3p75_i0p05/disk_envelope_m2p25_a0p50_q3p75_i0p05_rt.para	8a5f7003f2a2379705a214ad83ecacf03dfa00912c871b623d0a50888b891dbb	15	jwst_mcfost/runs/strict_continuum_3d_q_v1/models/m2p25_a0p50_q3p75_i0p05/temperature	jwst_mcfost/runs/strict_continuum_3d_q_v1/rt_tasks/t154_m2p25_a0p50_q3p75_i0p05_w004
155	15	18	m2p25_a0p50_q3p75_i0p05	2.25	0.50	3.75	5	w005	near_ir_rise	96	2.546352514425122	2.546352514425122	NIRSpec	true	full_n2401	1	2401	2401	6000	2.4989587671803415	4.9582515221832172e-06	0.084029632976029028	jwst_mcfost/runs/strict_continuum_3d_q_v1/anchors/w005/strict_continuum_anchor.lambda	91d915d166c5e6bb5cb007f0659a7d85b73c54677f8d267a3239a12d70dd3290	41001	128000	jwst_mcfost/runs/strict_continuum_3d_q_v1/models/m2p25_a0p50_q3p75_i0p05/disk_envelope_m2p25_a0p50_q3p75_i0p05_rt.para	8a5f7003f2a2379705a214ad83ecacf03dfa00912c871b623d0a50888b891dbb	15	jwst_mcfost/runs/strict_continuum_3d_q_v1/models/m2p25_a0p50_q3p75_i0p05/temperature	jwst_mcfost/runs/strict_continuum_3d_q_v1/rt_tasks/t155_m2p25_a0p50_q3p75_i0p05_w005
156	15	18	m2p25_a0p50_q3p75_i0p05	2.25	0.50	3.75	6	w006	window_3p9	139	3.9143995604061015	3.9143995604061015	NIRSpec	true	support_zoom_n2401	1.9975051980918284	2401	2401	3003.7468767198525	1.2510399319949406	2.4822220872915486e-06	0.12917518549340135	jwst_mcfost/runs/strict_continuum_3d_q_v1/anchors/w006/strict_continuum_anchor.lambda	3f9b717a21e711e16c54ebd68a2308d823da5c67f37df6ad2ddbe13da82b8010	41001	128000	jwst_mcfost/runs/strict_continuum_3d_q_v1/models/m2p25_a0p50_q3p75_i0p05/disk_envelope_m2p25_a0p50_q3p75_i0p05_rt.para	8a5f7003f2a2379705a214ad83ecacf03dfa00912c871b623d0a50888b891dbb	15	jwst_mcfost/runs/strict_continuum_3d_q_v1/models/m2p25_a0p50_q3p75_i0p05/temperature	jwst_mcfost/runs/strict_continuum_3d_q_v1/rt_tasks/t156_m2p25_a0p50_q3p75_i0p05_w006
157	15	18	m2p25_a0p50_q3p75_i0p05	2.25	0.50	3.75	7	w007	window_5p4	171	5.3906283153397085	5.3906283153397085	MIRI	false	support_zoom_n2401	1.9975051980918284	2401	2401	3003.7468767198525	1.2510399319949406	2.4822220872915486e-06	0.28389073440621038	jwst_mcfost/runs/strict_continuum_3d_q_v1/anchors/w007/strict_continuum_anchor.lambda	5f63ad070f3c845a8f617a8a81a0c499df4a74529835dbb910e3bc7165189b12	41001	128000	jwst_mcfost/runs/strict_continuum_3d_q_v1/models/m2p25_a0p50_q3p75_i0p05/disk_envelope_m2p25_a0p50_q3p75_i0p05_rt.para	8a5f7003f2a2379705a214ad83ecacf03dfa00912c871b623d0a50888b891dbb	15	jwst_mcfost/runs/strict_continuum_3d_q_v1/models/m2p25_a0p50_q3p75_i0p05/temperature	jwst_mcfost/runs/strict_continuum_3d_q_v1/rt_tasks/t157_m2p25_a0p50_q3p75_i0p05_w007
158	15	18	m2p25_a0p50_q3p75_i0p05	2.25	0.50	3.75	8	w008	window_13p8	265	13.799908320389276	13.799908320389276	MIRI	false	zoom_n1201	3.9933471945199667	1201	1201	1502.4989583259237	1.2510399319949406	2.4822220872915486e-06	0.5613969745728461	jwst_mcfost/runs/strict_continuum_3d_q_v1/anchors/w008/strict_continuum_anchor.lambda	5797e825e4c6cd5a59e2cc5a5e36940d0ba149f20340a55934be09f172095b37	41001	128000	jwst_mcfost/runs/strict_continuum_3d_q_v1/models/m2p25_a0p50_q3p75_i0p05/disk_envelope_m2p25_a0p50_q3p75_i0p05_rt.para	8a5f7003f2a2379705a214ad83ecacf03dfa00912c871b623d0a50888b891dbb	15	jwst_mcfost/runs/strict_continuum_3d_q_v1/models/m2p25_a0p50_q3p75_i0p05/temperature	jwst_mcfost/runs/strict_continuum_3d_q_v1/rt_tasks/t158_m2p25_a0p50_q3p75_i0p05_w008
159	15	18	m2p25_a0p50_q3p75_i0p05	2.25	0.50	3.75	9	w009	window_27p5	334	27.513091575690556	27.513091575690556	MIRI	false	zoom_n1201	3.9933471945199667	1201	1201	1502.4989583259237	1.2510399319949406	2.4822220872915486e-06	1.0139320219977885	jwst_mcfost/runs/strict_continuum_3d_q_v1/anchors/w009/strict_continuum_anchor.lambda	02feaf67a3a60f2699c2d37af292482df3aaf64119571c73370a59f2c2945f23	41001	128000	jwst_mcfost/runs/strict_continuum_3d_q_v1/models/m2p25_a0p50_q3p75_i0p05/disk_envelope_m2p25_a0p50_q3p75_i0p05_rt.para	8a5f7003f2a2379705a214ad83ecacf03dfa00912c871b623d0a50888b891dbb	15	jwst_mcfost/runs/strict_continuum_3d_q_v1/models/m2p25_a0p50_q3p75_i0p05/temperature	jwst_mcfost/runs/strict_continuum_3d_q_v1/rt_tasks/t159_m2p25_a0p50_q3p75_i0p05_w009
160	16	19	m2p25_a0p50_q4p00_i0p05	2.25	0.50	4.00	0	w000	near_ir_short	2	0.9946761707696127	0.9946761707696127	NIRSpec	false	full_n2401	1	2401	2401	6000	2.4989587671803415	4.9582515221832172e-06	0.032824313635397222	jwst_mcfost/runs/strict_continuum_3d_q_v1/anchors/w000/strict_continuum_anchor.lambda	958b10dda90471bb610395d7fe4ffc4a8c52cf9552775fb9f72f08df4d0897c3	41001	128000	jwst_mcfost/runs/strict_continuum_3d_q_v1/models/m2p25_a0p50_q4p00_i0p05/disk_envelope_m2p25_a0p50_q4p00_i0p05_rt.para	9e0d5f0e150dd74738adb3afc168c85dd1fc57c46accca0bc430994f4c3778cc	16	jwst_mcfost/runs/strict_continuum_3d_q_v1/models/m2p25_a0p50_q4p00_i0p05/temperature	jwst_mcfost/runs/strict_continuum_3d_q_v1/rt_tasks/t160_m2p25_a0p50_q4p00_i0p05_w000
161	16	19	m2p25_a0p50_q4p00_i0p05	2.25	0.50	4.00	1	w001	near_ir_short	21	1.2028117593024095	1.2028117593024095	NIRSpec	false	full_n2401	1	2401	2401	6000	2.4989587671803415	4.9582515221832172e-06	0.039692788056979511	jwst_mcfost/runs/strict_continuum_3d_q_v1/anchors/w001/strict_continuum_anchor.lambda	03eac41388c201eb0d3587e76e6cdbb0a254d084dea08a854af129f7798c686d	41001	128000	jwst_mcfost/runs/strict_continuum_3d_q_v1/models/m2p25_a0p50_q4p00_i0p05/disk_envelope_m2p25_a0p50_q4p00_i0p05_rt.para	9e0d5f0e150dd74738adb3afc168c85dd1fc57c46accca0bc430994f4c3778cc	16	jwst_mcfost/runs/strict_continuum_3d_q_v1/models/m2p25_a0p50_q4p00_i0p05/temperature	jwst_mcfost/runs/strict_continuum_3d_q_v1/rt_tasks/t161_m2p25_a0p50_q4p00_i0p05_w001
162	16	19	m2p25_a0p50_q4p00_i0p05	2.25	0.50	4.00	2	w002	near_ir_short	43	1.4987957445436022	1.4987957445436022	NIRSpec	false	full_n2401	1	2401	2401	6000	2.4989587671803415	4.9582515221832172e-06	0.049460259569938873	jwst_mcfost/runs/strict_continuum_3d_q_v1/anchors/w002/strict_continuum_anchor.lambda	5e5ede487ce8e28395d8732fcd14cbdcf044a502bbc451f3e32a4d760288e0ce	41001	128000	jwst_mcfost/runs/strict_continuum_3d_q_v1/models/m2p25_a0p50_q4p00_i0p05/disk_envelope_m2p25_a0p50_q4p00_i0p05_rt.para	9e0d5f0e150dd74738adb3afc168c85dd1fc57c46accca0bc430994f4c3778cc	16	jwst_mcfost/runs/strict_continuum_3d_q_v1/models/m2p25_a0p50_q4p00_i0p05/temperature	jwst_mcfost/runs/strict_continuum_3d_q_v1/rt_tasks/t162_m2p25_a0p50_q4p00_i0p05_w002
163	16	19	m2p25_a0p50_q4p00_i0p05	2.25	0.50	4.00	3	w003	near_ir_rise	59	1.7588530996181813	1.7588530996181813	NIRSpec	false	full_n2401	1	2401	2401	6000	2.4989587671803415	4.9582515221832172e-06	0.058042152287399985	jwst_mcfost/runs/strict_continuum_3d_q_v1/anchors/w003/strict_continuum_anchor.lambda	6096fee96dea6c68611a03b186f6797670dfd3a73c98ffae6e4e90e535aa1aee	41001	128000	jwst_mcfost/runs/strict_continuum_3d_q_v1/models/m2p25_a0p50_q4p00_i0p05/disk_envelope_m2p25_a0p50_q4p00_i0p05_rt.para	9e0d5f0e150dd74738adb3afc168c85dd1fc57c46accca0bc430994f4c3778cc	16	jwst_mcfost/runs/strict_continuum_3d_q_v1/models/m2p25_a0p50_q4p00_i0p05/temperature	jwst_mcfost/runs/strict_continuum_3d_q_v1/rt_tasks/t163_m2p25_a0p50_q4p00_i0p05_w003
164	16	19	m2p25_a0p50_q4p00_i0p05	2.25	0.50	4.00	4	w004	near_ir_rise	81	2.1916659199557045	2.1916659199557045	NIRSpec	false	full_n2401	1	2401	2401	6000	2.4989587671803415	4.9582515221832172e-06	0.072324975358538254	jwst_mcfost/runs/strict_continuum_3d_q_v1/anchors/w004/strict_continuum_anchor.lambda	adcd8c330cb64fdf6cd13feaf0fe06ed6c9726df6e30e2a5ad9b3c488f684d87	41001	128000	jwst_mcfost/runs/strict_continuum_3d_q_v1/models/m2p25_a0p50_q4p00_i0p05/disk_envelope_m2p25_a0p50_q4p00_i0p05_rt.para	9e0d5f0e150dd74738adb3afc168c85dd1fc57c46accca0bc430994f4c3778cc	16	jwst_mcfost/runs/strict_continuum_3d_q_v1/models/m2p25_a0p50_q4p00_i0p05/temperature	jwst_mcfost/runs/strict_continuum_3d_q_v1/rt_tasks/t164_m2p25_a0p50_q4p00_i0p05_w004
165	16	19	m2p25_a0p50_q4p00_i0p05	2.25	0.50	4.00	5	w005	near_ir_rise	96	2.546352514425122	2.546352514425122	NIRSpec	true	full_n2401	1	2401	2401	6000	2.4989587671803415	4.9582515221832172e-06	0.084029632976029028	jwst_mcfost/runs/strict_continuum_3d_q_v1/anchors/w005/strict_continuum_anchor.lambda	91d915d166c5e6bb5cb007f0659a7d85b73c54677f8d267a3239a12d70dd3290	41001	128000	jwst_mcfost/runs/strict_continuum_3d_q_v1/models/m2p25_a0p50_q4p00_i0p05/disk_envelope_m2p25_a0p50_q4p00_i0p05_rt.para	9e0d5f0e150dd74738adb3afc168c85dd1fc57c46accca0bc430994f4c3778cc	16	jwst_mcfost/runs/strict_continuum_3d_q_v1/models/m2p25_a0p50_q4p00_i0p05/temperature	jwst_mcfost/runs/strict_continuum_3d_q_v1/rt_tasks/t165_m2p25_a0p50_q4p00_i0p05_w005
166	16	19	m2p25_a0p50_q4p00_i0p05	2.25	0.50	4.00	6	w006	window_3p9	139	3.9143995604061015	3.9143995604061015	NIRSpec	true	support_zoom_n2401	1.9975051980918284	2401	2401	3003.7468767198525	1.2510399319949406	2.4822220872915486e-06	0.12917518549340135	jwst_mcfost/runs/strict_continuum_3d_q_v1/anchors/w006/strict_continuum_anchor.lambda	3f9b717a21e711e16c54ebd68a2308d823da5c67f37df6ad2ddbe13da82b8010	41001	128000	jwst_mcfost/runs/strict_continuum_3d_q_v1/models/m2p25_a0p50_q4p00_i0p05/disk_envelope_m2p25_a0p50_q4p00_i0p05_rt.para	9e0d5f0e150dd74738adb3afc168c85dd1fc57c46accca0bc430994f4c3778cc	16	jwst_mcfost/runs/strict_continuum_3d_q_v1/models/m2p25_a0p50_q4p00_i0p05/temperature	jwst_mcfost/runs/strict_continuum_3d_q_v1/rt_tasks/t166_m2p25_a0p50_q4p00_i0p05_w006
167	16	19	m2p25_a0p50_q4p00_i0p05	2.25	0.50	4.00	7	w007	window_5p4	171	5.3906283153397085	5.3906283153397085	MIRI	false	support_zoom_n2401	1.9975051980918284	2401	2401	3003.7468767198525	1.2510399319949406	2.4822220872915486e-06	0.28389073440621038	jwst_mcfost/runs/strict_continuum_3d_q_v1/anchors/w007/strict_continuum_anchor.lambda	5f63ad070f3c845a8f617a8a81a0c499df4a74529835dbb910e3bc7165189b12	41001	128000	jwst_mcfost/runs/strict_continuum_3d_q_v1/models/m2p25_a0p50_q4p00_i0p05/disk_envelope_m2p25_a0p50_q4p00_i0p05_rt.para	9e0d5f0e150dd74738adb3afc168c85dd1fc57c46accca0bc430994f4c3778cc	16	jwst_mcfost/runs/strict_continuum_3d_q_v1/models/m2p25_a0p50_q4p00_i0p05/temperature	jwst_mcfost/runs/strict_continuum_3d_q_v1/rt_tasks/t167_m2p25_a0p50_q4p00_i0p05_w007
168	16	19	m2p25_a0p50_q4p00_i0p05	2.25	0.50	4.00	8	w008	window_13p8	265	13.799908320389276	13.799908320389276	MIRI	false	zoom_n1201	3.9933471945199667	1201	1201	1502.4989583259237	1.2510399319949406	2.4822220872915486e-06	0.5613969745728461	jwst_mcfost/runs/strict_continuum_3d_q_v1/anchors/w008/strict_continuum_anchor.lambda	5797e825e4c6cd5a59e2cc5a5e36940d0ba149f20340a55934be09f172095b37	41001	128000	jwst_mcfost/runs/strict_continuum_3d_q_v1/models/m2p25_a0p50_q4p00_i0p05/disk_envelope_m2p25_a0p50_q4p00_i0p05_rt.para	9e0d5f0e150dd74738adb3afc168c85dd1fc57c46accca0bc430994f4c3778cc	16	jwst_mcfost/runs/strict_continuum_3d_q_v1/models/m2p25_a0p50_q4p00_i0p05/temperature	jwst_mcfost/runs/strict_continuum_3d_q_v1/rt_tasks/t168_m2p25_a0p50_q4p00_i0p05_w008
169	16	19	m2p25_a0p50_q4p00_i0p05	2.25	0.50	4.00	9	w009	window_27p5	334	27.513091575690556	27.513091575690556	MIRI	false	zoom_n1201	3.9933471945199667	1201	1201	1502.4989583259237	1.2510399319949406	2.4822220872915486e-06	1.0139320219977885	jwst_mcfost/runs/strict_continuum_3d_q_v1/anchors/w009/strict_continuum_anchor.lambda	02feaf67a3a60f2699c2d37af292482df3aaf64119571c73370a59f2c2945f23	41001	128000	jwst_mcfost/runs/strict_continuum_3d_q_v1/models/m2p25_a0p50_q4p00_i0p05/disk_envelope_m2p25_a0p50_q4p00_i0p05_rt.para	9e0d5f0e150dd74738adb3afc168c85dd1fc57c46accca0bc430994f4c3778cc	16	jwst_mcfost/runs/strict_continuum_3d_q_v1/models/m2p25_a0p50_q4p00_i0p05/temperature	jwst_mcfost/runs/strict_continuum_3d_q_v1/rt_tasks/t169_m2p25_a0p50_q4p00_i0p05_w009
170	17	20	m2p25_a0p60_q3p25_i0p05	2.25	0.60	3.25	0	w000	near_ir_short	2	0.9946761707696127	0.9946761707696127	NIRSpec	false	full_n2401	1	2401	2401	6000	2.4989587671803415	4.9582515221832172e-06	0.032824313635397222	jwst_mcfost/runs/strict_continuum_3d_q_v1/anchors/w000/strict_continuum_anchor.lambda	958b10dda90471bb610395d7fe4ffc4a8c52cf9552775fb9f72f08df4d0897c3	41001	128000	jwst_mcfost/runs/strict_continuum_3d_q_v1/models/m2p25_a0p60_q3p25_i0p05/disk_envelope_m2p25_a0p60_q3p25_i0p05_rt.para	c190261d595bc9e2ab1ae0538021c9a40b5200bc077cf07cb9e0618e6f459cdc	17	jwst_mcfost/runs/strict_continuum_3d_q_v1/models/m2p25_a0p60_q3p25_i0p05/temperature	jwst_mcfost/runs/strict_continuum_3d_q_v1/rt_tasks/t170_m2p25_a0p60_q3p25_i0p05_w000
171	17	20	m2p25_a0p60_q3p25_i0p05	2.25	0.60	3.25	1	w001	near_ir_short	21	1.2028117593024095	1.2028117593024095	NIRSpec	false	full_n2401	1	2401	2401	6000	2.4989587671803415	4.9582515221832172e-06	0.039692788056979511	jwst_mcfost/runs/strict_continuum_3d_q_v1/anchors/w001/strict_continuum_anchor.lambda	03eac41388c201eb0d3587e76e6cdbb0a254d084dea08a854af129f7798c686d	41001	128000	jwst_mcfost/runs/strict_continuum_3d_q_v1/models/m2p25_a0p60_q3p25_i0p05/disk_envelope_m2p25_a0p60_q3p25_i0p05_rt.para	c190261d595bc9e2ab1ae0538021c9a40b5200bc077cf07cb9e0618e6f459cdc	17	jwst_mcfost/runs/strict_continuum_3d_q_v1/models/m2p25_a0p60_q3p25_i0p05/temperature	jwst_mcfost/runs/strict_continuum_3d_q_v1/rt_tasks/t171_m2p25_a0p60_q3p25_i0p05_w001
172	17	20	m2p25_a0p60_q3p25_i0p05	2.25	0.60	3.25	2	w002	near_ir_short	43	1.4987957445436022	1.4987957445436022	NIRSpec	false	full_n2401	1	2401	2401	6000	2.4989587671803415	4.9582515221832172e-06	0.049460259569938873	jwst_mcfost/runs/strict_continuum_3d_q_v1/anchors/w002/strict_continuum_anchor.lambda	5e5ede487ce8e28395d8732fcd14cbdcf044a502bbc451f3e32a4d760288e0ce	41001	128000	jwst_mcfost/runs/strict_continuum_3d_q_v1/models/m2p25_a0p60_q3p25_i0p05/disk_envelope_m2p25_a0p60_q3p25_i0p05_rt.para	c190261d595bc9e2ab1ae0538021c9a40b5200bc077cf07cb9e0618e6f459cdc	17	jwst_mcfost/runs/strict_continuum_3d_q_v1/models/m2p25_a0p60_q3p25_i0p05/temperature	jwst_mcfost/runs/strict_continuum_3d_q_v1/rt_tasks/t172_m2p25_a0p60_q3p25_i0p05_w002
173	17	20	m2p25_a0p60_q3p25_i0p05	2.25	0.60	3.25	3	w003	near_ir_rise	59	1.7588530996181813	1.7588530996181813	NIRSpec	false	full_n2401	1	2401	2401	6000	2.4989587671803415	4.9582515221832172e-06	0.058042152287399985	jwst_mcfost/runs/strict_continuum_3d_q_v1/anchors/w003/strict_continuum_anchor.lambda	6096fee96dea6c68611a03b186f6797670dfd3a73c98ffae6e4e90e535aa1aee	41001	128000	jwst_mcfost/runs/strict_continuum_3d_q_v1/models/m2p25_a0p60_q3p25_i0p05/disk_envelope_m2p25_a0p60_q3p25_i0p05_rt.para	c190261d595bc9e2ab1ae0538021c9a40b5200bc077cf07cb9e0618e6f459cdc	17	jwst_mcfost/runs/strict_continuum_3d_q_v1/models/m2p25_a0p60_q3p25_i0p05/temperature	jwst_mcfost/runs/strict_continuum_3d_q_v1/rt_tasks/t173_m2p25_a0p60_q3p25_i0p05_w003
174	17	20	m2p25_a0p60_q3p25_i0p05	2.25	0.60	3.25	4	w004	near_ir_rise	81	2.1916659199557045	2.1916659199557045	NIRSpec	false	full_n2401	1	2401	2401	6000	2.4989587671803415	4.9582515221832172e-06	0.072324975358538254	jwst_mcfost/runs/strict_continuum_3d_q_v1/anchors/w004/strict_continuum_anchor.lambda	adcd8c330cb64fdf6cd13feaf0fe06ed6c9726df6e30e2a5ad9b3c488f684d87	41001	128000	jwst_mcfost/runs/strict_continuum_3d_q_v1/models/m2p25_a0p60_q3p25_i0p05/disk_envelope_m2p25_a0p60_q3p25_i0p05_rt.para	c190261d595bc9e2ab1ae0538021c9a40b5200bc077cf07cb9e0618e6f459cdc	17	jwst_mcfost/runs/strict_continuum_3d_q_v1/models/m2p25_a0p60_q3p25_i0p05/temperature	jwst_mcfost/runs/strict_continuum_3d_q_v1/rt_tasks/t174_m2p25_a0p60_q3p25_i0p05_w004
175	17	20	m2p25_a0p60_q3p25_i0p05	2.25	0.60	3.25	5	w005	near_ir_rise	96	2.546352514425122	2.546352514425122	NIRSpec	true	full_n2401	1	2401	2401	6000	2.4989587671803415	4.9582515221832172e-06	0.084029632976029028	jwst_mcfost/runs/strict_continuum_3d_q_v1/anchors/w005/strict_continuum_anchor.lambda	91d915d166c5e6bb5cb007f0659a7d85b73c54677f8d267a3239a12d70dd3290	41001	128000	jwst_mcfost/runs/strict_continuum_3d_q_v1/models/m2p25_a0p60_q3p25_i0p05/disk_envelope_m2p25_a0p60_q3p25_i0p05_rt.para	c190261d595bc9e2ab1ae0538021c9a40b5200bc077cf07cb9e0618e6f459cdc	17	jwst_mcfost/runs/strict_continuum_3d_q_v1/models/m2p25_a0p60_q3p25_i0p05/temperature	jwst_mcfost/runs/strict_continuum_3d_q_v1/rt_tasks/t175_m2p25_a0p60_q3p25_i0p05_w005
176	17	20	m2p25_a0p60_q3p25_i0p05	2.25	0.60	3.25	6	w006	window_3p9	139	3.9143995604061015	3.9143995604061015	NIRSpec	true	support_zoom_n2401	1.9975051980918284	2401	2401	3003.7468767198525	1.2510399319949406	2.4822220872915486e-06	0.12917518549340135	jwst_mcfost/runs/strict_continuum_3d_q_v1/anchors/w006/strict_continuum_anchor.lambda	3f9b717a21e711e16c54ebd68a2308d823da5c67f37df6ad2ddbe13da82b8010	41001	128000	jwst_mcfost/runs/strict_continuum_3d_q_v1/models/m2p25_a0p60_q3p25_i0p05/disk_envelope_m2p25_a0p60_q3p25_i0p05_rt.para	c190261d595bc9e2ab1ae0538021c9a40b5200bc077cf07cb9e0618e6f459cdc	17	jwst_mcfost/runs/strict_continuum_3d_q_v1/models/m2p25_a0p60_q3p25_i0p05/temperature	jwst_mcfost/runs/strict_continuum_3d_q_v1/rt_tasks/t176_m2p25_a0p60_q3p25_i0p05_w006
177	17	20	m2p25_a0p60_q3p25_i0p05	2.25	0.60	3.25	7	w007	window_5p4	171	5.3906283153397085	5.3906283153397085	MIRI	false	support_zoom_n2401	1.9975051980918284	2401	2401	3003.7468767198525	1.2510399319949406	2.4822220872915486e-06	0.28389073440621038	jwst_mcfost/runs/strict_continuum_3d_q_v1/anchors/w007/strict_continuum_anchor.lambda	5f63ad070f3c845a8f617a8a81a0c499df4a74529835dbb910e3bc7165189b12	41001	128000	jwst_mcfost/runs/strict_continuum_3d_q_v1/models/m2p25_a0p60_q3p25_i0p05/disk_envelope_m2p25_a0p60_q3p25_i0p05_rt.para	c190261d595bc9e2ab1ae0538021c9a40b5200bc077cf07cb9e0618e6f459cdc	17	jwst_mcfost/runs/strict_continuum_3d_q_v1/models/m2p25_a0p60_q3p25_i0p05/temperature	jwst_mcfost/runs/strict_continuum_3d_q_v1/rt_tasks/t177_m2p25_a0p60_q3p25_i0p05_w007
178	17	20	m2p25_a0p60_q3p25_i0p05	2.25	0.60	3.25	8	w008	window_13p8	265	13.799908320389276	13.799908320389276	MIRI	false	zoom_n1201	3.9933471945199667	1201	1201	1502.4989583259237	1.2510399319949406	2.4822220872915486e-06	0.5613969745728461	jwst_mcfost/runs/strict_continuum_3d_q_v1/anchors/w008/strict_continuum_anchor.lambda	5797e825e4c6cd5a59e2cc5a5e36940d0ba149f20340a55934be09f172095b37	41001	128000	jwst_mcfost/runs/strict_continuum_3d_q_v1/models/m2p25_a0p60_q3p25_i0p05/disk_envelope_m2p25_a0p60_q3p25_i0p05_rt.para	c190261d595bc9e2ab1ae0538021c9a40b5200bc077cf07cb9e0618e6f459cdc	17	jwst_mcfost/runs/strict_continuum_3d_q_v1/models/m2p25_a0p60_q3p25_i0p05/temperature	jwst_mcfost/runs/strict_continuum_3d_q_v1/rt_tasks/t178_m2p25_a0p60_q3p25_i0p05_w008
179	17	20	m2p25_a0p60_q3p25_i0p05	2.25	0.60	3.25	9	w009	window_27p5	334	27.513091575690556	27.513091575690556	MIRI	false	zoom_n1201	3.9933471945199667	1201	1201	1502.4989583259237	1.2510399319949406	2.4822220872915486e-06	1.0139320219977885	jwst_mcfost/runs/strict_continuum_3d_q_v1/anchors/w009/strict_continuum_anchor.lambda	02feaf67a3a60f2699c2d37af292482df3aaf64119571c73370a59f2c2945f23	41001	128000	jwst_mcfost/runs/strict_continuum_3d_q_v1/models/m2p25_a0p60_q3p25_i0p05/disk_envelope_m2p25_a0p60_q3p25_i0p05_rt.para	c190261d595bc9e2ab1ae0538021c9a40b5200bc077cf07cb9e0618e6f459cdc	17	jwst_mcfost/runs/strict_continuum_3d_q_v1/models/m2p25_a0p60_q3p25_i0p05/temperature	jwst_mcfost/runs/strict_continuum_3d_q_v1/rt_tasks/t179_m2p25_a0p60_q3p25_i0p05_w009
180	18	22	m2p25_a0p60_q3p75_i0p05	2.25	0.60	3.75	0	w000	near_ir_short	2	0.9946761707696127	0.9946761707696127	NIRSpec	false	full_n2401	1	2401	2401	6000	2.4989587671803415	4.9582515221832172e-06	0.032824313635397222	jwst_mcfost/runs/strict_continuum_3d_q_v1/anchors/w000/strict_continuum_anchor.lambda	958b10dda90471bb610395d7fe4ffc4a8c52cf9552775fb9f72f08df4d0897c3	41001	128000	jwst_mcfost/runs/strict_continuum_3d_q_v1/models/m2p25_a0p60_q3p75_i0p05/disk_envelope_m2p25_a0p60_q3p75_i0p05_rt.para	a9cf00f52c71a61203d4df1a7beb77a01c6b05be6166562957ab8443d6c3cbae	18	jwst_mcfost/runs/strict_continuum_3d_q_v1/models/m2p25_a0p60_q3p75_i0p05/temperature	jwst_mcfost/runs/strict_continuum_3d_q_v1/rt_tasks/t180_m2p25_a0p60_q3p75_i0p05_w000
181	18	22	m2p25_a0p60_q3p75_i0p05	2.25	0.60	3.75	1	w001	near_ir_short	21	1.2028117593024095	1.2028117593024095	NIRSpec	false	full_n2401	1	2401	2401	6000	2.4989587671803415	4.9582515221832172e-06	0.039692788056979511	jwst_mcfost/runs/strict_continuum_3d_q_v1/anchors/w001/strict_continuum_anchor.lambda	03eac41388c201eb0d3587e76e6cdbb0a254d084dea08a854af129f7798c686d	41001	128000	jwst_mcfost/runs/strict_continuum_3d_q_v1/models/m2p25_a0p60_q3p75_i0p05/disk_envelope_m2p25_a0p60_q3p75_i0p05_rt.para	a9cf00f52c71a61203d4df1a7beb77a01c6b05be6166562957ab8443d6c3cbae	18	jwst_mcfost/runs/strict_continuum_3d_q_v1/models/m2p25_a0p60_q3p75_i0p05/temperature	jwst_mcfost/runs/strict_continuum_3d_q_v1/rt_tasks/t181_m2p25_a0p60_q3p75_i0p05_w001
182	18	22	m2p25_a0p60_q3p75_i0p05	2.25	0.60	3.75	2	w002	near_ir_short	43	1.4987957445436022	1.4987957445436022	NIRSpec	false	full_n2401	1	2401	2401	6000	2.4989587671803415	4.9582515221832172e-06	0.049460259569938873	jwst_mcfost/runs/strict_continuum_3d_q_v1/anchors/w002/strict_continuum_anchor.lambda	5e5ede487ce8e28395d8732fcd14cbdcf044a502bbc451f3e32a4d760288e0ce	41001	128000	jwst_mcfost/runs/strict_continuum_3d_q_v1/models/m2p25_a0p60_q3p75_i0p05/disk_envelope_m2p25_a0p60_q3p75_i0p05_rt.para	a9cf00f52c71a61203d4df1a7beb77a01c6b05be6166562957ab8443d6c3cbae	18	jwst_mcfost/runs/strict_continuum_3d_q_v1/models/m2p25_a0p60_q3p75_i0p05/temperature	jwst_mcfost/runs/strict_continuum_3d_q_v1/rt_tasks/t182_m2p25_a0p60_q3p75_i0p05_w002
183	18	22	m2p25_a0p60_q3p75_i0p05	2.25	0.60	3.75	3	w003	near_ir_rise	59	1.7588530996181813	1.7588530996181813	NIRSpec	false	full_n2401	1	2401	2401	6000	2.4989587671803415	4.9582515221832172e-06	0.058042152287399985	jwst_mcfost/runs/strict_continuum_3d_q_v1/anchors/w003/strict_continuum_anchor.lambda	6096fee96dea6c68611a03b186f6797670dfd3a73c98ffae6e4e90e535aa1aee	41001	128000	jwst_mcfost/runs/strict_continuum_3d_q_v1/models/m2p25_a0p60_q3p75_i0p05/disk_envelope_m2p25_a0p60_q3p75_i0p05_rt.para	a9cf00f52c71a61203d4df1a7beb77a01c6b05be6166562957ab8443d6c3cbae	18	jwst_mcfost/runs/strict_continuum_3d_q_v1/models/m2p25_a0p60_q3p75_i0p05/temperature	jwst_mcfost/runs/strict_continuum_3d_q_v1/rt_tasks/t183_m2p25_a0p60_q3p75_i0p05_w003
184	18	22	m2p25_a0p60_q3p75_i0p05	2.25	0.60	3.75	4	w004	near_ir_rise	81	2.1916659199557045	2.1916659199557045	NIRSpec	false	full_n2401	1	2401	2401	6000	2.4989587671803415	4.9582515221832172e-06	0.072324975358538254	jwst_mcfost/runs/strict_continuum_3d_q_v1/anchors/w004/strict_continuum_anchor.lambda	adcd8c330cb64fdf6cd13feaf0fe06ed6c9726df6e30e2a5ad9b3c488f684d87	41001	128000	jwst_mcfost/runs/strict_continuum_3d_q_v1/models/m2p25_a0p60_q3p75_i0p05/disk_envelope_m2p25_a0p60_q3p75_i0p05_rt.para	a9cf00f52c71a61203d4df1a7beb77a01c6b05be6166562957ab8443d6c3cbae	18	jwst_mcfost/runs/strict_continuum_3d_q_v1/models/m2p25_a0p60_q3p75_i0p05/temperature	jwst_mcfost/runs/strict_continuum_3d_q_v1/rt_tasks/t184_m2p25_a0p60_q3p75_i0p05_w004
185	18	22	m2p25_a0p60_q3p75_i0p05	2.25	0.60	3.75	5	w005	near_ir_rise	96	2.546352514425122	2.546352514425122	NIRSpec	true	full_n2401	1	2401	2401	6000	2.4989587671803415	4.9582515221832172e-06	0.084029632976029028	jwst_mcfost/runs/strict_continuum_3d_q_v1/anchors/w005/strict_continuum_anchor.lambda	91d915d166c5e6bb5cb007f0659a7d85b73c54677f8d267a3239a12d70dd3290	41001	128000	jwst_mcfost/runs/strict_continuum_3d_q_v1/models/m2p25_a0p60_q3p75_i0p05/disk_envelope_m2p25_a0p60_q3p75_i0p05_rt.para	a9cf00f52c71a61203d4df1a7beb77a01c6b05be6166562957ab8443d6c3cbae	18	jwst_mcfost/runs/strict_continuum_3d_q_v1/models/m2p25_a0p60_q3p75_i0p05/temperature	jwst_mcfost/runs/strict_continuum_3d_q_v1/rt_tasks/t185_m2p25_a0p60_q3p75_i0p05_w005
186	18	22	m2p25_a0p60_q3p75_i0p05	2.25	0.60	3.75	6	w006	window_3p9	139	3.9143995604061015	3.9143995604061015	NIRSpec	true	support_zoom_n2401	1.9975051980918284	2401	2401	3003.7468767198525	1.2510399319949406	2.4822220872915486e-06	0.12917518549340135	jwst_mcfost/runs/strict_continuum_3d_q_v1/anchors/w006/strict_continuum_anchor.lambda	3f9b717a21e711e16c54ebd68a2308d823da5c67f37df6ad2ddbe13da82b8010	41001	128000	jwst_mcfost/runs/strict_continuum_3d_q_v1/models/m2p25_a0p60_q3p75_i0p05/disk_envelope_m2p25_a0p60_q3p75_i0p05_rt.para	a9cf00f52c71a61203d4df1a7beb77a01c6b05be6166562957ab8443d6c3cbae	18	jwst_mcfost/runs/strict_continuum_3d_q_v1/models/m2p25_a0p60_q3p75_i0p05/temperature	jwst_mcfost/runs/strict_continuum_3d_q_v1/rt_tasks/t186_m2p25_a0p60_q3p75_i0p05_w006
187	18	22	m2p25_a0p60_q3p75_i0p05	2.25	0.60	3.75	7	w007	window_5p4	171	5.3906283153397085	5.3906283153397085	MIRI	false	support_zoom_n2401	1.9975051980918284	2401	2401	3003.7468767198525	1.2510399319949406	2.4822220872915486e-06	0.28389073440621038	jwst_mcfost/runs/strict_continuum_3d_q_v1/anchors/w007/strict_continuum_anchor.lambda	5f63ad070f3c845a8f617a8a81a0c499df4a74529835dbb910e3bc7165189b12	41001	128000	jwst_mcfost/runs/strict_continuum_3d_q_v1/models/m2p25_a0p60_q3p75_i0p05/disk_envelope_m2p25_a0p60_q3p75_i0p05_rt.para	a9cf00f52c71a61203d4df1a7beb77a01c6b05be6166562957ab8443d6c3cbae	18	jwst_mcfost/runs/strict_continuum_3d_q_v1/models/m2p25_a0p60_q3p75_i0p05/temperature	jwst_mcfost/runs/strict_continuum_3d_q_v1/rt_tasks/t187_m2p25_a0p60_q3p75_i0p05_w007
188	18	22	m2p25_a0p60_q3p75_i0p05	2.25	0.60	3.75	8	w008	window_13p8	265	13.799908320389276	13.799908320389276	MIRI	false	zoom_n1201	3.9933471945199667	1201	1201	1502.4989583259237	1.2510399319949406	2.4822220872915486e-06	0.5613969745728461	jwst_mcfost/runs/strict_continuum_3d_q_v1/anchors/w008/strict_continuum_anchor.lambda	5797e825e4c6cd5a59e2cc5a5e36940d0ba149f20340a55934be09f172095b37	41001	128000	jwst_mcfost/runs/strict_continuum_3d_q_v1/models/m2p25_a0p60_q3p75_i0p05/disk_envelope_m2p25_a0p60_q3p75_i0p05_rt.para	a9cf00f52c71a61203d4df1a7beb77a01c6b05be6166562957ab8443d6c3cbae	18	jwst_mcfost/runs/strict_continuum_3d_q_v1/models/m2p25_a0p60_q3p75_i0p05/temperature	jwst_mcfost/runs/strict_continuum_3d_q_v1/rt_tasks/t188_m2p25_a0p60_q3p75_i0p05_w008
189	18	22	m2p25_a0p60_q3p75_i0p05	2.25	0.60	3.75	9	w009	window_27p5	334	27.513091575690556	27.513091575690556	MIRI	false	zoom_n1201	3.9933471945199667	1201	1201	1502.4989583259237	1.2510399319949406	2.4822220872915486e-06	1.0139320219977885	jwst_mcfost/runs/strict_continuum_3d_q_v1/anchors/w009/strict_continuum_anchor.lambda	02feaf67a3a60f2699c2d37af292482df3aaf64119571c73370a59f2c2945f23	41001	128000	jwst_mcfost/runs/strict_continuum_3d_q_v1/models/m2p25_a0p60_q3p75_i0p05/disk_envelope_m2p25_a0p60_q3p75_i0p05_rt.para	a9cf00f52c71a61203d4df1a7beb77a01c6b05be6166562957ab8443d6c3cbae	18	jwst_mcfost/runs/strict_continuum_3d_q_v1/models/m2p25_a0p60_q3p75_i0p05/temperature	jwst_mcfost/runs/strict_continuum_3d_q_v1/rt_tasks/t189_m2p25_a0p60_q3p75_i0p05_w009
190	19	23	m2p25_a0p60_q4p00_i0p05	2.25	0.60	4.00	0	w000	near_ir_short	2	0.9946761707696127	0.9946761707696127	NIRSpec	false	full_n2401	1	2401	2401	6000	2.4989587671803415	4.9582515221832172e-06	0.032824313635397222	jwst_mcfost/runs/strict_continuum_3d_q_v1/anchors/w000/strict_continuum_anchor.lambda	958b10dda90471bb610395d7fe4ffc4a8c52cf9552775fb9f72f08df4d0897c3	41001	128000	jwst_mcfost/runs/strict_continuum_3d_q_v1/models/m2p25_a0p60_q4p00_i0p05/disk_envelope_m2p25_a0p60_q4p00_i0p05_rt.para	8eceb67e99fa0e8fa74125ce644daa4c4b1e6c50f9160e8508b48a205f9e5103	19	jwst_mcfost/runs/strict_continuum_3d_q_v1/models/m2p25_a0p60_q4p00_i0p05/temperature	jwst_mcfost/runs/strict_continuum_3d_q_v1/rt_tasks/t190_m2p25_a0p60_q4p00_i0p05_w000
191	19	23	m2p25_a0p60_q4p00_i0p05	2.25	0.60	4.00	1	w001	near_ir_short	21	1.2028117593024095	1.2028117593024095	NIRSpec	false	full_n2401	1	2401	2401	6000	2.4989587671803415	4.9582515221832172e-06	0.039692788056979511	jwst_mcfost/runs/strict_continuum_3d_q_v1/anchors/w001/strict_continuum_anchor.lambda	03eac41388c201eb0d3587e76e6cdbb0a254d084dea08a854af129f7798c686d	41001	128000	jwst_mcfost/runs/strict_continuum_3d_q_v1/models/m2p25_a0p60_q4p00_i0p05/disk_envelope_m2p25_a0p60_q4p00_i0p05_rt.para	8eceb67e99fa0e8fa74125ce644daa4c4b1e6c50f9160e8508b48a205f9e5103	19	jwst_mcfost/runs/strict_continuum_3d_q_v1/models/m2p25_a0p60_q4p00_i0p05/temperature	jwst_mcfost/runs/strict_continuum_3d_q_v1/rt_tasks/t191_m2p25_a0p60_q4p00_i0p05_w001
192	19	23	m2p25_a0p60_q4p00_i0p05	2.25	0.60	4.00	2	w002	near_ir_short	43	1.4987957445436022	1.4987957445436022	NIRSpec	false	full_n2401	1	2401	2401	6000	2.4989587671803415	4.9582515221832172e-06	0.049460259569938873	jwst_mcfost/runs/strict_continuum_3d_q_v1/anchors/w002/strict_continuum_anchor.lambda	5e5ede487ce8e28395d8732fcd14cbdcf044a502bbc451f3e32a4d760288e0ce	41001	128000	jwst_mcfost/runs/strict_continuum_3d_q_v1/models/m2p25_a0p60_q4p00_i0p05/disk_envelope_m2p25_a0p60_q4p00_i0p05_rt.para	8eceb67e99fa0e8fa74125ce644daa4c4b1e6c50f9160e8508b48a205f9e5103	19	jwst_mcfost/runs/strict_continuum_3d_q_v1/models/m2p25_a0p60_q4p00_i0p05/temperature	jwst_mcfost/runs/strict_continuum_3d_q_v1/rt_tasks/t192_m2p25_a0p60_q4p00_i0p05_w002
193	19	23	m2p25_a0p60_q4p00_i0p05	2.25	0.60	4.00	3	w003	near_ir_rise	59	1.7588530996181813	1.7588530996181813	NIRSpec	false	full_n2401	1	2401	2401	6000	2.4989587671803415	4.9582515221832172e-06	0.058042152287399985	jwst_mcfost/runs/strict_continuum_3d_q_v1/anchors/w003/strict_continuum_anchor.lambda	6096fee96dea6c68611a03b186f6797670dfd3a73c98ffae6e4e90e535aa1aee	41001	128000	jwst_mcfost/runs/strict_continuum_3d_q_v1/models/m2p25_a0p60_q4p00_i0p05/disk_envelope_m2p25_a0p60_q4p00_i0p05_rt.para	8eceb67e99fa0e8fa74125ce644daa4c4b1e6c50f9160e8508b48a205f9e5103	19	jwst_mcfost/runs/strict_continuum_3d_q_v1/models/m2p25_a0p60_q4p00_i0p05/temperature	jwst_mcfost/runs/strict_continuum_3d_q_v1/rt_tasks/t193_m2p25_a0p60_q4p00_i0p05_w003
194	19	23	m2p25_a0p60_q4p00_i0p05	2.25	0.60	4.00	4	w004	near_ir_rise	81	2.1916659199557045	2.1916659199557045	NIRSpec	false	full_n2401	1	2401	2401	6000	2.4989587671803415	4.9582515221832172e-06	0.072324975358538254	jwst_mcfost/runs/strict_continuum_3d_q_v1/anchors/w004/strict_continuum_anchor.lambda	adcd8c330cb64fdf6cd13feaf0fe06ed6c9726df6e30e2a5ad9b3c488f684d87	41001	128000	jwst_mcfost/runs/strict_continuum_3d_q_v1/models/m2p25_a0p60_q4p00_i0p05/disk_envelope_m2p25_a0p60_q4p00_i0p05_rt.para	8eceb67e99fa0e8fa74125ce644daa4c4b1e6c50f9160e8508b48a205f9e5103	19	jwst_mcfost/runs/strict_continuum_3d_q_v1/models/m2p25_a0p60_q4p00_i0p05/temperature	jwst_mcfost/runs/strict_continuum_3d_q_v1/rt_tasks/t194_m2p25_a0p60_q4p00_i0p05_w004
195	19	23	m2p25_a0p60_q4p00_i0p05	2.25	0.60	4.00	5	w005	near_ir_rise	96	2.546352514425122	2.546352514425122	NIRSpec	true	full_n2401	1	2401	2401	6000	2.4989587671803415	4.9582515221832172e-06	0.084029632976029028	jwst_mcfost/runs/strict_continuum_3d_q_v1/anchors/w005/strict_continuum_anchor.lambda	91d915d166c5e6bb5cb007f0659a7d85b73c54677f8d267a3239a12d70dd3290	41001	128000	jwst_mcfost/runs/strict_continuum_3d_q_v1/models/m2p25_a0p60_q4p00_i0p05/disk_envelope_m2p25_a0p60_q4p00_i0p05_rt.para	8eceb67e99fa0e8fa74125ce644daa4c4b1e6c50f9160e8508b48a205f9e5103	19	jwst_mcfost/runs/strict_continuum_3d_q_v1/models/m2p25_a0p60_q4p00_i0p05/temperature	jwst_mcfost/runs/strict_continuum_3d_q_v1/rt_tasks/t195_m2p25_a0p60_q4p00_i0p05_w005
196	19	23	m2p25_a0p60_q4p00_i0p05	2.25	0.60	4.00	6	w006	window_3p9	139	3.9143995604061015	3.9143995604061015	NIRSpec	true	support_zoom_n2401	1.9975051980918284	2401	2401	3003.7468767198525	1.2510399319949406	2.4822220872915486e-06	0.12917518549340135	jwst_mcfost/runs/strict_continuum_3d_q_v1/anchors/w006/strict_continuum_anchor.lambda	3f9b717a21e711e16c54ebd68a2308d823da5c67f37df6ad2ddbe13da82b8010	41001	128000	jwst_mcfost/runs/strict_continuum_3d_q_v1/models/m2p25_a0p60_q4p00_i0p05/disk_envelope_m2p25_a0p60_q4p00_i0p05_rt.para	8eceb67e99fa0e8fa74125ce644daa4c4b1e6c50f9160e8508b48a205f9e5103	19	jwst_mcfost/runs/strict_continuum_3d_q_v1/models/m2p25_a0p60_q4p00_i0p05/temperature	jwst_mcfost/runs/strict_continuum_3d_q_v1/rt_tasks/t196_m2p25_a0p60_q4p00_i0p05_w006
197	19	23	m2p25_a0p60_q4p00_i0p05	2.25	0.60	4.00	7	w007	window_5p4	171	5.3906283153397085	5.3906283153397085	MIRI	false	support_zoom_n2401	1.9975051980918284	2401	2401	3003.7468767198525	1.2510399319949406	2.4822220872915486e-06	0.28389073440621038	jwst_mcfost/runs/strict_continuum_3d_q_v1/anchors/w007/strict_continuum_anchor.lambda	5f63ad070f3c845a8f617a8a81a0c499df4a74529835dbb910e3bc7165189b12	41001	128000	jwst_mcfost/runs/strict_continuum_3d_q_v1/models/m2p25_a0p60_q4p00_i0p05/disk_envelope_m2p25_a0p60_q4p00_i0p05_rt.para	8eceb67e99fa0e8fa74125ce644daa4c4b1e6c50f9160e8508b48a205f9e5103	19	jwst_mcfost/runs/strict_continuum_3d_q_v1/models/m2p25_a0p60_q4p00_i0p05/temperature	jwst_mcfost/runs/strict_continuum_3d_q_v1/rt_tasks/t197_m2p25_a0p60_q4p00_i0p05_w007
198	19	23	m2p25_a0p60_q4p00_i0p05	2.25	0.60	4.00	8	w008	window_13p8	265	13.799908320389276	13.799908320389276	MIRI	false	zoom_n1201	3.9933471945199667	1201	1201	1502.4989583259237	1.2510399319949406	2.4822220872915486e-06	0.5613969745728461	jwst_mcfost/runs/strict_continuum_3d_q_v1/anchors/w008/strict_continuum_anchor.lambda	5797e825e4c6cd5a59e2cc5a5e36940d0ba149f20340a55934be09f172095b37	41001	128000	jwst_mcfost/runs/strict_continuum_3d_q_v1/models/m2p25_a0p60_q4p00_i0p05/disk_envelope_m2p25_a0p60_q4p00_i0p05_rt.para	8eceb67e99fa0e8fa74125ce644daa4c4b1e6c50f9160e8508b48a205f9e5103	19	jwst_mcfost/runs/strict_continuum_3d_q_v1/models/m2p25_a0p60_q4p00_i0p05/temperature	jwst_mcfost/runs/strict_continuum_3d_q_v1/rt_tasks/t198_m2p25_a0p60_q4p00_i0p05_w008
199	19	23	m2p25_a0p60_q4p00_i0p05	2.25	0.60	4.00	9	w009	window_27p5	334	27.513091575690556	27.513091575690556	MIRI	false	zoom_n1201	3.9933471945199667	1201	1201	1502.4989583259237	1.2510399319949406	2.4822220872915486e-06	1.0139320219977885	jwst_mcfost/runs/strict_continuum_3d_q_v1/anchors/w009/strict_continuum_anchor.lambda	02feaf67a3a60f2699c2d37af292482df3aaf64119571c73370a59f2c2945f23	41001	128000	jwst_mcfost/runs/strict_continuum_3d_q_v1/models/m2p25_a0p60_q4p00_i0p05/disk_envelope_m2p25_a0p60_q4p00_i0p05_rt.para	8eceb67e99fa0e8fa74125ce644daa4c4b1e6c50f9160e8508b48a205f9e5103	19	jwst_mcfost/runs/strict_continuum_3d_q_v1/models/m2p25_a0p60_q4p00_i0p05/temperature	jwst_mcfost/runs/strict_continuum_3d_q_v1/rt_tasks/t199_m2p25_a0p60_q4p00_i0p05_w009
200	20	24	m2p50_a0p40_q3p25_i0p05	2.50	0.40	3.25	0	w000	near_ir_short	2	0.9946761707696127	0.9946761707696127	NIRSpec	false	full_n2401	1	2401	2401	6000	2.4989587671803415	4.9582515221832172e-06	0.032824313635397222	jwst_mcfost/runs/strict_continuum_3d_q_v1/anchors/w000/strict_continuum_anchor.lambda	958b10dda90471bb610395d7fe4ffc4a8c52cf9552775fb9f72f08df4d0897c3	41001	128000	jwst_mcfost/runs/strict_continuum_3d_q_v1/models/m2p50_a0p40_q3p25_i0p05/disk_envelope_m2p50_a0p40_q3p25_i0p05_rt.para	b3ebb54335858536f9695d1472e4aaa2ec9dc03a950d4932da76168c66570f50	20	jwst_mcfost/runs/strict_continuum_3d_q_v1/models/m2p50_a0p40_q3p25_i0p05/temperature	jwst_mcfost/runs/strict_continuum_3d_q_v1/rt_tasks/t200_m2p50_a0p40_q3p25_i0p05_w000
201	20	24	m2p50_a0p40_q3p25_i0p05	2.50	0.40	3.25	1	w001	near_ir_short	21	1.2028117593024095	1.2028117593024095	NIRSpec	false	full_n2401	1	2401	2401	6000	2.4989587671803415	4.9582515221832172e-06	0.039692788056979511	jwst_mcfost/runs/strict_continuum_3d_q_v1/anchors/w001/strict_continuum_anchor.lambda	03eac41388c201eb0d3587e76e6cdbb0a254d084dea08a854af129f7798c686d	41001	128000	jwst_mcfost/runs/strict_continuum_3d_q_v1/models/m2p50_a0p40_q3p25_i0p05/disk_envelope_m2p50_a0p40_q3p25_i0p05_rt.para	b3ebb54335858536f9695d1472e4aaa2ec9dc03a950d4932da76168c66570f50	20	jwst_mcfost/runs/strict_continuum_3d_q_v1/models/m2p50_a0p40_q3p25_i0p05/temperature	jwst_mcfost/runs/strict_continuum_3d_q_v1/rt_tasks/t201_m2p50_a0p40_q3p25_i0p05_w001
202	20	24	m2p50_a0p40_q3p25_i0p05	2.50	0.40	3.25	2	w002	near_ir_short	43	1.4987957445436022	1.4987957445436022	NIRSpec	false	full_n2401	1	2401	2401	6000	2.4989587671803415	4.9582515221832172e-06	0.049460259569938873	jwst_mcfost/runs/strict_continuum_3d_q_v1/anchors/w002/strict_continuum_anchor.lambda	5e5ede487ce8e28395d8732fcd14cbdcf044a502bbc451f3e32a4d760288e0ce	41001	128000	jwst_mcfost/runs/strict_continuum_3d_q_v1/models/m2p50_a0p40_q3p25_i0p05/disk_envelope_m2p50_a0p40_q3p25_i0p05_rt.para	b3ebb54335858536f9695d1472e4aaa2ec9dc03a950d4932da76168c66570f50	20	jwst_mcfost/runs/strict_continuum_3d_q_v1/models/m2p50_a0p40_q3p25_i0p05/temperature	jwst_mcfost/runs/strict_continuum_3d_q_v1/rt_tasks/t202_m2p50_a0p40_q3p25_i0p05_w002
203	20	24	m2p50_a0p40_q3p25_i0p05	2.50	0.40	3.25	3	w003	near_ir_rise	59	1.7588530996181813	1.7588530996181813	NIRSpec	false	full_n2401	1	2401	2401	6000	2.4989587671803415	4.9582515221832172e-06	0.058042152287399985	jwst_mcfost/runs/strict_continuum_3d_q_v1/anchors/w003/strict_continuum_anchor.lambda	6096fee96dea6c68611a03b186f6797670dfd3a73c98ffae6e4e90e535aa1aee	41001	128000	jwst_mcfost/runs/strict_continuum_3d_q_v1/models/m2p50_a0p40_q3p25_i0p05/disk_envelope_m2p50_a0p40_q3p25_i0p05_rt.para	b3ebb54335858536f9695d1472e4aaa2ec9dc03a950d4932da76168c66570f50	20	jwst_mcfost/runs/strict_continuum_3d_q_v1/models/m2p50_a0p40_q3p25_i0p05/temperature	jwst_mcfost/runs/strict_continuum_3d_q_v1/rt_tasks/t203_m2p50_a0p40_q3p25_i0p05_w003
204	20	24	m2p50_a0p40_q3p25_i0p05	2.50	0.40	3.25	4	w004	near_ir_rise	81	2.1916659199557045	2.1916659199557045	NIRSpec	false	full_n2401	1	2401	2401	6000	2.4989587671803415	4.9582515221832172e-06	0.072324975358538254	jwst_mcfost/runs/strict_continuum_3d_q_v1/anchors/w004/strict_continuum_anchor.lambda	adcd8c330cb64fdf6cd13feaf0fe06ed6c9726df6e30e2a5ad9b3c488f684d87	41001	128000	jwst_mcfost/runs/strict_continuum_3d_q_v1/models/m2p50_a0p40_q3p25_i0p05/disk_envelope_m2p50_a0p40_q3p25_i0p05_rt.para	b3ebb54335858536f9695d1472e4aaa2ec9dc03a950d4932da76168c66570f50	20	jwst_mcfost/runs/strict_continuum_3d_q_v1/models/m2p50_a0p40_q3p25_i0p05/temperature	jwst_mcfost/runs/strict_continuum_3d_q_v1/rt_tasks/t204_m2p50_a0p40_q3p25_i0p05_w004
205	20	24	m2p50_a0p40_q3p25_i0p05	2.50	0.40	3.25	5	w005	near_ir_rise	96	2.546352514425122	2.546352514425122	NIRSpec	true	full_n2401	1	2401	2401	6000	2.4989587671803415	4.9582515221832172e-06	0.084029632976029028	jwst_mcfost/runs/strict_continuum_3d_q_v1/anchors/w005/strict_continuum_anchor.lambda	91d915d166c5e6bb5cb007f0659a7d85b73c54677f8d267a3239a12d70dd3290	41001	128000	jwst_mcfost/runs/strict_continuum_3d_q_v1/models/m2p50_a0p40_q3p25_i0p05/disk_envelope_m2p50_a0p40_q3p25_i0p05_rt.para	b3ebb54335858536f9695d1472e4aaa2ec9dc03a950d4932da76168c66570f50	20	jwst_mcfost/runs/strict_continuum_3d_q_v1/models/m2p50_a0p40_q3p25_i0p05/temperature	jwst_mcfost/runs/strict_continuum_3d_q_v1/rt_tasks/t205_m2p50_a0p40_q3p25_i0p05_w005
206	20	24	m2p50_a0p40_q3p25_i0p05	2.50	0.40	3.25	6	w006	window_3p9	139	3.9143995604061015	3.9143995604061015	NIRSpec	true	support_zoom_n2401	1.9975051980918284	2401	2401	3003.7468767198525	1.2510399319949406	2.4822220872915486e-06	0.12917518549340135	jwst_mcfost/runs/strict_continuum_3d_q_v1/anchors/w006/strict_continuum_anchor.lambda	3f9b717a21e711e16c54ebd68a2308d823da5c67f37df6ad2ddbe13da82b8010	41001	128000	jwst_mcfost/runs/strict_continuum_3d_q_v1/models/m2p50_a0p40_q3p25_i0p05/disk_envelope_m2p50_a0p40_q3p25_i0p05_rt.para	b3ebb54335858536f9695d1472e4aaa2ec9dc03a950d4932da76168c66570f50	20	jwst_mcfost/runs/strict_continuum_3d_q_v1/models/m2p50_a0p40_q3p25_i0p05/temperature	jwst_mcfost/runs/strict_continuum_3d_q_v1/rt_tasks/t206_m2p50_a0p40_q3p25_i0p05_w006
207	20	24	m2p50_a0p40_q3p25_i0p05	2.50	0.40	3.25	7	w007	window_5p4	171	5.3906283153397085	5.3906283153397085	MIRI	false	support_zoom_n2401	1.9975051980918284	2401	2401	3003.7468767198525	1.2510399319949406	2.4822220872915486e-06	0.28389073440621038	jwst_mcfost/runs/strict_continuum_3d_q_v1/anchors/w007/strict_continuum_anchor.lambda	5f63ad070f3c845a8f617a8a81a0c499df4a74529835dbb910e3bc7165189b12	41001	128000	jwst_mcfost/runs/strict_continuum_3d_q_v1/models/m2p50_a0p40_q3p25_i0p05/disk_envelope_m2p50_a0p40_q3p25_i0p05_rt.para	b3ebb54335858536f9695d1472e4aaa2ec9dc03a950d4932da76168c66570f50	20	jwst_mcfost/runs/strict_continuum_3d_q_v1/models/m2p50_a0p40_q3p25_i0p05/temperature	jwst_mcfost/runs/strict_continuum_3d_q_v1/rt_tasks/t207_m2p50_a0p40_q3p25_i0p05_w007
208	20	24	m2p50_a0p40_q3p25_i0p05	2.50	0.40	3.25	8	w008	window_13p8	265	13.799908320389276	13.799908320389276	MIRI	false	zoom_n1201	3.9933471945199667	1201	1201	1502.4989583259237	1.2510399319949406	2.4822220872915486e-06	0.5613969745728461	jwst_mcfost/runs/strict_continuum_3d_q_v1/anchors/w008/strict_continuum_anchor.lambda	5797e825e4c6cd5a59e2cc5a5e36940d0ba149f20340a55934be09f172095b37	41001	128000	jwst_mcfost/runs/strict_continuum_3d_q_v1/models/m2p50_a0p40_q3p25_i0p05/disk_envelope_m2p50_a0p40_q3p25_i0p05_rt.para	b3ebb54335858536f9695d1472e4aaa2ec9dc03a950d4932da76168c66570f50	20	jwst_mcfost/runs/strict_continuum_3d_q_v1/models/m2p50_a0p40_q3p25_i0p05/temperature	jwst_mcfost/runs/strict_continuum_3d_q_v1/rt_tasks/t208_m2p50_a0p40_q3p25_i0p05_w008
209	20	24	m2p50_a0p40_q3p25_i0p05	2.50	0.40	3.25	9	w009	window_27p5	334	27.513091575690556	27.513091575690556	MIRI	false	zoom_n1201	3.9933471945199667	1201	1201	1502.4989583259237	1.2510399319949406	2.4822220872915486e-06	1.0139320219977885	jwst_mcfost/runs/strict_continuum_3d_q_v1/anchors/w009/strict_continuum_anchor.lambda	02feaf67a3a60f2699c2d37af292482df3aaf64119571c73370a59f2c2945f23	41001	128000	jwst_mcfost/runs/strict_continuum_3d_q_v1/models/m2p50_a0p40_q3p25_i0p05/disk_envelope_m2p50_a0p40_q3p25_i0p05_rt.para	b3ebb54335858536f9695d1472e4aaa2ec9dc03a950d4932da76168c66570f50	20	jwst_mcfost/runs/strict_continuum_3d_q_v1/models/m2p50_a0p40_q3p25_i0p05/temperature	jwst_mcfost/runs/strict_continuum_3d_q_v1/rt_tasks/t209_m2p50_a0p40_q3p25_i0p05_w009
210	21	25	m2p50_a0p40_q3p50_i0p05	2.50	0.40	3.50	0	w000	near_ir_short	2	0.9946761707696127	0.9946761707696127	NIRSpec	false	full_n2401	1	2401	2401	6000	2.4989587671803415	4.9582515221832172e-06	0.032824313635397222	jwst_mcfost/runs/strict_continuum_3d_q_v1/anchors/w000/strict_continuum_anchor.lambda	958b10dda90471bb610395d7fe4ffc4a8c52cf9552775fb9f72f08df4d0897c3	41001	128000	jwst_mcfost/runs/strict_continuum_3d_q_v1/models/m2p50_a0p40_q3p50_i0p05/disk_envelope_m2p50_a0p40_q3p50_i0p05_rt.para	3ff7445ba2dcf5b34d6f00342676dc8e0e40d8d652222d16b6d0dc1bf655e424	21	jwst_mcfost/runs/strict_continuum_3d_q_v1/models/m2p50_a0p40_q3p50_i0p05/temperature	jwst_mcfost/runs/strict_continuum_3d_q_v1/rt_tasks/t210_m2p50_a0p40_q3p50_i0p05_w000
211	21	25	m2p50_a0p40_q3p50_i0p05	2.50	0.40	3.50	1	w001	near_ir_short	21	1.2028117593024095	1.2028117593024095	NIRSpec	false	full_n2401	1	2401	2401	6000	2.4989587671803415	4.9582515221832172e-06	0.039692788056979511	jwst_mcfost/runs/strict_continuum_3d_q_v1/anchors/w001/strict_continuum_anchor.lambda	03eac41388c201eb0d3587e76e6cdbb0a254d084dea08a854af129f7798c686d	41001	128000	jwst_mcfost/runs/strict_continuum_3d_q_v1/models/m2p50_a0p40_q3p50_i0p05/disk_envelope_m2p50_a0p40_q3p50_i0p05_rt.para	3ff7445ba2dcf5b34d6f00342676dc8e0e40d8d652222d16b6d0dc1bf655e424	21	jwst_mcfost/runs/strict_continuum_3d_q_v1/models/m2p50_a0p40_q3p50_i0p05/temperature	jwst_mcfost/runs/strict_continuum_3d_q_v1/rt_tasks/t211_m2p50_a0p40_q3p50_i0p05_w001
212	21	25	m2p50_a0p40_q3p50_i0p05	2.50	0.40	3.50	2	w002	near_ir_short	43	1.4987957445436022	1.4987957445436022	NIRSpec	false	full_n2401	1	2401	2401	6000	2.4989587671803415	4.9582515221832172e-06	0.049460259569938873	jwst_mcfost/runs/strict_continuum_3d_q_v1/anchors/w002/strict_continuum_anchor.lambda	5e5ede487ce8e28395d8732fcd14cbdcf044a502bbc451f3e32a4d760288e0ce	41001	128000	jwst_mcfost/runs/strict_continuum_3d_q_v1/models/m2p50_a0p40_q3p50_i0p05/disk_envelope_m2p50_a0p40_q3p50_i0p05_rt.para	3ff7445ba2dcf5b34d6f00342676dc8e0e40d8d652222d16b6d0dc1bf655e424	21	jwst_mcfost/runs/strict_continuum_3d_q_v1/models/m2p50_a0p40_q3p50_i0p05/temperature	jwst_mcfost/runs/strict_continuum_3d_q_v1/rt_tasks/t212_m2p50_a0p40_q3p50_i0p05_w002
213	21	25	m2p50_a0p40_q3p50_i0p05	2.50	0.40	3.50	3	w003	near_ir_rise	59	1.7588530996181813	1.7588530996181813	NIRSpec	false	full_n2401	1	2401	2401	6000	2.4989587671803415	4.9582515221832172e-06	0.058042152287399985	jwst_mcfost/runs/strict_continuum_3d_q_v1/anchors/w003/strict_continuum_anchor.lambda	6096fee96dea6c68611a03b186f6797670dfd3a73c98ffae6e4e90e535aa1aee	41001	128000	jwst_mcfost/runs/strict_continuum_3d_q_v1/models/m2p50_a0p40_q3p50_i0p05/disk_envelope_m2p50_a0p40_q3p50_i0p05_rt.para	3ff7445ba2dcf5b34d6f00342676dc8e0e40d8d652222d16b6d0dc1bf655e424	21	jwst_mcfost/runs/strict_continuum_3d_q_v1/models/m2p50_a0p40_q3p50_i0p05/temperature	jwst_mcfost/runs/strict_continuum_3d_q_v1/rt_tasks/t213_m2p50_a0p40_q3p50_i0p05_w003
214	21	25	m2p50_a0p40_q3p50_i0p05	2.50	0.40	3.50	4	w004	near_ir_rise	81	2.1916659199557045	2.1916659199557045	NIRSpec	false	full_n2401	1	2401	2401	6000	2.4989587671803415	4.9582515221832172e-06	0.072324975358538254	jwst_mcfost/runs/strict_continuum_3d_q_v1/anchors/w004/strict_continuum_anchor.lambda	adcd8c330cb64fdf6cd13feaf0fe06ed6c9726df6e30e2a5ad9b3c488f684d87	41001	128000	jwst_mcfost/runs/strict_continuum_3d_q_v1/models/m2p50_a0p40_q3p50_i0p05/disk_envelope_m2p50_a0p40_q3p50_i0p05_rt.para	3ff7445ba2dcf5b34d6f00342676dc8e0e40d8d652222d16b6d0dc1bf655e424	21	jwst_mcfost/runs/strict_continuum_3d_q_v1/models/m2p50_a0p40_q3p50_i0p05/temperature	jwst_mcfost/runs/strict_continuum_3d_q_v1/rt_tasks/t214_m2p50_a0p40_q3p50_i0p05_w004
215	21	25	m2p50_a0p40_q3p50_i0p05	2.50	0.40	3.50	5	w005	near_ir_rise	96	2.546352514425122	2.546352514425122	NIRSpec	true	full_n2401	1	2401	2401	6000	2.4989587671803415	4.9582515221832172e-06	0.084029632976029028	jwst_mcfost/runs/strict_continuum_3d_q_v1/anchors/w005/strict_continuum_anchor.lambda	91d915d166c5e6bb5cb007f0659a7d85b73c54677f8d267a3239a12d70dd3290	41001	128000	jwst_mcfost/runs/strict_continuum_3d_q_v1/models/m2p50_a0p40_q3p50_i0p05/disk_envelope_m2p50_a0p40_q3p50_i0p05_rt.para	3ff7445ba2dcf5b34d6f00342676dc8e0e40d8d652222d16b6d0dc1bf655e424	21	jwst_mcfost/runs/strict_continuum_3d_q_v1/models/m2p50_a0p40_q3p50_i0p05/temperature	jwst_mcfost/runs/strict_continuum_3d_q_v1/rt_tasks/t215_m2p50_a0p40_q3p50_i0p05_w005
216	21	25	m2p50_a0p40_q3p50_i0p05	2.50	0.40	3.50	6	w006	window_3p9	139	3.9143995604061015	3.9143995604061015	NIRSpec	true	support_zoom_n2401	1.9975051980918284	2401	2401	3003.7468767198525	1.2510399319949406	2.4822220872915486e-06	0.12917518549340135	jwst_mcfost/runs/strict_continuum_3d_q_v1/anchors/w006/strict_continuum_anchor.lambda	3f9b717a21e711e16c54ebd68a2308d823da5c67f37df6ad2ddbe13da82b8010	41001	128000	jwst_mcfost/runs/strict_continuum_3d_q_v1/models/m2p50_a0p40_q3p50_i0p05/disk_envelope_m2p50_a0p40_q3p50_i0p05_rt.para	3ff7445ba2dcf5b34d6f00342676dc8e0e40d8d652222d16b6d0dc1bf655e424	21	jwst_mcfost/runs/strict_continuum_3d_q_v1/models/m2p50_a0p40_q3p50_i0p05/temperature	jwst_mcfost/runs/strict_continuum_3d_q_v1/rt_tasks/t216_m2p50_a0p40_q3p50_i0p05_w006
217	21	25	m2p50_a0p40_q3p50_i0p05	2.50	0.40	3.50	7	w007	window_5p4	171	5.3906283153397085	5.3906283153397085	MIRI	false	support_zoom_n2401	1.9975051980918284	2401	2401	3003.7468767198525	1.2510399319949406	2.4822220872915486e-06	0.28389073440621038	jwst_mcfost/runs/strict_continuum_3d_q_v1/anchors/w007/strict_continuum_anchor.lambda	5f63ad070f3c845a8f617a8a81a0c499df4a74529835dbb910e3bc7165189b12	41001	128000	jwst_mcfost/runs/strict_continuum_3d_q_v1/models/m2p50_a0p40_q3p50_i0p05/disk_envelope_m2p50_a0p40_q3p50_i0p05_rt.para	3ff7445ba2dcf5b34d6f00342676dc8e0e40d8d652222d16b6d0dc1bf655e424	21	jwst_mcfost/runs/strict_continuum_3d_q_v1/models/m2p50_a0p40_q3p50_i0p05/temperature	jwst_mcfost/runs/strict_continuum_3d_q_v1/rt_tasks/t217_m2p50_a0p40_q3p50_i0p05_w007
218	21	25	m2p50_a0p40_q3p50_i0p05	2.50	0.40	3.50	8	w008	window_13p8	265	13.799908320389276	13.799908320389276	MIRI	false	zoom_n1201	3.9933471945199667	1201	1201	1502.4989583259237	1.2510399319949406	2.4822220872915486e-06	0.5613969745728461	jwst_mcfost/runs/strict_continuum_3d_q_v1/anchors/w008/strict_continuum_anchor.lambda	5797e825e4c6cd5a59e2cc5a5e36940d0ba149f20340a55934be09f172095b37	41001	128000	jwst_mcfost/runs/strict_continuum_3d_q_v1/models/m2p50_a0p40_q3p50_i0p05/disk_envelope_m2p50_a0p40_q3p50_i0p05_rt.para	3ff7445ba2dcf5b34d6f00342676dc8e0e40d8d652222d16b6d0dc1bf655e424	21	jwst_mcfost/runs/strict_continuum_3d_q_v1/models/m2p50_a0p40_q3p50_i0p05/temperature	jwst_mcfost/runs/strict_continuum_3d_q_v1/rt_tasks/t218_m2p50_a0p40_q3p50_i0p05_w008
219	21	25	m2p50_a0p40_q3p50_i0p05	2.50	0.40	3.50	9	w009	window_27p5	334	27.513091575690556	27.513091575690556	MIRI	false	zoom_n1201	3.9933471945199667	1201	1201	1502.4989583259237	1.2510399319949406	2.4822220872915486e-06	1.0139320219977885	jwst_mcfost/runs/strict_continuum_3d_q_v1/anchors/w009/strict_continuum_anchor.lambda	02feaf67a3a60f2699c2d37af292482df3aaf64119571c73370a59f2c2945f23	41001	128000	jwst_mcfost/runs/strict_continuum_3d_q_v1/models/m2p50_a0p40_q3p50_i0p05/disk_envelope_m2p50_a0p40_q3p50_i0p05_rt.para	3ff7445ba2dcf5b34d6f00342676dc8e0e40d8d652222d16b6d0dc1bf655e424	21	jwst_mcfost/runs/strict_continuum_3d_q_v1/models/m2p50_a0p40_q3p50_i0p05/temperature	jwst_mcfost/runs/strict_continuum_3d_q_v1/rt_tasks/t219_m2p50_a0p40_q3p50_i0p05_w009
220	22	26	m2p50_a0p40_q3p75_i0p05	2.50	0.40	3.75	0	w000	near_ir_short	2	0.9946761707696127	0.9946761707696127	NIRSpec	false	full_n2401	1	2401	2401	6000	2.4989587671803415	4.9582515221832172e-06	0.032824313635397222	jwst_mcfost/runs/strict_continuum_3d_q_v1/anchors/w000/strict_continuum_anchor.lambda	958b10dda90471bb610395d7fe4ffc4a8c52cf9552775fb9f72f08df4d0897c3	41001	128000	jwst_mcfost/runs/strict_continuum_3d_q_v1/models/m2p50_a0p40_q3p75_i0p05/disk_envelope_m2p50_a0p40_q3p75_i0p05_rt.para	b8106acf297927d2459e37220103c0c298237a9e1acf558f26757e9d014ecf7f	22	jwst_mcfost/runs/strict_continuum_3d_q_v1/models/m2p50_a0p40_q3p75_i0p05/temperature	jwst_mcfost/runs/strict_continuum_3d_q_v1/rt_tasks/t220_m2p50_a0p40_q3p75_i0p05_w000
221	22	26	m2p50_a0p40_q3p75_i0p05	2.50	0.40	3.75	1	w001	near_ir_short	21	1.2028117593024095	1.2028117593024095	NIRSpec	false	full_n2401	1	2401	2401	6000	2.4989587671803415	4.9582515221832172e-06	0.039692788056979511	jwst_mcfost/runs/strict_continuum_3d_q_v1/anchors/w001/strict_continuum_anchor.lambda	03eac41388c201eb0d3587e76e6cdbb0a254d084dea08a854af129f7798c686d	41001	128000	jwst_mcfost/runs/strict_continuum_3d_q_v1/models/m2p50_a0p40_q3p75_i0p05/disk_envelope_m2p50_a0p40_q3p75_i0p05_rt.para	b8106acf297927d2459e37220103c0c298237a9e1acf558f26757e9d014ecf7f	22	jwst_mcfost/runs/strict_continuum_3d_q_v1/models/m2p50_a0p40_q3p75_i0p05/temperature	jwst_mcfost/runs/strict_continuum_3d_q_v1/rt_tasks/t221_m2p50_a0p40_q3p75_i0p05_w001
222	22	26	m2p50_a0p40_q3p75_i0p05	2.50	0.40	3.75	2	w002	near_ir_short	43	1.4987957445436022	1.4987957445436022	NIRSpec	false	full_n2401	1	2401	2401	6000	2.4989587671803415	4.9582515221832172e-06	0.049460259569938873	jwst_mcfost/runs/strict_continuum_3d_q_v1/anchors/w002/strict_continuum_anchor.lambda	5e5ede487ce8e28395d8732fcd14cbdcf044a502bbc451f3e32a4d760288e0ce	41001	128000	jwst_mcfost/runs/strict_continuum_3d_q_v1/models/m2p50_a0p40_q3p75_i0p05/disk_envelope_m2p50_a0p40_q3p75_i0p05_rt.para	b8106acf297927d2459e37220103c0c298237a9e1acf558f26757e9d014ecf7f	22	jwst_mcfost/runs/strict_continuum_3d_q_v1/models/m2p50_a0p40_q3p75_i0p05/temperature	jwst_mcfost/runs/strict_continuum_3d_q_v1/rt_tasks/t222_m2p50_a0p40_q3p75_i0p05_w002
223	22	26	m2p50_a0p40_q3p75_i0p05	2.50	0.40	3.75	3	w003	near_ir_rise	59	1.7588530996181813	1.7588530996181813	NIRSpec	false	full_n2401	1	2401	2401	6000	2.4989587671803415	4.9582515221832172e-06	0.058042152287399985	jwst_mcfost/runs/strict_continuum_3d_q_v1/anchors/w003/strict_continuum_anchor.lambda	6096fee96dea6c68611a03b186f6797670dfd3a73c98ffae6e4e90e535aa1aee	41001	128000	jwst_mcfost/runs/strict_continuum_3d_q_v1/models/m2p50_a0p40_q3p75_i0p05/disk_envelope_m2p50_a0p40_q3p75_i0p05_rt.para	b8106acf297927d2459e37220103c0c298237a9e1acf558f26757e9d014ecf7f	22	jwst_mcfost/runs/strict_continuum_3d_q_v1/models/m2p50_a0p40_q3p75_i0p05/temperature	jwst_mcfost/runs/strict_continuum_3d_q_v1/rt_tasks/t223_m2p50_a0p40_q3p75_i0p05_w003
224	22	26	m2p50_a0p40_q3p75_i0p05	2.50	0.40	3.75	4	w004	near_ir_rise	81	2.1916659199557045	2.1916659199557045	NIRSpec	false	full_n2401	1	2401	2401	6000	2.4989587671803415	4.9582515221832172e-06	0.072324975358538254	jwst_mcfost/runs/strict_continuum_3d_q_v1/anchors/w004/strict_continuum_anchor.lambda	adcd8c330cb64fdf6cd13feaf0fe06ed6c9726df6e30e2a5ad9b3c488f684d87	41001	128000	jwst_mcfost/runs/strict_continuum_3d_q_v1/models/m2p50_a0p40_q3p75_i0p05/disk_envelope_m2p50_a0p40_q3p75_i0p05_rt.para	b8106acf297927d2459e37220103c0c298237a9e1acf558f26757e9d014ecf7f	22	jwst_mcfost/runs/strict_continuum_3d_q_v1/models/m2p50_a0p40_q3p75_i0p05/temperature	jwst_mcfost/runs/strict_continuum_3d_q_v1/rt_tasks/t224_m2p50_a0p40_q3p75_i0p05_w004
225	22	26	m2p50_a0p40_q3p75_i0p05	2.50	0.40	3.75	5	w005	near_ir_rise	96	2.546352514425122	2.546352514425122	NIRSpec	true	full_n2401	1	2401	2401	6000	2.4989587671803415	4.9582515221832172e-06	0.084029632976029028	jwst_mcfost/runs/strict_continuum_3d_q_v1/anchors/w005/strict_continuum_anchor.lambda	91d915d166c5e6bb5cb007f0659a7d85b73c54677f8d267a3239a12d70dd3290	41001	128000	jwst_mcfost/runs/strict_continuum_3d_q_v1/models/m2p50_a0p40_q3p75_i0p05/disk_envelope_m2p50_a0p40_q3p75_i0p05_rt.para	b8106acf297927d2459e37220103c0c298237a9e1acf558f26757e9d014ecf7f	22	jwst_mcfost/runs/strict_continuum_3d_q_v1/models/m2p50_a0p40_q3p75_i0p05/temperature	jwst_mcfost/runs/strict_continuum_3d_q_v1/rt_tasks/t225_m2p50_a0p40_q3p75_i0p05_w005
226	22	26	m2p50_a0p40_q3p75_i0p05	2.50	0.40	3.75	6	w006	window_3p9	139	3.9143995604061015	3.9143995604061015	NIRSpec	true	support_zoom_n2401	1.9975051980918284	2401	2401	3003.7468767198525	1.2510399319949406	2.4822220872915486e-06	0.12917518549340135	jwst_mcfost/runs/strict_continuum_3d_q_v1/anchors/w006/strict_continuum_anchor.lambda	3f9b717a21e711e16c54ebd68a2308d823da5c67f37df6ad2ddbe13da82b8010	41001	128000	jwst_mcfost/runs/strict_continuum_3d_q_v1/models/m2p50_a0p40_q3p75_i0p05/disk_envelope_m2p50_a0p40_q3p75_i0p05_rt.para	b8106acf297927d2459e37220103c0c298237a9e1acf558f26757e9d014ecf7f	22	jwst_mcfost/runs/strict_continuum_3d_q_v1/models/m2p50_a0p40_q3p75_i0p05/temperature	jwst_mcfost/runs/strict_continuum_3d_q_v1/rt_tasks/t226_m2p50_a0p40_q3p75_i0p05_w006
227	22	26	m2p50_a0p40_q3p75_i0p05	2.50	0.40	3.75	7	w007	window_5p4	171	5.3906283153397085	5.3906283153397085	MIRI	false	support_zoom_n2401	1.9975051980918284	2401	2401	3003.7468767198525	1.2510399319949406	2.4822220872915486e-06	0.28389073440621038	jwst_mcfost/runs/strict_continuum_3d_q_v1/anchors/w007/strict_continuum_anchor.lambda	5f63ad070f3c845a8f617a8a81a0c499df4a74529835dbb910e3bc7165189b12	41001	128000	jwst_mcfost/runs/strict_continuum_3d_q_v1/models/m2p50_a0p40_q3p75_i0p05/disk_envelope_m2p50_a0p40_q3p75_i0p05_rt.para	b8106acf297927d2459e37220103c0c298237a9e1acf558f26757e9d014ecf7f	22	jwst_mcfost/runs/strict_continuum_3d_q_v1/models/m2p50_a0p40_q3p75_i0p05/temperature	jwst_mcfost/runs/strict_continuum_3d_q_v1/rt_tasks/t227_m2p50_a0p40_q3p75_i0p05_w007
228	22	26	m2p50_a0p40_q3p75_i0p05	2.50	0.40	3.75	8	w008	window_13p8	265	13.799908320389276	13.799908320389276	MIRI	false	zoom_n1201	3.9933471945199667	1201	1201	1502.4989583259237	1.2510399319949406	2.4822220872915486e-06	0.5613969745728461	jwst_mcfost/runs/strict_continuum_3d_q_v1/anchors/w008/strict_continuum_anchor.lambda	5797e825e4c6cd5a59e2cc5a5e36940d0ba149f20340a55934be09f172095b37	41001	128000	jwst_mcfost/runs/strict_continuum_3d_q_v1/models/m2p50_a0p40_q3p75_i0p05/disk_envelope_m2p50_a0p40_q3p75_i0p05_rt.para	b8106acf297927d2459e37220103c0c298237a9e1acf558f26757e9d014ecf7f	22	jwst_mcfost/runs/strict_continuum_3d_q_v1/models/m2p50_a0p40_q3p75_i0p05/temperature	jwst_mcfost/runs/strict_continuum_3d_q_v1/rt_tasks/t228_m2p50_a0p40_q3p75_i0p05_w008
229	22	26	m2p50_a0p40_q3p75_i0p05	2.50	0.40	3.75	9	w009	window_27p5	334	27.513091575690556	27.513091575690556	MIRI	false	zoom_n1201	3.9933471945199667	1201	1201	1502.4989583259237	1.2510399319949406	2.4822220872915486e-06	1.0139320219977885	jwst_mcfost/runs/strict_continuum_3d_q_v1/anchors/w009/strict_continuum_anchor.lambda	02feaf67a3a60f2699c2d37af292482df3aaf64119571c73370a59f2c2945f23	41001	128000	jwst_mcfost/runs/strict_continuum_3d_q_v1/models/m2p50_a0p40_q3p75_i0p05/disk_envelope_m2p50_a0p40_q3p75_i0p05_rt.para	b8106acf297927d2459e37220103c0c298237a9e1acf558f26757e9d014ecf7f	22	jwst_mcfost/runs/strict_continuum_3d_q_v1/models/m2p50_a0p40_q3p75_i0p05/temperature	jwst_mcfost/runs/strict_continuum_3d_q_v1/rt_tasks/t229_m2p50_a0p40_q3p75_i0p05_w009
230	23	27	m2p50_a0p40_q4p00_i0p05	2.50	0.40	4.00	0	w000	near_ir_short	2	0.9946761707696127	0.9946761707696127	NIRSpec	false	full_n2401	1	2401	2401	6000	2.4989587671803415	4.9582515221832172e-06	0.032824313635397222	jwst_mcfost/runs/strict_continuum_3d_q_v1/anchors/w000/strict_continuum_anchor.lambda	958b10dda90471bb610395d7fe4ffc4a8c52cf9552775fb9f72f08df4d0897c3	41001	128000	jwst_mcfost/runs/strict_continuum_3d_q_v1/models/m2p50_a0p40_q4p00_i0p05/disk_envelope_m2p50_a0p40_q4p00_i0p05_rt.para	19e990f6f371af8f4e103bb49121c29e6f4c4cf795711591189a04ab368b708e	23	jwst_mcfost/runs/strict_continuum_3d_q_v1/models/m2p50_a0p40_q4p00_i0p05/temperature	jwst_mcfost/runs/strict_continuum_3d_q_v1/rt_tasks/t230_m2p50_a0p40_q4p00_i0p05_w000
231	23	27	m2p50_a0p40_q4p00_i0p05	2.50	0.40	4.00	1	w001	near_ir_short	21	1.2028117593024095	1.2028117593024095	NIRSpec	false	full_n2401	1	2401	2401	6000	2.4989587671803415	4.9582515221832172e-06	0.039692788056979511	jwst_mcfost/runs/strict_continuum_3d_q_v1/anchors/w001/strict_continuum_anchor.lambda	03eac41388c201eb0d3587e76e6cdbb0a254d084dea08a854af129f7798c686d	41001	128000	jwst_mcfost/runs/strict_continuum_3d_q_v1/models/m2p50_a0p40_q4p00_i0p05/disk_envelope_m2p50_a0p40_q4p00_i0p05_rt.para	19e990f6f371af8f4e103bb49121c29e6f4c4cf795711591189a04ab368b708e	23	jwst_mcfost/runs/strict_continuum_3d_q_v1/models/m2p50_a0p40_q4p00_i0p05/temperature	jwst_mcfost/runs/strict_continuum_3d_q_v1/rt_tasks/t231_m2p50_a0p40_q4p00_i0p05_w001
232	23	27	m2p50_a0p40_q4p00_i0p05	2.50	0.40	4.00	2	w002	near_ir_short	43	1.4987957445436022	1.4987957445436022	NIRSpec	false	full_n2401	1	2401	2401	6000	2.4989587671803415	4.9582515221832172e-06	0.049460259569938873	jwst_mcfost/runs/strict_continuum_3d_q_v1/anchors/w002/strict_continuum_anchor.lambda	5e5ede487ce8e28395d8732fcd14cbdcf044a502bbc451f3e32a4d760288e0ce	41001	128000	jwst_mcfost/runs/strict_continuum_3d_q_v1/models/m2p50_a0p40_q4p00_i0p05/disk_envelope_m2p50_a0p40_q4p00_i0p05_rt.para	19e990f6f371af8f4e103bb49121c29e6f4c4cf795711591189a04ab368b708e	23	jwst_mcfost/runs/strict_continuum_3d_q_v1/models/m2p50_a0p40_q4p00_i0p05/temperature	jwst_mcfost/runs/strict_continuum_3d_q_v1/rt_tasks/t232_m2p50_a0p40_q4p00_i0p05_w002
233	23	27	m2p50_a0p40_q4p00_i0p05	2.50	0.40	4.00	3	w003	near_ir_rise	59	1.7588530996181813	1.7588530996181813	NIRSpec	false	full_n2401	1	2401	2401	6000	2.4989587671803415	4.9582515221832172e-06	0.058042152287399985	jwst_mcfost/runs/strict_continuum_3d_q_v1/anchors/w003/strict_continuum_anchor.lambda	6096fee96dea6c68611a03b186f6797670dfd3a73c98ffae6e4e90e535aa1aee	41001	128000	jwst_mcfost/runs/strict_continuum_3d_q_v1/models/m2p50_a0p40_q4p00_i0p05/disk_envelope_m2p50_a0p40_q4p00_i0p05_rt.para	19e990f6f371af8f4e103bb49121c29e6f4c4cf795711591189a04ab368b708e	23	jwst_mcfost/runs/strict_continuum_3d_q_v1/models/m2p50_a0p40_q4p00_i0p05/temperature	jwst_mcfost/runs/strict_continuum_3d_q_v1/rt_tasks/t233_m2p50_a0p40_q4p00_i0p05_w003
234	23	27	m2p50_a0p40_q4p00_i0p05	2.50	0.40	4.00	4	w004	near_ir_rise	81	2.1916659199557045	2.1916659199557045	NIRSpec	false	full_n2401	1	2401	2401	6000	2.4989587671803415	4.9582515221832172e-06	0.072324975358538254	jwst_mcfost/runs/strict_continuum_3d_q_v1/anchors/w004/strict_continuum_anchor.lambda	adcd8c330cb64fdf6cd13feaf0fe06ed6c9726df6e30e2a5ad9b3c488f684d87	41001	128000	jwst_mcfost/runs/strict_continuum_3d_q_v1/models/m2p50_a0p40_q4p00_i0p05/disk_envelope_m2p50_a0p40_q4p00_i0p05_rt.para	19e990f6f371af8f4e103bb49121c29e6f4c4cf795711591189a04ab368b708e	23	jwst_mcfost/runs/strict_continuum_3d_q_v1/models/m2p50_a0p40_q4p00_i0p05/temperature	jwst_mcfost/runs/strict_continuum_3d_q_v1/rt_tasks/t234_m2p50_a0p40_q4p00_i0p05_w004
235	23	27	m2p50_a0p40_q4p00_i0p05	2.50	0.40	4.00	5	w005	near_ir_rise	96	2.546352514425122	2.546352514425122	NIRSpec	true	full_n2401	1	2401	2401	6000	2.4989587671803415	4.9582515221832172e-06	0.084029632976029028	jwst_mcfost/runs/strict_continuum_3d_q_v1/anchors/w005/strict_continuum_anchor.lambda	91d915d166c5e6bb5cb007f0659a7d85b73c54677f8d267a3239a12d70dd3290	41001	128000	jwst_mcfost/runs/strict_continuum_3d_q_v1/models/m2p50_a0p40_q4p00_i0p05/disk_envelope_m2p50_a0p40_q4p00_i0p05_rt.para	19e990f6f371af8f4e103bb49121c29e6f4c4cf795711591189a04ab368b708e	23	jwst_mcfost/runs/strict_continuum_3d_q_v1/models/m2p50_a0p40_q4p00_i0p05/temperature	jwst_mcfost/runs/strict_continuum_3d_q_v1/rt_tasks/t235_m2p50_a0p40_q4p00_i0p05_w005
236	23	27	m2p50_a0p40_q4p00_i0p05	2.50	0.40	4.00	6	w006	window_3p9	139	3.9143995604061015	3.9143995604061015	NIRSpec	true	support_zoom_n2401	1.9975051980918284	2401	2401	3003.7468767198525	1.2510399319949406	2.4822220872915486e-06	0.12917518549340135	jwst_mcfost/runs/strict_continuum_3d_q_v1/anchors/w006/strict_continuum_anchor.lambda	3f9b717a21e711e16c54ebd68a2308d823da5c67f37df6ad2ddbe13da82b8010	41001	128000	jwst_mcfost/runs/strict_continuum_3d_q_v1/models/m2p50_a0p40_q4p00_i0p05/disk_envelope_m2p50_a0p40_q4p00_i0p05_rt.para	19e990f6f371af8f4e103bb49121c29e6f4c4cf795711591189a04ab368b708e	23	jwst_mcfost/runs/strict_continuum_3d_q_v1/models/m2p50_a0p40_q4p00_i0p05/temperature	jwst_mcfost/runs/strict_continuum_3d_q_v1/rt_tasks/t236_m2p50_a0p40_q4p00_i0p05_w006
237	23	27	m2p50_a0p40_q4p00_i0p05	2.50	0.40	4.00	7	w007	window_5p4	171	5.3906283153397085	5.3906283153397085	MIRI	false	support_zoom_n2401	1.9975051980918284	2401	2401	3003.7468767198525	1.2510399319949406	2.4822220872915486e-06	0.28389073440621038	jwst_mcfost/runs/strict_continuum_3d_q_v1/anchors/w007/strict_continuum_anchor.lambda	5f63ad070f3c845a8f617a8a81a0c499df4a74529835dbb910e3bc7165189b12	41001	128000	jwst_mcfost/runs/strict_continuum_3d_q_v1/models/m2p50_a0p40_q4p00_i0p05/disk_envelope_m2p50_a0p40_q4p00_i0p05_rt.para	19e990f6f371af8f4e103bb49121c29e6f4c4cf795711591189a04ab368b708e	23	jwst_mcfost/runs/strict_continuum_3d_q_v1/models/m2p50_a0p40_q4p00_i0p05/temperature	jwst_mcfost/runs/strict_continuum_3d_q_v1/rt_tasks/t237_m2p50_a0p40_q4p00_i0p05_w007
238	23	27	m2p50_a0p40_q4p00_i0p05	2.50	0.40	4.00	8	w008	window_13p8	265	13.799908320389276	13.799908320389276	MIRI	false	zoom_n1201	3.9933471945199667	1201	1201	1502.4989583259237	1.2510399319949406	2.4822220872915486e-06	0.5613969745728461	jwst_mcfost/runs/strict_continuum_3d_q_v1/anchors/w008/strict_continuum_anchor.lambda	5797e825e4c6cd5a59e2cc5a5e36940d0ba149f20340a55934be09f172095b37	41001	128000	jwst_mcfost/runs/strict_continuum_3d_q_v1/models/m2p50_a0p40_q4p00_i0p05/disk_envelope_m2p50_a0p40_q4p00_i0p05_rt.para	19e990f6f371af8f4e103bb49121c29e6f4c4cf795711591189a04ab368b708e	23	jwst_mcfost/runs/strict_continuum_3d_q_v1/models/m2p50_a0p40_q4p00_i0p05/temperature	jwst_mcfost/runs/strict_continuum_3d_q_v1/rt_tasks/t238_m2p50_a0p40_q4p00_i0p05_w008
239	23	27	m2p50_a0p40_q4p00_i0p05	2.50	0.40	4.00	9	w009	window_27p5	334	27.513091575690556	27.513091575690556	MIRI	false	zoom_n1201	3.9933471945199667	1201	1201	1502.4989583259237	1.2510399319949406	2.4822220872915486e-06	1.0139320219977885	jwst_mcfost/runs/strict_continuum_3d_q_v1/anchors/w009/strict_continuum_anchor.lambda	02feaf67a3a60f2699c2d37af292482df3aaf64119571c73370a59f2c2945f23	41001	128000	jwst_mcfost/runs/strict_continuum_3d_q_v1/models/m2p50_a0p40_q4p00_i0p05/disk_envelope_m2p50_a0p40_q4p00_i0p05_rt.para	19e990f6f371af8f4e103bb49121c29e6f4c4cf795711591189a04ab368b708e	23	jwst_mcfost/runs/strict_continuum_3d_q_v1/models/m2p50_a0p40_q4p00_i0p05/temperature	jwst_mcfost/runs/strict_continuum_3d_q_v1/rt_tasks/t239_m2p50_a0p40_q4p00_i0p05_w009
240	24	28	m2p50_a0p50_q3p25_i0p05	2.50	0.50	3.25	0	w000	near_ir_short	2	0.9946761707696127	0.9946761707696127	NIRSpec	false	full_n2401	1	2401	2401	6000	2.4989587671803415	4.9582515221832172e-06	0.032824313635397222	jwst_mcfost/runs/strict_continuum_3d_q_v1/anchors/w000/strict_continuum_anchor.lambda	958b10dda90471bb610395d7fe4ffc4a8c52cf9552775fb9f72f08df4d0897c3	41001	128000	jwst_mcfost/runs/strict_continuum_3d_q_v1/models/m2p50_a0p50_q3p25_i0p05/disk_envelope_m2p50_a0p50_q3p25_i0p05_rt.para	c16be213ac17d959e7e731b4a622fcdbe262d8c3e7f3fbebb8c0ff5ab8c9faec	24	jwst_mcfost/runs/strict_continuum_3d_q_v1/models/m2p50_a0p50_q3p25_i0p05/temperature	jwst_mcfost/runs/strict_continuum_3d_q_v1/rt_tasks/t240_m2p50_a0p50_q3p25_i0p05_w000
241	24	28	m2p50_a0p50_q3p25_i0p05	2.50	0.50	3.25	1	w001	near_ir_short	21	1.2028117593024095	1.2028117593024095	NIRSpec	false	full_n2401	1	2401	2401	6000	2.4989587671803415	4.9582515221832172e-06	0.039692788056979511	jwst_mcfost/runs/strict_continuum_3d_q_v1/anchors/w001/strict_continuum_anchor.lambda	03eac41388c201eb0d3587e76e6cdbb0a254d084dea08a854af129f7798c686d	41001	128000	jwst_mcfost/runs/strict_continuum_3d_q_v1/models/m2p50_a0p50_q3p25_i0p05/disk_envelope_m2p50_a0p50_q3p25_i0p05_rt.para	c16be213ac17d959e7e731b4a622fcdbe262d8c3e7f3fbebb8c0ff5ab8c9faec	24	jwst_mcfost/runs/strict_continuum_3d_q_v1/models/m2p50_a0p50_q3p25_i0p05/temperature	jwst_mcfost/runs/strict_continuum_3d_q_v1/rt_tasks/t241_m2p50_a0p50_q3p25_i0p05_w001
242	24	28	m2p50_a0p50_q3p25_i0p05	2.50	0.50	3.25	2	w002	near_ir_short	43	1.4987957445436022	1.4987957445436022	NIRSpec	false	full_n2401	1	2401	2401	6000	2.4989587671803415	4.9582515221832172e-06	0.049460259569938873	jwst_mcfost/runs/strict_continuum_3d_q_v1/anchors/w002/strict_continuum_anchor.lambda	5e5ede487ce8e28395d8732fcd14cbdcf044a502bbc451f3e32a4d760288e0ce	41001	128000	jwst_mcfost/runs/strict_continuum_3d_q_v1/models/m2p50_a0p50_q3p25_i0p05/disk_envelope_m2p50_a0p50_q3p25_i0p05_rt.para	c16be213ac17d959e7e731b4a622fcdbe262d8c3e7f3fbebb8c0ff5ab8c9faec	24	jwst_mcfost/runs/strict_continuum_3d_q_v1/models/m2p50_a0p50_q3p25_i0p05/temperature	jwst_mcfost/runs/strict_continuum_3d_q_v1/rt_tasks/t242_m2p50_a0p50_q3p25_i0p05_w002
243	24	28	m2p50_a0p50_q3p25_i0p05	2.50	0.50	3.25	3	w003	near_ir_rise	59	1.7588530996181813	1.7588530996181813	NIRSpec	false	full_n2401	1	2401	2401	6000	2.4989587671803415	4.9582515221832172e-06	0.058042152287399985	jwst_mcfost/runs/strict_continuum_3d_q_v1/anchors/w003/strict_continuum_anchor.lambda	6096fee96dea6c68611a03b186f6797670dfd3a73c98ffae6e4e90e535aa1aee	41001	128000	jwst_mcfost/runs/strict_continuum_3d_q_v1/models/m2p50_a0p50_q3p25_i0p05/disk_envelope_m2p50_a0p50_q3p25_i0p05_rt.para	c16be213ac17d959e7e731b4a622fcdbe262d8c3e7f3fbebb8c0ff5ab8c9faec	24	jwst_mcfost/runs/strict_continuum_3d_q_v1/models/m2p50_a0p50_q3p25_i0p05/temperature	jwst_mcfost/runs/strict_continuum_3d_q_v1/rt_tasks/t243_m2p50_a0p50_q3p25_i0p05_w003
244	24	28	m2p50_a0p50_q3p25_i0p05	2.50	0.50	3.25	4	w004	near_ir_rise	81	2.1916659199557045	2.1916659199557045	NIRSpec	false	full_n2401	1	2401	2401	6000	2.4989587671803415	4.9582515221832172e-06	0.072324975358538254	jwst_mcfost/runs/strict_continuum_3d_q_v1/anchors/w004/strict_continuum_anchor.lambda	adcd8c330cb64fdf6cd13feaf0fe06ed6c9726df6e30e2a5ad9b3c488f684d87	41001	128000	jwst_mcfost/runs/strict_continuum_3d_q_v1/models/m2p50_a0p50_q3p25_i0p05/disk_envelope_m2p50_a0p50_q3p25_i0p05_rt.para	c16be213ac17d959e7e731b4a622fcdbe262d8c3e7f3fbebb8c0ff5ab8c9faec	24	jwst_mcfost/runs/strict_continuum_3d_q_v1/models/m2p50_a0p50_q3p25_i0p05/temperature	jwst_mcfost/runs/strict_continuum_3d_q_v1/rt_tasks/t244_m2p50_a0p50_q3p25_i0p05_w004
245	24	28	m2p50_a0p50_q3p25_i0p05	2.50	0.50	3.25	5	w005	near_ir_rise	96	2.546352514425122	2.546352514425122	NIRSpec	true	full_n2401	1	2401	2401	6000	2.4989587671803415	4.9582515221832172e-06	0.084029632976029028	jwst_mcfost/runs/strict_continuum_3d_q_v1/anchors/w005/strict_continuum_anchor.lambda	91d915d166c5e6bb5cb007f0659a7d85b73c54677f8d267a3239a12d70dd3290	41001	128000	jwst_mcfost/runs/strict_continuum_3d_q_v1/models/m2p50_a0p50_q3p25_i0p05/disk_envelope_m2p50_a0p50_q3p25_i0p05_rt.para	c16be213ac17d959e7e731b4a622fcdbe262d8c3e7f3fbebb8c0ff5ab8c9faec	24	jwst_mcfost/runs/strict_continuum_3d_q_v1/models/m2p50_a0p50_q3p25_i0p05/temperature	jwst_mcfost/runs/strict_continuum_3d_q_v1/rt_tasks/t245_m2p50_a0p50_q3p25_i0p05_w005
246	24	28	m2p50_a0p50_q3p25_i0p05	2.50	0.50	3.25	6	w006	window_3p9	139	3.9143995604061015	3.9143995604061015	NIRSpec	true	support_zoom_n2401	1.9975051980918284	2401	2401	3003.7468767198525	1.2510399319949406	2.4822220872915486e-06	0.12917518549340135	jwst_mcfost/runs/strict_continuum_3d_q_v1/anchors/w006/strict_continuum_anchor.lambda	3f9b717a21e711e16c54ebd68a2308d823da5c67f37df6ad2ddbe13da82b8010	41001	128000	jwst_mcfost/runs/strict_continuum_3d_q_v1/models/m2p50_a0p50_q3p25_i0p05/disk_envelope_m2p50_a0p50_q3p25_i0p05_rt.para	c16be213ac17d959e7e731b4a622fcdbe262d8c3e7f3fbebb8c0ff5ab8c9faec	24	jwst_mcfost/runs/strict_continuum_3d_q_v1/models/m2p50_a0p50_q3p25_i0p05/temperature	jwst_mcfost/runs/strict_continuum_3d_q_v1/rt_tasks/t246_m2p50_a0p50_q3p25_i0p05_w006
247	24	28	m2p50_a0p50_q3p25_i0p05	2.50	0.50	3.25	7	w007	window_5p4	171	5.3906283153397085	5.3906283153397085	MIRI	false	support_zoom_n2401	1.9975051980918284	2401	2401	3003.7468767198525	1.2510399319949406	2.4822220872915486e-06	0.28389073440621038	jwst_mcfost/runs/strict_continuum_3d_q_v1/anchors/w007/strict_continuum_anchor.lambda	5f63ad070f3c845a8f617a8a81a0c499df4a74529835dbb910e3bc7165189b12	41001	128000	jwst_mcfost/runs/strict_continuum_3d_q_v1/models/m2p50_a0p50_q3p25_i0p05/disk_envelope_m2p50_a0p50_q3p25_i0p05_rt.para	c16be213ac17d959e7e731b4a622fcdbe262d8c3e7f3fbebb8c0ff5ab8c9faec	24	jwst_mcfost/runs/strict_continuum_3d_q_v1/models/m2p50_a0p50_q3p25_i0p05/temperature	jwst_mcfost/runs/strict_continuum_3d_q_v1/rt_tasks/t247_m2p50_a0p50_q3p25_i0p05_w007
248	24	28	m2p50_a0p50_q3p25_i0p05	2.50	0.50	3.25	8	w008	window_13p8	265	13.799908320389276	13.799908320389276	MIRI	false	zoom_n1201	3.9933471945199667	1201	1201	1502.4989583259237	1.2510399319949406	2.4822220872915486e-06	0.5613969745728461	jwst_mcfost/runs/strict_continuum_3d_q_v1/anchors/w008/strict_continuum_anchor.lambda	5797e825e4c6cd5a59e2cc5a5e36940d0ba149f20340a55934be09f172095b37	41001	128000	jwst_mcfost/runs/strict_continuum_3d_q_v1/models/m2p50_a0p50_q3p25_i0p05/disk_envelope_m2p50_a0p50_q3p25_i0p05_rt.para	c16be213ac17d959e7e731b4a622fcdbe262d8c3e7f3fbebb8c0ff5ab8c9faec	24	jwst_mcfost/runs/strict_continuum_3d_q_v1/models/m2p50_a0p50_q3p25_i0p05/temperature	jwst_mcfost/runs/strict_continuum_3d_q_v1/rt_tasks/t248_m2p50_a0p50_q3p25_i0p05_w008
249	24	28	m2p50_a0p50_q3p25_i0p05	2.50	0.50	3.25	9	w009	window_27p5	334	27.513091575690556	27.513091575690556	MIRI	false	zoom_n1201	3.9933471945199667	1201	1201	1502.4989583259237	1.2510399319949406	2.4822220872915486e-06	1.0139320219977885	jwst_mcfost/runs/strict_continuum_3d_q_v1/anchors/w009/strict_continuum_anchor.lambda	02feaf67a3a60f2699c2d37af292482df3aaf64119571c73370a59f2c2945f23	41001	128000	jwst_mcfost/runs/strict_continuum_3d_q_v1/models/m2p50_a0p50_q3p25_i0p05/disk_envelope_m2p50_a0p50_q3p25_i0p05_rt.para	c16be213ac17d959e7e731b4a622fcdbe262d8c3e7f3fbebb8c0ff5ab8c9faec	24	jwst_mcfost/runs/strict_continuum_3d_q_v1/models/m2p50_a0p50_q3p25_i0p05/temperature	jwst_mcfost/runs/strict_continuum_3d_q_v1/rt_tasks/t249_m2p50_a0p50_q3p25_i0p05_w009
250	25	30	m2p50_a0p50_q3p75_i0p05	2.50	0.50	3.75	0	w000	near_ir_short	2	0.9946761707696127	0.9946761707696127	NIRSpec	false	full_n2401	1	2401	2401	6000	2.4989587671803415	4.9582515221832172e-06	0.032824313635397222	jwst_mcfost/runs/strict_continuum_3d_q_v1/anchors/w000/strict_continuum_anchor.lambda	958b10dda90471bb610395d7fe4ffc4a8c52cf9552775fb9f72f08df4d0897c3	41001	128000	jwst_mcfost/runs/strict_continuum_3d_q_v1/models/m2p50_a0p50_q3p75_i0p05/disk_envelope_m2p50_a0p50_q3p75_i0p05_rt.para	81b2f3661254b0058ea23dd7f0ae8d9251680aca5acebaf4654d36cbdbadaf1e	25	jwst_mcfost/runs/strict_continuum_3d_q_v1/models/m2p50_a0p50_q3p75_i0p05/temperature	jwst_mcfost/runs/strict_continuum_3d_q_v1/rt_tasks/t250_m2p50_a0p50_q3p75_i0p05_w000
251	25	30	m2p50_a0p50_q3p75_i0p05	2.50	0.50	3.75	1	w001	near_ir_short	21	1.2028117593024095	1.2028117593024095	NIRSpec	false	full_n2401	1	2401	2401	6000	2.4989587671803415	4.9582515221832172e-06	0.039692788056979511	jwst_mcfost/runs/strict_continuum_3d_q_v1/anchors/w001/strict_continuum_anchor.lambda	03eac41388c201eb0d3587e76e6cdbb0a254d084dea08a854af129f7798c686d	41001	128000	jwst_mcfost/runs/strict_continuum_3d_q_v1/models/m2p50_a0p50_q3p75_i0p05/disk_envelope_m2p50_a0p50_q3p75_i0p05_rt.para	81b2f3661254b0058ea23dd7f0ae8d9251680aca5acebaf4654d36cbdbadaf1e	25	jwst_mcfost/runs/strict_continuum_3d_q_v1/models/m2p50_a0p50_q3p75_i0p05/temperature	jwst_mcfost/runs/strict_continuum_3d_q_v1/rt_tasks/t251_m2p50_a0p50_q3p75_i0p05_w001
252	25	30	m2p50_a0p50_q3p75_i0p05	2.50	0.50	3.75	2	w002	near_ir_short	43	1.4987957445436022	1.4987957445436022	NIRSpec	false	full_n2401	1	2401	2401	6000	2.4989587671803415	4.9582515221832172e-06	0.049460259569938873	jwst_mcfost/runs/strict_continuum_3d_q_v1/anchors/w002/strict_continuum_anchor.lambda	5e5ede487ce8e28395d8732fcd14cbdcf044a502bbc451f3e32a4d760288e0ce	41001	128000	jwst_mcfost/runs/strict_continuum_3d_q_v1/models/m2p50_a0p50_q3p75_i0p05/disk_envelope_m2p50_a0p50_q3p75_i0p05_rt.para	81b2f3661254b0058ea23dd7f0ae8d9251680aca5acebaf4654d36cbdbadaf1e	25	jwst_mcfost/runs/strict_continuum_3d_q_v1/models/m2p50_a0p50_q3p75_i0p05/temperature	jwst_mcfost/runs/strict_continuum_3d_q_v1/rt_tasks/t252_m2p50_a0p50_q3p75_i0p05_w002
253	25	30	m2p50_a0p50_q3p75_i0p05	2.50	0.50	3.75	3	w003	near_ir_rise	59	1.7588530996181813	1.7588530996181813	NIRSpec	false	full_n2401	1	2401	2401	6000	2.4989587671803415	4.9582515221832172e-06	0.058042152287399985	jwst_mcfost/runs/strict_continuum_3d_q_v1/anchors/w003/strict_continuum_anchor.lambda	6096fee96dea6c68611a03b186f6797670dfd3a73c98ffae6e4e90e535aa1aee	41001	128000	jwst_mcfost/runs/strict_continuum_3d_q_v1/models/m2p50_a0p50_q3p75_i0p05/disk_envelope_m2p50_a0p50_q3p75_i0p05_rt.para	81b2f3661254b0058ea23dd7f0ae8d9251680aca5acebaf4654d36cbdbadaf1e	25	jwst_mcfost/runs/strict_continuum_3d_q_v1/models/m2p50_a0p50_q3p75_i0p05/temperature	jwst_mcfost/runs/strict_continuum_3d_q_v1/rt_tasks/t253_m2p50_a0p50_q3p75_i0p05_w003
254	25	30	m2p50_a0p50_q3p75_i0p05	2.50	0.50	3.75	4	w004	near_ir_rise	81	2.1916659199557045	2.1916659199557045	NIRSpec	false	full_n2401	1	2401	2401	6000	2.4989587671803415	4.9582515221832172e-06	0.072324975358538254	jwst_mcfost/runs/strict_continuum_3d_q_v1/anchors/w004/strict_continuum_anchor.lambda	adcd8c330cb64fdf6cd13feaf0fe06ed6c9726df6e30e2a5ad9b3c488f684d87	41001	128000	jwst_mcfost/runs/strict_continuum_3d_q_v1/models/m2p50_a0p50_q3p75_i0p05/disk_envelope_m2p50_a0p50_q3p75_i0p05_rt.para	81b2f3661254b0058ea23dd7f0ae8d9251680aca5acebaf4654d36cbdbadaf1e	25	jwst_mcfost/runs/strict_continuum_3d_q_v1/models/m2p50_a0p50_q3p75_i0p05/temperature	jwst_mcfost/runs/strict_continuum_3d_q_v1/rt_tasks/t254_m2p50_a0p50_q3p75_i0p05_w004
255	25	30	m2p50_a0p50_q3p75_i0p05	2.50	0.50	3.75	5	w005	near_ir_rise	96	2.546352514425122	2.546352514425122	NIRSpec	true	full_n2401	1	2401	2401	6000	2.4989587671803415	4.9582515221832172e-06	0.084029632976029028	jwst_mcfost/runs/strict_continuum_3d_q_v1/anchors/w005/strict_continuum_anchor.lambda	91d915d166c5e6bb5cb007f0659a7d85b73c54677f8d267a3239a12d70dd3290	41001	128000	jwst_mcfost/runs/strict_continuum_3d_q_v1/models/m2p50_a0p50_q3p75_i0p05/disk_envelope_m2p50_a0p50_q3p75_i0p05_rt.para	81b2f3661254b0058ea23dd7f0ae8d9251680aca5acebaf4654d36cbdbadaf1e	25	jwst_mcfost/runs/strict_continuum_3d_q_v1/models/m2p50_a0p50_q3p75_i0p05/temperature	jwst_mcfost/runs/strict_continuum_3d_q_v1/rt_tasks/t255_m2p50_a0p50_q3p75_i0p05_w005
256	25	30	m2p50_a0p50_q3p75_i0p05	2.50	0.50	3.75	6	w006	window_3p9	139	3.9143995604061015	3.9143995604061015	NIRSpec	true	support_zoom_n2401	1.9975051980918284	2401	2401	3003.7468767198525	1.2510399319949406	2.4822220872915486e-06	0.12917518549340135	jwst_mcfost/runs/strict_continuum_3d_q_v1/anchors/w006/strict_continuum_anchor.lambda	3f9b717a21e711e16c54ebd68a2308d823da5c67f37df6ad2ddbe13da82b8010	41001	128000	jwst_mcfost/runs/strict_continuum_3d_q_v1/models/m2p50_a0p50_q3p75_i0p05/disk_envelope_m2p50_a0p50_q3p75_i0p05_rt.para	81b2f3661254b0058ea23dd7f0ae8d9251680aca5acebaf4654d36cbdbadaf1e	25	jwst_mcfost/runs/strict_continuum_3d_q_v1/models/m2p50_a0p50_q3p75_i0p05/temperature	jwst_mcfost/runs/strict_continuum_3d_q_v1/rt_tasks/t256_m2p50_a0p50_q3p75_i0p05_w006
257	25	30	m2p50_a0p50_q3p75_i0p05	2.50	0.50	3.75	7	w007	window_5p4	171	5.3906283153397085	5.3906283153397085	MIRI	false	support_zoom_n2401	1.9975051980918284	2401	2401	3003.7468767198525	1.2510399319949406	2.4822220872915486e-06	0.28389073440621038	jwst_mcfost/runs/strict_continuum_3d_q_v1/anchors/w007/strict_continuum_anchor.lambda	5f63ad070f3c845a8f617a8a81a0c499df4a74529835dbb910e3bc7165189b12	41001	128000	jwst_mcfost/runs/strict_continuum_3d_q_v1/models/m2p50_a0p50_q3p75_i0p05/disk_envelope_m2p50_a0p50_q3p75_i0p05_rt.para	81b2f3661254b0058ea23dd7f0ae8d9251680aca5acebaf4654d36cbdbadaf1e	25	jwst_mcfost/runs/strict_continuum_3d_q_v1/models/m2p50_a0p50_q3p75_i0p05/temperature	jwst_mcfost/runs/strict_continuum_3d_q_v1/rt_tasks/t257_m2p50_a0p50_q3p75_i0p05_w007
258	25	30	m2p50_a0p50_q3p75_i0p05	2.50	0.50	3.75	8	w008	window_13p8	265	13.799908320389276	13.799908320389276	MIRI	false	zoom_n1201	3.9933471945199667	1201	1201	1502.4989583259237	1.2510399319949406	2.4822220872915486e-06	0.5613969745728461	jwst_mcfost/runs/strict_continuum_3d_q_v1/anchors/w008/strict_continuum_anchor.lambda	5797e825e4c6cd5a59e2cc5a5e36940d0ba149f20340a55934be09f172095b37	41001	128000	jwst_mcfost/runs/strict_continuum_3d_q_v1/models/m2p50_a0p50_q3p75_i0p05/disk_envelope_m2p50_a0p50_q3p75_i0p05_rt.para	81b2f3661254b0058ea23dd7f0ae8d9251680aca5acebaf4654d36cbdbadaf1e	25	jwst_mcfost/runs/strict_continuum_3d_q_v1/models/m2p50_a0p50_q3p75_i0p05/temperature	jwst_mcfost/runs/strict_continuum_3d_q_v1/rt_tasks/t258_m2p50_a0p50_q3p75_i0p05_w008
259	25	30	m2p50_a0p50_q3p75_i0p05	2.50	0.50	3.75	9	w009	window_27p5	334	27.513091575690556	27.513091575690556	MIRI	false	zoom_n1201	3.9933471945199667	1201	1201	1502.4989583259237	1.2510399319949406	2.4822220872915486e-06	1.0139320219977885	jwst_mcfost/runs/strict_continuum_3d_q_v1/anchors/w009/strict_continuum_anchor.lambda	02feaf67a3a60f2699c2d37af292482df3aaf64119571c73370a59f2c2945f23	41001	128000	jwst_mcfost/runs/strict_continuum_3d_q_v1/models/m2p50_a0p50_q3p75_i0p05/disk_envelope_m2p50_a0p50_q3p75_i0p05_rt.para	81b2f3661254b0058ea23dd7f0ae8d9251680aca5acebaf4654d36cbdbadaf1e	25	jwst_mcfost/runs/strict_continuum_3d_q_v1/models/m2p50_a0p50_q3p75_i0p05/temperature	jwst_mcfost/runs/strict_continuum_3d_q_v1/rt_tasks/t259_m2p50_a0p50_q3p75_i0p05_w009
260	26	31	m2p50_a0p50_q4p00_i0p05	2.50	0.50	4.00	0	w000	near_ir_short	2	0.9946761707696127	0.9946761707696127	NIRSpec	false	full_n2401	1	2401	2401	6000	2.4989587671803415	4.9582515221832172e-06	0.032824313635397222	jwst_mcfost/runs/strict_continuum_3d_q_v1/anchors/w000/strict_continuum_anchor.lambda	958b10dda90471bb610395d7fe4ffc4a8c52cf9552775fb9f72f08df4d0897c3	41001	128000	jwst_mcfost/runs/strict_continuum_3d_q_v1/models/m2p50_a0p50_q4p00_i0p05/disk_envelope_m2p50_a0p50_q4p00_i0p05_rt.para	88cbf98cbe10d9aaa3747f73880097fbc7bf5bdd4feb42372adc6bfade232e5a	26	jwst_mcfost/runs/strict_continuum_3d_q_v1/models/m2p50_a0p50_q4p00_i0p05/temperature	jwst_mcfost/runs/strict_continuum_3d_q_v1/rt_tasks/t260_m2p50_a0p50_q4p00_i0p05_w000
261	26	31	m2p50_a0p50_q4p00_i0p05	2.50	0.50	4.00	1	w001	near_ir_short	21	1.2028117593024095	1.2028117593024095	NIRSpec	false	full_n2401	1	2401	2401	6000	2.4989587671803415	4.9582515221832172e-06	0.039692788056979511	jwst_mcfost/runs/strict_continuum_3d_q_v1/anchors/w001/strict_continuum_anchor.lambda	03eac41388c201eb0d3587e76e6cdbb0a254d084dea08a854af129f7798c686d	41001	128000	jwst_mcfost/runs/strict_continuum_3d_q_v1/models/m2p50_a0p50_q4p00_i0p05/disk_envelope_m2p50_a0p50_q4p00_i0p05_rt.para	88cbf98cbe10d9aaa3747f73880097fbc7bf5bdd4feb42372adc6bfade232e5a	26	jwst_mcfost/runs/strict_continuum_3d_q_v1/models/m2p50_a0p50_q4p00_i0p05/temperature	jwst_mcfost/runs/strict_continuum_3d_q_v1/rt_tasks/t261_m2p50_a0p50_q4p00_i0p05_w001
262	26	31	m2p50_a0p50_q4p00_i0p05	2.50	0.50	4.00	2	w002	near_ir_short	43	1.4987957445436022	1.4987957445436022	NIRSpec	false	full_n2401	1	2401	2401	6000	2.4989587671803415	4.9582515221832172e-06	0.049460259569938873	jwst_mcfost/runs/strict_continuum_3d_q_v1/anchors/w002/strict_continuum_anchor.lambda	5e5ede487ce8e28395d8732fcd14cbdcf044a502bbc451f3e32a4d760288e0ce	41001	128000	jwst_mcfost/runs/strict_continuum_3d_q_v1/models/m2p50_a0p50_q4p00_i0p05/disk_envelope_m2p50_a0p50_q4p00_i0p05_rt.para	88cbf98cbe10d9aaa3747f73880097fbc7bf5bdd4feb42372adc6bfade232e5a	26	jwst_mcfost/runs/strict_continuum_3d_q_v1/models/m2p50_a0p50_q4p00_i0p05/temperature	jwst_mcfost/runs/strict_continuum_3d_q_v1/rt_tasks/t262_m2p50_a0p50_q4p00_i0p05_w002
263	26	31	m2p50_a0p50_q4p00_i0p05	2.50	0.50	4.00	3	w003	near_ir_rise	59	1.7588530996181813	1.7588530996181813	NIRSpec	false	full_n2401	1	2401	2401	6000	2.4989587671803415	4.9582515221832172e-06	0.058042152287399985	jwst_mcfost/runs/strict_continuum_3d_q_v1/anchors/w003/strict_continuum_anchor.lambda	6096fee96dea6c68611a03b186f6797670dfd3a73c98ffae6e4e90e535aa1aee	41001	128000	jwst_mcfost/runs/strict_continuum_3d_q_v1/models/m2p50_a0p50_q4p00_i0p05/disk_envelope_m2p50_a0p50_q4p00_i0p05_rt.para	88cbf98cbe10d9aaa3747f73880097fbc7bf5bdd4feb42372adc6bfade232e5a	26	jwst_mcfost/runs/strict_continuum_3d_q_v1/models/m2p50_a0p50_q4p00_i0p05/temperature	jwst_mcfost/runs/strict_continuum_3d_q_v1/rt_tasks/t263_m2p50_a0p50_q4p00_i0p05_w003
264	26	31	m2p50_a0p50_q4p00_i0p05	2.50	0.50	4.00	4	w004	near_ir_rise	81	2.1916659199557045	2.1916659199557045	NIRSpec	false	full_n2401	1	2401	2401	6000	2.4989587671803415	4.9582515221832172e-06	0.072324975358538254	jwst_mcfost/runs/strict_continuum_3d_q_v1/anchors/w004/strict_continuum_anchor.lambda	adcd8c330cb64fdf6cd13feaf0fe06ed6c9726df6e30e2a5ad9b3c488f684d87	41001	128000	jwst_mcfost/runs/strict_continuum_3d_q_v1/models/m2p50_a0p50_q4p00_i0p05/disk_envelope_m2p50_a0p50_q4p00_i0p05_rt.para	88cbf98cbe10d9aaa3747f73880097fbc7bf5bdd4feb42372adc6bfade232e5a	26	jwst_mcfost/runs/strict_continuum_3d_q_v1/models/m2p50_a0p50_q4p00_i0p05/temperature	jwst_mcfost/runs/strict_continuum_3d_q_v1/rt_tasks/t264_m2p50_a0p50_q4p00_i0p05_w004
265	26	31	m2p50_a0p50_q4p00_i0p05	2.50	0.50	4.00	5	w005	near_ir_rise	96	2.546352514425122	2.546352514425122	NIRSpec	true	full_n2401	1	2401	2401	6000	2.4989587671803415	4.9582515221832172e-06	0.084029632976029028	jwst_mcfost/runs/strict_continuum_3d_q_v1/anchors/w005/strict_continuum_anchor.lambda	91d915d166c5e6bb5cb007f0659a7d85b73c54677f8d267a3239a12d70dd3290	41001	128000	jwst_mcfost/runs/strict_continuum_3d_q_v1/models/m2p50_a0p50_q4p00_i0p05/disk_envelope_m2p50_a0p50_q4p00_i0p05_rt.para	88cbf98cbe10d9aaa3747f73880097fbc7bf5bdd4feb42372adc6bfade232e5a	26	jwst_mcfost/runs/strict_continuum_3d_q_v1/models/m2p50_a0p50_q4p00_i0p05/temperature	jwst_mcfost/runs/strict_continuum_3d_q_v1/rt_tasks/t265_m2p50_a0p50_q4p00_i0p05_w005
266	26	31	m2p50_a0p50_q4p00_i0p05	2.50	0.50	4.00	6	w006	window_3p9	139	3.9143995604061015	3.9143995604061015	NIRSpec	true	support_zoom_n2401	1.9975051980918284	2401	2401	3003.7468767198525	1.2510399319949406	2.4822220872915486e-06	0.12917518549340135	jwst_mcfost/runs/strict_continuum_3d_q_v1/anchors/w006/strict_continuum_anchor.lambda	3f9b717a21e711e16c54ebd68a2308d823da5c67f37df6ad2ddbe13da82b8010	41001	128000	jwst_mcfost/runs/strict_continuum_3d_q_v1/models/m2p50_a0p50_q4p00_i0p05/disk_envelope_m2p50_a0p50_q4p00_i0p05_rt.para	88cbf98cbe10d9aaa3747f73880097fbc7bf5bdd4feb42372adc6bfade232e5a	26	jwst_mcfost/runs/strict_continuum_3d_q_v1/models/m2p50_a0p50_q4p00_i0p05/temperature	jwst_mcfost/runs/strict_continuum_3d_q_v1/rt_tasks/t266_m2p50_a0p50_q4p00_i0p05_w006
267	26	31	m2p50_a0p50_q4p00_i0p05	2.50	0.50	4.00	7	w007	window_5p4	171	5.3906283153397085	5.3906283153397085	MIRI	false	support_zoom_n2401	1.9975051980918284	2401	2401	3003.7468767198525	1.2510399319949406	2.4822220872915486e-06	0.28389073440621038	jwst_mcfost/runs/strict_continuum_3d_q_v1/anchors/w007/strict_continuum_anchor.lambda	5f63ad070f3c845a8f617a8a81a0c499df4a74529835dbb910e3bc7165189b12	41001	128000	jwst_mcfost/runs/strict_continuum_3d_q_v1/models/m2p50_a0p50_q4p00_i0p05/disk_envelope_m2p50_a0p50_q4p00_i0p05_rt.para	88cbf98cbe10d9aaa3747f73880097fbc7bf5bdd4feb42372adc6bfade232e5a	26	jwst_mcfost/runs/strict_continuum_3d_q_v1/models/m2p50_a0p50_q4p00_i0p05/temperature	jwst_mcfost/runs/strict_continuum_3d_q_v1/rt_tasks/t267_m2p50_a0p50_q4p00_i0p05_w007
268	26	31	m2p50_a0p50_q4p00_i0p05	2.50	0.50	4.00	8	w008	window_13p8	265	13.799908320389276	13.799908320389276	MIRI	false	zoom_n1201	3.9933471945199667	1201	1201	1502.4989583259237	1.2510399319949406	2.4822220872915486e-06	0.5613969745728461	jwst_mcfost/runs/strict_continuum_3d_q_v1/anchors/w008/strict_continuum_anchor.lambda	5797e825e4c6cd5a59e2cc5a5e36940d0ba149f20340a55934be09f172095b37	41001	128000	jwst_mcfost/runs/strict_continuum_3d_q_v1/models/m2p50_a0p50_q4p00_i0p05/disk_envelope_m2p50_a0p50_q4p00_i0p05_rt.para	88cbf98cbe10d9aaa3747f73880097fbc7bf5bdd4feb42372adc6bfade232e5a	26	jwst_mcfost/runs/strict_continuum_3d_q_v1/models/m2p50_a0p50_q4p00_i0p05/temperature	jwst_mcfost/runs/strict_continuum_3d_q_v1/rt_tasks/t268_m2p50_a0p50_q4p00_i0p05_w008
269	26	31	m2p50_a0p50_q4p00_i0p05	2.50	0.50	4.00	9	w009	window_27p5	334	27.513091575690556	27.513091575690556	MIRI	false	zoom_n1201	3.9933471945199667	1201	1201	1502.4989583259237	1.2510399319949406	2.4822220872915486e-06	1.0139320219977885	jwst_mcfost/runs/strict_continuum_3d_q_v1/anchors/w009/strict_continuum_anchor.lambda	02feaf67a3a60f2699c2d37af292482df3aaf64119571c73370a59f2c2945f23	41001	128000	jwst_mcfost/runs/strict_continuum_3d_q_v1/models/m2p50_a0p50_q4p00_i0p05/disk_envelope_m2p50_a0p50_q4p00_i0p05_rt.para	88cbf98cbe10d9aaa3747f73880097fbc7bf5bdd4feb42372adc6bfade232e5a	26	jwst_mcfost/runs/strict_continuum_3d_q_v1/models/m2p50_a0p50_q4p00_i0p05/temperature	jwst_mcfost/runs/strict_continuum_3d_q_v1/rt_tasks/t269_m2p50_a0p50_q4p00_i0p05_w009
270	27	32	m2p50_a0p60_q3p25_i0p05	2.50	0.60	3.25	0	w000	near_ir_short	2	0.9946761707696127	0.9946761707696127	NIRSpec	false	full_n2401	1	2401	2401	6000	2.4989587671803415	4.9582515221832172e-06	0.032824313635397222	jwst_mcfost/runs/strict_continuum_3d_q_v1/anchors/w000/strict_continuum_anchor.lambda	958b10dda90471bb610395d7fe4ffc4a8c52cf9552775fb9f72f08df4d0897c3	41001	128000	jwst_mcfost/runs/strict_continuum_3d_q_v1/models/m2p50_a0p60_q3p25_i0p05/disk_envelope_m2p50_a0p60_q3p25_i0p05_rt.para	a6c20ce0f0a9d5915b50822cf9af5d2301203637367c9189cfb2cdfc6795867e	27	jwst_mcfost/runs/strict_continuum_3d_q_v1/models/m2p50_a0p60_q3p25_i0p05/temperature	jwst_mcfost/runs/strict_continuum_3d_q_v1/rt_tasks/t270_m2p50_a0p60_q3p25_i0p05_w000
271	27	32	m2p50_a0p60_q3p25_i0p05	2.50	0.60	3.25	1	w001	near_ir_short	21	1.2028117593024095	1.2028117593024095	NIRSpec	false	full_n2401	1	2401	2401	6000	2.4989587671803415	4.9582515221832172e-06	0.039692788056979511	jwst_mcfost/runs/strict_continuum_3d_q_v1/anchors/w001/strict_continuum_anchor.lambda	03eac41388c201eb0d3587e76e6cdbb0a254d084dea08a854af129f7798c686d	41001	128000	jwst_mcfost/runs/strict_continuum_3d_q_v1/models/m2p50_a0p60_q3p25_i0p05/disk_envelope_m2p50_a0p60_q3p25_i0p05_rt.para	a6c20ce0f0a9d5915b50822cf9af5d2301203637367c9189cfb2cdfc6795867e	27	jwst_mcfost/runs/strict_continuum_3d_q_v1/models/m2p50_a0p60_q3p25_i0p05/temperature	jwst_mcfost/runs/strict_continuum_3d_q_v1/rt_tasks/t271_m2p50_a0p60_q3p25_i0p05_w001
272	27	32	m2p50_a0p60_q3p25_i0p05	2.50	0.60	3.25	2	w002	near_ir_short	43	1.4987957445436022	1.4987957445436022	NIRSpec	false	full_n2401	1	2401	2401	6000	2.4989587671803415	4.9582515221832172e-06	0.049460259569938873	jwst_mcfost/runs/strict_continuum_3d_q_v1/anchors/w002/strict_continuum_anchor.lambda	5e5ede487ce8e28395d8732fcd14cbdcf044a502bbc451f3e32a4d760288e0ce	41001	128000	jwst_mcfost/runs/strict_continuum_3d_q_v1/models/m2p50_a0p60_q3p25_i0p05/disk_envelope_m2p50_a0p60_q3p25_i0p05_rt.para	a6c20ce0f0a9d5915b50822cf9af5d2301203637367c9189cfb2cdfc6795867e	27	jwst_mcfost/runs/strict_continuum_3d_q_v1/models/m2p50_a0p60_q3p25_i0p05/temperature	jwst_mcfost/runs/strict_continuum_3d_q_v1/rt_tasks/t272_m2p50_a0p60_q3p25_i0p05_w002
273	27	32	m2p50_a0p60_q3p25_i0p05	2.50	0.60	3.25	3	w003	near_ir_rise	59	1.7588530996181813	1.7588530996181813	NIRSpec	false	full_n2401	1	2401	2401	6000	2.4989587671803415	4.9582515221832172e-06	0.058042152287399985	jwst_mcfost/runs/strict_continuum_3d_q_v1/anchors/w003/strict_continuum_anchor.lambda	6096fee96dea6c68611a03b186f6797670dfd3a73c98ffae6e4e90e535aa1aee	41001	128000	jwst_mcfost/runs/strict_continuum_3d_q_v1/models/m2p50_a0p60_q3p25_i0p05/disk_envelope_m2p50_a0p60_q3p25_i0p05_rt.para	a6c20ce0f0a9d5915b50822cf9af5d2301203637367c9189cfb2cdfc6795867e	27	jwst_mcfost/runs/strict_continuum_3d_q_v1/models/m2p50_a0p60_q3p25_i0p05/temperature	jwst_mcfost/runs/strict_continuum_3d_q_v1/rt_tasks/t273_m2p50_a0p60_q3p25_i0p05_w003
274	27	32	m2p50_a0p60_q3p25_i0p05	2.50	0.60	3.25	4	w004	near_ir_rise	81	2.1916659199557045	2.1916659199557045	NIRSpec	false	full_n2401	1	2401	2401	6000	2.4989587671803415	4.9582515221832172e-06	0.072324975358538254	jwst_mcfost/runs/strict_continuum_3d_q_v1/anchors/w004/strict_continuum_anchor.lambda	adcd8c330cb64fdf6cd13feaf0fe06ed6c9726df6e30e2a5ad9b3c488f684d87	41001	128000	jwst_mcfost/runs/strict_continuum_3d_q_v1/models/m2p50_a0p60_q3p25_i0p05/disk_envelope_m2p50_a0p60_q3p25_i0p05_rt.para	a6c20ce0f0a9d5915b50822cf9af5d2301203637367c9189cfb2cdfc6795867e	27	jwst_mcfost/runs/strict_continuum_3d_q_v1/models/m2p50_a0p60_q3p25_i0p05/temperature	jwst_mcfost/runs/strict_continuum_3d_q_v1/rt_tasks/t274_m2p50_a0p60_q3p25_i0p05_w004
275	27	32	m2p50_a0p60_q3p25_i0p05	2.50	0.60	3.25	5	w005	near_ir_rise	96	2.546352514425122	2.546352514425122	NIRSpec	true	full_n2401	1	2401	2401	6000	2.4989587671803415	4.9582515221832172e-06	0.084029632976029028	jwst_mcfost/runs/strict_continuum_3d_q_v1/anchors/w005/strict_continuum_anchor.lambda	91d915d166c5e6bb5cb007f0659a7d85b73c54677f8d267a3239a12d70dd3290	41001	128000	jwst_mcfost/runs/strict_continuum_3d_q_v1/models/m2p50_a0p60_q3p25_i0p05/disk_envelope_m2p50_a0p60_q3p25_i0p05_rt.para	a6c20ce0f0a9d5915b50822cf9af5d2301203637367c9189cfb2cdfc6795867e	27	jwst_mcfost/runs/strict_continuum_3d_q_v1/models/m2p50_a0p60_q3p25_i0p05/temperature	jwst_mcfost/runs/strict_continuum_3d_q_v1/rt_tasks/t275_m2p50_a0p60_q3p25_i0p05_w005
276	27	32	m2p50_a0p60_q3p25_i0p05	2.50	0.60	3.25	6	w006	window_3p9	139	3.9143995604061015	3.9143995604061015	NIRSpec	true	support_zoom_n2401	1.9975051980918284	2401	2401	3003.7468767198525	1.2510399319949406	2.4822220872915486e-06	0.12917518549340135	jwst_mcfost/runs/strict_continuum_3d_q_v1/anchors/w006/strict_continuum_anchor.lambda	3f9b717a21e711e16c54ebd68a2308d823da5c67f37df6ad2ddbe13da82b8010	41001	128000	jwst_mcfost/runs/strict_continuum_3d_q_v1/models/m2p50_a0p60_q3p25_i0p05/disk_envelope_m2p50_a0p60_q3p25_i0p05_rt.para	a6c20ce0f0a9d5915b50822cf9af5d2301203637367c9189cfb2cdfc6795867e	27	jwst_mcfost/runs/strict_continuum_3d_q_v1/models/m2p50_a0p60_q3p25_i0p05/temperature	jwst_mcfost/runs/strict_continuum_3d_q_v1/rt_tasks/t276_m2p50_a0p60_q3p25_i0p05_w006
277	27	32	m2p50_a0p60_q3p25_i0p05	2.50	0.60	3.25	7	w007	window_5p4	171	5.3906283153397085	5.3906283153397085	MIRI	false	support_zoom_n2401	1.9975051980918284	2401	2401	3003.7468767198525	1.2510399319949406	2.4822220872915486e-06	0.28389073440621038	jwst_mcfost/runs/strict_continuum_3d_q_v1/anchors/w007/strict_continuum_anchor.lambda	5f63ad070f3c845a8f617a8a81a0c499df4a74529835dbb910e3bc7165189b12	41001	128000	jwst_mcfost/runs/strict_continuum_3d_q_v1/models/m2p50_a0p60_q3p25_i0p05/disk_envelope_m2p50_a0p60_q3p25_i0p05_rt.para	a6c20ce0f0a9d5915b50822cf9af5d2301203637367c9189cfb2cdfc6795867e	27	jwst_mcfost/runs/strict_continuum_3d_q_v1/models/m2p50_a0p60_q3p25_i0p05/temperature	jwst_mcfost/runs/strict_continuum_3d_q_v1/rt_tasks/t277_m2p50_a0p60_q3p25_i0p05_w007
278	27	32	m2p50_a0p60_q3p25_i0p05	2.50	0.60	3.25	8	w008	window_13p8	265	13.799908320389276	13.799908320389276	MIRI	false	zoom_n1201	3.9933471945199667	1201	1201	1502.4989583259237	1.2510399319949406	2.4822220872915486e-06	0.5613969745728461	jwst_mcfost/runs/strict_continuum_3d_q_v1/anchors/w008/strict_continuum_anchor.lambda	5797e825e4c6cd5a59e2cc5a5e36940d0ba149f20340a55934be09f172095b37	41001	128000	jwst_mcfost/runs/strict_continuum_3d_q_v1/models/m2p50_a0p60_q3p25_i0p05/disk_envelope_m2p50_a0p60_q3p25_i0p05_rt.para	a6c20ce0f0a9d5915b50822cf9af5d2301203637367c9189cfb2cdfc6795867e	27	jwst_mcfost/runs/strict_continuum_3d_q_v1/models/m2p50_a0p60_q3p25_i0p05/temperature	jwst_mcfost/runs/strict_continuum_3d_q_v1/rt_tasks/t278_m2p50_a0p60_q3p25_i0p05_w008
279	27	32	m2p50_a0p60_q3p25_i0p05	2.50	0.60	3.25	9	w009	window_27p5	334	27.513091575690556	27.513091575690556	MIRI	false	zoom_n1201	3.9933471945199667	1201	1201	1502.4989583259237	1.2510399319949406	2.4822220872915486e-06	1.0139320219977885	jwst_mcfost/runs/strict_continuum_3d_q_v1/anchors/w009/strict_continuum_anchor.lambda	02feaf67a3a60f2699c2d37af292482df3aaf64119571c73370a59f2c2945f23	41001	128000	jwst_mcfost/runs/strict_continuum_3d_q_v1/models/m2p50_a0p60_q3p25_i0p05/disk_envelope_m2p50_a0p60_q3p25_i0p05_rt.para	a6c20ce0f0a9d5915b50822cf9af5d2301203637367c9189cfb2cdfc6795867e	27	jwst_mcfost/runs/strict_continuum_3d_q_v1/models/m2p50_a0p60_q3p25_i0p05/temperature	jwst_mcfost/runs/strict_continuum_3d_q_v1/rt_tasks/t279_m2p50_a0p60_q3p25_i0p05_w009
280	28	34	m2p50_a0p60_q3p75_i0p05	2.50	0.60	3.75	0	w000	near_ir_short	2	0.9946761707696127	0.9946761707696127	NIRSpec	false	full_n2401	1	2401	2401	6000	2.4989587671803415	4.9582515221832172e-06	0.032824313635397222	jwst_mcfost/runs/strict_continuum_3d_q_v1/anchors/w000/strict_continuum_anchor.lambda	958b10dda90471bb610395d7fe4ffc4a8c52cf9552775fb9f72f08df4d0897c3	41001	128000	jwst_mcfost/runs/strict_continuum_3d_q_v1/models/m2p50_a0p60_q3p75_i0p05/disk_envelope_m2p50_a0p60_q3p75_i0p05_rt.para	e0b0efa7f4e805781683f29c78b70104557618cf83424ffd2a84c548487275dd	28	jwst_mcfost/runs/strict_continuum_3d_q_v1/models/m2p50_a0p60_q3p75_i0p05/temperature	jwst_mcfost/runs/strict_continuum_3d_q_v1/rt_tasks/t280_m2p50_a0p60_q3p75_i0p05_w000
281	28	34	m2p50_a0p60_q3p75_i0p05	2.50	0.60	3.75	1	w001	near_ir_short	21	1.2028117593024095	1.2028117593024095	NIRSpec	false	full_n2401	1	2401	2401	6000	2.4989587671803415	4.9582515221832172e-06	0.039692788056979511	jwst_mcfost/runs/strict_continuum_3d_q_v1/anchors/w001/strict_continuum_anchor.lambda	03eac41388c201eb0d3587e76e6cdbb0a254d084dea08a854af129f7798c686d	41001	128000	jwst_mcfost/runs/strict_continuum_3d_q_v1/models/m2p50_a0p60_q3p75_i0p05/disk_envelope_m2p50_a0p60_q3p75_i0p05_rt.para	e0b0efa7f4e805781683f29c78b70104557618cf83424ffd2a84c548487275dd	28	jwst_mcfost/runs/strict_continuum_3d_q_v1/models/m2p50_a0p60_q3p75_i0p05/temperature	jwst_mcfost/runs/strict_continuum_3d_q_v1/rt_tasks/t281_m2p50_a0p60_q3p75_i0p05_w001
282	28	34	m2p50_a0p60_q3p75_i0p05	2.50	0.60	3.75	2	w002	near_ir_short	43	1.4987957445436022	1.4987957445436022	NIRSpec	false	full_n2401	1	2401	2401	6000	2.4989587671803415	4.9582515221832172e-06	0.049460259569938873	jwst_mcfost/runs/strict_continuum_3d_q_v1/anchors/w002/strict_continuum_anchor.lambda	5e5ede487ce8e28395d8732fcd14cbdcf044a502bbc451f3e32a4d760288e0ce	41001	128000	jwst_mcfost/runs/strict_continuum_3d_q_v1/models/m2p50_a0p60_q3p75_i0p05/disk_envelope_m2p50_a0p60_q3p75_i0p05_rt.para	e0b0efa7f4e805781683f29c78b70104557618cf83424ffd2a84c548487275dd	28	jwst_mcfost/runs/strict_continuum_3d_q_v1/models/m2p50_a0p60_q3p75_i0p05/temperature	jwst_mcfost/runs/strict_continuum_3d_q_v1/rt_tasks/t282_m2p50_a0p60_q3p75_i0p05_w002
283	28	34	m2p50_a0p60_q3p75_i0p05	2.50	0.60	3.75	3	w003	near_ir_rise	59	1.7588530996181813	1.7588530996181813	NIRSpec	false	full_n2401	1	2401	2401	6000	2.4989587671803415	4.9582515221832172e-06	0.058042152287399985	jwst_mcfost/runs/strict_continuum_3d_q_v1/anchors/w003/strict_continuum_anchor.lambda	6096fee96dea6c68611a03b186f6797670dfd3a73c98ffae6e4e90e535aa1aee	41001	128000	jwst_mcfost/runs/strict_continuum_3d_q_v1/models/m2p50_a0p60_q3p75_i0p05/disk_envelope_m2p50_a0p60_q3p75_i0p05_rt.para	e0b0efa7f4e805781683f29c78b70104557618cf83424ffd2a84c548487275dd	28	jwst_mcfost/runs/strict_continuum_3d_q_v1/models/m2p50_a0p60_q3p75_i0p05/temperature	jwst_mcfost/runs/strict_continuum_3d_q_v1/rt_tasks/t283_m2p50_a0p60_q3p75_i0p05_w003
284	28	34	m2p50_a0p60_q3p75_i0p05	2.50	0.60	3.75	4	w004	near_ir_rise	81	2.1916659199557045	2.1916659199557045	NIRSpec	false	full_n2401	1	2401	2401	6000	2.4989587671803415	4.9582515221832172e-06	0.072324975358538254	jwst_mcfost/runs/strict_continuum_3d_q_v1/anchors/w004/strict_continuum_anchor.lambda	adcd8c330cb64fdf6cd13feaf0fe06ed6c9726df6e30e2a5ad9b3c488f684d87	41001	128000	jwst_mcfost/runs/strict_continuum_3d_q_v1/models/m2p50_a0p60_q3p75_i0p05/disk_envelope_m2p50_a0p60_q3p75_i0p05_rt.para	e0b0efa7f4e805781683f29c78b70104557618cf83424ffd2a84c548487275dd	28	jwst_mcfost/runs/strict_continuum_3d_q_v1/models/m2p50_a0p60_q3p75_i0p05/temperature	jwst_mcfost/runs/strict_continuum_3d_q_v1/rt_tasks/t284_m2p50_a0p60_q3p75_i0p05_w004
285	28	34	m2p50_a0p60_q3p75_i0p05	2.50	0.60	3.75	5	w005	near_ir_rise	96	2.546352514425122	2.546352514425122	NIRSpec	true	full_n2401	1	2401	2401	6000	2.4989587671803415	4.9582515221832172e-06	0.084029632976029028	jwst_mcfost/runs/strict_continuum_3d_q_v1/anchors/w005/strict_continuum_anchor.lambda	91d915d166c5e6bb5cb007f0659a7d85b73c54677f8d267a3239a12d70dd3290	41001	128000	jwst_mcfost/runs/strict_continuum_3d_q_v1/models/m2p50_a0p60_q3p75_i0p05/disk_envelope_m2p50_a0p60_q3p75_i0p05_rt.para	e0b0efa7f4e805781683f29c78b70104557618cf83424ffd2a84c548487275dd	28	jwst_mcfost/runs/strict_continuum_3d_q_v1/models/m2p50_a0p60_q3p75_i0p05/temperature	jwst_mcfost/runs/strict_continuum_3d_q_v1/rt_tasks/t285_m2p50_a0p60_q3p75_i0p05_w005
286	28	34	m2p50_a0p60_q3p75_i0p05	2.50	0.60	3.75	6	w006	window_3p9	139	3.9143995604061015	3.9143995604061015	NIRSpec	true	support_zoom_n2401	1.9975051980918284	2401	2401	3003.7468767198525	1.2510399319949406	2.4822220872915486e-06	0.12917518549340135	jwst_mcfost/runs/strict_continuum_3d_q_v1/anchors/w006/strict_continuum_anchor.lambda	3f9b717a21e711e16c54ebd68a2308d823da5c67f37df6ad2ddbe13da82b8010	41001	128000	jwst_mcfost/runs/strict_continuum_3d_q_v1/models/m2p50_a0p60_q3p75_i0p05/disk_envelope_m2p50_a0p60_q3p75_i0p05_rt.para	e0b0efa7f4e805781683f29c78b70104557618cf83424ffd2a84c548487275dd	28	jwst_mcfost/runs/strict_continuum_3d_q_v1/models/m2p50_a0p60_q3p75_i0p05/temperature	jwst_mcfost/runs/strict_continuum_3d_q_v1/rt_tasks/t286_m2p50_a0p60_q3p75_i0p05_w006
287	28	34	m2p50_a0p60_q3p75_i0p05	2.50	0.60	3.75	7	w007	window_5p4	171	5.3906283153397085	5.3906283153397085	MIRI	false	support_zoom_n2401	1.9975051980918284	2401	2401	3003.7468767198525	1.2510399319949406	2.4822220872915486e-06	0.28389073440621038	jwst_mcfost/runs/strict_continuum_3d_q_v1/anchors/w007/strict_continuum_anchor.lambda	5f63ad070f3c845a8f617a8a81a0c499df4a74529835dbb910e3bc7165189b12	41001	128000	jwst_mcfost/runs/strict_continuum_3d_q_v1/models/m2p50_a0p60_q3p75_i0p05/disk_envelope_m2p50_a0p60_q3p75_i0p05_rt.para	e0b0efa7f4e805781683f29c78b70104557618cf83424ffd2a84c548487275dd	28	jwst_mcfost/runs/strict_continuum_3d_q_v1/models/m2p50_a0p60_q3p75_i0p05/temperature	jwst_mcfost/runs/strict_continuum_3d_q_v1/rt_tasks/t287_m2p50_a0p60_q3p75_i0p05_w007
288	28	34	m2p50_a0p60_q3p75_i0p05	2.50	0.60	3.75	8	w008	window_13p8	265	13.799908320389276	13.799908320389276	MIRI	false	zoom_n1201	3.9933471945199667	1201	1201	1502.4989583259237	1.2510399319949406	2.4822220872915486e-06	0.5613969745728461	jwst_mcfost/runs/strict_continuum_3d_q_v1/anchors/w008/strict_continuum_anchor.lambda	5797e825e4c6cd5a59e2cc5a5e36940d0ba149f20340a55934be09f172095b37	41001	128000	jwst_mcfost/runs/strict_continuum_3d_q_v1/models/m2p50_a0p60_q3p75_i0p05/disk_envelope_m2p50_a0p60_q3p75_i0p05_rt.para	e0b0efa7f4e805781683f29c78b70104557618cf83424ffd2a84c548487275dd	28	jwst_mcfost/runs/strict_continuum_3d_q_v1/models/m2p50_a0p60_q3p75_i0p05/temperature	jwst_mcfost/runs/strict_continuum_3d_q_v1/rt_tasks/t288_m2p50_a0p60_q3p75_i0p05_w008
289	28	34	m2p50_a0p60_q3p75_i0p05	2.50	0.60	3.75	9	w009	window_27p5	334	27.513091575690556	27.513091575690556	MIRI	false	zoom_n1201	3.9933471945199667	1201	1201	1502.4989583259237	1.2510399319949406	2.4822220872915486e-06	1.0139320219977885	jwst_mcfost/runs/strict_continuum_3d_q_v1/anchors/w009/strict_continuum_anchor.lambda	02feaf67a3a60f2699c2d37af292482df3aaf64119571c73370a59f2c2945f23	41001	128000	jwst_mcfost/runs/strict_continuum_3d_q_v1/models/m2p50_a0p60_q3p75_i0p05/disk_envelope_m2p50_a0p60_q3p75_i0p05_rt.para	e0b0efa7f4e805781683f29c78b70104557618cf83424ffd2a84c548487275dd	28	jwst_mcfost/runs/strict_continuum_3d_q_v1/models/m2p50_a0p60_q3p75_i0p05/temperature	jwst_mcfost/runs/strict_continuum_3d_q_v1/rt_tasks/t289_m2p50_a0p60_q3p75_i0p05_w009
290	29	35	m2p50_a0p60_q4p00_i0p05	2.50	0.60	4.00	0	w000	near_ir_short	2	0.9946761707696127	0.9946761707696127	NIRSpec	false	full_n2401	1	2401	2401	6000	2.4989587671803415	4.9582515221832172e-06	0.032824313635397222	jwst_mcfost/runs/strict_continuum_3d_q_v1/anchors/w000/strict_continuum_anchor.lambda	958b10dda90471bb610395d7fe4ffc4a8c52cf9552775fb9f72f08df4d0897c3	41001	128000	jwst_mcfost/runs/strict_continuum_3d_q_v1/models/m2p50_a0p60_q4p00_i0p05/disk_envelope_m2p50_a0p60_q4p00_i0p05_rt.para	dd2231f580a85f33950ffa32b4b67ceb883fdf8dacc75c24b54da7819faea527	29	jwst_mcfost/runs/strict_continuum_3d_q_v1/models/m2p50_a0p60_q4p00_i0p05/temperature	jwst_mcfost/runs/strict_continuum_3d_q_v1/rt_tasks/t290_m2p50_a0p60_q4p00_i0p05_w000
291	29	35	m2p50_a0p60_q4p00_i0p05	2.50	0.60	4.00	1	w001	near_ir_short	21	1.2028117593024095	1.2028117593024095	NIRSpec	false	full_n2401	1	2401	2401	6000	2.4989587671803415	4.9582515221832172e-06	0.039692788056979511	jwst_mcfost/runs/strict_continuum_3d_q_v1/anchors/w001/strict_continuum_anchor.lambda	03eac41388c201eb0d3587e76e6cdbb0a254d084dea08a854af129f7798c686d	41001	128000	jwst_mcfost/runs/strict_continuum_3d_q_v1/models/m2p50_a0p60_q4p00_i0p05/disk_envelope_m2p50_a0p60_q4p00_i0p05_rt.para	dd2231f580a85f33950ffa32b4b67ceb883fdf8dacc75c24b54da7819faea527	29	jwst_mcfost/runs/strict_continuum_3d_q_v1/models/m2p50_a0p60_q4p00_i0p05/temperature	jwst_mcfost/runs/strict_continuum_3d_q_v1/rt_tasks/t291_m2p50_a0p60_q4p00_i0p05_w001
292	29	35	m2p50_a0p60_q4p00_i0p05	2.50	0.60	4.00	2	w002	near_ir_short	43	1.4987957445436022	1.4987957445436022	NIRSpec	false	full_n2401	1	2401	2401	6000	2.4989587671803415	4.9582515221832172e-06	0.049460259569938873	jwst_mcfost/runs/strict_continuum_3d_q_v1/anchors/w002/strict_continuum_anchor.lambda	5e5ede487ce8e28395d8732fcd14cbdcf044a502bbc451f3e32a4d760288e0ce	41001	128000	jwst_mcfost/runs/strict_continuum_3d_q_v1/models/m2p50_a0p60_q4p00_i0p05/disk_envelope_m2p50_a0p60_q4p00_i0p05_rt.para	dd2231f580a85f33950ffa32b4b67ceb883fdf8dacc75c24b54da7819faea527	29	jwst_mcfost/runs/strict_continuum_3d_q_v1/models/m2p50_a0p60_q4p00_i0p05/temperature	jwst_mcfost/runs/strict_continuum_3d_q_v1/rt_tasks/t292_m2p50_a0p60_q4p00_i0p05_w002
293	29	35	m2p50_a0p60_q4p00_i0p05	2.50	0.60	4.00	3	w003	near_ir_rise	59	1.7588530996181813	1.7588530996181813	NIRSpec	false	full_n2401	1	2401	2401	6000	2.4989587671803415	4.9582515221832172e-06	0.058042152287399985	jwst_mcfost/runs/strict_continuum_3d_q_v1/anchors/w003/strict_continuum_anchor.lambda	6096fee96dea6c68611a03b186f6797670dfd3a73c98ffae6e4e90e535aa1aee	41001	128000	jwst_mcfost/runs/strict_continuum_3d_q_v1/models/m2p50_a0p60_q4p00_i0p05/disk_envelope_m2p50_a0p60_q4p00_i0p05_rt.para	dd2231f580a85f33950ffa32b4b67ceb883fdf8dacc75c24b54da7819faea527	29	jwst_mcfost/runs/strict_continuum_3d_q_v1/models/m2p50_a0p60_q4p00_i0p05/temperature	jwst_mcfost/runs/strict_continuum_3d_q_v1/rt_tasks/t293_m2p50_a0p60_q4p00_i0p05_w003
294	29	35	m2p50_a0p60_q4p00_i0p05	2.50	0.60	4.00	4	w004	near_ir_rise	81	2.1916659199557045	2.1916659199557045	NIRSpec	false	full_n2401	1	2401	2401	6000	2.4989587671803415	4.9582515221832172e-06	0.072324975358538254	jwst_mcfost/runs/strict_continuum_3d_q_v1/anchors/w004/strict_continuum_anchor.lambda	adcd8c330cb64fdf6cd13feaf0fe06ed6c9726df6e30e2a5ad9b3c488f684d87	41001	128000	jwst_mcfost/runs/strict_continuum_3d_q_v1/models/m2p50_a0p60_q4p00_i0p05/disk_envelope_m2p50_a0p60_q4p00_i0p05_rt.para	dd2231f580a85f33950ffa32b4b67ceb883fdf8dacc75c24b54da7819faea527	29	jwst_mcfost/runs/strict_continuum_3d_q_v1/models/m2p50_a0p60_q4p00_i0p05/temperature	jwst_mcfost/runs/strict_continuum_3d_q_v1/rt_tasks/t294_m2p50_a0p60_q4p00_i0p05_w004
295	29	35	m2p50_a0p60_q4p00_i0p05	2.50	0.60	4.00	5	w005	near_ir_rise	96	2.546352514425122	2.546352514425122	NIRSpec	true	full_n2401	1	2401	2401	6000	2.4989587671803415	4.9582515221832172e-06	0.084029632976029028	jwst_mcfost/runs/strict_continuum_3d_q_v1/anchors/w005/strict_continuum_anchor.lambda	91d915d166c5e6bb5cb007f0659a7d85b73c54677f8d267a3239a12d70dd3290	41001	128000	jwst_mcfost/runs/strict_continuum_3d_q_v1/models/m2p50_a0p60_q4p00_i0p05/disk_envelope_m2p50_a0p60_q4p00_i0p05_rt.para	dd2231f580a85f33950ffa32b4b67ceb883fdf8dacc75c24b54da7819faea527	29	jwst_mcfost/runs/strict_continuum_3d_q_v1/models/m2p50_a0p60_q4p00_i0p05/temperature	jwst_mcfost/runs/strict_continuum_3d_q_v1/rt_tasks/t295_m2p50_a0p60_q4p00_i0p05_w005
296	29	35	m2p50_a0p60_q4p00_i0p05	2.50	0.60	4.00	6	w006	window_3p9	139	3.9143995604061015	3.9143995604061015	NIRSpec	true	support_zoom_n2401	1.9975051980918284	2401	2401	3003.7468767198525	1.2510399319949406	2.4822220872915486e-06	0.12917518549340135	jwst_mcfost/runs/strict_continuum_3d_q_v1/anchors/w006/strict_continuum_anchor.lambda	3f9b717a21e711e16c54ebd68a2308d823da5c67f37df6ad2ddbe13da82b8010	41001	128000	jwst_mcfost/runs/strict_continuum_3d_q_v1/models/m2p50_a0p60_q4p00_i0p05/disk_envelope_m2p50_a0p60_q4p00_i0p05_rt.para	dd2231f580a85f33950ffa32b4b67ceb883fdf8dacc75c24b54da7819faea527	29	jwst_mcfost/runs/strict_continuum_3d_q_v1/models/m2p50_a0p60_q4p00_i0p05/temperature	jwst_mcfost/runs/strict_continuum_3d_q_v1/rt_tasks/t296_m2p50_a0p60_q4p00_i0p05_w006
297	29	35	m2p50_a0p60_q4p00_i0p05	2.50	0.60	4.00	7	w007	window_5p4	171	5.3906283153397085	5.3906283153397085	MIRI	false	support_zoom_n2401	1.9975051980918284	2401	2401	3003.7468767198525	1.2510399319949406	2.4822220872915486e-06	0.28389073440621038	jwst_mcfost/runs/strict_continuum_3d_q_v1/anchors/w007/strict_continuum_anchor.lambda	5f63ad070f3c845a8f617a8a81a0c499df4a74529835dbb910e3bc7165189b12	41001	128000	jwst_mcfost/runs/strict_continuum_3d_q_v1/models/m2p50_a0p60_q4p00_i0p05/disk_envelope_m2p50_a0p60_q4p00_i0p05_rt.para	dd2231f580a85f33950ffa32b4b67ceb883fdf8dacc75c24b54da7819faea527	29	jwst_mcfost/runs/strict_continuum_3d_q_v1/models/m2p50_a0p60_q4p00_i0p05/temperature	jwst_mcfost/runs/strict_continuum_3d_q_v1/rt_tasks/t297_m2p50_a0p60_q4p00_i0p05_w007
298	29	35	m2p50_a0p60_q4p00_i0p05	2.50	0.60	4.00	8	w008	window_13p8	265	13.799908320389276	13.799908320389276	MIRI	false	zoom_n1201	3.9933471945199667	1201	1201	1502.4989583259237	1.2510399319949406	2.4822220872915486e-06	0.5613969745728461	jwst_mcfost/runs/strict_continuum_3d_q_v1/anchors/w008/strict_continuum_anchor.lambda	5797e825e4c6cd5a59e2cc5a5e36940d0ba149f20340a55934be09f172095b37	41001	128000	jwst_mcfost/runs/strict_continuum_3d_q_v1/models/m2p50_a0p60_q4p00_i0p05/disk_envelope_m2p50_a0p60_q4p00_i0p05_rt.para	dd2231f580a85f33950ffa32b4b67ceb883fdf8dacc75c24b54da7819faea527	29	jwst_mcfost/runs/strict_continuum_3d_q_v1/models/m2p50_a0p60_q4p00_i0p05/temperature	jwst_mcfost/runs/strict_continuum_3d_q_v1/rt_tasks/t298_m2p50_a0p60_q4p00_i0p05_w008
299	29	35	m2p50_a0p60_q4p00_i0p05	2.50	0.60	4.00	9	w009	window_27p5	334	27.513091575690556	27.513091575690556	MIRI	false	zoom_n1201	3.9933471945199667	1201	1201	1502.4989583259237	1.2510399319949406	2.4822220872915486e-06	1.0139320219977885	jwst_mcfost/runs/strict_continuum_3d_q_v1/anchors/w009/strict_continuum_anchor.lambda	02feaf67a3a60f2699c2d37af292482df3aaf64119571c73370a59f2c2945f23	41001	128000	jwst_mcfost/runs/strict_continuum_3d_q_v1/models/m2p50_a0p60_q4p00_i0p05/disk_envelope_m2p50_a0p60_q4p00_i0p05_rt.para	dd2231f580a85f33950ffa32b4b67ceb883fdf8dacc75c24b54da7819faea527	29	jwst_mcfost/runs/strict_continuum_3d_q_v1/models/m2p50_a0p60_q4p00_i0p05/temperature	jwst_mcfost/runs/strict_continuum_3d_q_v1/rt_tasks/t299_m2p50_a0p60_q4p00_i0p05_w009
