task_index	model_index	model_label	mass_factor	envelope_dust_mass_msun	cavity_tag	requested_half_opening_deg	cavity_h0_token	cavity_r0_token	cavity_exponent_token	emptied_polar_center_rows	envelope_amax_um	envelope_size_exponent	envelope_ice_fraction	inclination_deg	mdot_token	execution_anchor_index	anchor_ordinal	anchor_tag	region	bin_index	wavelength_um	wavelength_token	instrument	boundary_compromise	spatial_config	zoom_token	nx	ny	expected_fov_au	expected_pixel_au	expected_cdelt_deg	psf_fwhm_arcsec	wavelength_file	wavelength_file_sha256	seed	sed_photons	parameter	parameter_sha256	temperature_task_index	temperature_workdir	task_workdir
0	0	m2p25_c15p0_a0p40_q2p75_i0p05	2.25	0.000225	c15p0	15.0	373.205080756888	100	1.0	2	0.40	2.75	0.05	70.0	7.3011756855e-08	0	1	w001	near_ir_short	21	1.2028117593024095	1.2028117593024095	NIRSpec	false	full_n2401	1	2401	2401	6000	2.4989587671803415	4.9582515221832172e-06	0.039692788056979511	jwst_mcfost/runs/strict_continuum_cavity_mass_q_v1/anchors/w001/strict_continuum_anchor.lambda	3a4c05f3e67c2a1c93b19eb17fbfc715bf9582d86bbc727fc0416e86fc3bcfdb	41001	128000	jwst_mcfost/runs/strict_continuum_cavity_mass_q_v1/models/m2p25_c15p0_a0p40_q2p75_i0p05/disk_envelope_m2p25_c15p0_a0p40_q2p75_i0p05_rt.para	cee9777a7faf269300008ff9d29e985962fdf5d36fcdff61124cfa92a71d3da5	0	jwst_mcfost/runs/strict_continuum_cavity_mass_q_v1/models/m2p25_c15p0_a0p40_q2p75_i0p05/temperature	jwst_mcfost/runs/strict_continuum_cavity_mass_q_v1/rt_tasks/t000_m2p25_c15p0_a0p40_q2p75_i0p05_w001
1	0	m2p25_c15p0_a0p40_q2p75_i0p05	2.25	0.000225	c15p0	15.0	373.205080756888	100	1.0	2	0.40	2.75	0.05	70.0	7.3011756855e-08	1	2	w002	near_ir_short	43	1.4987957445436022	1.4987957445436022	NIRSpec	false	full_n2401	1	2401	2401	6000	2.4989587671803415	4.9582515221832172e-06	0.049460259569938873	jwst_mcfost/runs/strict_continuum_cavity_mass_q_v1/anchors/w002/strict_continuum_anchor.lambda	7c9f0b769ebc9634e2a3203ac84f4fbc00b323b2ba59b01aed9c107319f2ee5f	41001	128000	jwst_mcfost/runs/strict_continuum_cavity_mass_q_v1/models/m2p25_c15p0_a0p40_q2p75_i0p05/disk_envelope_m2p25_c15p0_a0p40_q2p75_i0p05_rt.para	cee9777a7faf269300008ff9d29e985962fdf5d36fcdff61124cfa92a71d3da5	0	jwst_mcfost/runs/strict_continuum_cavity_mass_q_v1/models/m2p25_c15p0_a0p40_q2p75_i0p05/temperature	jwst_mcfost/runs/strict_continuum_cavity_mass_q_v1/rt_tasks/t001_m2p25_c15p0_a0p40_q2p75_i0p05_w002
2	0	m2p25_c15p0_a0p40_q2p75_i0p05	2.25	0.000225	c15p0	15.0	373.205080756888	100	1.0	2	0.40	2.75	0.05	70.0	7.3011756855e-08	2	3	w003	near_ir_rise	59	1.7588530996181813	1.7588530996181813	NIRSpec	false	full_n2401	1	2401	2401	6000	2.4989587671803415	4.9582515221832172e-06	0.058042152287399985	jwst_mcfost/runs/strict_continuum_cavity_mass_q_v1/anchors/w003/strict_continuum_anchor.lambda	ca23ebfe8f0349583e11ddd47bbd4cca509749dd6ae81b3fe7eb58a679cdd3b2	41001	128000	jwst_mcfost/runs/strict_continuum_cavity_mass_q_v1/models/m2p25_c15p0_a0p40_q2p75_i0p05/disk_envelope_m2p25_c15p0_a0p40_q2p75_i0p05_rt.para	cee9777a7faf269300008ff9d29e985962fdf5d36fcdff61124cfa92a71d3da5	0	jwst_mcfost/runs/strict_continuum_cavity_mass_q_v1/models/m2p25_c15p0_a0p40_q2p75_i0p05/temperature	jwst_mcfost/runs/strict_continuum_cavity_mass_q_v1/rt_tasks/t002_m2p25_c15p0_a0p40_q2p75_i0p05_w003
3	0	m2p25_c15p0_a0p40_q2p75_i0p05	2.25	0.000225	c15p0	15.0	373.205080756888	100	1.0	2	0.40	2.75	0.05	70.0	7.3011756855e-08	3	4	w004	near_ir_rise	81	2.1916659199557045	2.1916659199557045	NIRSpec	false	full_n2401	1	2401	2401	6000	2.4989587671803415	4.9582515221832172e-06	0.072324975358538254	jwst_mcfost/runs/strict_continuum_cavity_mass_q_v1/anchors/w004/strict_continuum_anchor.lambda	9605b60fa355a7a0a695ed93588c2e13ae03a474ff5df9fa6d55609f7e399107	41001	128000	jwst_mcfost/runs/strict_continuum_cavity_mass_q_v1/models/m2p25_c15p0_a0p40_q2p75_i0p05/disk_envelope_m2p25_c15p0_a0p40_q2p75_i0p05_rt.para	cee9777a7faf269300008ff9d29e985962fdf5d36fcdff61124cfa92a71d3da5	0	jwst_mcfost/runs/strict_continuum_cavity_mass_q_v1/models/m2p25_c15p0_a0p40_q2p75_i0p05/temperature	jwst_mcfost/runs/strict_continuum_cavity_mass_q_v1/rt_tasks/t003_m2p25_c15p0_a0p40_q2p75_i0p05_w004
4	0	m2p25_c15p0_a0p40_q2p75_i0p05	2.25	0.000225	c15p0	15.0	373.205080756888	100	1.0	2	0.40	2.75	0.05	70.0	7.3011756855e-08	4	5	w005	near_ir_rise	96	2.546352514425122	2.546352514425122	NIRSpec	true	full_n2401	1	2401	2401	6000	2.4989587671803415	4.9582515221832172e-06	0.084029632976029028	jwst_mcfost/runs/strict_continuum_cavity_mass_q_v1/anchors/w005/strict_continuum_anchor.lambda	9f7b6faedc4a44f32c6ae5b8b39d492d3c9ec0dc73b4dd191c2f6d60af0cd529	41001	128000	jwst_mcfost/runs/strict_continuum_cavity_mass_q_v1/models/m2p25_c15p0_a0p40_q2p75_i0p05/disk_envelope_m2p25_c15p0_a0p40_q2p75_i0p05_rt.para	cee9777a7faf269300008ff9d29e985962fdf5d36fcdff61124cfa92a71d3da5	0	jwst_mcfost/runs/strict_continuum_cavity_mass_q_v1/models/m2p25_c15p0_a0p40_q2p75_i0p05/temperature	jwst_mcfost/runs/strict_continuum_cavity_mass_q_v1/rt_tasks/t004_m2p25_c15p0_a0p40_q2p75_i0p05_w005
5	0	m2p25_c15p0_a0p40_q2p75_i0p05	2.25	0.000225	c15p0	15.0	373.205080756888	100	1.0	2	0.40	2.75	0.05	70.0	7.3011756855e-08	5	6	w006	window_3p9	139	3.9143995604061015	3.9143995604061015	NIRSpec	true	support_zoom_n2401	1.9975051980918284	2401	2401	3003.7468767198525	1.2510399319949406	2.4822220872915486e-06	0.12917518549340135	jwst_mcfost/runs/strict_continuum_cavity_mass_q_v1/anchors/w006/strict_continuum_anchor.lambda	a1d444714c9de2dd1e9aa1d5669069a1be6dae0324e94c47a0b9c4ab6e1f11d0	41001	128000	jwst_mcfost/runs/strict_continuum_cavity_mass_q_v1/models/m2p25_c15p0_a0p40_q2p75_i0p05/disk_envelope_m2p25_c15p0_a0p40_q2p75_i0p05_rt.para	cee9777a7faf269300008ff9d29e985962fdf5d36fcdff61124cfa92a71d3da5	0	jwst_mcfost/runs/strict_continuum_cavity_mass_q_v1/models/m2p25_c15p0_a0p40_q2p75_i0p05/temperature	jwst_mcfost/runs/strict_continuum_cavity_mass_q_v1/rt_tasks/t005_m2p25_c15p0_a0p40_q2p75_i0p05_w006
6	0	m2p25_c15p0_a0p40_q2p75_i0p05	2.25	0.000225	c15p0	15.0	373.205080756888	100	1.0	2	0.40	2.75	0.05	70.0	7.3011756855e-08	6	7	w007	window_5p4	171	5.3906283153397085	5.3906283153397085	MIRI	false	support_zoom_n2401	1.9975051980918284	2401	2401	3003.7468767198525	1.2510399319949406	2.4822220872915486e-06	0.28389073440621038	jwst_mcfost/runs/strict_continuum_cavity_mass_q_v1/anchors/w007/strict_continuum_anchor.lambda	2c99cc57bcad833e9a4a9cfca63390c89d9538a1049959460c43c1c449c61679	41001	128000	jwst_mcfost/runs/strict_continuum_cavity_mass_q_v1/models/m2p25_c15p0_a0p40_q2p75_i0p05/disk_envelope_m2p25_c15p0_a0p40_q2p75_i0p05_rt.para	cee9777a7faf269300008ff9d29e985962fdf5d36fcdff61124cfa92a71d3da5	0	jwst_mcfost/runs/strict_continuum_cavity_mass_q_v1/models/m2p25_c15p0_a0p40_q2p75_i0p05/temperature	jwst_mcfost/runs/strict_continuum_cavity_mass_q_v1/rt_tasks/t006_m2p25_c15p0_a0p40_q2p75_i0p05_w007
7	0	m2p25_c15p0_a0p40_q2p75_i0p05	2.25	0.000225	c15p0	15.0	373.205080756888	100	1.0	2	0.40	2.75	0.05	70.0	7.3011756855e-08	7	8	w008	window_13p8	265	13.799908320389276	13.799908320389276	MIRI	false	zoom_n1201	3.9933471945199667	1201	1201	1502.4989583259237	1.2510399319949406	2.4822220872915486e-06	0.5613969745728461	jwst_mcfost/runs/strict_continuum_cavity_mass_q_v1/anchors/w008/strict_continuum_anchor.lambda	6095ab5c3fa56c0623b01f21835d7c8f1fba5d60d5f1f03735e495109c6381d3	41001	128000	jwst_mcfost/runs/strict_continuum_cavity_mass_q_v1/models/m2p25_c15p0_a0p40_q2p75_i0p05/disk_envelope_m2p25_c15p0_a0p40_q2p75_i0p05_rt.para	cee9777a7faf269300008ff9d29e985962fdf5d36fcdff61124cfa92a71d3da5	0	jwst_mcfost/runs/strict_continuum_cavity_mass_q_v1/models/m2p25_c15p0_a0p40_q2p75_i0p05/temperature	jwst_mcfost/runs/strict_continuum_cavity_mass_q_v1/rt_tasks/t007_m2p25_c15p0_a0p40_q2p75_i0p05_w008
8	0	m2p25_c15p0_a0p40_q2p75_i0p05	2.25	0.000225	c15p0	15.0	373.205080756888	100	1.0	2	0.40	2.75	0.05	70.0	7.3011756855e-08	8	9	w009	window_27p5	334	27.513091575690556	27.513091575690556	MIRI	false	zoom_n1201	3.9933471945199667	1201	1201	1502.4989583259237	1.2510399319949406	2.4822220872915486e-06	1.0139320219977885	jwst_mcfost/runs/strict_continuum_cavity_mass_q_v1/anchors/w009/strict_continuum_anchor.lambda	41fd9d2d54ef93ed35fec02dd7d1d9a393b88e9fcc443fc088d958a549ab4723	41001	128000	jwst_mcfost/runs/strict_continuum_cavity_mass_q_v1/models/m2p25_c15p0_a0p40_q2p75_i0p05/disk_envelope_m2p25_c15p0_a0p40_q2p75_i0p05_rt.para	cee9777a7faf269300008ff9d29e985962fdf5d36fcdff61124cfa92a71d3da5	0	jwst_mcfost/runs/strict_continuum_cavity_mass_q_v1/models/m2p25_c15p0_a0p40_q2p75_i0p05/temperature	jwst_mcfost/runs/strict_continuum_cavity_mass_q_v1/rt_tasks/t008_m2p25_c15p0_a0p40_q2p75_i0p05_w009
9	1	m2p25_c17p5_a0p40_q2p75_i0p05	2.25	0.000225	c17p5	17.5	317.159480236321	100	1.0	3	0.40	2.75	0.05	70.0	7.3011756855e-08	0	1	w001	near_ir_short	21	1.2028117593024095	1.2028117593024095	NIRSpec	false	full_n2401	1	2401	2401	6000	2.4989587671803415	4.9582515221832172e-06	0.039692788056979511	jwst_mcfost/runs/strict_continuum_cavity_mass_q_v1/anchors/w001/strict_continuum_anchor.lambda	3a4c05f3e67c2a1c93b19eb17fbfc715bf9582d86bbc727fc0416e86fc3bcfdb	41001	128000	jwst_mcfost/runs/strict_continuum_cavity_mass_q_v1/models/m2p25_c17p5_a0p40_q2p75_i0p05/disk_envelope_m2p25_c17p5_a0p40_q2p75_i0p05_rt.para	cee9777a7faf269300008ff9d29e985962fdf5d36fcdff61124cfa92a71d3da5	1	jwst_mcfost/runs/strict_continuum_cavity_mass_q_v1/models/m2p25_c17p5_a0p40_q2p75_i0p05/temperature	jwst_mcfost/runs/strict_continuum_cavity_mass_q_v1/rt_tasks/t009_m2p25_c17p5_a0p40_q2p75_i0p05_w001
10	1	m2p25_c17p5_a0p40_q2p75_i0p05	2.25	0.000225	c17p5	17.5	317.159480236321	100	1.0	3	0.40	2.75	0.05	70.0	7.3011756855e-08	1	2	w002	near_ir_short	43	1.4987957445436022	1.4987957445436022	NIRSpec	false	full_n2401	1	2401	2401	6000	2.4989587671803415	4.9582515221832172e-06	0.049460259569938873	jwst_mcfost/runs/strict_continuum_cavity_mass_q_v1/anchors/w002/strict_continuum_anchor.lambda	7c9f0b769ebc9634e2a3203ac84f4fbc00b323b2ba59b01aed9c107319f2ee5f	41001	128000	jwst_mcfost/runs/strict_continuum_cavity_mass_q_v1/models/m2p25_c17p5_a0p40_q2p75_i0p05/disk_envelope_m2p25_c17p5_a0p40_q2p75_i0p05_rt.para	cee9777a7faf269300008ff9d29e985962fdf5d36fcdff61124cfa92a71d3da5	1	jwst_mcfost/runs/strict_continuum_cavity_mass_q_v1/models/m2p25_c17p5_a0p40_q2p75_i0p05/temperature	jwst_mcfost/runs/strict_continuum_cavity_mass_q_v1/rt_tasks/t010_m2p25_c17p5_a0p40_q2p75_i0p05_w002
11	1	m2p25_c17p5_a0p40_q2p75_i0p05	2.25	0.000225	c17p5	17.5	317.159480236321	100	1.0	3	0.40	2.75	0.05	70.0	7.3011756855e-08	2	3	w003	near_ir_rise	59	1.7588530996181813	1.7588530996181813	NIRSpec	false	full_n2401	1	2401	2401	6000	2.4989587671803415	4.9582515221832172e-06	0.058042152287399985	jwst_mcfost/runs/strict_continuum_cavity_mass_q_v1/anchors/w003/strict_continuum_anchor.lambda	ca23ebfe8f0349583e11ddd47bbd4cca509749dd6ae81b3fe7eb58a679cdd3b2	41001	128000	jwst_mcfost/runs/strict_continuum_cavity_mass_q_v1/models/m2p25_c17p5_a0p40_q2p75_i0p05/disk_envelope_m2p25_c17p5_a0p40_q2p75_i0p05_rt.para	cee9777a7faf269300008ff9d29e985962fdf5d36fcdff61124cfa92a71d3da5	1	jwst_mcfost/runs/strict_continuum_cavity_mass_q_v1/models/m2p25_c17p5_a0p40_q2p75_i0p05/temperature	jwst_mcfost/runs/strict_continuum_cavity_mass_q_v1/rt_tasks/t011_m2p25_c17p5_a0p40_q2p75_i0p05_w003
12	1	m2p25_c17p5_a0p40_q2p75_i0p05	2.25	0.000225	c17p5	17.5	317.159480236321	100	1.0	3	0.40	2.75	0.05	70.0	7.3011756855e-08	3	4	w004	near_ir_rise	81	2.1916659199557045	2.1916659199557045	NIRSpec	false	full_n2401	1	2401	2401	6000	2.4989587671803415	4.9582515221832172e-06	0.072324975358538254	jwst_mcfost/runs/strict_continuum_cavity_mass_q_v1/anchors/w004/strict_continuum_anchor.lambda	9605b60fa355a7a0a695ed93588c2e13ae03a474ff5df9fa6d55609f7e399107	41001	128000	jwst_mcfost/runs/strict_continuum_cavity_mass_q_v1/models/m2p25_c17p5_a0p40_q2p75_i0p05/disk_envelope_m2p25_c17p5_a0p40_q2p75_i0p05_rt.para	cee9777a7faf269300008ff9d29e985962fdf5d36fcdff61124cfa92a71d3da5	1	jwst_mcfost/runs/strict_continuum_cavity_mass_q_v1/models/m2p25_c17p5_a0p40_q2p75_i0p05/temperature	jwst_mcfost/runs/strict_continuum_cavity_mass_q_v1/rt_tasks/t012_m2p25_c17p5_a0p40_q2p75_i0p05_w004
13	1	m2p25_c17p5_a0p40_q2p75_i0p05	2.25	0.000225	c17p5	17.5	317.159480236321	100	1.0	3	0.40	2.75	0.05	70.0	7.3011756855e-08	4	5	w005	near_ir_rise	96	2.546352514425122	2.546352514425122	NIRSpec	true	full_n2401	1	2401	2401	6000	2.4989587671803415	4.9582515221832172e-06	0.084029632976029028	jwst_mcfost/runs/strict_continuum_cavity_mass_q_v1/anchors/w005/strict_continuum_anchor.lambda	9f7b6faedc4a44f32c6ae5b8b39d492d3c9ec0dc73b4dd191c2f6d60af0cd529	41001	128000	jwst_mcfost/runs/strict_continuum_cavity_mass_q_v1/models/m2p25_c17p5_a0p40_q2p75_i0p05/disk_envelope_m2p25_c17p5_a0p40_q2p75_i0p05_rt.para	cee9777a7faf269300008ff9d29e985962fdf5d36fcdff61124cfa92a71d3da5	1	jwst_mcfost/runs/strict_continuum_cavity_mass_q_v1/models/m2p25_c17p5_a0p40_q2p75_i0p05/temperature	jwst_mcfost/runs/strict_continuum_cavity_mass_q_v1/rt_tasks/t013_m2p25_c17p5_a0p40_q2p75_i0p05_w005
14	1	m2p25_c17p5_a0p40_q2p75_i0p05	2.25	0.000225	c17p5	17.5	317.159480236321	100	1.0	3	0.40	2.75	0.05	70.0	7.3011756855e-08	5	6	w006	window_3p9	139	3.9143995604061015	3.9143995604061015	NIRSpec	true	support_zoom_n2401	1.9975051980918284	2401	2401	3003.7468767198525	1.2510399319949406	2.4822220872915486e-06	0.12917518549340135	jwst_mcfost/runs/strict_continuum_cavity_mass_q_v1/anchors/w006/strict_continuum_anchor.lambda	a1d444714c9de2dd1e9aa1d5669069a1be6dae0324e94c47a0b9c4ab6e1f11d0	41001	128000	jwst_mcfost/runs/strict_continuum_cavity_mass_q_v1/models/m2p25_c17p5_a0p40_q2p75_i0p05/disk_envelope_m2p25_c17p5_a0p40_q2p75_i0p05_rt.para	cee9777a7faf269300008ff9d29e985962fdf5d36fcdff61124cfa92a71d3da5	1	jwst_mcfost/runs/strict_continuum_cavity_mass_q_v1/models/m2p25_c17p5_a0p40_q2p75_i0p05/temperature	jwst_mcfost/runs/strict_continuum_cavity_mass_q_v1/rt_tasks/t014_m2p25_c17p5_a0p40_q2p75_i0p05_w006
15	1	m2p25_c17p5_a0p40_q2p75_i0p05	2.25	0.000225	c17p5	17.5	317.159480236321	100	1.0	3	0.40	2.75	0.05	70.0	7.3011756855e-08	6	7	w007	window_5p4	171	5.3906283153397085	5.3906283153397085	MIRI	false	support_zoom_n2401	1.9975051980918284	2401	2401	3003.7468767198525	1.2510399319949406	2.4822220872915486e-06	0.28389073440621038	jwst_mcfost/runs/strict_continuum_cavity_mass_q_v1/anchors/w007/strict_continuum_anchor.lambda	2c99cc57bcad833e9a4a9cfca63390c89d9538a1049959460c43c1c449c61679	41001	128000	jwst_mcfost/runs/strict_continuum_cavity_mass_q_v1/models/m2p25_c17p5_a0p40_q2p75_i0p05/disk_envelope_m2p25_c17p5_a0p40_q2p75_i0p05_rt.para	cee9777a7faf269300008ff9d29e985962fdf5d36fcdff61124cfa92a71d3da5	1	jwst_mcfost/runs/strict_continuum_cavity_mass_q_v1/models/m2p25_c17p5_a0p40_q2p75_i0p05/temperature	jwst_mcfost/runs/strict_continuum_cavity_mass_q_v1/rt_tasks/t015_m2p25_c17p5_a0p40_q2p75_i0p05_w007
16	1	m2p25_c17p5_a0p40_q2p75_i0p05	2.25	0.000225	c17p5	17.5	317.159480236321	100	1.0	3	0.40	2.75	0.05	70.0	7.3011756855e-08	7	8	w008	window_13p8	265	13.799908320389276	13.799908320389276	MIRI	false	zoom_n1201	3.9933471945199667	1201	1201	1502.4989583259237	1.2510399319949406	2.4822220872915486e-06	0.5613969745728461	jwst_mcfost/runs/strict_continuum_cavity_mass_q_v1/anchors/w008/strict_continuum_anchor.lambda	6095ab5c3fa56c0623b01f21835d7c8f1fba5d60d5f1f03735e495109c6381d3	41001	128000	jwst_mcfost/runs/strict_continuum_cavity_mass_q_v1/models/m2p25_c17p5_a0p40_q2p75_i0p05/disk_envelope_m2p25_c17p5_a0p40_q2p75_i0p05_rt.para	cee9777a7faf269300008ff9d29e985962fdf5d36fcdff61124cfa92a71d3da5	1	jwst_mcfost/runs/strict_continuum_cavity_mass_q_v1/models/m2p25_c17p5_a0p40_q2p75_i0p05/temperature	jwst_mcfost/runs/strict_continuum_cavity_mass_q_v1/rt_tasks/t016_m2p25_c17p5_a0p40_q2p75_i0p05_w008
17	1	m2p25_c17p5_a0p40_q2p75_i0p05	2.25	0.000225	c17p5	17.5	317.159480236321	100	1.0	3	0.40	2.75	0.05	70.0	7.3011756855e-08	8	9	w009	window_27p5	334	27.513091575690556	27.513091575690556	MIRI	false	zoom_n1201	3.9933471945199667	1201	1201	1502.4989583259237	1.2510399319949406	2.4822220872915486e-06	1.0139320219977885	jwst_mcfost/runs/strict_continuum_cavity_mass_q_v1/anchors/w009/strict_continuum_anchor.lambda	41fd9d2d54ef93ed35fec02dd7d1d9a393b88e9fcc443fc088d958a549ab4723	41001	128000	jwst_mcfost/runs/strict_continuum_cavity_mass_q_v1/models/m2p25_c17p5_a0p40_q2p75_i0p05/disk_envelope_m2p25_c17p5_a0p40_q2p75_i0p05_rt.para	cee9777a7faf269300008ff9d29e985962fdf5d36fcdff61124cfa92a71d3da5	1	jwst_mcfost/runs/strict_continuum_cavity_mass_q_v1/models/m2p25_c17p5_a0p40_q2p75_i0p05/temperature	jwst_mcfost/runs/strict_continuum_cavity_mass_q_v1/rt_tasks/t017_m2p25_c17p5_a0p40_q2p75_i0p05_w009
18	2	m2p25_c20p0_a0p40_q2p75_i0p05	2.25	0.000225	c20p0	20.0	274.7	100	1.0	4	0.40	2.75	0.05	70.0	7.3011756855e-08	0	1	w001	near_ir_short	21	1.2028117593024095	1.2028117593024095	NIRSpec	false	full_n2401	1	2401	2401	6000	2.4989587671803415	4.9582515221832172e-06	0.039692788056979511	jwst_mcfost/runs/strict_continuum_cavity_mass_q_v1/anchors/w001/strict_continuum_anchor.lambda	3a4c05f3e67c2a1c93b19eb17fbfc715bf9582d86bbc727fc0416e86fc3bcfdb	41001	128000	jwst_mcfost/runs/strict_continuum_cavity_mass_q_v1/models/m2p25_c20p0_a0p40_q2p75_i0p05/disk_envelope_m2p25_c20p0_a0p40_q2p75_i0p05_rt.para	cee9777a7faf269300008ff9d29e985962fdf5d36fcdff61124cfa92a71d3da5	2	jwst_mcfost/runs/strict_continuum_cavity_mass_q_v1/models/m2p25_c20p0_a0p40_q2p75_i0p05/temperature	jwst_mcfost/runs/strict_continuum_cavity_mass_q_v1/rt_tasks/t018_m2p25_c20p0_a0p40_q2p75_i0p05_w001
19	2	m2p25_c20p0_a0p40_q2p75_i0p05	2.25	0.000225	c20p0	20.0	274.7	100	1.0	4	0.40	2.75	0.05	70.0	7.3011756855e-08	1	2	w002	near_ir_short	43	1.4987957445436022	1.4987957445436022	NIRSpec	false	full_n2401	1	2401	2401	6000	2.4989587671803415	4.9582515221832172e-06	0.049460259569938873	jwst_mcfost/runs/strict_continuum_cavity_mass_q_v1/anchors/w002/strict_continuum_anchor.lambda	7c9f0b769ebc9634e2a3203ac84f4fbc00b323b2ba59b01aed9c107319f2ee5f	41001	128000	jwst_mcfost/runs/strict_continuum_cavity_mass_q_v1/models/m2p25_c20p0_a0p40_q2p75_i0p05/disk_envelope_m2p25_c20p0_a0p40_q2p75_i0p05_rt.para	cee9777a7faf269300008ff9d29e985962fdf5d36fcdff61124cfa92a71d3da5	2	jwst_mcfost/runs/strict_continuum_cavity_mass_q_v1/models/m2p25_c20p0_a0p40_q2p75_i0p05/temperature	jwst_mcfost/runs/strict_continuum_cavity_mass_q_v1/rt_tasks/t019_m2p25_c20p0_a0p40_q2p75_i0p05_w002
20	2	m2p25_c20p0_a0p40_q2p75_i0p05	2.25	0.000225	c20p0	20.0	274.7	100	1.0	4	0.40	2.75	0.05	70.0	7.3011756855e-08	2	3	w003	near_ir_rise	59	1.7588530996181813	1.7588530996181813	NIRSpec	false	full_n2401	1	2401	2401	6000	2.4989587671803415	4.9582515221832172e-06	0.058042152287399985	jwst_mcfost/runs/strict_continuum_cavity_mass_q_v1/anchors/w003/strict_continuum_anchor.lambda	ca23ebfe8f0349583e11ddd47bbd4cca509749dd6ae81b3fe7eb58a679cdd3b2	41001	128000	jwst_mcfost/runs/strict_continuum_cavity_mass_q_v1/models/m2p25_c20p0_a0p40_q2p75_i0p05/disk_envelope_m2p25_c20p0_a0p40_q2p75_i0p05_rt.para	cee9777a7faf269300008ff9d29e985962fdf5d36fcdff61124cfa92a71d3da5	2	jwst_mcfost/runs/strict_continuum_cavity_mass_q_v1/models/m2p25_c20p0_a0p40_q2p75_i0p05/temperature	jwst_mcfost/runs/strict_continuum_cavity_mass_q_v1/rt_tasks/t020_m2p25_c20p0_a0p40_q2p75_i0p05_w003
21	2	m2p25_c20p0_a0p40_q2p75_i0p05	2.25	0.000225	c20p0	20.0	274.7	100	1.0	4	0.40	2.75	0.05	70.0	7.3011756855e-08	3	4	w004	near_ir_rise	81	2.1916659199557045	2.1916659199557045	NIRSpec	false	full_n2401	1	2401	2401	6000	2.4989587671803415	4.9582515221832172e-06	0.072324975358538254	jwst_mcfost/runs/strict_continuum_cavity_mass_q_v1/anchors/w004/strict_continuum_anchor.lambda	9605b60fa355a7a0a695ed93588c2e13ae03a474ff5df9fa6d55609f7e399107	41001	128000	jwst_mcfost/runs/strict_continuum_cavity_mass_q_v1/models/m2p25_c20p0_a0p40_q2p75_i0p05/disk_envelope_m2p25_c20p0_a0p40_q2p75_i0p05_rt.para	cee9777a7faf269300008ff9d29e985962fdf5d36fcdff61124cfa92a71d3da5	2	jwst_mcfost/runs/strict_continuum_cavity_mass_q_v1/models/m2p25_c20p0_a0p40_q2p75_i0p05/temperature	jwst_mcfost/runs/strict_continuum_cavity_mass_q_v1/rt_tasks/t021_m2p25_c20p0_a0p40_q2p75_i0p05_w004
22	2	m2p25_c20p0_a0p40_q2p75_i0p05	2.25	0.000225	c20p0	20.0	274.7	100	1.0	4	0.40	2.75	0.05	70.0	7.3011756855e-08	4	5	w005	near_ir_rise	96	2.546352514425122	2.546352514425122	NIRSpec	true	full_n2401	1	2401	2401	6000	2.4989587671803415	4.9582515221832172e-06	0.084029632976029028	jwst_mcfost/runs/strict_continuum_cavity_mass_q_v1/anchors/w005/strict_continuum_anchor.lambda	9f7b6faedc4a44f32c6ae5b8b39d492d3c9ec0dc73b4dd191c2f6d60af0cd529	41001	128000	jwst_mcfost/runs/strict_continuum_cavity_mass_q_v1/models/m2p25_c20p0_a0p40_q2p75_i0p05/disk_envelope_m2p25_c20p0_a0p40_q2p75_i0p05_rt.para	cee9777a7faf269300008ff9d29e985962fdf5d36fcdff61124cfa92a71d3da5	2	jwst_mcfost/runs/strict_continuum_cavity_mass_q_v1/models/m2p25_c20p0_a0p40_q2p75_i0p05/temperature	jwst_mcfost/runs/strict_continuum_cavity_mass_q_v1/rt_tasks/t022_m2p25_c20p0_a0p40_q2p75_i0p05_w005
23	2	m2p25_c20p0_a0p40_q2p75_i0p05	2.25	0.000225	c20p0	20.0	274.7	100	1.0	4	0.40	2.75	0.05	70.0	7.3011756855e-08	5	6	w006	window_3p9	139	3.9143995604061015	3.9143995604061015	NIRSpec	true	support_zoom_n2401	1.9975051980918284	2401	2401	3003.7468767198525	1.2510399319949406	2.4822220872915486e-06	0.12917518549340135	jwst_mcfost/runs/strict_continuum_cavity_mass_q_v1/anchors/w006/strict_continuum_anchor.lambda	a1d444714c9de2dd1e9aa1d5669069a1be6dae0324e94c47a0b9c4ab6e1f11d0	41001	128000	jwst_mcfost/runs/strict_continuum_cavity_mass_q_v1/models/m2p25_c20p0_a0p40_q2p75_i0p05/disk_envelope_m2p25_c20p0_a0p40_q2p75_i0p05_rt.para	cee9777a7faf269300008ff9d29e985962fdf5d36fcdff61124cfa92a71d3da5	2	jwst_mcfost/runs/strict_continuum_cavity_mass_q_v1/models/m2p25_c20p0_a0p40_q2p75_i0p05/temperature	jwst_mcfost/runs/strict_continuum_cavity_mass_q_v1/rt_tasks/t023_m2p25_c20p0_a0p40_q2p75_i0p05_w006
24	2	m2p25_c20p0_a0p40_q2p75_i0p05	2.25	0.000225	c20p0	20.0	274.7	100	1.0	4	0.40	2.75	0.05	70.0	7.3011756855e-08	6	7	w007	window_5p4	171	5.3906283153397085	5.3906283153397085	MIRI	false	support_zoom_n2401	1.9975051980918284	2401	2401	3003.7468767198525	1.2510399319949406	2.4822220872915486e-06	0.28389073440621038	jwst_mcfost/runs/strict_continuum_cavity_mass_q_v1/anchors/w007/strict_continuum_anchor.lambda	2c99cc57bcad833e9a4a9cfca63390c89d9538a1049959460c43c1c449c61679	41001	128000	jwst_mcfost/runs/strict_continuum_cavity_mass_q_v1/models/m2p25_c20p0_a0p40_q2p75_i0p05/disk_envelope_m2p25_c20p0_a0p40_q2p75_i0p05_rt.para	cee9777a7faf269300008ff9d29e985962fdf5d36fcdff61124cfa92a71d3da5	2	jwst_mcfost/runs/strict_continuum_cavity_mass_q_v1/models/m2p25_c20p0_a0p40_q2p75_i0p05/temperature	jwst_mcfost/runs/strict_continuum_cavity_mass_q_v1/rt_tasks/t024_m2p25_c20p0_a0p40_q2p75_i0p05_w007
25	2	m2p25_c20p0_a0p40_q2p75_i0p05	2.25	0.000225	c20p0	20.0	274.7	100	1.0	4	0.40	2.75	0.05	70.0	7.3011756855e-08	7	8	w008	window_13p8	265	13.799908320389276	13.799908320389276	MIRI	false	zoom_n1201	3.9933471945199667	1201	1201	1502.4989583259237	1.2510399319949406	2.4822220872915486e-06	0.5613969745728461	jwst_mcfost/runs/strict_continuum_cavity_mass_q_v1/anchors/w008/strict_continuum_anchor.lambda	6095ab5c3fa56c0623b01f21835d7c8f1fba5d60d5f1f03735e495109c6381d3	41001	128000	jwst_mcfost/runs/strict_continuum_cavity_mass_q_v1/models/m2p25_c20p0_a0p40_q2p75_i0p05/disk_envelope_m2p25_c20p0_a0p40_q2p75_i0p05_rt.para	cee9777a7faf269300008ff9d29e985962fdf5d36fcdff61124cfa92a71d3da5	2	jwst_mcfost/runs/strict_continuum_cavity_mass_q_v1/models/m2p25_c20p0_a0p40_q2p75_i0p05/temperature	jwst_mcfost/runs/strict_continuum_cavity_mass_q_v1/rt_tasks/t025_m2p25_c20p0_a0p40_q2p75_i0p05_w008
26	2	m2p25_c20p0_a0p40_q2p75_i0p05	2.25	0.000225	c20p0	20.0	274.7	100	1.0	4	0.40	2.75	0.05	70.0	7.3011756855e-08	8	9	w009	window_27p5	334	27.513091575690556	27.513091575690556	MIRI	false	zoom_n1201	3.9933471945199667	1201	1201	1502.4989583259237	1.2510399319949406	2.4822220872915486e-06	1.0139320219977885	jwst_mcfost/runs/strict_continuum_cavity_mass_q_v1/anchors/w009/strict_continuum_anchor.lambda	41fd9d2d54ef93ed35fec02dd7d1d9a393b88e9fcc443fc088d958a549ab4723	41001	128000	jwst_mcfost/runs/strict_continuum_cavity_mass_q_v1/models/m2p25_c20p0_a0p40_q2p75_i0p05/disk_envelope_m2p25_c20p0_a0p40_q2p75_i0p05_rt.para	cee9777a7faf269300008ff9d29e985962fdf5d36fcdff61124cfa92a71d3da5	2	jwst_mcfost/runs/strict_continuum_cavity_mass_q_v1/models/m2p25_c20p0_a0p40_q2p75_i0p05/temperature	jwst_mcfost/runs/strict_continuum_cavity_mass_q_v1/rt_tasks/t026_m2p25_c20p0_a0p40_q2p75_i0p05_w009
27	3	m2p25_c22p0_a0p40_q2p75_i0p05	2.25	0.000225	c22p0	22.0	247.508685341630	100	1.0	5	0.40	2.75	0.05	70.0	7.3011756855e-08	0	1	w001	near_ir_short	21	1.2028117593024095	1.2028117593024095	NIRSpec	false	full_n2401	1	2401	2401	6000	2.4989587671803415	4.9582515221832172e-06	0.039692788056979511	jwst_mcfost/runs/strict_continuum_cavity_mass_q_v1/anchors/w001/strict_continuum_anchor.lambda	3a4c05f3e67c2a1c93b19eb17fbfc715bf9582d86bbc727fc0416e86fc3bcfdb	41001	128000	jwst_mcfost/runs/strict_continuum_cavity_mass_q_v1/models/m2p25_c22p0_a0p40_q2p75_i0p05/disk_envelope_m2p25_c22p0_a0p40_q2p75_i0p05_rt.para	cee9777a7faf269300008ff9d29e985962fdf5d36fcdff61124cfa92a71d3da5	3	jwst_mcfost/runs/strict_continuum_cavity_mass_q_v1/models/m2p25_c22p0_a0p40_q2p75_i0p05/temperature	jwst_mcfost/runs/strict_continuum_cavity_mass_q_v1/rt_tasks/t027_m2p25_c22p0_a0p40_q2p75_i0p05_w001
28	3	m2p25_c22p0_a0p40_q2p75_i0p05	2.25	0.000225	c22p0	22.0	247.508685341630	100	1.0	5	0.40	2.75	0.05	70.0	7.3011756855e-08	1	2	w002	near_ir_short	43	1.4987957445436022	1.4987957445436022	NIRSpec	false	full_n2401	1	2401	2401	6000	2.4989587671803415	4.9582515221832172e-06	0.049460259569938873	jwst_mcfost/runs/strict_continuum_cavity_mass_q_v1/anchors/w002/strict_continuum_anchor.lambda	7c9f0b769ebc9634e2a3203ac84f4fbc00b323b2ba59b01aed9c107319f2ee5f	41001	128000	jwst_mcfost/runs/strict_continuum_cavity_mass_q_v1/models/m2p25_c22p0_a0p40_q2p75_i0p05/disk_envelope_m2p25_c22p0_a0p40_q2p75_i0p05_rt.para	cee9777a7faf269300008ff9d29e985962fdf5d36fcdff61124cfa92a71d3da5	3	jwst_mcfost/runs/strict_continuum_cavity_mass_q_v1/models/m2p25_c22p0_a0p40_q2p75_i0p05/temperature	jwst_mcfost/runs/strict_continuum_cavity_mass_q_v1/rt_tasks/t028_m2p25_c22p0_a0p40_q2p75_i0p05_w002
29	3	m2p25_c22p0_a0p40_q2p75_i0p05	2.25	0.000225	c22p0	22.0	247.508685341630	100	1.0	5	0.40	2.75	0.05	70.0	7.3011756855e-08	2	3	w003	near_ir_rise	59	1.7588530996181813	1.7588530996181813	NIRSpec	false	full_n2401	1	2401	2401	6000	2.4989587671803415	4.9582515221832172e-06	0.058042152287399985	jwst_mcfost/runs/strict_continuum_cavity_mass_q_v1/anchors/w003/strict_continuum_anchor.lambda	ca23ebfe8f0349583e11ddd47bbd4cca509749dd6ae81b3fe7eb58a679cdd3b2	41001	128000	jwst_mcfost/runs/strict_continuum_cavity_mass_q_v1/models/m2p25_c22p0_a0p40_q2p75_i0p05/disk_envelope_m2p25_c22p0_a0p40_q2p75_i0p05_rt.para	cee9777a7faf269300008ff9d29e985962fdf5d36fcdff61124cfa92a71d3da5	3	jwst_mcfost/runs/strict_continuum_cavity_mass_q_v1/models/m2p25_c22p0_a0p40_q2p75_i0p05/temperature	jwst_mcfost/runs/strict_continuum_cavity_mass_q_v1/rt_tasks/t029_m2p25_c22p0_a0p40_q2p75_i0p05_w003
30	3	m2p25_c22p0_a0p40_q2p75_i0p05	2.25	0.000225	c22p0	22.0	247.508685341630	100	1.0	5	0.40	2.75	0.05	70.0	7.3011756855e-08	3	4	w004	near_ir_rise	81	2.1916659199557045	2.1916659199557045	NIRSpec	false	full_n2401	1	2401	2401	6000	2.4989587671803415	4.9582515221832172e-06	0.072324975358538254	jwst_mcfost/runs/strict_continuum_cavity_mass_q_v1/anchors/w004/strict_continuum_anchor.lambda	9605b60fa355a7a0a695ed93588c2e13ae03a474ff5df9fa6d55609f7e399107	41001	128000	jwst_mcfost/runs/strict_continuum_cavity_mass_q_v1/models/m2p25_c22p0_a0p40_q2p75_i0p05/disk_envelope_m2p25_c22p0_a0p40_q2p75_i0p05_rt.para	cee9777a7faf269300008ff9d29e985962fdf5d36fcdff61124cfa92a71d3da5	3	jwst_mcfost/runs/strict_continuum_cavity_mass_q_v1/models/m2p25_c22p0_a0p40_q2p75_i0p05/temperature	jwst_mcfost/runs/strict_continuum_cavity_mass_q_v1/rt_tasks/t030_m2p25_c22p0_a0p40_q2p75_i0p05_w004
31	3	m2p25_c22p0_a0p40_q2p75_i0p05	2.25	0.000225	c22p0	22.0	247.508685341630	100	1.0	5	0.40	2.75	0.05	70.0	7.3011756855e-08	4	5	w005	near_ir_rise	96	2.546352514425122	2.546352514425122	NIRSpec	true	full_n2401	1	2401	2401	6000	2.4989587671803415	4.9582515221832172e-06	0.084029632976029028	jwst_mcfost/runs/strict_continuum_cavity_mass_q_v1/anchors/w005/strict_continuum_anchor.lambda	9f7b6faedc4a44f32c6ae5b8b39d492d3c9ec0dc73b4dd191c2f6d60af0cd529	41001	128000	jwst_mcfost/runs/strict_continuum_cavity_mass_q_v1/models/m2p25_c22p0_a0p40_q2p75_i0p05/disk_envelope_m2p25_c22p0_a0p40_q2p75_i0p05_rt.para	cee9777a7faf269300008ff9d29e985962fdf5d36fcdff61124cfa92a71d3da5	3	jwst_mcfost/runs/strict_continuum_cavity_mass_q_v1/models/m2p25_c22p0_a0p40_q2p75_i0p05/temperature	jwst_mcfost/runs/strict_continuum_cavity_mass_q_v1/rt_tasks/t031_m2p25_c22p0_a0p40_q2p75_i0p05_w005
32	3	m2p25_c22p0_a0p40_q2p75_i0p05	2.25	0.000225	c22p0	22.0	247.508685341630	100	1.0	5	0.40	2.75	0.05	70.0	7.3011756855e-08	5	6	w006	window_3p9	139	3.9143995604061015	3.9143995604061015	NIRSpec	true	support_zoom_n2401	1.9975051980918284	2401	2401	3003.7468767198525	1.2510399319949406	2.4822220872915486e-06	0.12917518549340135	jwst_mcfost/runs/strict_continuum_cavity_mass_q_v1/anchors/w006/strict_continuum_anchor.lambda	a1d444714c9de2dd1e9aa1d5669069a1be6dae0324e94c47a0b9c4ab6e1f11d0	41001	128000	jwst_mcfost/runs/strict_continuum_cavity_mass_q_v1/models/m2p25_c22p0_a0p40_q2p75_i0p05/disk_envelope_m2p25_c22p0_a0p40_q2p75_i0p05_rt.para	cee9777a7faf269300008ff9d29e985962fdf5d36fcdff61124cfa92a71d3da5	3	jwst_mcfost/runs/strict_continuum_cavity_mass_q_v1/models/m2p25_c22p0_a0p40_q2p75_i0p05/temperature	jwst_mcfost/runs/strict_continuum_cavity_mass_q_v1/rt_tasks/t032_m2p25_c22p0_a0p40_q2p75_i0p05_w006
33	3	m2p25_c22p0_a0p40_q2p75_i0p05	2.25	0.000225	c22p0	22.0	247.508685341630	100	1.0	5	0.40	2.75	0.05	70.0	7.3011756855e-08	6	7	w007	window_5p4	171	5.3906283153397085	5.3906283153397085	MIRI	false	support_zoom_n2401	1.9975051980918284	2401	2401	3003.7468767198525	1.2510399319949406	2.4822220872915486e-06	0.28389073440621038	jwst_mcfost/runs/strict_continuum_cavity_mass_q_v1/anchors/w007/strict_continuum_anchor.lambda	2c99cc57bcad833e9a4a9cfca63390c89d9538a1049959460c43c1c449c61679	41001	128000	jwst_mcfost/runs/strict_continuum_cavity_mass_q_v1/models/m2p25_c22p0_a0p40_q2p75_i0p05/disk_envelope_m2p25_c22p0_a0p40_q2p75_i0p05_rt.para	cee9777a7faf269300008ff9d29e985962fdf5d36fcdff61124cfa92a71d3da5	3	jwst_mcfost/runs/strict_continuum_cavity_mass_q_v1/models/m2p25_c22p0_a0p40_q2p75_i0p05/temperature	jwst_mcfost/runs/strict_continuum_cavity_mass_q_v1/rt_tasks/t033_m2p25_c22p0_a0p40_q2p75_i0p05_w007
34	3	m2p25_c22p0_a0p40_q2p75_i0p05	2.25	0.000225	c22p0	22.0	247.508685341630	100	1.0	5	0.40	2.75	0.05	70.0	7.3011756855e-08	7	8	w008	window_13p8	265	13.799908320389276	13.799908320389276	MIRI	false	zoom_n1201	3.9933471945199667	1201	1201	1502.4989583259237	1.2510399319949406	2.4822220872915486e-06	0.5613969745728461	jwst_mcfost/runs/strict_continuum_cavity_mass_q_v1/anchors/w008/strict_continuum_anchor.lambda	6095ab5c3fa56c0623b01f21835d7c8f1fba5d60d5f1f03735e495109c6381d3	41001	128000	jwst_mcfost/runs/strict_continuum_cavity_mass_q_v1/models/m2p25_c22p0_a0p40_q2p75_i0p05/disk_envelope_m2p25_c22p0_a0p40_q2p75_i0p05_rt.para	cee9777a7faf269300008ff9d29e985962fdf5d36fcdff61124cfa92a71d3da5	3	jwst_mcfost/runs/strict_continuum_cavity_mass_q_v1/models/m2p25_c22p0_a0p40_q2p75_i0p05/temperature	jwst_mcfost/runs/strict_continuum_cavity_mass_q_v1/rt_tasks/t034_m2p25_c22p0_a0p40_q2p75_i0p05_w008
35	3	m2p25_c22p0_a0p40_q2p75_i0p05	2.25	0.000225	c22p0	22.0	247.508685341630	100	1.0	5	0.40	2.75	0.05	70.0	7.3011756855e-08	8	9	w009	window_27p5	334	27.513091575690556	27.513091575690556	MIRI	false	zoom_n1201	3.9933471945199667	1201	1201	1502.4989583259237	1.2510399319949406	2.4822220872915486e-06	1.0139320219977885	jwst_mcfost/runs/strict_continuum_cavity_mass_q_v1/anchors/w009/strict_continuum_anchor.lambda	41fd9d2d54ef93ed35fec02dd7d1d9a393b88e9fcc443fc088d958a549ab4723	41001	128000	jwst_mcfost/runs/strict_continuum_cavity_mass_q_v1/models/m2p25_c22p0_a0p40_q2p75_i0p05/disk_envelope_m2p25_c22p0_a0p40_q2p75_i0p05_rt.para	cee9777a7faf269300008ff9d29e985962fdf5d36fcdff61124cfa92a71d3da5	3	jwst_mcfost/runs/strict_continuum_cavity_mass_q_v1/models/m2p25_c22p0_a0p40_q2p75_i0p05/temperature	jwst_mcfost/runs/strict_continuum_cavity_mass_q_v1/rt_tasks/t035_m2p25_c22p0_a0p40_q2p75_i0p05_w009
36	4	m2p25_c24p0_a0p40_q2p75_i0p05	2.25	0.000225	c24p0	24.0	224.603677390422	100	1.0	6	0.40	2.75	0.05	70.0	7.3011756855e-08	0	1	w001	near_ir_short	21	1.2028117593024095	1.2028117593024095	NIRSpec	false	full_n2401	1	2401	2401	6000	2.4989587671803415	4.9582515221832172e-06	0.039692788056979511	jwst_mcfost/runs/strict_continuum_cavity_mass_q_v1/anchors/w001/strict_continuum_anchor.lambda	3a4c05f3e67c2a1c93b19eb17fbfc715bf9582d86bbc727fc0416e86fc3bcfdb	41001	128000	jwst_mcfost/runs/strict_continuum_cavity_mass_q_v1/models/m2p25_c24p0_a0p40_q2p75_i0p05/disk_envelope_m2p25_c24p0_a0p40_q2p75_i0p05_rt.para	cee9777a7faf269300008ff9d29e985962fdf5d36fcdff61124cfa92a71d3da5	4	jwst_mcfost/runs/strict_continuum_cavity_mass_q_v1/models/m2p25_c24p0_a0p40_q2p75_i0p05/temperature	jwst_mcfost/runs/strict_continuum_cavity_mass_q_v1/rt_tasks/t036_m2p25_c24p0_a0p40_q2p75_i0p05_w001
37	4	m2p25_c24p0_a0p40_q2p75_i0p05	2.25	0.000225	c24p0	24.0	224.603677390422	100	1.0	6	0.40	2.75	0.05	70.0	7.3011756855e-08	1	2	w002	near_ir_short	43	1.4987957445436022	1.4987957445436022	NIRSpec	false	full_n2401	1	2401	2401	6000	2.4989587671803415	4.9582515221832172e-06	0.049460259569938873	jwst_mcfost/runs/strict_continuum_cavity_mass_q_v1/anchors/w002/strict_continuum_anchor.lambda	7c9f0b769ebc9634e2a3203ac84f4fbc00b323b2ba59b01aed9c107319f2ee5f	41001	128000	jwst_mcfost/runs/strict_continuum_cavity_mass_q_v1/models/m2p25_c24p0_a0p40_q2p75_i0p05/disk_envelope_m2p25_c24p0_a0p40_q2p75_i0p05_rt.para	cee9777a7faf269300008ff9d29e985962fdf5d36fcdff61124cfa92a71d3da5	4	jwst_mcfost/runs/strict_continuum_cavity_mass_q_v1/models/m2p25_c24p0_a0p40_q2p75_i0p05/temperature	jwst_mcfost/runs/strict_continuum_cavity_mass_q_v1/rt_tasks/t037_m2p25_c24p0_a0p40_q2p75_i0p05_w002
38	4	m2p25_c24p0_a0p40_q2p75_i0p05	2.25	0.000225	c24p0	24.0	224.603677390422	100	1.0	6	0.40	2.75	0.05	70.0	7.3011756855e-08	2	3	w003	near_ir_rise	59	1.7588530996181813	1.7588530996181813	NIRSpec	false	full_n2401	1	2401	2401	6000	2.4989587671803415	4.9582515221832172e-06	0.058042152287399985	jwst_mcfost/runs/strict_continuum_cavity_mass_q_v1/anchors/w003/strict_continuum_anchor.lambda	ca23ebfe8f0349583e11ddd47bbd4cca509749dd6ae81b3fe7eb58a679cdd3b2	41001	128000	jwst_mcfost/runs/strict_continuum_cavity_mass_q_v1/models/m2p25_c24p0_a0p40_q2p75_i0p05/disk_envelope_m2p25_c24p0_a0p40_q2p75_i0p05_rt.para	cee9777a7faf269300008ff9d29e985962fdf5d36fcdff61124cfa92a71d3da5	4	jwst_mcfost/runs/strict_continuum_cavity_mass_q_v1/models/m2p25_c24p0_a0p40_q2p75_i0p05/temperature	jwst_mcfost/runs/strict_continuum_cavity_mass_q_v1/rt_tasks/t038_m2p25_c24p0_a0p40_q2p75_i0p05_w003
39	4	m2p25_c24p0_a0p40_q2p75_i0p05	2.25	0.000225	c24p0	24.0	224.603677390422	100	1.0	6	0.40	2.75	0.05	70.0	7.3011756855e-08	3	4	w004	near_ir_rise	81	2.1916659199557045	2.1916659199557045	NIRSpec	false	full_n2401	1	2401	2401	6000	2.4989587671803415	4.9582515221832172e-06	0.072324975358538254	jwst_mcfost/runs/strict_continuum_cavity_mass_q_v1/anchors/w004/strict_continuum_anchor.lambda	9605b60fa355a7a0a695ed93588c2e13ae03a474ff5df9fa6d55609f7e399107	41001	128000	jwst_mcfost/runs/strict_continuum_cavity_mass_q_v1/models/m2p25_c24p0_a0p40_q2p75_i0p05/disk_envelope_m2p25_c24p0_a0p40_q2p75_i0p05_rt.para	cee9777a7faf269300008ff9d29e985962fdf5d36fcdff61124cfa92a71d3da5	4	jwst_mcfost/runs/strict_continuum_cavity_mass_q_v1/models/m2p25_c24p0_a0p40_q2p75_i0p05/temperature	jwst_mcfost/runs/strict_continuum_cavity_mass_q_v1/rt_tasks/t039_m2p25_c24p0_a0p40_q2p75_i0p05_w004
40	4	m2p25_c24p0_a0p40_q2p75_i0p05	2.25	0.000225	c24p0	24.0	224.603677390422	100	1.0	6	0.40	2.75	0.05	70.0	7.3011756855e-08	4	5	w005	near_ir_rise	96	2.546352514425122	2.546352514425122	NIRSpec	true	full_n2401	1	2401	2401	6000	2.4989587671803415	4.9582515221832172e-06	0.084029632976029028	jwst_mcfost/runs/strict_continuum_cavity_mass_q_v1/anchors/w005/strict_continuum_anchor.lambda	9f7b6faedc4a44f32c6ae5b8b39d492d3c9ec0dc73b4dd191c2f6d60af0cd529	41001	128000	jwst_mcfost/runs/strict_continuum_cavity_mass_q_v1/models/m2p25_c24p0_a0p40_q2p75_i0p05/disk_envelope_m2p25_c24p0_a0p40_q2p75_i0p05_rt.para	cee9777a7faf269300008ff9d29e985962fdf5d36fcdff61124cfa92a71d3da5	4	jwst_mcfost/runs/strict_continuum_cavity_mass_q_v1/models/m2p25_c24p0_a0p40_q2p75_i0p05/temperature	jwst_mcfost/runs/strict_continuum_cavity_mass_q_v1/rt_tasks/t040_m2p25_c24p0_a0p40_q2p75_i0p05_w005
41	4	m2p25_c24p0_a0p40_q2p75_i0p05	2.25	0.000225	c24p0	24.0	224.603677390422	100	1.0	6	0.40	2.75	0.05	70.0	7.3011756855e-08	5	6	w006	window_3p9	139	3.9143995604061015	3.9143995604061015	NIRSpec	true	support_zoom_n2401	1.9975051980918284	2401	2401	3003.7468767198525	1.2510399319949406	2.4822220872915486e-06	0.12917518549340135	jwst_mcfost/runs/strict_continuum_cavity_mass_q_v1/anchors/w006/strict_continuum_anchor.lambda	a1d444714c9de2dd1e9aa1d5669069a1be6dae0324e94c47a0b9c4ab6e1f11d0	41001	128000	jwst_mcfost/runs/strict_continuum_cavity_mass_q_v1/models/m2p25_c24p0_a0p40_q2p75_i0p05/disk_envelope_m2p25_c24p0_a0p40_q2p75_i0p05_rt.para	cee9777a7faf269300008ff9d29e985962fdf5d36fcdff61124cfa92a71d3da5	4	jwst_mcfost/runs/strict_continuum_cavity_mass_q_v1/models/m2p25_c24p0_a0p40_q2p75_i0p05/temperature	jwst_mcfost/runs/strict_continuum_cavity_mass_q_v1/rt_tasks/t041_m2p25_c24p0_a0p40_q2p75_i0p05_w006
42	4	m2p25_c24p0_a0p40_q2p75_i0p05	2.25	0.000225	c24p0	24.0	224.603677390422	100	1.0	6	0.40	2.75	0.05	70.0	7.3011756855e-08	6	7	w007	window_5p4	171	5.3906283153397085	5.3906283153397085	MIRI	false	support_zoom_n2401	1.9975051980918284	2401	2401	3003.7468767198525	1.2510399319949406	2.4822220872915486e-06	0.28389073440621038	jwst_mcfost/runs/strict_continuum_cavity_mass_q_v1/anchors/w007/strict_continuum_anchor.lambda	2c99cc57bcad833e9a4a9cfca63390c89d9538a1049959460c43c1c449c61679	41001	128000	jwst_mcfost/runs/strict_continuum_cavity_mass_q_v1/models/m2p25_c24p0_a0p40_q2p75_i0p05/disk_envelope_m2p25_c24p0_a0p40_q2p75_i0p05_rt.para	cee9777a7faf269300008ff9d29e985962fdf5d36fcdff61124cfa92a71d3da5	4	jwst_mcfost/runs/strict_continuum_cavity_mass_q_v1/models/m2p25_c24p0_a0p40_q2p75_i0p05/temperature	jwst_mcfost/runs/strict_continuum_cavity_mass_q_v1/rt_tasks/t042_m2p25_c24p0_a0p40_q2p75_i0p05_w007
43	4	m2p25_c24p0_a0p40_q2p75_i0p05	2.25	0.000225	c24p0	24.0	224.603677390422	100	1.0	6	0.40	2.75	0.05	70.0	7.3011756855e-08	7	8	w008	window_13p8	265	13.799908320389276	13.799908320389276	MIRI	false	zoom_n1201	3.9933471945199667	1201	1201	1502.4989583259237	1.2510399319949406	2.4822220872915486e-06	0.5613969745728461	jwst_mcfost/runs/strict_continuum_cavity_mass_q_v1/anchors/w008/strict_continuum_anchor.lambda	6095ab5c3fa56c0623b01f21835d7c8f1fba5d60d5f1f03735e495109c6381d3	41001	128000	jwst_mcfost/runs/strict_continuum_cavity_mass_q_v1/models/m2p25_c24p0_a0p40_q2p75_i0p05/disk_envelope_m2p25_c24p0_a0p40_q2p75_i0p05_rt.para	cee9777a7faf269300008ff9d29e985962fdf5d36fcdff61124cfa92a71d3da5	4	jwst_mcfost/runs/strict_continuum_cavity_mass_q_v1/models/m2p25_c24p0_a0p40_q2p75_i0p05/temperature	jwst_mcfost/runs/strict_continuum_cavity_mass_q_v1/rt_tasks/t043_m2p25_c24p0_a0p40_q2p75_i0p05_w008
44	4	m2p25_c24p0_a0p40_q2p75_i0p05	2.25	0.000225	c24p0	24.0	224.603677390422	100	1.0	6	0.40	2.75	0.05	70.0	7.3011756855e-08	8	9	w009	window_27p5	334	27.513091575690556	27.513091575690556	MIRI	false	zoom_n1201	3.9933471945199667	1201	1201	1502.4989583259237	1.2510399319949406	2.4822220872915486e-06	1.0139320219977885	jwst_mcfost/runs/strict_continuum_cavity_mass_q_v1/anchors/w009/strict_continuum_anchor.lambda	41fd9d2d54ef93ed35fec02dd7d1d9a393b88e9fcc443fc088d958a549ab4723	41001	128000	jwst_mcfost/runs/strict_continuum_cavity_mass_q_v1/models/m2p25_c24p0_a0p40_q2p75_i0p05/disk_envelope_m2p25_c24p0_a0p40_q2p75_i0p05_rt.para	cee9777a7faf269300008ff9d29e985962fdf5d36fcdff61124cfa92a71d3da5	4	jwst_mcfost/runs/strict_continuum_cavity_mass_q_v1/models/m2p25_c24p0_a0p40_q2p75_i0p05/temperature	jwst_mcfost/runs/strict_continuum_cavity_mass_q_v1/rt_tasks/t044_m2p25_c24p0_a0p40_q2p75_i0p05_w009
45	5	m2p25_c15p0_a0p40_q3p00_i0p05	2.25	0.000225	c15p0	15.0	373.205080756888	100	1.0	2	0.40	3.00	0.05	70.0	7.3011756855e-08	0	1	w001	near_ir_short	21	1.2028117593024095	1.2028117593024095	NIRSpec	false	full_n2401	1	2401	2401	6000	2.4989587671803415	4.9582515221832172e-06	0.039692788056979511	jwst_mcfost/runs/strict_continuum_cavity_mass_q_v1/anchors/w001/strict_continuum_anchor.lambda	3a4c05f3e67c2a1c93b19eb17fbfc715bf9582d86bbc727fc0416e86fc3bcfdb	41001	128000	jwst_mcfost/runs/strict_continuum_cavity_mass_q_v1/models/m2p25_c15p0_a0p40_q3p00_i0p05/disk_envelope_m2p25_c15p0_a0p40_q3p00_i0p05_rt.para	5adde4ff8d37c0496a8e146ab5939ea428e70db918245b7ec112375930491bc0	5	jwst_mcfost/runs/strict_continuum_cavity_mass_q_v1/models/m2p25_c15p0_a0p40_q3p00_i0p05/temperature	jwst_mcfost/runs/strict_continuum_cavity_mass_q_v1/rt_tasks/t045_m2p25_c15p0_a0p40_q3p00_i0p05_w001
46	5	m2p25_c15p0_a0p40_q3p00_i0p05	2.25	0.000225	c15p0	15.0	373.205080756888	100	1.0	2	0.40	3.00	0.05	70.0	7.3011756855e-08	1	2	w002	near_ir_short	43	1.4987957445436022	1.4987957445436022	NIRSpec	false	full_n2401	1	2401	2401	6000	2.4989587671803415	4.9582515221832172e-06	0.049460259569938873	jwst_mcfost/runs/strict_continuum_cavity_mass_q_v1/anchors/w002/strict_continuum_anchor.lambda	7c9f0b769ebc9634e2a3203ac84f4fbc00b323b2ba59b01aed9c107319f2ee5f	41001	128000	jwst_mcfost/runs/strict_continuum_cavity_mass_q_v1/models/m2p25_c15p0_a0p40_q3p00_i0p05/disk_envelope_m2p25_c15p0_a0p40_q3p00_i0p05_rt.para	5adde4ff8d37c0496a8e146ab5939ea428e70db918245b7ec112375930491bc0	5	jwst_mcfost/runs/strict_continuum_cavity_mass_q_v1/models/m2p25_c15p0_a0p40_q3p00_i0p05/temperature	jwst_mcfost/runs/strict_continuum_cavity_mass_q_v1/rt_tasks/t046_m2p25_c15p0_a0p40_q3p00_i0p05_w002
47	5	m2p25_c15p0_a0p40_q3p00_i0p05	2.25	0.000225	c15p0	15.0	373.205080756888	100	1.0	2	0.40	3.00	0.05	70.0	7.3011756855e-08	2	3	w003	near_ir_rise	59	1.7588530996181813	1.7588530996181813	NIRSpec	false	full_n2401	1	2401	2401	6000	2.4989587671803415	4.9582515221832172e-06	0.058042152287399985	jwst_mcfost/runs/strict_continuum_cavity_mass_q_v1/anchors/w003/strict_continuum_anchor.lambda	ca23ebfe8f0349583e11ddd47bbd4cca509749dd6ae81b3fe7eb58a679cdd3b2	41001	128000	jwst_mcfost/runs/strict_continuum_cavity_mass_q_v1/models/m2p25_c15p0_a0p40_q3p00_i0p05/disk_envelope_m2p25_c15p0_a0p40_q3p00_i0p05_rt.para	5adde4ff8d37c0496a8e146ab5939ea428e70db918245b7ec112375930491bc0	5	jwst_mcfost/runs/strict_continuum_cavity_mass_q_v1/models/m2p25_c15p0_a0p40_q3p00_i0p05/temperature	jwst_mcfost/runs/strict_continuum_cavity_mass_q_v1/rt_tasks/t047_m2p25_c15p0_a0p40_q3p00_i0p05_w003
48	5	m2p25_c15p0_a0p40_q3p00_i0p05	2.25	0.000225	c15p0	15.0	373.205080756888	100	1.0	2	0.40	3.00	0.05	70.0	7.3011756855e-08	3	4	w004	near_ir_rise	81	2.1916659199557045	2.1916659199557045	NIRSpec	false	full_n2401	1	2401	2401	6000	2.4989587671803415	4.9582515221832172e-06	0.072324975358538254	jwst_mcfost/runs/strict_continuum_cavity_mass_q_v1/anchors/w004/strict_continuum_anchor.lambda	9605b60fa355a7a0a695ed93588c2e13ae03a474ff5df9fa6d55609f7e399107	41001	128000	jwst_mcfost/runs/strict_continuum_cavity_mass_q_v1/models/m2p25_c15p0_a0p40_q3p00_i0p05/disk_envelope_m2p25_c15p0_a0p40_q3p00_i0p05_rt.para	5adde4ff8d37c0496a8e146ab5939ea428e70db918245b7ec112375930491bc0	5	jwst_mcfost/runs/strict_continuum_cavity_mass_q_v1/models/m2p25_c15p0_a0p40_q3p00_i0p05/temperature	jwst_mcfost/runs/strict_continuum_cavity_mass_q_v1/rt_tasks/t048_m2p25_c15p0_a0p40_q3p00_i0p05_w004
49	5	m2p25_c15p0_a0p40_q3p00_i0p05	2.25	0.000225	c15p0	15.0	373.205080756888	100	1.0	2	0.40	3.00	0.05	70.0	7.3011756855e-08	4	5	w005	near_ir_rise	96	2.546352514425122	2.546352514425122	NIRSpec	true	full_n2401	1	2401	2401	6000	2.4989587671803415	4.9582515221832172e-06	0.084029632976029028	jwst_mcfost/runs/strict_continuum_cavity_mass_q_v1/anchors/w005/strict_continuum_anchor.lambda	9f7b6faedc4a44f32c6ae5b8b39d492d3c9ec0dc73b4dd191c2f6d60af0cd529	41001	128000	jwst_mcfost/runs/strict_continuum_cavity_mass_q_v1/models/m2p25_c15p0_a0p40_q3p00_i0p05/disk_envelope_m2p25_c15p0_a0p40_q3p00_i0p05_rt.para	5adde4ff8d37c0496a8e146ab5939ea428e70db918245b7ec112375930491bc0	5	jwst_mcfost/runs/strict_continuum_cavity_mass_q_v1/models/m2p25_c15p0_a0p40_q3p00_i0p05/temperature	jwst_mcfost/runs/strict_continuum_cavity_mass_q_v1/rt_tasks/t049_m2p25_c15p0_a0p40_q3p00_i0p05_w005
50	5	m2p25_c15p0_a0p40_q3p00_i0p05	2.25	0.000225	c15p0	15.0	373.205080756888	100	1.0	2	0.40	3.00	0.05	70.0	7.3011756855e-08	5	6	w006	window_3p9	139	3.9143995604061015	3.9143995604061015	NIRSpec	true	support_zoom_n2401	1.9975051980918284	2401	2401	3003.7468767198525	1.2510399319949406	2.4822220872915486e-06	0.12917518549340135	jwst_mcfost/runs/strict_continuum_cavity_mass_q_v1/anchors/w006/strict_continuum_anchor.lambda	a1d444714c9de2dd1e9aa1d5669069a1be6dae0324e94c47a0b9c4ab6e1f11d0	41001	128000	jwst_mcfost/runs/strict_continuum_cavity_mass_q_v1/models/m2p25_c15p0_a0p40_q3p00_i0p05/disk_envelope_m2p25_c15p0_a0p40_q3p00_i0p05_rt.para	5adde4ff8d37c0496a8e146ab5939ea428e70db918245b7ec112375930491bc0	5	jwst_mcfost/runs/strict_continuum_cavity_mass_q_v1/models/m2p25_c15p0_a0p40_q3p00_i0p05/temperature	jwst_mcfost/runs/strict_continuum_cavity_mass_q_v1/rt_tasks/t050_m2p25_c15p0_a0p40_q3p00_i0p05_w006
51	5	m2p25_c15p0_a0p40_q3p00_i0p05	2.25	0.000225	c15p0	15.0	373.205080756888	100	1.0	2	0.40	3.00	0.05	70.0	7.3011756855e-08	6	7	w007	window_5p4	171	5.3906283153397085	5.3906283153397085	MIRI	false	support_zoom_n2401	1.9975051980918284	2401	2401	3003.7468767198525	1.2510399319949406	2.4822220872915486e-06	0.28389073440621038	jwst_mcfost/runs/strict_continuum_cavity_mass_q_v1/anchors/w007/strict_continuum_anchor.lambda	2c99cc57bcad833e9a4a9cfca63390c89d9538a1049959460c43c1c449c61679	41001	128000	jwst_mcfost/runs/strict_continuum_cavity_mass_q_v1/models/m2p25_c15p0_a0p40_q3p00_i0p05/disk_envelope_m2p25_c15p0_a0p40_q3p00_i0p05_rt.para	5adde4ff8d37c0496a8e146ab5939ea428e70db918245b7ec112375930491bc0	5	jwst_mcfost/runs/strict_continuum_cavity_mass_q_v1/models/m2p25_c15p0_a0p40_q3p00_i0p05/temperature	jwst_mcfost/runs/strict_continuum_cavity_mass_q_v1/rt_tasks/t051_m2p25_c15p0_a0p40_q3p00_i0p05_w007
52	5	m2p25_c15p0_a0p40_q3p00_i0p05	2.25	0.000225	c15p0	15.0	373.205080756888	100	1.0	2	0.40	3.00	0.05	70.0	7.3011756855e-08	7	8	w008	window_13p8	265	13.799908320389276	13.799908320389276	MIRI	false	zoom_n1201	3.9933471945199667	1201	1201	1502.4989583259237	1.2510399319949406	2.4822220872915486e-06	0.5613969745728461	jwst_mcfost/runs/strict_continuum_cavity_mass_q_v1/anchors/w008/strict_continuum_anchor.lambda	6095ab5c3fa56c0623b01f21835d7c8f1fba5d60d5f1f03735e495109c6381d3	41001	128000	jwst_mcfost/runs/strict_continuum_cavity_mass_q_v1/models/m2p25_c15p0_a0p40_q3p00_i0p05/disk_envelope_m2p25_c15p0_a0p40_q3p00_i0p05_rt.para	5adde4ff8d37c0496a8e146ab5939ea428e70db918245b7ec112375930491bc0	5	jwst_mcfost/runs/strict_continuum_cavity_mass_q_v1/models/m2p25_c15p0_a0p40_q3p00_i0p05/temperature	jwst_mcfost/runs/strict_continuum_cavity_mass_q_v1/rt_tasks/t052_m2p25_c15p0_a0p40_q3p00_i0p05_w008
53	5	m2p25_c15p0_a0p40_q3p00_i0p05	2.25	0.000225	c15p0	15.0	373.205080756888	100	1.0	2	0.40	3.00	0.05	70.0	7.3011756855e-08	8	9	w009	window_27p5	334	27.513091575690556	27.513091575690556	MIRI	false	zoom_n1201	3.9933471945199667	1201	1201	1502.4989583259237	1.2510399319949406	2.4822220872915486e-06	1.0139320219977885	jwst_mcfost/runs/strict_continuum_cavity_mass_q_v1/anchors/w009/strict_continuum_anchor.lambda	41fd9d2d54ef93ed35fec02dd7d1d9a393b88e9fcc443fc088d958a549ab4723	41001	128000	jwst_mcfost/runs/strict_continuum_cavity_mass_q_v1/models/m2p25_c15p0_a0p40_q3p00_i0p05/disk_envelope_m2p25_c15p0_a0p40_q3p00_i0p05_rt.para	5adde4ff8d37c0496a8e146ab5939ea428e70db918245b7ec112375930491bc0	5	jwst_mcfost/runs/strict_continuum_cavity_mass_q_v1/models/m2p25_c15p0_a0p40_q3p00_i0p05/temperature	jwst_mcfost/runs/strict_continuum_cavity_mass_q_v1/rt_tasks/t053_m2p25_c15p0_a0p40_q3p00_i0p05_w009
54	6	m2p25_c17p5_a0p40_q3p00_i0p05	2.25	0.000225	c17p5	17.5	317.159480236321	100	1.0	3	0.40	3.00	0.05	70.0	7.3011756855e-08	0	1	w001	near_ir_short	21	1.2028117593024095	1.2028117593024095	NIRSpec	false	full_n2401	1	2401	2401	6000	2.4989587671803415	4.9582515221832172e-06	0.039692788056979511	jwst_mcfost/runs/strict_continuum_cavity_mass_q_v1/anchors/w001/strict_continuum_anchor.lambda	3a4c05f3e67c2a1c93b19eb17fbfc715bf9582d86bbc727fc0416e86fc3bcfdb	41001	128000	jwst_mcfost/runs/strict_continuum_cavity_mass_q_v1/models/m2p25_c17p5_a0p40_q3p00_i0p05/disk_envelope_m2p25_c17p5_a0p40_q3p00_i0p05_rt.para	5adde4ff8d37c0496a8e146ab5939ea428e70db918245b7ec112375930491bc0	6	jwst_mcfost/runs/strict_continuum_cavity_mass_q_v1/models/m2p25_c17p5_a0p40_q3p00_i0p05/temperature	jwst_mcfost/runs/strict_continuum_cavity_mass_q_v1/rt_tasks/t054_m2p25_c17p5_a0p40_q3p00_i0p05_w001
55	6	m2p25_c17p5_a0p40_q3p00_i0p05	2.25	0.000225	c17p5	17.5	317.159480236321	100	1.0	3	0.40	3.00	0.05	70.0	7.3011756855e-08	1	2	w002	near_ir_short	43	1.4987957445436022	1.4987957445436022	NIRSpec	false	full_n2401	1	2401	2401	6000	2.4989587671803415	4.9582515221832172e-06	0.049460259569938873	jwst_mcfost/runs/strict_continuum_cavity_mass_q_v1/anchors/w002/strict_continuum_anchor.lambda	7c9f0b769ebc9634e2a3203ac84f4fbc00b323b2ba59b01aed9c107319f2ee5f	41001	128000	jwst_mcfost/runs/strict_continuum_cavity_mass_q_v1/models/m2p25_c17p5_a0p40_q3p00_i0p05/disk_envelope_m2p25_c17p5_a0p40_q3p00_i0p05_rt.para	5adde4ff8d37c0496a8e146ab5939ea428e70db918245b7ec112375930491bc0	6	jwst_mcfost/runs/strict_continuum_cavity_mass_q_v1/models/m2p25_c17p5_a0p40_q3p00_i0p05/temperature	jwst_mcfost/runs/strict_continuum_cavity_mass_q_v1/rt_tasks/t055_m2p25_c17p5_a0p40_q3p00_i0p05_w002
56	6	m2p25_c17p5_a0p40_q3p00_i0p05	2.25	0.000225	c17p5	17.5	317.159480236321	100	1.0	3	0.40	3.00	0.05	70.0	7.3011756855e-08	2	3	w003	near_ir_rise	59	1.7588530996181813	1.7588530996181813	NIRSpec	false	full_n2401	1	2401	2401	6000	2.4989587671803415	4.9582515221832172e-06	0.058042152287399985	jwst_mcfost/runs/strict_continuum_cavity_mass_q_v1/anchors/w003/strict_continuum_anchor.lambda	ca23ebfe8f0349583e11ddd47bbd4cca509749dd6ae81b3fe7eb58a679cdd3b2	41001	128000	jwst_mcfost/runs/strict_continuum_cavity_mass_q_v1/models/m2p25_c17p5_a0p40_q3p00_i0p05/disk_envelope_m2p25_c17p5_a0p40_q3p00_i0p05_rt.para	5adde4ff8d37c0496a8e146ab5939ea428e70db918245b7ec112375930491bc0	6	jwst_mcfost/runs/strict_continuum_cavity_mass_q_v1/models/m2p25_c17p5_a0p40_q3p00_i0p05/temperature	jwst_mcfost/runs/strict_continuum_cavity_mass_q_v1/rt_tasks/t056_m2p25_c17p5_a0p40_q3p00_i0p05_w003
57	6	m2p25_c17p5_a0p40_q3p00_i0p05	2.25	0.000225	c17p5	17.5	317.159480236321	100	1.0	3	0.40	3.00	0.05	70.0	7.3011756855e-08	3	4	w004	near_ir_rise	81	2.1916659199557045	2.1916659199557045	NIRSpec	false	full_n2401	1	2401	2401	6000	2.4989587671803415	4.9582515221832172e-06	0.072324975358538254	jwst_mcfost/runs/strict_continuum_cavity_mass_q_v1/anchors/w004/strict_continuum_anchor.lambda	9605b60fa355a7a0a695ed93588c2e13ae03a474ff5df9fa6d55609f7e399107	41001	128000	jwst_mcfost/runs/strict_continuum_cavity_mass_q_v1/models/m2p25_c17p5_a0p40_q3p00_i0p05/disk_envelope_m2p25_c17p5_a0p40_q3p00_i0p05_rt.para	5adde4ff8d37c0496a8e146ab5939ea428e70db918245b7ec112375930491bc0	6	jwst_mcfost/runs/strict_continuum_cavity_mass_q_v1/models/m2p25_c17p5_a0p40_q3p00_i0p05/temperature	jwst_mcfost/runs/strict_continuum_cavity_mass_q_v1/rt_tasks/t057_m2p25_c17p5_a0p40_q3p00_i0p05_w004
58	6	m2p25_c17p5_a0p40_q3p00_i0p05	2.25	0.000225	c17p5	17.5	317.159480236321	100	1.0	3	0.40	3.00	0.05	70.0	7.3011756855e-08	4	5	w005	near_ir_rise	96	2.546352514425122	2.546352514425122	NIRSpec	true	full_n2401	1	2401	2401	6000	2.4989587671803415	4.9582515221832172e-06	0.084029632976029028	jwst_mcfost/runs/strict_continuum_cavity_mass_q_v1/anchors/w005/strict_continuum_anchor.lambda	9f7b6faedc4a44f32c6ae5b8b39d492d3c9ec0dc73b4dd191c2f6d60af0cd529	41001	128000	jwst_mcfost/runs/strict_continuum_cavity_mass_q_v1/models/m2p25_c17p5_a0p40_q3p00_i0p05/disk_envelope_m2p25_c17p5_a0p40_q3p00_i0p05_rt.para	5adde4ff8d37c0496a8e146ab5939ea428e70db918245b7ec112375930491bc0	6	jwst_mcfost/runs/strict_continuum_cavity_mass_q_v1/models/m2p25_c17p5_a0p40_q3p00_i0p05/temperature	jwst_mcfost/runs/strict_continuum_cavity_mass_q_v1/rt_tasks/t058_m2p25_c17p5_a0p40_q3p00_i0p05_w005
59	6	m2p25_c17p5_a0p40_q3p00_i0p05	2.25	0.000225	c17p5	17.5	317.159480236321	100	1.0	3	0.40	3.00	0.05	70.0	7.3011756855e-08	5	6	w006	window_3p9	139	3.9143995604061015	3.9143995604061015	NIRSpec	true	support_zoom_n2401	1.9975051980918284	2401	2401	3003.7468767198525	1.2510399319949406	2.4822220872915486e-06	0.12917518549340135	jwst_mcfost/runs/strict_continuum_cavity_mass_q_v1/anchors/w006/strict_continuum_anchor.lambda	a1d444714c9de2dd1e9aa1d5669069a1be6dae0324e94c47a0b9c4ab6e1f11d0	41001	128000	jwst_mcfost/runs/strict_continuum_cavity_mass_q_v1/models/m2p25_c17p5_a0p40_q3p00_i0p05/disk_envelope_m2p25_c17p5_a0p40_q3p00_i0p05_rt.para	5adde4ff8d37c0496a8e146ab5939ea428e70db918245b7ec112375930491bc0	6	jwst_mcfost/runs/strict_continuum_cavity_mass_q_v1/models/m2p25_c17p5_a0p40_q3p00_i0p05/temperature	jwst_mcfost/runs/strict_continuum_cavity_mass_q_v1/rt_tasks/t059_m2p25_c17p5_a0p40_q3p00_i0p05_w006
60	6	m2p25_c17p5_a0p40_q3p00_i0p05	2.25	0.000225	c17p5	17.5	317.159480236321	100	1.0	3	0.40	3.00	0.05	70.0	7.3011756855e-08	6	7	w007	window_5p4	171	5.3906283153397085	5.3906283153397085	MIRI	false	support_zoom_n2401	1.9975051980918284	2401	2401	3003.7468767198525	1.2510399319949406	2.4822220872915486e-06	0.28389073440621038	jwst_mcfost/runs/strict_continuum_cavity_mass_q_v1/anchors/w007/strict_continuum_anchor.lambda	2c99cc57bcad833e9a4a9cfca63390c89d9538a1049959460c43c1c449c61679	41001	128000	jwst_mcfost/runs/strict_continuum_cavity_mass_q_v1/models/m2p25_c17p5_a0p40_q3p00_i0p05/disk_envelope_m2p25_c17p5_a0p40_q3p00_i0p05_rt.para	5adde4ff8d37c0496a8e146ab5939ea428e70db918245b7ec112375930491bc0	6	jwst_mcfost/runs/strict_continuum_cavity_mass_q_v1/models/m2p25_c17p5_a0p40_q3p00_i0p05/temperature	jwst_mcfost/runs/strict_continuum_cavity_mass_q_v1/rt_tasks/t060_m2p25_c17p5_a0p40_q3p00_i0p05_w007
61	6	m2p25_c17p5_a0p40_q3p00_i0p05	2.25	0.000225	c17p5	17.5	317.159480236321	100	1.0	3	0.40	3.00	0.05	70.0	7.3011756855e-08	7	8	w008	window_13p8	265	13.799908320389276	13.799908320389276	MIRI	false	zoom_n1201	3.9933471945199667	1201	1201	1502.4989583259237	1.2510399319949406	2.4822220872915486e-06	0.5613969745728461	jwst_mcfost/runs/strict_continuum_cavity_mass_q_v1/anchors/w008/strict_continuum_anchor.lambda	6095ab5c3fa56c0623b01f21835d7c8f1fba5d60d5f1f03735e495109c6381d3	41001	128000	jwst_mcfost/runs/strict_continuum_cavity_mass_q_v1/models/m2p25_c17p5_a0p40_q3p00_i0p05/disk_envelope_m2p25_c17p5_a0p40_q3p00_i0p05_rt.para	5adde4ff8d37c0496a8e146ab5939ea428e70db918245b7ec112375930491bc0	6	jwst_mcfost/runs/strict_continuum_cavity_mass_q_v1/models/m2p25_c17p5_a0p40_q3p00_i0p05/temperature	jwst_mcfost/runs/strict_continuum_cavity_mass_q_v1/rt_tasks/t061_m2p25_c17p5_a0p40_q3p00_i0p05_w008
62	6	m2p25_c17p5_a0p40_q3p00_i0p05	2.25	0.000225	c17p5	17.5	317.159480236321	100	1.0	3	0.40	3.00	0.05	70.0	7.3011756855e-08	8	9	w009	window_27p5	334	27.513091575690556	27.513091575690556	MIRI	false	zoom_n1201	3.9933471945199667	1201	1201	1502.4989583259237	1.2510399319949406	2.4822220872915486e-06	1.0139320219977885	jwst_mcfost/runs/strict_continuum_cavity_mass_q_v1/anchors/w009/strict_continuum_anchor.lambda	41fd9d2d54ef93ed35fec02dd7d1d9a393b88e9fcc443fc088d958a549ab4723	41001	128000	jwst_mcfost/runs/strict_continuum_cavity_mass_q_v1/models/m2p25_c17p5_a0p40_q3p00_i0p05/disk_envelope_m2p25_c17p5_a0p40_q3p00_i0p05_rt.para	5adde4ff8d37c0496a8e146ab5939ea428e70db918245b7ec112375930491bc0	6	jwst_mcfost/runs/strict_continuum_cavity_mass_q_v1/models/m2p25_c17p5_a0p40_q3p00_i0p05/temperature	jwst_mcfost/runs/strict_continuum_cavity_mass_q_v1/rt_tasks/t062_m2p25_c17p5_a0p40_q3p00_i0p05_w009
63	7	m2p25_c20p0_a0p40_q3p00_i0p05	2.25	0.000225	c20p0	20.0	274.7	100	1.0	4	0.40	3.00	0.05	70.0	7.3011756855e-08	0	1	w001	near_ir_short	21	1.2028117593024095	1.2028117593024095	NIRSpec	false	full_n2401	1	2401	2401	6000	2.4989587671803415	4.9582515221832172e-06	0.039692788056979511	jwst_mcfost/runs/strict_continuum_cavity_mass_q_v1/anchors/w001/strict_continuum_anchor.lambda	3a4c05f3e67c2a1c93b19eb17fbfc715bf9582d86bbc727fc0416e86fc3bcfdb	41001	128000	jwst_mcfost/runs/strict_continuum_cavity_mass_q_v1/models/m2p25_c20p0_a0p40_q3p00_i0p05/disk_envelope_m2p25_c20p0_a0p40_q3p00_i0p05_rt.para	5adde4ff8d37c0496a8e146ab5939ea428e70db918245b7ec112375930491bc0	7	jwst_mcfost/runs/strict_continuum_cavity_mass_q_v1/models/m2p25_c20p0_a0p40_q3p00_i0p05/temperature	jwst_mcfost/runs/strict_continuum_cavity_mass_q_v1/rt_tasks/t063_m2p25_c20p0_a0p40_q3p00_i0p05_w001
64	7	m2p25_c20p0_a0p40_q3p00_i0p05	2.25	0.000225	c20p0	20.0	274.7	100	1.0	4	0.40	3.00	0.05	70.0	7.3011756855e-08	1	2	w002	near_ir_short	43	1.4987957445436022	1.4987957445436022	NIRSpec	false	full_n2401	1	2401	2401	6000	2.4989587671803415	4.9582515221832172e-06	0.049460259569938873	jwst_mcfost/runs/strict_continuum_cavity_mass_q_v1/anchors/w002/strict_continuum_anchor.lambda	7c9f0b769ebc9634e2a3203ac84f4fbc00b323b2ba59b01aed9c107319f2ee5f	41001	128000	jwst_mcfost/runs/strict_continuum_cavity_mass_q_v1/models/m2p25_c20p0_a0p40_q3p00_i0p05/disk_envelope_m2p25_c20p0_a0p40_q3p00_i0p05_rt.para	5adde4ff8d37c0496a8e146ab5939ea428e70db918245b7ec112375930491bc0	7	jwst_mcfost/runs/strict_continuum_cavity_mass_q_v1/models/m2p25_c20p0_a0p40_q3p00_i0p05/temperature	jwst_mcfost/runs/strict_continuum_cavity_mass_q_v1/rt_tasks/t064_m2p25_c20p0_a0p40_q3p00_i0p05_w002
65	7	m2p25_c20p0_a0p40_q3p00_i0p05	2.25	0.000225	c20p0	20.0	274.7	100	1.0	4	0.40	3.00	0.05	70.0	7.3011756855e-08	2	3	w003	near_ir_rise	59	1.7588530996181813	1.7588530996181813	NIRSpec	false	full_n2401	1	2401	2401	6000	2.4989587671803415	4.9582515221832172e-06	0.058042152287399985	jwst_mcfost/runs/strict_continuum_cavity_mass_q_v1/anchors/w003/strict_continuum_anchor.lambda	ca23ebfe8f0349583e11ddd47bbd4cca509749dd6ae81b3fe7eb58a679cdd3b2	41001	128000	jwst_mcfost/runs/strict_continuum_cavity_mass_q_v1/models/m2p25_c20p0_a0p40_q3p00_i0p05/disk_envelope_m2p25_c20p0_a0p40_q3p00_i0p05_rt.para	5adde4ff8d37c0496a8e146ab5939ea428e70db918245b7ec112375930491bc0	7	jwst_mcfost/runs/strict_continuum_cavity_mass_q_v1/models/m2p25_c20p0_a0p40_q3p00_i0p05/temperature	jwst_mcfost/runs/strict_continuum_cavity_mass_q_v1/rt_tasks/t065_m2p25_c20p0_a0p40_q3p00_i0p05_w003
66	7	m2p25_c20p0_a0p40_q3p00_i0p05	2.25	0.000225	c20p0	20.0	274.7	100	1.0	4	0.40	3.00	0.05	70.0	7.3011756855e-08	3	4	w004	near_ir_rise	81	2.1916659199557045	2.1916659199557045	NIRSpec	false	full_n2401	1	2401	2401	6000	2.4989587671803415	4.9582515221832172e-06	0.072324975358538254	jwst_mcfost/runs/strict_continuum_cavity_mass_q_v1/anchors/w004/strict_continuum_anchor.lambda	9605b60fa355a7a0a695ed93588c2e13ae03a474ff5df9fa6d55609f7e399107	41001	128000	jwst_mcfost/runs/strict_continuum_cavity_mass_q_v1/models/m2p25_c20p0_a0p40_q3p00_i0p05/disk_envelope_m2p25_c20p0_a0p40_q3p00_i0p05_rt.para	5adde4ff8d37c0496a8e146ab5939ea428e70db918245b7ec112375930491bc0	7	jwst_mcfost/runs/strict_continuum_cavity_mass_q_v1/models/m2p25_c20p0_a0p40_q3p00_i0p05/temperature	jwst_mcfost/runs/strict_continuum_cavity_mass_q_v1/rt_tasks/t066_m2p25_c20p0_a0p40_q3p00_i0p05_w004
67	7	m2p25_c20p0_a0p40_q3p00_i0p05	2.25	0.000225	c20p0	20.0	274.7	100	1.0	4	0.40	3.00	0.05	70.0	7.3011756855e-08	4	5	w005	near_ir_rise	96	2.546352514425122	2.546352514425122	NIRSpec	true	full_n2401	1	2401	2401	6000	2.4989587671803415	4.9582515221832172e-06	0.084029632976029028	jwst_mcfost/runs/strict_continuum_cavity_mass_q_v1/anchors/w005/strict_continuum_anchor.lambda	9f7b6faedc4a44f32c6ae5b8b39d492d3c9ec0dc73b4dd191c2f6d60af0cd529	41001	128000	jwst_mcfost/runs/strict_continuum_cavity_mass_q_v1/models/m2p25_c20p0_a0p40_q3p00_i0p05/disk_envelope_m2p25_c20p0_a0p40_q3p00_i0p05_rt.para	5adde4ff8d37c0496a8e146ab5939ea428e70db918245b7ec112375930491bc0	7	jwst_mcfost/runs/strict_continuum_cavity_mass_q_v1/models/m2p25_c20p0_a0p40_q3p00_i0p05/temperature	jwst_mcfost/runs/strict_continuum_cavity_mass_q_v1/rt_tasks/t067_m2p25_c20p0_a0p40_q3p00_i0p05_w005
68	7	m2p25_c20p0_a0p40_q3p00_i0p05	2.25	0.000225	c20p0	20.0	274.7	100	1.0	4	0.40	3.00	0.05	70.0	7.3011756855e-08	5	6	w006	window_3p9	139	3.9143995604061015	3.9143995604061015	NIRSpec	true	support_zoom_n2401	1.9975051980918284	2401	2401	3003.7468767198525	1.2510399319949406	2.4822220872915486e-06	0.12917518549340135	jwst_mcfost/runs/strict_continuum_cavity_mass_q_v1/anchors/w006/strict_continuum_anchor.lambda	a1d444714c9de2dd1e9aa1d5669069a1be6dae0324e94c47a0b9c4ab6e1f11d0	41001	128000	jwst_mcfost/runs/strict_continuum_cavity_mass_q_v1/models/m2p25_c20p0_a0p40_q3p00_i0p05/disk_envelope_m2p25_c20p0_a0p40_q3p00_i0p05_rt.para	5adde4ff8d37c0496a8e146ab5939ea428e70db918245b7ec112375930491bc0	7	jwst_mcfost/runs/strict_continuum_cavity_mass_q_v1/models/m2p25_c20p0_a0p40_q3p00_i0p05/temperature	jwst_mcfost/runs/strict_continuum_cavity_mass_q_v1/rt_tasks/t068_m2p25_c20p0_a0p40_q3p00_i0p05_w006
69	7	m2p25_c20p0_a0p40_q3p00_i0p05	2.25	0.000225	c20p0	20.0	274.7	100	1.0	4	0.40	3.00	0.05	70.0	7.3011756855e-08	6	7	w007	window_5p4	171	5.3906283153397085	5.3906283153397085	MIRI	false	support_zoom_n2401	1.9975051980918284	2401	2401	3003.7468767198525	1.2510399319949406	2.4822220872915486e-06	0.28389073440621038	jwst_mcfost/runs/strict_continuum_cavity_mass_q_v1/anchors/w007/strict_continuum_anchor.lambda	2c99cc57bcad833e9a4a9cfca63390c89d9538a1049959460c43c1c449c61679	41001	128000	jwst_mcfost/runs/strict_continuum_cavity_mass_q_v1/models/m2p25_c20p0_a0p40_q3p00_i0p05/disk_envelope_m2p25_c20p0_a0p40_q3p00_i0p05_rt.para	5adde4ff8d37c0496a8e146ab5939ea428e70db918245b7ec112375930491bc0	7	jwst_mcfost/runs/strict_continuum_cavity_mass_q_v1/models/m2p25_c20p0_a0p40_q3p00_i0p05/temperature	jwst_mcfost/runs/strict_continuum_cavity_mass_q_v1/rt_tasks/t069_m2p25_c20p0_a0p40_q3p00_i0p05_w007
70	7	m2p25_c20p0_a0p40_q3p00_i0p05	2.25	0.000225	c20p0	20.0	274.7	100	1.0	4	0.40	3.00	0.05	70.0	7.3011756855e-08	7	8	w008	window_13p8	265	13.799908320389276	13.799908320389276	MIRI	false	zoom_n1201	3.9933471945199667	1201	1201	1502.4989583259237	1.2510399319949406	2.4822220872915486e-06	0.5613969745728461	jwst_mcfost/runs/strict_continuum_cavity_mass_q_v1/anchors/w008/strict_continuum_anchor.lambda	6095ab5c3fa56c0623b01f21835d7c8f1fba5d60d5f1f03735e495109c6381d3	41001	128000	jwst_mcfost/runs/strict_continuum_cavity_mass_q_v1/models/m2p25_c20p0_a0p40_q3p00_i0p05/disk_envelope_m2p25_c20p0_a0p40_q3p00_i0p05_rt.para	5adde4ff8d37c0496a8e146ab5939ea428e70db918245b7ec112375930491bc0	7	jwst_mcfost/runs/strict_continuum_cavity_mass_q_v1/models/m2p25_c20p0_a0p40_q3p00_i0p05/temperature	jwst_mcfost/runs/strict_continuum_cavity_mass_q_v1/rt_tasks/t070_m2p25_c20p0_a0p40_q3p00_i0p05_w008
71	7	m2p25_c20p0_a0p40_q3p00_i0p05	2.25	0.000225	c20p0	20.0	274.7	100	1.0	4	0.40	3.00	0.05	70.0	7.3011756855e-08	8	9	w009	window_27p5	334	27.513091575690556	27.513091575690556	MIRI	false	zoom_n1201	3.9933471945199667	1201	1201	1502.4989583259237	1.2510399319949406	2.4822220872915486e-06	1.0139320219977885	jwst_mcfost/runs/strict_continuum_cavity_mass_q_v1/anchors/w009/strict_continuum_anchor.lambda	41fd9d2d54ef93ed35fec02dd7d1d9a393b88e9fcc443fc088d958a549ab4723	41001	128000	jwst_mcfost/runs/strict_continuum_cavity_mass_q_v1/models/m2p25_c20p0_a0p40_q3p00_i0p05/disk_envelope_m2p25_c20p0_a0p40_q3p00_i0p05_rt.para	5adde4ff8d37c0496a8e146ab5939ea428e70db918245b7ec112375930491bc0	7	jwst_mcfost/runs/strict_continuum_cavity_mass_q_v1/models/m2p25_c20p0_a0p40_q3p00_i0p05/temperature	jwst_mcfost/runs/strict_continuum_cavity_mass_q_v1/rt_tasks/t071_m2p25_c20p0_a0p40_q3p00_i0p05_w009
72	8	m2p25_c22p0_a0p40_q3p00_i0p05	2.25	0.000225	c22p0	22.0	247.508685341630	100	1.0	5	0.40	3.00	0.05	70.0	7.3011756855e-08	0	1	w001	near_ir_short	21	1.2028117593024095	1.2028117593024095	NIRSpec	false	full_n2401	1	2401	2401	6000	2.4989587671803415	4.9582515221832172e-06	0.039692788056979511	jwst_mcfost/runs/strict_continuum_cavity_mass_q_v1/anchors/w001/strict_continuum_anchor.lambda	3a4c05f3e67c2a1c93b19eb17fbfc715bf9582d86bbc727fc0416e86fc3bcfdb	41001	128000	jwst_mcfost/runs/strict_continuum_cavity_mass_q_v1/models/m2p25_c22p0_a0p40_q3p00_i0p05/disk_envelope_m2p25_c22p0_a0p40_q3p00_i0p05_rt.para	5adde4ff8d37c0496a8e146ab5939ea428e70db918245b7ec112375930491bc0	8	jwst_mcfost/runs/strict_continuum_cavity_mass_q_v1/models/m2p25_c22p0_a0p40_q3p00_i0p05/temperature	jwst_mcfost/runs/strict_continuum_cavity_mass_q_v1/rt_tasks/t072_m2p25_c22p0_a0p40_q3p00_i0p05_w001
73	8	m2p25_c22p0_a0p40_q3p00_i0p05	2.25	0.000225	c22p0	22.0	247.508685341630	100	1.0	5	0.40	3.00	0.05	70.0	7.3011756855e-08	1	2	w002	near_ir_short	43	1.4987957445436022	1.4987957445436022	NIRSpec	false	full_n2401	1	2401	2401	6000	2.4989587671803415	4.9582515221832172e-06	0.049460259569938873	jwst_mcfost/runs/strict_continuum_cavity_mass_q_v1/anchors/w002/strict_continuum_anchor.lambda	7c9f0b769ebc9634e2a3203ac84f4fbc00b323b2ba59b01aed9c107319f2ee5f	41001	128000	jwst_mcfost/runs/strict_continuum_cavity_mass_q_v1/models/m2p25_c22p0_a0p40_q3p00_i0p05/disk_envelope_m2p25_c22p0_a0p40_q3p00_i0p05_rt.para	5adde4ff8d37c0496a8e146ab5939ea428e70db918245b7ec112375930491bc0	8	jwst_mcfost/runs/strict_continuum_cavity_mass_q_v1/models/m2p25_c22p0_a0p40_q3p00_i0p05/temperature	jwst_mcfost/runs/strict_continuum_cavity_mass_q_v1/rt_tasks/t073_m2p25_c22p0_a0p40_q3p00_i0p05_w002
74	8	m2p25_c22p0_a0p40_q3p00_i0p05	2.25	0.000225	c22p0	22.0	247.508685341630	100	1.0	5	0.40	3.00	0.05	70.0	7.3011756855e-08	2	3	w003	near_ir_rise	59	1.7588530996181813	1.7588530996181813	NIRSpec	false	full_n2401	1	2401	2401	6000	2.4989587671803415	4.9582515221832172e-06	0.058042152287399985	jwst_mcfost/runs/strict_continuum_cavity_mass_q_v1/anchors/w003/strict_continuum_anchor.lambda	ca23ebfe8f0349583e11ddd47bbd4cca509749dd6ae81b3fe7eb58a679cdd3b2	41001	128000	jwst_mcfost/runs/strict_continuum_cavity_mass_q_v1/models/m2p25_c22p0_a0p40_q3p00_i0p05/disk_envelope_m2p25_c22p0_a0p40_q3p00_i0p05_rt.para	5adde4ff8d37c0496a8e146ab5939ea428e70db918245b7ec112375930491bc0	8	jwst_mcfost/runs/strict_continuum_cavity_mass_q_v1/models/m2p25_c22p0_a0p40_q3p00_i0p05/temperature	jwst_mcfost/runs/strict_continuum_cavity_mass_q_v1/rt_tasks/t074_m2p25_c22p0_a0p40_q3p00_i0p05_w003
75	8	m2p25_c22p0_a0p40_q3p00_i0p05	2.25	0.000225	c22p0	22.0	247.508685341630	100	1.0	5	0.40	3.00	0.05	70.0	7.3011756855e-08	3	4	w004	near_ir_rise	81	2.1916659199557045	2.1916659199557045	NIRSpec	false	full_n2401	1	2401	2401	6000	2.4989587671803415	4.9582515221832172e-06	0.072324975358538254	jwst_mcfost/runs/strict_continuum_cavity_mass_q_v1/anchors/w004/strict_continuum_anchor.lambda	9605b60fa355a7a0a695ed93588c2e13ae03a474ff5df9fa6d55609f7e399107	41001	128000	jwst_mcfost/runs/strict_continuum_cavity_mass_q_v1/models/m2p25_c22p0_a0p40_q3p00_i0p05/disk_envelope_m2p25_c22p0_a0p40_q3p00_i0p05_rt.para	5adde4ff8d37c0496a8e146ab5939ea428e70db918245b7ec112375930491bc0	8	jwst_mcfost/runs/strict_continuum_cavity_mass_q_v1/models/m2p25_c22p0_a0p40_q3p00_i0p05/temperature	jwst_mcfost/runs/strict_continuum_cavity_mass_q_v1/rt_tasks/t075_m2p25_c22p0_a0p40_q3p00_i0p05_w004
76	8	m2p25_c22p0_a0p40_q3p00_i0p05	2.25	0.000225	c22p0	22.0	247.508685341630	100	1.0	5	0.40	3.00	0.05	70.0	7.3011756855e-08	4	5	w005	near_ir_rise	96	2.546352514425122	2.546352514425122	NIRSpec	true	full_n2401	1	2401	2401	6000	2.4989587671803415	4.9582515221832172e-06	0.084029632976029028	jwst_mcfost/runs/strict_continuum_cavity_mass_q_v1/anchors/w005/strict_continuum_anchor.lambda	9f7b6faedc4a44f32c6ae5b8b39d492d3c9ec0dc73b4dd191c2f6d60af0cd529	41001	128000	jwst_mcfost/runs/strict_continuum_cavity_mass_q_v1/models/m2p25_c22p0_a0p40_q3p00_i0p05/disk_envelope_m2p25_c22p0_a0p40_q3p00_i0p05_rt.para	5adde4ff8d37c0496a8e146ab5939ea428e70db918245b7ec112375930491bc0	8	jwst_mcfost/runs/strict_continuum_cavity_mass_q_v1/models/m2p25_c22p0_a0p40_q3p00_i0p05/temperature	jwst_mcfost/runs/strict_continuum_cavity_mass_q_v1/rt_tasks/t076_m2p25_c22p0_a0p40_q3p00_i0p05_w005
77	8	m2p25_c22p0_a0p40_q3p00_i0p05	2.25	0.000225	c22p0	22.0	247.508685341630	100	1.0	5	0.40	3.00	0.05	70.0	7.3011756855e-08	5	6	w006	window_3p9	139	3.9143995604061015	3.9143995604061015	NIRSpec	true	support_zoom_n2401	1.9975051980918284	2401	2401	3003.7468767198525	1.2510399319949406	2.4822220872915486e-06	0.12917518549340135	jwst_mcfost/runs/strict_continuum_cavity_mass_q_v1/anchors/w006/strict_continuum_anchor.lambda	a1d444714c9de2dd1e9aa1d5669069a1be6dae0324e94c47a0b9c4ab6e1f11d0	41001	128000	jwst_mcfost/runs/strict_continuum_cavity_mass_q_v1/models/m2p25_c22p0_a0p40_q3p00_i0p05/disk_envelope_m2p25_c22p0_a0p40_q3p00_i0p05_rt.para	5adde4ff8d37c0496a8e146ab5939ea428e70db918245b7ec112375930491bc0	8	jwst_mcfost/runs/strict_continuum_cavity_mass_q_v1/models/m2p25_c22p0_a0p40_q3p00_i0p05/temperature	jwst_mcfost/runs/strict_continuum_cavity_mass_q_v1/rt_tasks/t077_m2p25_c22p0_a0p40_q3p00_i0p05_w006
78	8	m2p25_c22p0_a0p40_q3p00_i0p05	2.25	0.000225	c22p0	22.0	247.508685341630	100	1.0	5	0.40	3.00	0.05	70.0	7.3011756855e-08	6	7	w007	window_5p4	171	5.3906283153397085	5.3906283153397085	MIRI	false	support_zoom_n2401	1.9975051980918284	2401	2401	3003.7468767198525	1.2510399319949406	2.4822220872915486e-06	0.28389073440621038	jwst_mcfost/runs/strict_continuum_cavity_mass_q_v1/anchors/w007/strict_continuum_anchor.lambda	2c99cc57bcad833e9a4a9cfca63390c89d9538a1049959460c43c1c449c61679	41001	128000	jwst_mcfost/runs/strict_continuum_cavity_mass_q_v1/models/m2p25_c22p0_a0p40_q3p00_i0p05/disk_envelope_m2p25_c22p0_a0p40_q3p00_i0p05_rt.para	5adde4ff8d37c0496a8e146ab5939ea428e70db918245b7ec112375930491bc0	8	jwst_mcfost/runs/strict_continuum_cavity_mass_q_v1/models/m2p25_c22p0_a0p40_q3p00_i0p05/temperature	jwst_mcfost/runs/strict_continuum_cavity_mass_q_v1/rt_tasks/t078_m2p25_c22p0_a0p40_q3p00_i0p05_w007
79	8	m2p25_c22p0_a0p40_q3p00_i0p05	2.25	0.000225	c22p0	22.0	247.508685341630	100	1.0	5	0.40	3.00	0.05	70.0	7.3011756855e-08	7	8	w008	window_13p8	265	13.799908320389276	13.799908320389276	MIRI	false	zoom_n1201	3.9933471945199667	1201	1201	1502.4989583259237	1.2510399319949406	2.4822220872915486e-06	0.5613969745728461	jwst_mcfost/runs/strict_continuum_cavity_mass_q_v1/anchors/w008/strict_continuum_anchor.lambda	6095ab5c3fa56c0623b01f21835d7c8f1fba5d60d5f1f03735e495109c6381d3	41001	128000	jwst_mcfost/runs/strict_continuum_cavity_mass_q_v1/models/m2p25_c22p0_a0p40_q3p00_i0p05/disk_envelope_m2p25_c22p0_a0p40_q3p00_i0p05_rt.para	5adde4ff8d37c0496a8e146ab5939ea428e70db918245b7ec112375930491bc0	8	jwst_mcfost/runs/strict_continuum_cavity_mass_q_v1/models/m2p25_c22p0_a0p40_q3p00_i0p05/temperature	jwst_mcfost/runs/strict_continuum_cavity_mass_q_v1/rt_tasks/t079_m2p25_c22p0_a0p40_q3p00_i0p05_w008
80	8	m2p25_c22p0_a0p40_q3p00_i0p05	2.25	0.000225	c22p0	22.0	247.508685341630	100	1.0	5	0.40	3.00	0.05	70.0	7.3011756855e-08	8	9	w009	window_27p5	334	27.513091575690556	27.513091575690556	MIRI	false	zoom_n1201	3.9933471945199667	1201	1201	1502.4989583259237	1.2510399319949406	2.4822220872915486e-06	1.0139320219977885	jwst_mcfost/runs/strict_continuum_cavity_mass_q_v1/anchors/w009/strict_continuum_anchor.lambda	41fd9d2d54ef93ed35fec02dd7d1d9a393b88e9fcc443fc088d958a549ab4723	41001	128000	jwst_mcfost/runs/strict_continuum_cavity_mass_q_v1/models/m2p25_c22p0_a0p40_q3p00_i0p05/disk_envelope_m2p25_c22p0_a0p40_q3p00_i0p05_rt.para	5adde4ff8d37c0496a8e146ab5939ea428e70db918245b7ec112375930491bc0	8	jwst_mcfost/runs/strict_continuum_cavity_mass_q_v1/models/m2p25_c22p0_a0p40_q3p00_i0p05/temperature	jwst_mcfost/runs/strict_continuum_cavity_mass_q_v1/rt_tasks/t080_m2p25_c22p0_a0p40_q3p00_i0p05_w009
81	9	m2p25_c24p0_a0p40_q3p00_i0p05	2.25	0.000225	c24p0	24.0	224.603677390422	100	1.0	6	0.40	3.00	0.05	70.0	7.3011756855e-08	0	1	w001	near_ir_short	21	1.2028117593024095	1.2028117593024095	NIRSpec	false	full_n2401	1	2401	2401	6000	2.4989587671803415	4.9582515221832172e-06	0.039692788056979511	jwst_mcfost/runs/strict_continuum_cavity_mass_q_v1/anchors/w001/strict_continuum_anchor.lambda	3a4c05f3e67c2a1c93b19eb17fbfc715bf9582d86bbc727fc0416e86fc3bcfdb	41001	128000	jwst_mcfost/runs/strict_continuum_cavity_mass_q_v1/models/m2p25_c24p0_a0p40_q3p00_i0p05/disk_envelope_m2p25_c24p0_a0p40_q3p00_i0p05_rt.para	5adde4ff8d37c0496a8e146ab5939ea428e70db918245b7ec112375930491bc0	9	jwst_mcfost/runs/strict_continuum_cavity_mass_q_v1/models/m2p25_c24p0_a0p40_q3p00_i0p05/temperature	jwst_mcfost/runs/strict_continuum_cavity_mass_q_v1/rt_tasks/t081_m2p25_c24p0_a0p40_q3p00_i0p05_w001
82	9	m2p25_c24p0_a0p40_q3p00_i0p05	2.25	0.000225	c24p0	24.0	224.603677390422	100	1.0	6	0.40	3.00	0.05	70.0	7.3011756855e-08	1	2	w002	near_ir_short	43	1.4987957445436022	1.4987957445436022	NIRSpec	false	full_n2401	1	2401	2401	6000	2.4989587671803415	4.9582515221832172e-06	0.049460259569938873	jwst_mcfost/runs/strict_continuum_cavity_mass_q_v1/anchors/w002/strict_continuum_anchor.lambda	7c9f0b769ebc9634e2a3203ac84f4fbc00b323b2ba59b01aed9c107319f2ee5f	41001	128000	jwst_mcfost/runs/strict_continuum_cavity_mass_q_v1/models/m2p25_c24p0_a0p40_q3p00_i0p05/disk_envelope_m2p25_c24p0_a0p40_q3p00_i0p05_rt.para	5adde4ff8d37c0496a8e146ab5939ea428e70db918245b7ec112375930491bc0	9	jwst_mcfost/runs/strict_continuum_cavity_mass_q_v1/models/m2p25_c24p0_a0p40_q3p00_i0p05/temperature	jwst_mcfost/runs/strict_continuum_cavity_mass_q_v1/rt_tasks/t082_m2p25_c24p0_a0p40_q3p00_i0p05_w002
83	9	m2p25_c24p0_a0p40_q3p00_i0p05	2.25	0.000225	c24p0	24.0	224.603677390422	100	1.0	6	0.40	3.00	0.05	70.0	7.3011756855e-08	2	3	w003	near_ir_rise	59	1.7588530996181813	1.7588530996181813	NIRSpec	false	full_n2401	1	2401	2401	6000	2.4989587671803415	4.9582515221832172e-06	0.058042152287399985	jwst_mcfost/runs/strict_continuum_cavity_mass_q_v1/anchors/w003/strict_continuum_anchor.lambda	ca23ebfe8f0349583e11ddd47bbd4cca509749dd6ae81b3fe7eb58a679cdd3b2	41001	128000	jwst_mcfost/runs/strict_continuum_cavity_mass_q_v1/models/m2p25_c24p0_a0p40_q3p00_i0p05/disk_envelope_m2p25_c24p0_a0p40_q3p00_i0p05_rt.para	5adde4ff8d37c0496a8e146ab5939ea428e70db918245b7ec112375930491bc0	9	jwst_mcfost/runs/strict_continuum_cavity_mass_q_v1/models/m2p25_c24p0_a0p40_q3p00_i0p05/temperature	jwst_mcfost/runs/strict_continuum_cavity_mass_q_v1/rt_tasks/t083_m2p25_c24p0_a0p40_q3p00_i0p05_w003
84	9	m2p25_c24p0_a0p40_q3p00_i0p05	2.25	0.000225	c24p0	24.0	224.603677390422	100	1.0	6	0.40	3.00	0.05	70.0	7.3011756855e-08	3	4	w004	near_ir_rise	81	2.1916659199557045	2.1916659199557045	NIRSpec	false	full_n2401	1	2401	2401	6000	2.4989587671803415	4.9582515221832172e-06	0.072324975358538254	jwst_mcfost/runs/strict_continuum_cavity_mass_q_v1/anchors/w004/strict_continuum_anchor.lambda	9605b60fa355a7a0a695ed93588c2e13ae03a474ff5df9fa6d55609f7e399107	41001	128000	jwst_mcfost/runs/strict_continuum_cavity_mass_q_v1/models/m2p25_c24p0_a0p40_q3p00_i0p05/disk_envelope_m2p25_c24p0_a0p40_q3p00_i0p05_rt.para	5adde4ff8d37c0496a8e146ab5939ea428e70db918245b7ec112375930491bc0	9	jwst_mcfost/runs/strict_continuum_cavity_mass_q_v1/models/m2p25_c24p0_a0p40_q3p00_i0p05/temperature	jwst_mcfost/runs/strict_continuum_cavity_mass_q_v1/rt_tasks/t084_m2p25_c24p0_a0p40_q3p00_i0p05_w004
85	9	m2p25_c24p0_a0p40_q3p00_i0p05	2.25	0.000225	c24p0	24.0	224.603677390422	100	1.0	6	0.40	3.00	0.05	70.0	7.3011756855e-08	4	5	w005	near_ir_rise	96	2.546352514425122	2.546352514425122	NIRSpec	true	full_n2401	1	2401	2401	6000	2.4989587671803415	4.9582515221832172e-06	0.084029632976029028	jwst_mcfost/runs/strict_continuum_cavity_mass_q_v1/anchors/w005/strict_continuum_anchor.lambda	9f7b6faedc4a44f32c6ae5b8b39d492d3c9ec0dc73b4dd191c2f6d60af0cd529	41001	128000	jwst_mcfost/runs/strict_continuum_cavity_mass_q_v1/models/m2p25_c24p0_a0p40_q3p00_i0p05/disk_envelope_m2p25_c24p0_a0p40_q3p00_i0p05_rt.para	5adde4ff8d37c0496a8e146ab5939ea428e70db918245b7ec112375930491bc0	9	jwst_mcfost/runs/strict_continuum_cavity_mass_q_v1/models/m2p25_c24p0_a0p40_q3p00_i0p05/temperature	jwst_mcfost/runs/strict_continuum_cavity_mass_q_v1/rt_tasks/t085_m2p25_c24p0_a0p40_q3p00_i0p05_w005
86	9	m2p25_c24p0_a0p40_q3p00_i0p05	2.25	0.000225	c24p0	24.0	224.603677390422	100	1.0	6	0.40	3.00	0.05	70.0	7.3011756855e-08	5	6	w006	window_3p9	139	3.9143995604061015	3.9143995604061015	NIRSpec	true	support_zoom_n2401	1.9975051980918284	2401	2401	3003.7468767198525	1.2510399319949406	2.4822220872915486e-06	0.12917518549340135	jwst_mcfost/runs/strict_continuum_cavity_mass_q_v1/anchors/w006/strict_continuum_anchor.lambda	a1d444714c9de2dd1e9aa1d5669069a1be6dae0324e94c47a0b9c4ab6e1f11d0	41001	128000	jwst_mcfost/runs/strict_continuum_cavity_mass_q_v1/models/m2p25_c24p0_a0p40_q3p00_i0p05/disk_envelope_m2p25_c24p0_a0p40_q3p00_i0p05_rt.para	5adde4ff8d37c0496a8e146ab5939ea428e70db918245b7ec112375930491bc0	9	jwst_mcfost/runs/strict_continuum_cavity_mass_q_v1/models/m2p25_c24p0_a0p40_q3p00_i0p05/temperature	jwst_mcfost/runs/strict_continuum_cavity_mass_q_v1/rt_tasks/t086_m2p25_c24p0_a0p40_q3p00_i0p05_w006
87	9	m2p25_c24p0_a0p40_q3p00_i0p05	2.25	0.000225	c24p0	24.0	224.603677390422	100	1.0	6	0.40	3.00	0.05	70.0	7.3011756855e-08	6	7	w007	window_5p4	171	5.3906283153397085	5.3906283153397085	MIRI	false	support_zoom_n2401	1.9975051980918284	2401	2401	3003.7468767198525	1.2510399319949406	2.4822220872915486e-06	0.28389073440621038	jwst_mcfost/runs/strict_continuum_cavity_mass_q_v1/anchors/w007/strict_continuum_anchor.lambda	2c99cc57bcad833e9a4a9cfca63390c89d9538a1049959460c43c1c449c61679	41001	128000	jwst_mcfost/runs/strict_continuum_cavity_mass_q_v1/models/m2p25_c24p0_a0p40_q3p00_i0p05/disk_envelope_m2p25_c24p0_a0p40_q3p00_i0p05_rt.para	5adde4ff8d37c0496a8e146ab5939ea428e70db918245b7ec112375930491bc0	9	jwst_mcfost/runs/strict_continuum_cavity_mass_q_v1/models/m2p25_c24p0_a0p40_q3p00_i0p05/temperature	jwst_mcfost/runs/strict_continuum_cavity_mass_q_v1/rt_tasks/t087_m2p25_c24p0_a0p40_q3p00_i0p05_w007
88	9	m2p25_c24p0_a0p40_q3p00_i0p05	2.25	0.000225	c24p0	24.0	224.603677390422	100	1.0	6	0.40	3.00	0.05	70.0	7.3011756855e-08	7	8	w008	window_13p8	265	13.799908320389276	13.799908320389276	MIRI	false	zoom_n1201	3.9933471945199667	1201	1201	1502.4989583259237	1.2510399319949406	2.4822220872915486e-06	0.5613969745728461	jwst_mcfost/runs/strict_continuum_cavity_mass_q_v1/anchors/w008/strict_continuum_anchor.lambda	6095ab5c3fa56c0623b01f21835d7c8f1fba5d60d5f1f03735e495109c6381d3	41001	128000	jwst_mcfost/runs/strict_continuum_cavity_mass_q_v1/models/m2p25_c24p0_a0p40_q3p00_i0p05/disk_envelope_m2p25_c24p0_a0p40_q3p00_i0p05_rt.para	5adde4ff8d37c0496a8e146ab5939ea428e70db918245b7ec112375930491bc0	9	jwst_mcfost/runs/strict_continuum_cavity_mass_q_v1/models/m2p25_c24p0_a0p40_q3p00_i0p05/temperature	jwst_mcfost/runs/strict_continuum_cavity_mass_q_v1/rt_tasks/t088_m2p25_c24p0_a0p40_q3p00_i0p05_w008
89	9	m2p25_c24p0_a0p40_q3p00_i0p05	2.25	0.000225	c24p0	24.0	224.603677390422	100	1.0	6	0.40	3.00	0.05	70.0	7.3011756855e-08	8	9	w009	window_27p5	334	27.513091575690556	27.513091575690556	MIRI	false	zoom_n1201	3.9933471945199667	1201	1201	1502.4989583259237	1.2510399319949406	2.4822220872915486e-06	1.0139320219977885	jwst_mcfost/runs/strict_continuum_cavity_mass_q_v1/anchors/w009/strict_continuum_anchor.lambda	41fd9d2d54ef93ed35fec02dd7d1d9a393b88e9fcc443fc088d958a549ab4723	41001	128000	jwst_mcfost/runs/strict_continuum_cavity_mass_q_v1/models/m2p25_c24p0_a0p40_q3p00_i0p05/disk_envelope_m2p25_c24p0_a0p40_q3p00_i0p05_rt.para	5adde4ff8d37c0496a8e146ab5939ea428e70db918245b7ec112375930491bc0	9	jwst_mcfost/runs/strict_continuum_cavity_mass_q_v1/models/m2p25_c24p0_a0p40_q3p00_i0p05/temperature	jwst_mcfost/runs/strict_continuum_cavity_mass_q_v1/rt_tasks/t089_m2p25_c24p0_a0p40_q3p00_i0p05_w009
90	10	m2p25_c15p0_a0p40_q3p25_i0p05	2.25	0.000225	c15p0	15.0	373.205080756888	100	1.0	2	0.40	3.25	0.05	70.0	7.3011756855e-08	0	1	w001	near_ir_short	21	1.2028117593024095	1.2028117593024095	NIRSpec	false	full_n2401	1	2401	2401	6000	2.4989587671803415	4.9582515221832172e-06	0.039692788056979511	jwst_mcfost/runs/strict_continuum_cavity_mass_q_v1/anchors/w001/strict_continuum_anchor.lambda	3a4c05f3e67c2a1c93b19eb17fbfc715bf9582d86bbc727fc0416e86fc3bcfdb	41001	128000	jwst_mcfost/runs/strict_continuum_cavity_mass_q_v1/models/m2p25_c15p0_a0p40_q3p25_i0p05/disk_envelope_m2p25_c15p0_a0p40_q3p25_i0p05_rt.para	238130d76387998290b360c7dc68c330824e95e48a1cd2a70c2625f90e1c986c	10	jwst_mcfost/runs/strict_continuum_cavity_mass_q_v1/models/m2p25_c15p0_a0p40_q3p25_i0p05/temperature	jwst_mcfost/runs/strict_continuum_cavity_mass_q_v1/rt_tasks/t090_m2p25_c15p0_a0p40_q3p25_i0p05_w001
91	10	m2p25_c15p0_a0p40_q3p25_i0p05	2.25	0.000225	c15p0	15.0	373.205080756888	100	1.0	2	0.40	3.25	0.05	70.0	7.3011756855e-08	1	2	w002	near_ir_short	43	1.4987957445436022	1.4987957445436022	NIRSpec	false	full_n2401	1	2401	2401	6000	2.4989587671803415	4.9582515221832172e-06	0.049460259569938873	jwst_mcfost/runs/strict_continuum_cavity_mass_q_v1/anchors/w002/strict_continuum_anchor.lambda	7c9f0b769ebc9634e2a3203ac84f4fbc00b323b2ba59b01aed9c107319f2ee5f	41001	128000	jwst_mcfost/runs/strict_continuum_cavity_mass_q_v1/models/m2p25_c15p0_a0p40_q3p25_i0p05/disk_envelope_m2p25_c15p0_a0p40_q3p25_i0p05_rt.para	238130d76387998290b360c7dc68c330824e95e48a1cd2a70c2625f90e1c986c	10	jwst_mcfost/runs/strict_continuum_cavity_mass_q_v1/models/m2p25_c15p0_a0p40_q3p25_i0p05/temperature	jwst_mcfost/runs/strict_continuum_cavity_mass_q_v1/rt_tasks/t091_m2p25_c15p0_a0p40_q3p25_i0p05_w002
92	10	m2p25_c15p0_a0p40_q3p25_i0p05	2.25	0.000225	c15p0	15.0	373.205080756888	100	1.0	2	0.40	3.25	0.05	70.0	7.3011756855e-08	2	3	w003	near_ir_rise	59	1.7588530996181813	1.7588530996181813	NIRSpec	false	full_n2401	1	2401	2401	6000	2.4989587671803415	4.9582515221832172e-06	0.058042152287399985	jwst_mcfost/runs/strict_continuum_cavity_mass_q_v1/anchors/w003/strict_continuum_anchor.lambda	ca23ebfe8f0349583e11ddd47bbd4cca509749dd6ae81b3fe7eb58a679cdd3b2	41001	128000	jwst_mcfost/runs/strict_continuum_cavity_mass_q_v1/models/m2p25_c15p0_a0p40_q3p25_i0p05/disk_envelope_m2p25_c15p0_a0p40_q3p25_i0p05_rt.para	238130d76387998290b360c7dc68c330824e95e48a1cd2a70c2625f90e1c986c	10	jwst_mcfost/runs/strict_continuum_cavity_mass_q_v1/models/m2p25_c15p0_a0p40_q3p25_i0p05/temperature	jwst_mcfost/runs/strict_continuum_cavity_mass_q_v1/rt_tasks/t092_m2p25_c15p0_a0p40_q3p25_i0p05_w003
93	10	m2p25_c15p0_a0p40_q3p25_i0p05	2.25	0.000225	c15p0	15.0	373.205080756888	100	1.0	2	0.40	3.25	0.05	70.0	7.3011756855e-08	3	4	w004	near_ir_rise	81	2.1916659199557045	2.1916659199557045	NIRSpec	false	full_n2401	1	2401	2401	6000	2.4989587671803415	4.9582515221832172e-06	0.072324975358538254	jwst_mcfost/runs/strict_continuum_cavity_mass_q_v1/anchors/w004/strict_continuum_anchor.lambda	9605b60fa355a7a0a695ed93588c2e13ae03a474ff5df9fa6d55609f7e399107	41001	128000	jwst_mcfost/runs/strict_continuum_cavity_mass_q_v1/models/m2p25_c15p0_a0p40_q3p25_i0p05/disk_envelope_m2p25_c15p0_a0p40_q3p25_i0p05_rt.para	238130d76387998290b360c7dc68c330824e95e48a1cd2a70c2625f90e1c986c	10	jwst_mcfost/runs/strict_continuum_cavity_mass_q_v1/models/m2p25_c15p0_a0p40_q3p25_i0p05/temperature	jwst_mcfost/runs/strict_continuum_cavity_mass_q_v1/rt_tasks/t093_m2p25_c15p0_a0p40_q3p25_i0p05_w004
94	10	m2p25_c15p0_a0p40_q3p25_i0p05	2.25	0.000225	c15p0	15.0	373.205080756888	100	1.0	2	0.40	3.25	0.05	70.0	7.3011756855e-08	4	5	w005	near_ir_rise	96	2.546352514425122	2.546352514425122	NIRSpec	true	full_n2401	1	2401	2401	6000	2.4989587671803415	4.9582515221832172e-06	0.084029632976029028	jwst_mcfost/runs/strict_continuum_cavity_mass_q_v1/anchors/w005/strict_continuum_anchor.lambda	9f7b6faedc4a44f32c6ae5b8b39d492d3c9ec0dc73b4dd191c2f6d60af0cd529	41001	128000	jwst_mcfost/runs/strict_continuum_cavity_mass_q_v1/models/m2p25_c15p0_a0p40_q3p25_i0p05/disk_envelope_m2p25_c15p0_a0p40_q3p25_i0p05_rt.para	238130d76387998290b360c7dc68c330824e95e48a1cd2a70c2625f90e1c986c	10	jwst_mcfost/runs/strict_continuum_cavity_mass_q_v1/models/m2p25_c15p0_a0p40_q3p25_i0p05/temperature	jwst_mcfost/runs/strict_continuum_cavity_mass_q_v1/rt_tasks/t094_m2p25_c15p0_a0p40_q3p25_i0p05_w005
95	10	m2p25_c15p0_a0p40_q3p25_i0p05	2.25	0.000225	c15p0	15.0	373.205080756888	100	1.0	2	0.40	3.25	0.05	70.0	7.3011756855e-08	5	6	w006	window_3p9	139	3.9143995604061015	3.9143995604061015	NIRSpec	true	support_zoom_n2401	1.9975051980918284	2401	2401	3003.7468767198525	1.2510399319949406	2.4822220872915486e-06	0.12917518549340135	jwst_mcfost/runs/strict_continuum_cavity_mass_q_v1/anchors/w006/strict_continuum_anchor.lambda	a1d444714c9de2dd1e9aa1d5669069a1be6dae0324e94c47a0b9c4ab6e1f11d0	41001	128000	jwst_mcfost/runs/strict_continuum_cavity_mass_q_v1/models/m2p25_c15p0_a0p40_q3p25_i0p05/disk_envelope_m2p25_c15p0_a0p40_q3p25_i0p05_rt.para	238130d76387998290b360c7dc68c330824e95e48a1cd2a70c2625f90e1c986c	10	jwst_mcfost/runs/strict_continuum_cavity_mass_q_v1/models/m2p25_c15p0_a0p40_q3p25_i0p05/temperature	jwst_mcfost/runs/strict_continuum_cavity_mass_q_v1/rt_tasks/t095_m2p25_c15p0_a0p40_q3p25_i0p05_w006
96	10	m2p25_c15p0_a0p40_q3p25_i0p05	2.25	0.000225	c15p0	15.0	373.205080756888	100	1.0	2	0.40	3.25	0.05	70.0	7.3011756855e-08	6	7	w007	window_5p4	171	5.3906283153397085	5.3906283153397085	MIRI	false	support_zoom_n2401	1.9975051980918284	2401	2401	3003.7468767198525	1.2510399319949406	2.4822220872915486e-06	0.28389073440621038	jwst_mcfost/runs/strict_continuum_cavity_mass_q_v1/anchors/w007/strict_continuum_anchor.lambda	2c99cc57bcad833e9a4a9cfca63390c89d9538a1049959460c43c1c449c61679	41001	128000	jwst_mcfost/runs/strict_continuum_cavity_mass_q_v1/models/m2p25_c15p0_a0p40_q3p25_i0p05/disk_envelope_m2p25_c15p0_a0p40_q3p25_i0p05_rt.para	238130d76387998290b360c7dc68c330824e95e48a1cd2a70c2625f90e1c986c	10	jwst_mcfost/runs/strict_continuum_cavity_mass_q_v1/models/m2p25_c15p0_a0p40_q3p25_i0p05/temperature	jwst_mcfost/runs/strict_continuum_cavity_mass_q_v1/rt_tasks/t096_m2p25_c15p0_a0p40_q3p25_i0p05_w007
97	10	m2p25_c15p0_a0p40_q3p25_i0p05	2.25	0.000225	c15p0	15.0	373.205080756888	100	1.0	2	0.40	3.25	0.05	70.0	7.3011756855e-08	7	8	w008	window_13p8	265	13.799908320389276	13.799908320389276	MIRI	false	zoom_n1201	3.9933471945199667	1201	1201	1502.4989583259237	1.2510399319949406	2.4822220872915486e-06	0.5613969745728461	jwst_mcfost/runs/strict_continuum_cavity_mass_q_v1/anchors/w008/strict_continuum_anchor.lambda	6095ab5c3fa56c0623b01f21835d7c8f1fba5d60d5f1f03735e495109c6381d3	41001	128000	jwst_mcfost/runs/strict_continuum_cavity_mass_q_v1/models/m2p25_c15p0_a0p40_q3p25_i0p05/disk_envelope_m2p25_c15p0_a0p40_q3p25_i0p05_rt.para	238130d76387998290b360c7dc68c330824e95e48a1cd2a70c2625f90e1c986c	10	jwst_mcfost/runs/strict_continuum_cavity_mass_q_v1/models/m2p25_c15p0_a0p40_q3p25_i0p05/temperature	jwst_mcfost/runs/strict_continuum_cavity_mass_q_v1/rt_tasks/t097_m2p25_c15p0_a0p40_q3p25_i0p05_w008
98	10	m2p25_c15p0_a0p40_q3p25_i0p05	2.25	0.000225	c15p0	15.0	373.205080756888	100	1.0	2	0.40	3.25	0.05	70.0	7.3011756855e-08	8	9	w009	window_27p5	334	27.513091575690556	27.513091575690556	MIRI	false	zoom_n1201	3.9933471945199667	1201	1201	1502.4989583259237	1.2510399319949406	2.4822220872915486e-06	1.0139320219977885	jwst_mcfost/runs/strict_continuum_cavity_mass_q_v1/anchors/w009/strict_continuum_anchor.lambda	41fd9d2d54ef93ed35fec02dd7d1d9a393b88e9fcc443fc088d958a549ab4723	41001	128000	jwst_mcfost/runs/strict_continuum_cavity_mass_q_v1/models/m2p25_c15p0_a0p40_q3p25_i0p05/disk_envelope_m2p25_c15p0_a0p40_q3p25_i0p05_rt.para	238130d76387998290b360c7dc68c330824e95e48a1cd2a70c2625f90e1c986c	10	jwst_mcfost/runs/strict_continuum_cavity_mass_q_v1/models/m2p25_c15p0_a0p40_q3p25_i0p05/temperature	jwst_mcfost/runs/strict_continuum_cavity_mass_q_v1/rt_tasks/t098_m2p25_c15p0_a0p40_q3p25_i0p05_w009
99	11	m2p25_c17p5_a0p40_q3p25_i0p05	2.25	0.000225	c17p5	17.5	317.159480236321	100	1.0	3	0.40	3.25	0.05	70.0	7.3011756855e-08	0	1	w001	near_ir_short	21	1.2028117593024095	1.2028117593024095	NIRSpec	false	full_n2401	1	2401	2401	6000	2.4989587671803415	4.9582515221832172e-06	0.039692788056979511	jwst_mcfost/runs/strict_continuum_cavity_mass_q_v1/anchors/w001/strict_continuum_anchor.lambda	3a4c05f3e67c2a1c93b19eb17fbfc715bf9582d86bbc727fc0416e86fc3bcfdb	41001	128000	jwst_mcfost/runs/strict_continuum_cavity_mass_q_v1/models/m2p25_c17p5_a0p40_q3p25_i0p05/disk_envelope_m2p25_c17p5_a0p40_q3p25_i0p05_rt.para	238130d76387998290b360c7dc68c330824e95e48a1cd2a70c2625f90e1c986c	11	jwst_mcfost/runs/strict_continuum_cavity_mass_q_v1/models/m2p25_c17p5_a0p40_q3p25_i0p05/temperature	jwst_mcfost/runs/strict_continuum_cavity_mass_q_v1/rt_tasks/t099_m2p25_c17p5_a0p40_q3p25_i0p05_w001
100	11	m2p25_c17p5_a0p40_q3p25_i0p05	2.25	0.000225	c17p5	17.5	317.159480236321	100	1.0	3	0.40	3.25	0.05	70.0	7.3011756855e-08	1	2	w002	near_ir_short	43	1.4987957445436022	1.4987957445436022	NIRSpec	false	full_n2401	1	2401	2401	6000	2.4989587671803415	4.9582515221832172e-06	0.049460259569938873	jwst_mcfost/runs/strict_continuum_cavity_mass_q_v1/anchors/w002/strict_continuum_anchor.lambda	7c9f0b769ebc9634e2a3203ac84f4fbc00b323b2ba59b01aed9c107319f2ee5f	41001	128000	jwst_mcfost/runs/strict_continuum_cavity_mass_q_v1/models/m2p25_c17p5_a0p40_q3p25_i0p05/disk_envelope_m2p25_c17p5_a0p40_q3p25_i0p05_rt.para	238130d76387998290b360c7dc68c330824e95e48a1cd2a70c2625f90e1c986c	11	jwst_mcfost/runs/strict_continuum_cavity_mass_q_v1/models/m2p25_c17p5_a0p40_q3p25_i0p05/temperature	jwst_mcfost/runs/strict_continuum_cavity_mass_q_v1/rt_tasks/t100_m2p25_c17p5_a0p40_q3p25_i0p05_w002
101	11	m2p25_c17p5_a0p40_q3p25_i0p05	2.25	0.000225	c17p5	17.5	317.159480236321	100	1.0	3	0.40	3.25	0.05	70.0	7.3011756855e-08	2	3	w003	near_ir_rise	59	1.7588530996181813	1.7588530996181813	NIRSpec	false	full_n2401	1	2401	2401	6000	2.4989587671803415	4.9582515221832172e-06	0.058042152287399985	jwst_mcfost/runs/strict_continuum_cavity_mass_q_v1/anchors/w003/strict_continuum_anchor.lambda	ca23ebfe8f0349583e11ddd47bbd4cca509749dd6ae81b3fe7eb58a679cdd3b2	41001	128000	jwst_mcfost/runs/strict_continuum_cavity_mass_q_v1/models/m2p25_c17p5_a0p40_q3p25_i0p05/disk_envelope_m2p25_c17p5_a0p40_q3p25_i0p05_rt.para	238130d76387998290b360c7dc68c330824e95e48a1cd2a70c2625f90e1c986c	11	jwst_mcfost/runs/strict_continuum_cavity_mass_q_v1/models/m2p25_c17p5_a0p40_q3p25_i0p05/temperature	jwst_mcfost/runs/strict_continuum_cavity_mass_q_v1/rt_tasks/t101_m2p25_c17p5_a0p40_q3p25_i0p05_w003
102	11	m2p25_c17p5_a0p40_q3p25_i0p05	2.25	0.000225	c17p5	17.5	317.159480236321	100	1.0	3	0.40	3.25	0.05	70.0	7.3011756855e-08	3	4	w004	near_ir_rise	81	2.1916659199557045	2.1916659199557045	NIRSpec	false	full_n2401	1	2401	2401	6000	2.4989587671803415	4.9582515221832172e-06	0.072324975358538254	jwst_mcfost/runs/strict_continuum_cavity_mass_q_v1/anchors/w004/strict_continuum_anchor.lambda	9605b60fa355a7a0a695ed93588c2e13ae03a474ff5df9fa6d55609f7e399107	41001	128000	jwst_mcfost/runs/strict_continuum_cavity_mass_q_v1/models/m2p25_c17p5_a0p40_q3p25_i0p05/disk_envelope_m2p25_c17p5_a0p40_q3p25_i0p05_rt.para	238130d76387998290b360c7dc68c330824e95e48a1cd2a70c2625f90e1c986c	11	jwst_mcfost/runs/strict_continuum_cavity_mass_q_v1/models/m2p25_c17p5_a0p40_q3p25_i0p05/temperature	jwst_mcfost/runs/strict_continuum_cavity_mass_q_v1/rt_tasks/t102_m2p25_c17p5_a0p40_q3p25_i0p05_w004
103	11	m2p25_c17p5_a0p40_q3p25_i0p05	2.25	0.000225	c17p5	17.5	317.159480236321	100	1.0	3	0.40	3.25	0.05	70.0	7.3011756855e-08	4	5	w005	near_ir_rise	96	2.546352514425122	2.546352514425122	NIRSpec	true	full_n2401	1	2401	2401	6000	2.4989587671803415	4.9582515221832172e-06	0.084029632976029028	jwst_mcfost/runs/strict_continuum_cavity_mass_q_v1/anchors/w005/strict_continuum_anchor.lambda	9f7b6faedc4a44f32c6ae5b8b39d492d3c9ec0dc73b4dd191c2f6d60af0cd529	41001	128000	jwst_mcfost/runs/strict_continuum_cavity_mass_q_v1/models/m2p25_c17p5_a0p40_q3p25_i0p05/disk_envelope_m2p25_c17p5_a0p40_q3p25_i0p05_rt.para	238130d76387998290b360c7dc68c330824e95e48a1cd2a70c2625f90e1c986c	11	jwst_mcfost/runs/strict_continuum_cavity_mass_q_v1/models/m2p25_c17p5_a0p40_q3p25_i0p05/temperature	jwst_mcfost/runs/strict_continuum_cavity_mass_q_v1/rt_tasks/t103_m2p25_c17p5_a0p40_q3p25_i0p05_w005
104	11	m2p25_c17p5_a0p40_q3p25_i0p05	2.25	0.000225	c17p5	17.5	317.159480236321	100	1.0	3	0.40	3.25	0.05	70.0	7.3011756855e-08	5	6	w006	window_3p9	139	3.9143995604061015	3.9143995604061015	NIRSpec	true	support_zoom_n2401	1.9975051980918284	2401	2401	3003.7468767198525	1.2510399319949406	2.4822220872915486e-06	0.12917518549340135	jwst_mcfost/runs/strict_continuum_cavity_mass_q_v1/anchors/w006/strict_continuum_anchor.lambda	a1d444714c9de2dd1e9aa1d5669069a1be6dae0324e94c47a0b9c4ab6e1f11d0	41001	128000	jwst_mcfost/runs/strict_continuum_cavity_mass_q_v1/models/m2p25_c17p5_a0p40_q3p25_i0p05/disk_envelope_m2p25_c17p5_a0p40_q3p25_i0p05_rt.para	238130d76387998290b360c7dc68c330824e95e48a1cd2a70c2625f90e1c986c	11	jwst_mcfost/runs/strict_continuum_cavity_mass_q_v1/models/m2p25_c17p5_a0p40_q3p25_i0p05/temperature	jwst_mcfost/runs/strict_continuum_cavity_mass_q_v1/rt_tasks/t104_m2p25_c17p5_a0p40_q3p25_i0p05_w006
105	11	m2p25_c17p5_a0p40_q3p25_i0p05	2.25	0.000225	c17p5	17.5	317.159480236321	100	1.0	3	0.40	3.25	0.05	70.0	7.3011756855e-08	6	7	w007	window_5p4	171	5.3906283153397085	5.3906283153397085	MIRI	false	support_zoom_n2401	1.9975051980918284	2401	2401	3003.7468767198525	1.2510399319949406	2.4822220872915486e-06	0.28389073440621038	jwst_mcfost/runs/strict_continuum_cavity_mass_q_v1/anchors/w007/strict_continuum_anchor.lambda	2c99cc57bcad833e9a4a9cfca63390c89d9538a1049959460c43c1c449c61679	41001	128000	jwst_mcfost/runs/strict_continuum_cavity_mass_q_v1/models/m2p25_c17p5_a0p40_q3p25_i0p05/disk_envelope_m2p25_c17p5_a0p40_q3p25_i0p05_rt.para	238130d76387998290b360c7dc68c330824e95e48a1cd2a70c2625f90e1c986c	11	jwst_mcfost/runs/strict_continuum_cavity_mass_q_v1/models/m2p25_c17p5_a0p40_q3p25_i0p05/temperature	jwst_mcfost/runs/strict_continuum_cavity_mass_q_v1/rt_tasks/t105_m2p25_c17p5_a0p40_q3p25_i0p05_w007
106	11	m2p25_c17p5_a0p40_q3p25_i0p05	2.25	0.000225	c17p5	17.5	317.159480236321	100	1.0	3	0.40	3.25	0.05	70.0	7.3011756855e-08	7	8	w008	window_13p8	265	13.799908320389276	13.799908320389276	MIRI	false	zoom_n1201	3.9933471945199667	1201	1201	1502.4989583259237	1.2510399319949406	2.4822220872915486e-06	0.5613969745728461	jwst_mcfost/runs/strict_continuum_cavity_mass_q_v1/anchors/w008/strict_continuum_anchor.lambda	6095ab5c3fa56c0623b01f21835d7c8f1fba5d60d5f1f03735e495109c6381d3	41001	128000	jwst_mcfost/runs/strict_continuum_cavity_mass_q_v1/models/m2p25_c17p5_a0p40_q3p25_i0p05/disk_envelope_m2p25_c17p5_a0p40_q3p25_i0p05_rt.para	238130d76387998290b360c7dc68c330824e95e48a1cd2a70c2625f90e1c986c	11	jwst_mcfost/runs/strict_continuum_cavity_mass_q_v1/models/m2p25_c17p5_a0p40_q3p25_i0p05/temperature	jwst_mcfost/runs/strict_continuum_cavity_mass_q_v1/rt_tasks/t106_m2p25_c17p5_a0p40_q3p25_i0p05_w008
107	11	m2p25_c17p5_a0p40_q3p25_i0p05	2.25	0.000225	c17p5	17.5	317.159480236321	100	1.0	3	0.40	3.25	0.05	70.0	7.3011756855e-08	8	9	w009	window_27p5	334	27.513091575690556	27.513091575690556	MIRI	false	zoom_n1201	3.9933471945199667	1201	1201	1502.4989583259237	1.2510399319949406	2.4822220872915486e-06	1.0139320219977885	jwst_mcfost/runs/strict_continuum_cavity_mass_q_v1/anchors/w009/strict_continuum_anchor.lambda	41fd9d2d54ef93ed35fec02dd7d1d9a393b88e9fcc443fc088d958a549ab4723	41001	128000	jwst_mcfost/runs/strict_continuum_cavity_mass_q_v1/models/m2p25_c17p5_a0p40_q3p25_i0p05/disk_envelope_m2p25_c17p5_a0p40_q3p25_i0p05_rt.para	238130d76387998290b360c7dc68c330824e95e48a1cd2a70c2625f90e1c986c	11	jwst_mcfost/runs/strict_continuum_cavity_mass_q_v1/models/m2p25_c17p5_a0p40_q3p25_i0p05/temperature	jwst_mcfost/runs/strict_continuum_cavity_mass_q_v1/rt_tasks/t107_m2p25_c17p5_a0p40_q3p25_i0p05_w009
108	12	m2p25_c20p0_a0p40_q3p25_i0p05	2.25	0.000225	c20p0	20.0	274.7	100	1.0	4	0.40	3.25	0.05	70.0	7.3011756855e-08	0	1	w001	near_ir_short	21	1.2028117593024095	1.2028117593024095	NIRSpec	false	full_n2401	1	2401	2401	6000	2.4989587671803415	4.9582515221832172e-06	0.039692788056979511	jwst_mcfost/runs/strict_continuum_cavity_mass_q_v1/anchors/w001/strict_continuum_anchor.lambda	3a4c05f3e67c2a1c93b19eb17fbfc715bf9582d86bbc727fc0416e86fc3bcfdb	41001	128000	jwst_mcfost/runs/strict_continuum_cavity_mass_q_v1/models/m2p25_c20p0_a0p40_q3p25_i0p05/disk_envelope_m2p25_c20p0_a0p40_q3p25_i0p05_rt.para	238130d76387998290b360c7dc68c330824e95e48a1cd2a70c2625f90e1c986c	12	jwst_mcfost/runs/strict_continuum_cavity_mass_q_v1/models/m2p25_c20p0_a0p40_q3p25_i0p05/temperature	jwst_mcfost/runs/strict_continuum_cavity_mass_q_v1/rt_tasks/t108_m2p25_c20p0_a0p40_q3p25_i0p05_w001
109	12	m2p25_c20p0_a0p40_q3p25_i0p05	2.25	0.000225	c20p0	20.0	274.7	100	1.0	4	0.40	3.25	0.05	70.0	7.3011756855e-08	1	2	w002	near_ir_short	43	1.4987957445436022	1.4987957445436022	NIRSpec	false	full_n2401	1	2401	2401	6000	2.4989587671803415	4.9582515221832172e-06	0.049460259569938873	jwst_mcfost/runs/strict_continuum_cavity_mass_q_v1/anchors/w002/strict_continuum_anchor.lambda	7c9f0b769ebc9634e2a3203ac84f4fbc00b323b2ba59b01aed9c107319f2ee5f	41001	128000	jwst_mcfost/runs/strict_continuum_cavity_mass_q_v1/models/m2p25_c20p0_a0p40_q3p25_i0p05/disk_envelope_m2p25_c20p0_a0p40_q3p25_i0p05_rt.para	238130d76387998290b360c7dc68c330824e95e48a1cd2a70c2625f90e1c986c	12	jwst_mcfost/runs/strict_continuum_cavity_mass_q_v1/models/m2p25_c20p0_a0p40_q3p25_i0p05/temperature	jwst_mcfost/runs/strict_continuum_cavity_mass_q_v1/rt_tasks/t109_m2p25_c20p0_a0p40_q3p25_i0p05_w002
110	12	m2p25_c20p0_a0p40_q3p25_i0p05	2.25	0.000225	c20p0	20.0	274.7	100	1.0	4	0.40	3.25	0.05	70.0	7.3011756855e-08	2	3	w003	near_ir_rise	59	1.7588530996181813	1.7588530996181813	NIRSpec	false	full_n2401	1	2401	2401	6000	2.4989587671803415	4.9582515221832172e-06	0.058042152287399985	jwst_mcfost/runs/strict_continuum_cavity_mass_q_v1/anchors/w003/strict_continuum_anchor.lambda	ca23ebfe8f0349583e11ddd47bbd4cca509749dd6ae81b3fe7eb58a679cdd3b2	41001	128000	jwst_mcfost/runs/strict_continuum_cavity_mass_q_v1/models/m2p25_c20p0_a0p40_q3p25_i0p05/disk_envelope_m2p25_c20p0_a0p40_q3p25_i0p05_rt.para	238130d76387998290b360c7dc68c330824e95e48a1cd2a70c2625f90e1c986c	12	jwst_mcfost/runs/strict_continuum_cavity_mass_q_v1/models/m2p25_c20p0_a0p40_q3p25_i0p05/temperature	jwst_mcfost/runs/strict_continuum_cavity_mass_q_v1/rt_tasks/t110_m2p25_c20p0_a0p40_q3p25_i0p05_w003
111	12	m2p25_c20p0_a0p40_q3p25_i0p05	2.25	0.000225	c20p0	20.0	274.7	100	1.0	4	0.40	3.25	0.05	70.0	7.3011756855e-08	3	4	w004	near_ir_rise	81	2.1916659199557045	2.1916659199557045	NIRSpec	false	full_n2401	1	2401	2401	6000	2.4989587671803415	4.9582515221832172e-06	0.072324975358538254	jwst_mcfost/runs/strict_continuum_cavity_mass_q_v1/anchors/w004/strict_continuum_anchor.lambda	9605b60fa355a7a0a695ed93588c2e13ae03a474ff5df9fa6d55609f7e399107	41001	128000	jwst_mcfost/runs/strict_continuum_cavity_mass_q_v1/models/m2p25_c20p0_a0p40_q3p25_i0p05/disk_envelope_m2p25_c20p0_a0p40_q3p25_i0p05_rt.para	238130d76387998290b360c7dc68c330824e95e48a1cd2a70c2625f90e1c986c	12	jwst_mcfost/runs/strict_continuum_cavity_mass_q_v1/models/m2p25_c20p0_a0p40_q3p25_i0p05/temperature	jwst_mcfost/runs/strict_continuum_cavity_mass_q_v1/rt_tasks/t111_m2p25_c20p0_a0p40_q3p25_i0p05_w004
112	12	m2p25_c20p0_a0p40_q3p25_i0p05	2.25	0.000225	c20p0	20.0	274.7	100	1.0	4	0.40	3.25	0.05	70.0	7.3011756855e-08	4	5	w005	near_ir_rise	96	2.546352514425122	2.546352514425122	NIRSpec	true	full_n2401	1	2401	2401	6000	2.4989587671803415	4.9582515221832172e-06	0.084029632976029028	jwst_mcfost/runs/strict_continuum_cavity_mass_q_v1/anchors/w005/strict_continuum_anchor.lambda	9f7b6faedc4a44f32c6ae5b8b39d492d3c9ec0dc73b4dd191c2f6d60af0cd529	41001	128000	jwst_mcfost/runs/strict_continuum_cavity_mass_q_v1/models/m2p25_c20p0_a0p40_q3p25_i0p05/disk_envelope_m2p25_c20p0_a0p40_q3p25_i0p05_rt.para	238130d76387998290b360c7dc68c330824e95e48a1cd2a70c2625f90e1c986c	12	jwst_mcfost/runs/strict_continuum_cavity_mass_q_v1/models/m2p25_c20p0_a0p40_q3p25_i0p05/temperature	jwst_mcfost/runs/strict_continuum_cavity_mass_q_v1/rt_tasks/t112_m2p25_c20p0_a0p40_q3p25_i0p05_w005
113	12	m2p25_c20p0_a0p40_q3p25_i0p05	2.25	0.000225	c20p0	20.0	274.7	100	1.0	4	0.40	3.25	0.05	70.0	7.3011756855e-08	5	6	w006	window_3p9	139	3.9143995604061015	3.9143995604061015	NIRSpec	true	support_zoom_n2401	1.9975051980918284	2401	2401	3003.7468767198525	1.2510399319949406	2.4822220872915486e-06	0.12917518549340135	jwst_mcfost/runs/strict_continuum_cavity_mass_q_v1/anchors/w006/strict_continuum_anchor.lambda	a1d444714c9de2dd1e9aa1d5669069a1be6dae0324e94c47a0b9c4ab6e1f11d0	41001	128000	jwst_mcfost/runs/strict_continuum_cavity_mass_q_v1/models/m2p25_c20p0_a0p40_q3p25_i0p05/disk_envelope_m2p25_c20p0_a0p40_q3p25_i0p05_rt.para	238130d76387998290b360c7dc68c330824e95e48a1cd2a70c2625f90e1c986c	12	jwst_mcfost/runs/strict_continuum_cavity_mass_q_v1/models/m2p25_c20p0_a0p40_q3p25_i0p05/temperature	jwst_mcfost/runs/strict_continuum_cavity_mass_q_v1/rt_tasks/t113_m2p25_c20p0_a0p40_q3p25_i0p05_w006
114	12	m2p25_c20p0_a0p40_q3p25_i0p05	2.25	0.000225	c20p0	20.0	274.7	100	1.0	4	0.40	3.25	0.05	70.0	7.3011756855e-08	6	7	w007	window_5p4	171	5.3906283153397085	5.3906283153397085	MIRI	false	support_zoom_n2401	1.9975051980918284	2401	2401	3003.7468767198525	1.2510399319949406	2.4822220872915486e-06	0.28389073440621038	jwst_mcfost/runs/strict_continuum_cavity_mass_q_v1/anchors/w007/strict_continuum_anchor.lambda	2c99cc57bcad833e9a4a9cfca63390c89d9538a1049959460c43c1c449c61679	41001	128000	jwst_mcfost/runs/strict_continuum_cavity_mass_q_v1/models/m2p25_c20p0_a0p40_q3p25_i0p05/disk_envelope_m2p25_c20p0_a0p40_q3p25_i0p05_rt.para	238130d76387998290b360c7dc68c330824e95e48a1cd2a70c2625f90e1c986c	12	jwst_mcfost/runs/strict_continuum_cavity_mass_q_v1/models/m2p25_c20p0_a0p40_q3p25_i0p05/temperature	jwst_mcfost/runs/strict_continuum_cavity_mass_q_v1/rt_tasks/t114_m2p25_c20p0_a0p40_q3p25_i0p05_w007
115	12	m2p25_c20p0_a0p40_q3p25_i0p05	2.25	0.000225	c20p0	20.0	274.7	100	1.0	4	0.40	3.25	0.05	70.0	7.3011756855e-08	7	8	w008	window_13p8	265	13.799908320389276	13.799908320389276	MIRI	false	zoom_n1201	3.9933471945199667	1201	1201	1502.4989583259237	1.2510399319949406	2.4822220872915486e-06	0.5613969745728461	jwst_mcfost/runs/strict_continuum_cavity_mass_q_v1/anchors/w008/strict_continuum_anchor.lambda	6095ab5c3fa56c0623b01f21835d7c8f1fba5d60d5f1f03735e495109c6381d3	41001	128000	jwst_mcfost/runs/strict_continuum_cavity_mass_q_v1/models/m2p25_c20p0_a0p40_q3p25_i0p05/disk_envelope_m2p25_c20p0_a0p40_q3p25_i0p05_rt.para	238130d76387998290b360c7dc68c330824e95e48a1cd2a70c2625f90e1c986c	12	jwst_mcfost/runs/strict_continuum_cavity_mass_q_v1/models/m2p25_c20p0_a0p40_q3p25_i0p05/temperature	jwst_mcfost/runs/strict_continuum_cavity_mass_q_v1/rt_tasks/t115_m2p25_c20p0_a0p40_q3p25_i0p05_w008
116	12	m2p25_c20p0_a0p40_q3p25_i0p05	2.25	0.000225	c20p0	20.0	274.7	100	1.0	4	0.40	3.25	0.05	70.0	7.3011756855e-08	8	9	w009	window_27p5	334	27.513091575690556	27.513091575690556	MIRI	false	zoom_n1201	3.9933471945199667	1201	1201	1502.4989583259237	1.2510399319949406	2.4822220872915486e-06	1.0139320219977885	jwst_mcfost/runs/strict_continuum_cavity_mass_q_v1/anchors/w009/strict_continuum_anchor.lambda	41fd9d2d54ef93ed35fec02dd7d1d9a393b88e9fcc443fc088d958a549ab4723	41001	128000	jwst_mcfost/runs/strict_continuum_cavity_mass_q_v1/models/m2p25_c20p0_a0p40_q3p25_i0p05/disk_envelope_m2p25_c20p0_a0p40_q3p25_i0p05_rt.para	238130d76387998290b360c7dc68c330824e95e48a1cd2a70c2625f90e1c986c	12	jwst_mcfost/runs/strict_continuum_cavity_mass_q_v1/models/m2p25_c20p0_a0p40_q3p25_i0p05/temperature	jwst_mcfost/runs/strict_continuum_cavity_mass_q_v1/rt_tasks/t116_m2p25_c20p0_a0p40_q3p25_i0p05_w009
117	13	m2p25_c22p0_a0p40_q3p25_i0p05	2.25	0.000225	c22p0	22.0	247.508685341630	100	1.0	5	0.40	3.25	0.05	70.0	7.3011756855e-08	0	1	w001	near_ir_short	21	1.2028117593024095	1.2028117593024095	NIRSpec	false	full_n2401	1	2401	2401	6000	2.4989587671803415	4.9582515221832172e-06	0.039692788056979511	jwst_mcfost/runs/strict_continuum_cavity_mass_q_v1/anchors/w001/strict_continuum_anchor.lambda	3a4c05f3e67c2a1c93b19eb17fbfc715bf9582d86bbc727fc0416e86fc3bcfdb	41001	128000	jwst_mcfost/runs/strict_continuum_cavity_mass_q_v1/models/m2p25_c22p0_a0p40_q3p25_i0p05/disk_envelope_m2p25_c22p0_a0p40_q3p25_i0p05_rt.para	238130d76387998290b360c7dc68c330824e95e48a1cd2a70c2625f90e1c986c	13	jwst_mcfost/runs/strict_continuum_cavity_mass_q_v1/models/m2p25_c22p0_a0p40_q3p25_i0p05/temperature	jwst_mcfost/runs/strict_continuum_cavity_mass_q_v1/rt_tasks/t117_m2p25_c22p0_a0p40_q3p25_i0p05_w001
118	13	m2p25_c22p0_a0p40_q3p25_i0p05	2.25	0.000225	c22p0	22.0	247.508685341630	100	1.0	5	0.40	3.25	0.05	70.0	7.3011756855e-08	1	2	w002	near_ir_short	43	1.4987957445436022	1.4987957445436022	NIRSpec	false	full_n2401	1	2401	2401	6000	2.4989587671803415	4.9582515221832172e-06	0.049460259569938873	jwst_mcfost/runs/strict_continuum_cavity_mass_q_v1/anchors/w002/strict_continuum_anchor.lambda	7c9f0b769ebc9634e2a3203ac84f4fbc00b323b2ba59b01aed9c107319f2ee5f	41001	128000	jwst_mcfost/runs/strict_continuum_cavity_mass_q_v1/models/m2p25_c22p0_a0p40_q3p25_i0p05/disk_envelope_m2p25_c22p0_a0p40_q3p25_i0p05_rt.para	238130d76387998290b360c7dc68c330824e95e48a1cd2a70c2625f90e1c986c	13	jwst_mcfost/runs/strict_continuum_cavity_mass_q_v1/models/m2p25_c22p0_a0p40_q3p25_i0p05/temperature	jwst_mcfost/runs/strict_continuum_cavity_mass_q_v1/rt_tasks/t118_m2p25_c22p0_a0p40_q3p25_i0p05_w002
119	13	m2p25_c22p0_a0p40_q3p25_i0p05	2.25	0.000225	c22p0	22.0	247.508685341630	100	1.0	5	0.40	3.25	0.05	70.0	7.3011756855e-08	2	3	w003	near_ir_rise	59	1.7588530996181813	1.7588530996181813	NIRSpec	false	full_n2401	1	2401	2401	6000	2.4989587671803415	4.9582515221832172e-06	0.058042152287399985	jwst_mcfost/runs/strict_continuum_cavity_mass_q_v1/anchors/w003/strict_continuum_anchor.lambda	ca23ebfe8f0349583e11ddd47bbd4cca509749dd6ae81b3fe7eb58a679cdd3b2	41001	128000	jwst_mcfost/runs/strict_continuum_cavity_mass_q_v1/models/m2p25_c22p0_a0p40_q3p25_i0p05/disk_envelope_m2p25_c22p0_a0p40_q3p25_i0p05_rt.para	238130d76387998290b360c7dc68c330824e95e48a1cd2a70c2625f90e1c986c	13	jwst_mcfost/runs/strict_continuum_cavity_mass_q_v1/models/m2p25_c22p0_a0p40_q3p25_i0p05/temperature	jwst_mcfost/runs/strict_continuum_cavity_mass_q_v1/rt_tasks/t119_m2p25_c22p0_a0p40_q3p25_i0p05_w003
120	13	m2p25_c22p0_a0p40_q3p25_i0p05	2.25	0.000225	c22p0	22.0	247.508685341630	100	1.0	5	0.40	3.25	0.05	70.0	7.3011756855e-08	3	4	w004	near_ir_rise	81	2.1916659199557045	2.1916659199557045	NIRSpec	false	full_n2401	1	2401	2401	6000	2.4989587671803415	4.9582515221832172e-06	0.072324975358538254	jwst_mcfost/runs/strict_continuum_cavity_mass_q_v1/anchors/w004/strict_continuum_anchor.lambda	9605b60fa355a7a0a695ed93588c2e13ae03a474ff5df9fa6d55609f7e399107	41001	128000	jwst_mcfost/runs/strict_continuum_cavity_mass_q_v1/models/m2p25_c22p0_a0p40_q3p25_i0p05/disk_envelope_m2p25_c22p0_a0p40_q3p25_i0p05_rt.para	238130d76387998290b360c7dc68c330824e95e48a1cd2a70c2625f90e1c986c	13	jwst_mcfost/runs/strict_continuum_cavity_mass_q_v1/models/m2p25_c22p0_a0p40_q3p25_i0p05/temperature	jwst_mcfost/runs/strict_continuum_cavity_mass_q_v1/rt_tasks/t120_m2p25_c22p0_a0p40_q3p25_i0p05_w004
121	13	m2p25_c22p0_a0p40_q3p25_i0p05	2.25	0.000225	c22p0	22.0	247.508685341630	100	1.0	5	0.40	3.25	0.05	70.0	7.3011756855e-08	4	5	w005	near_ir_rise	96	2.546352514425122	2.546352514425122	NIRSpec	true	full_n2401	1	2401	2401	6000	2.4989587671803415	4.9582515221832172e-06	0.084029632976029028	jwst_mcfost/runs/strict_continuum_cavity_mass_q_v1/anchors/w005/strict_continuum_anchor.lambda	9f7b6faedc4a44f32c6ae5b8b39d492d3c9ec0dc73b4dd191c2f6d60af0cd529	41001	128000	jwst_mcfost/runs/strict_continuum_cavity_mass_q_v1/models/m2p25_c22p0_a0p40_q3p25_i0p05/disk_envelope_m2p25_c22p0_a0p40_q3p25_i0p05_rt.para	238130d76387998290b360c7dc68c330824e95e48a1cd2a70c2625f90e1c986c	13	jwst_mcfost/runs/strict_continuum_cavity_mass_q_v1/models/m2p25_c22p0_a0p40_q3p25_i0p05/temperature	jwst_mcfost/runs/strict_continuum_cavity_mass_q_v1/rt_tasks/t121_m2p25_c22p0_a0p40_q3p25_i0p05_w005
122	13	m2p25_c22p0_a0p40_q3p25_i0p05	2.25	0.000225	c22p0	22.0	247.508685341630	100	1.0	5	0.40	3.25	0.05	70.0	7.3011756855e-08	5	6	w006	window_3p9	139	3.9143995604061015	3.9143995604061015	NIRSpec	true	support_zoom_n2401	1.9975051980918284	2401	2401	3003.7468767198525	1.2510399319949406	2.4822220872915486e-06	0.12917518549340135	jwst_mcfost/runs/strict_continuum_cavity_mass_q_v1/anchors/w006/strict_continuum_anchor.lambda	a1d444714c9de2dd1e9aa1d5669069a1be6dae0324e94c47a0b9c4ab6e1f11d0	41001	128000	jwst_mcfost/runs/strict_continuum_cavity_mass_q_v1/models/m2p25_c22p0_a0p40_q3p25_i0p05/disk_envelope_m2p25_c22p0_a0p40_q3p25_i0p05_rt.para	238130d76387998290b360c7dc68c330824e95e48a1cd2a70c2625f90e1c986c	13	jwst_mcfost/runs/strict_continuum_cavity_mass_q_v1/models/m2p25_c22p0_a0p40_q3p25_i0p05/temperature	jwst_mcfost/runs/strict_continuum_cavity_mass_q_v1/rt_tasks/t122_m2p25_c22p0_a0p40_q3p25_i0p05_w006
123	13	m2p25_c22p0_a0p40_q3p25_i0p05	2.25	0.000225	c22p0	22.0	247.508685341630	100	1.0	5	0.40	3.25	0.05	70.0	7.3011756855e-08	6	7	w007	window_5p4	171	5.3906283153397085	5.3906283153397085	MIRI	false	support_zoom_n2401	1.9975051980918284	2401	2401	3003.7468767198525	1.2510399319949406	2.4822220872915486e-06	0.28389073440621038	jwst_mcfost/runs/strict_continuum_cavity_mass_q_v1/anchors/w007/strict_continuum_anchor.lambda	2c99cc57bcad833e9a4a9cfca63390c89d9538a1049959460c43c1c449c61679	41001	128000	jwst_mcfost/runs/strict_continuum_cavity_mass_q_v1/models/m2p25_c22p0_a0p40_q3p25_i0p05/disk_envelope_m2p25_c22p0_a0p40_q3p25_i0p05_rt.para	238130d76387998290b360c7dc68c330824e95e48a1cd2a70c2625f90e1c986c	13	jwst_mcfost/runs/strict_continuum_cavity_mass_q_v1/models/m2p25_c22p0_a0p40_q3p25_i0p05/temperature	jwst_mcfost/runs/strict_continuum_cavity_mass_q_v1/rt_tasks/t123_m2p25_c22p0_a0p40_q3p25_i0p05_w007
124	13	m2p25_c22p0_a0p40_q3p25_i0p05	2.25	0.000225	c22p0	22.0	247.508685341630	100	1.0	5	0.40	3.25	0.05	70.0	7.3011756855e-08	7	8	w008	window_13p8	265	13.799908320389276	13.799908320389276	MIRI	false	zoom_n1201	3.9933471945199667	1201	1201	1502.4989583259237	1.2510399319949406	2.4822220872915486e-06	0.5613969745728461	jwst_mcfost/runs/strict_continuum_cavity_mass_q_v1/anchors/w008/strict_continuum_anchor.lambda	6095ab5c3fa56c0623b01f21835d7c8f1fba5d60d5f1f03735e495109c6381d3	41001	128000	jwst_mcfost/runs/strict_continuum_cavity_mass_q_v1/models/m2p25_c22p0_a0p40_q3p25_i0p05/disk_envelope_m2p25_c22p0_a0p40_q3p25_i0p05_rt.para	238130d76387998290b360c7dc68c330824e95e48a1cd2a70c2625f90e1c986c	13	jwst_mcfost/runs/strict_continuum_cavity_mass_q_v1/models/m2p25_c22p0_a0p40_q3p25_i0p05/temperature	jwst_mcfost/runs/strict_continuum_cavity_mass_q_v1/rt_tasks/t124_m2p25_c22p0_a0p40_q3p25_i0p05_w008
125	13	m2p25_c22p0_a0p40_q3p25_i0p05	2.25	0.000225	c22p0	22.0	247.508685341630	100	1.0	5	0.40	3.25	0.05	70.0	7.3011756855e-08	8	9	w009	window_27p5	334	27.513091575690556	27.513091575690556	MIRI	false	zoom_n1201	3.9933471945199667	1201	1201	1502.4989583259237	1.2510399319949406	2.4822220872915486e-06	1.0139320219977885	jwst_mcfost/runs/strict_continuum_cavity_mass_q_v1/anchors/w009/strict_continuum_anchor.lambda	41fd9d2d54ef93ed35fec02dd7d1d9a393b88e9fcc443fc088d958a549ab4723	41001	128000	jwst_mcfost/runs/strict_continuum_cavity_mass_q_v1/models/m2p25_c22p0_a0p40_q3p25_i0p05/disk_envelope_m2p25_c22p0_a0p40_q3p25_i0p05_rt.para	238130d76387998290b360c7dc68c330824e95e48a1cd2a70c2625f90e1c986c	13	jwst_mcfost/runs/strict_continuum_cavity_mass_q_v1/models/m2p25_c22p0_a0p40_q3p25_i0p05/temperature	jwst_mcfost/runs/strict_continuum_cavity_mass_q_v1/rt_tasks/t125_m2p25_c22p0_a0p40_q3p25_i0p05_w009
126	14	m2p25_c24p0_a0p40_q3p25_i0p05	2.25	0.000225	c24p0	24.0	224.603677390422	100	1.0	6	0.40	3.25	0.05	70.0	7.3011756855e-08	0	1	w001	near_ir_short	21	1.2028117593024095	1.2028117593024095	NIRSpec	false	full_n2401	1	2401	2401	6000	2.4989587671803415	4.9582515221832172e-06	0.039692788056979511	jwst_mcfost/runs/strict_continuum_cavity_mass_q_v1/anchors/w001/strict_continuum_anchor.lambda	3a4c05f3e67c2a1c93b19eb17fbfc715bf9582d86bbc727fc0416e86fc3bcfdb	41001	128000	jwst_mcfost/runs/strict_continuum_cavity_mass_q_v1/models/m2p25_c24p0_a0p40_q3p25_i0p05/disk_envelope_m2p25_c24p0_a0p40_q3p25_i0p05_rt.para	238130d76387998290b360c7dc68c330824e95e48a1cd2a70c2625f90e1c986c	14	jwst_mcfost/runs/strict_continuum_cavity_mass_q_v1/models/m2p25_c24p0_a0p40_q3p25_i0p05/temperature	jwst_mcfost/runs/strict_continuum_cavity_mass_q_v1/rt_tasks/t126_m2p25_c24p0_a0p40_q3p25_i0p05_w001
127	14	m2p25_c24p0_a0p40_q3p25_i0p05	2.25	0.000225	c24p0	24.0	224.603677390422	100	1.0	6	0.40	3.25	0.05	70.0	7.3011756855e-08	1	2	w002	near_ir_short	43	1.4987957445436022	1.4987957445436022	NIRSpec	false	full_n2401	1	2401	2401	6000	2.4989587671803415	4.9582515221832172e-06	0.049460259569938873	jwst_mcfost/runs/strict_continuum_cavity_mass_q_v1/anchors/w002/strict_continuum_anchor.lambda	7c9f0b769ebc9634e2a3203ac84f4fbc00b323b2ba59b01aed9c107319f2ee5f	41001	128000	jwst_mcfost/runs/strict_continuum_cavity_mass_q_v1/models/m2p25_c24p0_a0p40_q3p25_i0p05/disk_envelope_m2p25_c24p0_a0p40_q3p25_i0p05_rt.para	238130d76387998290b360c7dc68c330824e95e48a1cd2a70c2625f90e1c986c	14	jwst_mcfost/runs/strict_continuum_cavity_mass_q_v1/models/m2p25_c24p0_a0p40_q3p25_i0p05/temperature	jwst_mcfost/runs/strict_continuum_cavity_mass_q_v1/rt_tasks/t127_m2p25_c24p0_a0p40_q3p25_i0p05_w002
128	14	m2p25_c24p0_a0p40_q3p25_i0p05	2.25	0.000225	c24p0	24.0	224.603677390422	100	1.0	6	0.40	3.25	0.05	70.0	7.3011756855e-08	2	3	w003	near_ir_rise	59	1.7588530996181813	1.7588530996181813	NIRSpec	false	full_n2401	1	2401	2401	6000	2.4989587671803415	4.9582515221832172e-06	0.058042152287399985	jwst_mcfost/runs/strict_continuum_cavity_mass_q_v1/anchors/w003/strict_continuum_anchor.lambda	ca23ebfe8f0349583e11ddd47bbd4cca509749dd6ae81b3fe7eb58a679cdd3b2	41001	128000	jwst_mcfost/runs/strict_continuum_cavity_mass_q_v1/models/m2p25_c24p0_a0p40_q3p25_i0p05/disk_envelope_m2p25_c24p0_a0p40_q3p25_i0p05_rt.para	238130d76387998290b360c7dc68c330824e95e48a1cd2a70c2625f90e1c986c	14	jwst_mcfost/runs/strict_continuum_cavity_mass_q_v1/models/m2p25_c24p0_a0p40_q3p25_i0p05/temperature	jwst_mcfost/runs/strict_continuum_cavity_mass_q_v1/rt_tasks/t128_m2p25_c24p0_a0p40_q3p25_i0p05_w003
129	14	m2p25_c24p0_a0p40_q3p25_i0p05	2.25	0.000225	c24p0	24.0	224.603677390422	100	1.0	6	0.40	3.25	0.05	70.0	7.3011756855e-08	3	4	w004	near_ir_rise	81	2.1916659199557045	2.1916659199557045	NIRSpec	false	full_n2401	1	2401	2401	6000	2.4989587671803415	4.9582515221832172e-06	0.072324975358538254	jwst_mcfost/runs/strict_continuum_cavity_mass_q_v1/anchors/w004/strict_continuum_anchor.lambda	9605b60fa355a7a0a695ed93588c2e13ae03a474ff5df9fa6d55609f7e399107	41001	128000	jwst_mcfost/runs/strict_continuum_cavity_mass_q_v1/models/m2p25_c24p0_a0p40_q3p25_i0p05/disk_envelope_m2p25_c24p0_a0p40_q3p25_i0p05_rt.para	238130d76387998290b360c7dc68c330824e95e48a1cd2a70c2625f90e1c986c	14	jwst_mcfost/runs/strict_continuum_cavity_mass_q_v1/models/m2p25_c24p0_a0p40_q3p25_i0p05/temperature	jwst_mcfost/runs/strict_continuum_cavity_mass_q_v1/rt_tasks/t129_m2p25_c24p0_a0p40_q3p25_i0p05_w004
130	14	m2p25_c24p0_a0p40_q3p25_i0p05	2.25	0.000225	c24p0	24.0	224.603677390422	100	1.0	6	0.40	3.25	0.05	70.0	7.3011756855e-08	4	5	w005	near_ir_rise	96	2.546352514425122	2.546352514425122	NIRSpec	true	full_n2401	1	2401	2401	6000	2.4989587671803415	4.9582515221832172e-06	0.084029632976029028	jwst_mcfost/runs/strict_continuum_cavity_mass_q_v1/anchors/w005/strict_continuum_anchor.lambda	9f7b6faedc4a44f32c6ae5b8b39d492d3c9ec0dc73b4dd191c2f6d60af0cd529	41001	128000	jwst_mcfost/runs/strict_continuum_cavity_mass_q_v1/models/m2p25_c24p0_a0p40_q3p25_i0p05/disk_envelope_m2p25_c24p0_a0p40_q3p25_i0p05_rt.para	238130d76387998290b360c7dc68c330824e95e48a1cd2a70c2625f90e1c986c	14	jwst_mcfost/runs/strict_continuum_cavity_mass_q_v1/models/m2p25_c24p0_a0p40_q3p25_i0p05/temperature	jwst_mcfost/runs/strict_continuum_cavity_mass_q_v1/rt_tasks/t130_m2p25_c24p0_a0p40_q3p25_i0p05_w005
131	14	m2p25_c24p0_a0p40_q3p25_i0p05	2.25	0.000225	c24p0	24.0	224.603677390422	100	1.0	6	0.40	3.25	0.05	70.0	7.3011756855e-08	5	6	w006	window_3p9	139	3.9143995604061015	3.9143995604061015	NIRSpec	true	support_zoom_n2401	1.9975051980918284	2401	2401	3003.7468767198525	1.2510399319949406	2.4822220872915486e-06	0.12917518549340135	jwst_mcfost/runs/strict_continuum_cavity_mass_q_v1/anchors/w006/strict_continuum_anchor.lambda	a1d444714c9de2dd1e9aa1d5669069a1be6dae0324e94c47a0b9c4ab6e1f11d0	41001	128000	jwst_mcfost/runs/strict_continuum_cavity_mass_q_v1/models/m2p25_c24p0_a0p40_q3p25_i0p05/disk_envelope_m2p25_c24p0_a0p40_q3p25_i0p05_rt.para	238130d76387998290b360c7dc68c330824e95e48a1cd2a70c2625f90e1c986c	14	jwst_mcfost/runs/strict_continuum_cavity_mass_q_v1/models/m2p25_c24p0_a0p40_q3p25_i0p05/temperature	jwst_mcfost/runs/strict_continuum_cavity_mass_q_v1/rt_tasks/t131_m2p25_c24p0_a0p40_q3p25_i0p05_w006
132	14	m2p25_c24p0_a0p40_q3p25_i0p05	2.25	0.000225	c24p0	24.0	224.603677390422	100	1.0	6	0.40	3.25	0.05	70.0	7.3011756855e-08	6	7	w007	window_5p4	171	5.3906283153397085	5.3906283153397085	MIRI	false	support_zoom_n2401	1.9975051980918284	2401	2401	3003.7468767198525	1.2510399319949406	2.4822220872915486e-06	0.28389073440621038	jwst_mcfost/runs/strict_continuum_cavity_mass_q_v1/anchors/w007/strict_continuum_anchor.lambda	2c99cc57bcad833e9a4a9cfca63390c89d9538a1049959460c43c1c449c61679	41001	128000	jwst_mcfost/runs/strict_continuum_cavity_mass_q_v1/models/m2p25_c24p0_a0p40_q3p25_i0p05/disk_envelope_m2p25_c24p0_a0p40_q3p25_i0p05_rt.para	238130d76387998290b360c7dc68c330824e95e48a1cd2a70c2625f90e1c986c	14	jwst_mcfost/runs/strict_continuum_cavity_mass_q_v1/models/m2p25_c24p0_a0p40_q3p25_i0p05/temperature	jwst_mcfost/runs/strict_continuum_cavity_mass_q_v1/rt_tasks/t132_m2p25_c24p0_a0p40_q3p25_i0p05_w007
133	14	m2p25_c24p0_a0p40_q3p25_i0p05	2.25	0.000225	c24p0	24.0	224.603677390422	100	1.0	6	0.40	3.25	0.05	70.0	7.3011756855e-08	7	8	w008	window_13p8	265	13.799908320389276	13.799908320389276	MIRI	false	zoom_n1201	3.9933471945199667	1201	1201	1502.4989583259237	1.2510399319949406	2.4822220872915486e-06	0.5613969745728461	jwst_mcfost/runs/strict_continuum_cavity_mass_q_v1/anchors/w008/strict_continuum_anchor.lambda	6095ab5c3fa56c0623b01f21835d7c8f1fba5d60d5f1f03735e495109c6381d3	41001	128000	jwst_mcfost/runs/strict_continuum_cavity_mass_q_v1/models/m2p25_c24p0_a0p40_q3p25_i0p05/disk_envelope_m2p25_c24p0_a0p40_q3p25_i0p05_rt.para	238130d76387998290b360c7dc68c330824e95e48a1cd2a70c2625f90e1c986c	14	jwst_mcfost/runs/strict_continuum_cavity_mass_q_v1/models/m2p25_c24p0_a0p40_q3p25_i0p05/temperature	jwst_mcfost/runs/strict_continuum_cavity_mass_q_v1/rt_tasks/t133_m2p25_c24p0_a0p40_q3p25_i0p05_w008
134	14	m2p25_c24p0_a0p40_q3p25_i0p05	2.25	0.000225	c24p0	24.0	224.603677390422	100	1.0	6	0.40	3.25	0.05	70.0	7.3011756855e-08	8	9	w009	window_27p5	334	27.513091575690556	27.513091575690556	MIRI	false	zoom_n1201	3.9933471945199667	1201	1201	1502.4989583259237	1.2510399319949406	2.4822220872915486e-06	1.0139320219977885	jwst_mcfost/runs/strict_continuum_cavity_mass_q_v1/anchors/w009/strict_continuum_anchor.lambda	41fd9d2d54ef93ed35fec02dd7d1d9a393b88e9fcc443fc088d958a549ab4723	41001	128000	jwst_mcfost/runs/strict_continuum_cavity_mass_q_v1/models/m2p25_c24p0_a0p40_q3p25_i0p05/disk_envelope_m2p25_c24p0_a0p40_q3p25_i0p05_rt.para	238130d76387998290b360c7dc68c330824e95e48a1cd2a70c2625f90e1c986c	14	jwst_mcfost/runs/strict_continuum_cavity_mass_q_v1/models/m2p25_c24p0_a0p40_q3p25_i0p05/temperature	jwst_mcfost/runs/strict_continuum_cavity_mass_q_v1/rt_tasks/t134_m2p25_c24p0_a0p40_q3p25_i0p05_w009
135	15	m2p50_c15p0_a0p40_q2p75_i0p05	2.50	0.00025	c15p0	15.0	373.205080756888	100	1.0	2	0.40	2.75	0.05	70.0	7.3011756855e-08	0	1	w001	near_ir_short	21	1.2028117593024095	1.2028117593024095	NIRSpec	false	full_n2401	1	2401	2401	6000	2.4989587671803415	4.9582515221832172e-06	0.039692788056979511	jwst_mcfost/runs/strict_continuum_cavity_mass_q_v1/anchors/w001/strict_continuum_anchor.lambda	3a4c05f3e67c2a1c93b19eb17fbfc715bf9582d86bbc727fc0416e86fc3bcfdb	41001	128000	jwst_mcfost/runs/strict_continuum_cavity_mass_q_v1/models/m2p50_c15p0_a0p40_q2p75_i0p05/disk_envelope_m2p50_c15p0_a0p40_q2p75_i0p05_rt.para	7f2412f80d205e547c990b6aea200b815cf24812d82492e82fc01650798fd1f9	15	jwst_mcfost/runs/strict_continuum_cavity_mass_q_v1/models/m2p50_c15p0_a0p40_q2p75_i0p05/temperature	jwst_mcfost/runs/strict_continuum_cavity_mass_q_v1/rt_tasks/t135_m2p50_c15p0_a0p40_q2p75_i0p05_w001
136	15	m2p50_c15p0_a0p40_q2p75_i0p05	2.50	0.00025	c15p0	15.0	373.205080756888	100	1.0	2	0.40	2.75	0.05	70.0	7.3011756855e-08	1	2	w002	near_ir_short	43	1.4987957445436022	1.4987957445436022	NIRSpec	false	full_n2401	1	2401	2401	6000	2.4989587671803415	4.9582515221832172e-06	0.049460259569938873	jwst_mcfost/runs/strict_continuum_cavity_mass_q_v1/anchors/w002/strict_continuum_anchor.lambda	7c9f0b769ebc9634e2a3203ac84f4fbc00b323b2ba59b01aed9c107319f2ee5f	41001	128000	jwst_mcfost/runs/strict_continuum_cavity_mass_q_v1/models/m2p50_c15p0_a0p40_q2p75_i0p05/disk_envelope_m2p50_c15p0_a0p40_q2p75_i0p05_rt.para	7f2412f80d205e547c990b6aea200b815cf24812d82492e82fc01650798fd1f9	15	jwst_mcfost/runs/strict_continuum_cavity_mass_q_v1/models/m2p50_c15p0_a0p40_q2p75_i0p05/temperature	jwst_mcfost/runs/strict_continuum_cavity_mass_q_v1/rt_tasks/t136_m2p50_c15p0_a0p40_q2p75_i0p05_w002
137	15	m2p50_c15p0_a0p40_q2p75_i0p05	2.50	0.00025	c15p0	15.0	373.205080756888	100	1.0	2	0.40	2.75	0.05	70.0	7.3011756855e-08	2	3	w003	near_ir_rise	59	1.7588530996181813	1.7588530996181813	NIRSpec	false	full_n2401	1	2401	2401	6000	2.4989587671803415	4.9582515221832172e-06	0.058042152287399985	jwst_mcfost/runs/strict_continuum_cavity_mass_q_v1/anchors/w003/strict_continuum_anchor.lambda	ca23ebfe8f0349583e11ddd47bbd4cca509749dd6ae81b3fe7eb58a679cdd3b2	41001	128000	jwst_mcfost/runs/strict_continuum_cavity_mass_q_v1/models/m2p50_c15p0_a0p40_q2p75_i0p05/disk_envelope_m2p50_c15p0_a0p40_q2p75_i0p05_rt.para	7f2412f80d205e547c990b6aea200b815cf24812d82492e82fc01650798fd1f9	15	jwst_mcfost/runs/strict_continuum_cavity_mass_q_v1/models/m2p50_c15p0_a0p40_q2p75_i0p05/temperature	jwst_mcfost/runs/strict_continuum_cavity_mass_q_v1/rt_tasks/t137_m2p50_c15p0_a0p40_q2p75_i0p05_w003
138	15	m2p50_c15p0_a0p40_q2p75_i0p05	2.50	0.00025	c15p0	15.0	373.205080756888	100	1.0	2	0.40	2.75	0.05	70.0	7.3011756855e-08	3	4	w004	near_ir_rise	81	2.1916659199557045	2.1916659199557045	NIRSpec	false	full_n2401	1	2401	2401	6000	2.4989587671803415	4.9582515221832172e-06	0.072324975358538254	jwst_mcfost/runs/strict_continuum_cavity_mass_q_v1/anchors/w004/strict_continuum_anchor.lambda	9605b60fa355a7a0a695ed93588c2e13ae03a474ff5df9fa6d55609f7e399107	41001	128000	jwst_mcfost/runs/strict_continuum_cavity_mass_q_v1/models/m2p50_c15p0_a0p40_q2p75_i0p05/disk_envelope_m2p50_c15p0_a0p40_q2p75_i0p05_rt.para	7f2412f80d205e547c990b6aea200b815cf24812d82492e82fc01650798fd1f9	15	jwst_mcfost/runs/strict_continuum_cavity_mass_q_v1/models/m2p50_c15p0_a0p40_q2p75_i0p05/temperature	jwst_mcfost/runs/strict_continuum_cavity_mass_q_v1/rt_tasks/t138_m2p50_c15p0_a0p40_q2p75_i0p05_w004
139	15	m2p50_c15p0_a0p40_q2p75_i0p05	2.50	0.00025	c15p0	15.0	373.205080756888	100	1.0	2	0.40	2.75	0.05	70.0	7.3011756855e-08	4	5	w005	near_ir_rise	96	2.546352514425122	2.546352514425122	NIRSpec	true	full_n2401	1	2401	2401	6000	2.4989587671803415	4.9582515221832172e-06	0.084029632976029028	jwst_mcfost/runs/strict_continuum_cavity_mass_q_v1/anchors/w005/strict_continuum_anchor.lambda	9f7b6faedc4a44f32c6ae5b8b39d492d3c9ec0dc73b4dd191c2f6d60af0cd529	41001	128000	jwst_mcfost/runs/strict_continuum_cavity_mass_q_v1/models/m2p50_c15p0_a0p40_q2p75_i0p05/disk_envelope_m2p50_c15p0_a0p40_q2p75_i0p05_rt.para	7f2412f80d205e547c990b6aea200b815cf24812d82492e82fc01650798fd1f9	15	jwst_mcfost/runs/strict_continuum_cavity_mass_q_v1/models/m2p50_c15p0_a0p40_q2p75_i0p05/temperature	jwst_mcfost/runs/strict_continuum_cavity_mass_q_v1/rt_tasks/t139_m2p50_c15p0_a0p40_q2p75_i0p05_w005
140	15	m2p50_c15p0_a0p40_q2p75_i0p05	2.50	0.00025	c15p0	15.0	373.205080756888	100	1.0	2	0.40	2.75	0.05	70.0	7.3011756855e-08	5	6	w006	window_3p9	139	3.9143995604061015	3.9143995604061015	NIRSpec	true	support_zoom_n2401	1.9975051980918284	2401	2401	3003.7468767198525	1.2510399319949406	2.4822220872915486e-06	0.12917518549340135	jwst_mcfost/runs/strict_continuum_cavity_mass_q_v1/anchors/w006/strict_continuum_anchor.lambda	a1d444714c9de2dd1e9aa1d5669069a1be6dae0324e94c47a0b9c4ab6e1f11d0	41001	128000	jwst_mcfost/runs/strict_continuum_cavity_mass_q_v1/models/m2p50_c15p0_a0p40_q2p75_i0p05/disk_envelope_m2p50_c15p0_a0p40_q2p75_i0p05_rt.para	7f2412f80d205e547c990b6aea200b815cf24812d82492e82fc01650798fd1f9	15	jwst_mcfost/runs/strict_continuum_cavity_mass_q_v1/models/m2p50_c15p0_a0p40_q2p75_i0p05/temperature	jwst_mcfost/runs/strict_continuum_cavity_mass_q_v1/rt_tasks/t140_m2p50_c15p0_a0p40_q2p75_i0p05_w006
141	15	m2p50_c15p0_a0p40_q2p75_i0p05	2.50	0.00025	c15p0	15.0	373.205080756888	100	1.0	2	0.40	2.75	0.05	70.0	7.3011756855e-08	6	7	w007	window_5p4	171	5.3906283153397085	5.3906283153397085	MIRI	false	support_zoom_n2401	1.9975051980918284	2401	2401	3003.7468767198525	1.2510399319949406	2.4822220872915486e-06	0.28389073440621038	jwst_mcfost/runs/strict_continuum_cavity_mass_q_v1/anchors/w007/strict_continuum_anchor.lambda	2c99cc57bcad833e9a4a9cfca63390c89d9538a1049959460c43c1c449c61679	41001	128000	jwst_mcfost/runs/strict_continuum_cavity_mass_q_v1/models/m2p50_c15p0_a0p40_q2p75_i0p05/disk_envelope_m2p50_c15p0_a0p40_q2p75_i0p05_rt.para	7f2412f80d205e547c990b6aea200b815cf24812d82492e82fc01650798fd1f9	15	jwst_mcfost/runs/strict_continuum_cavity_mass_q_v1/models/m2p50_c15p0_a0p40_q2p75_i0p05/temperature	jwst_mcfost/runs/strict_continuum_cavity_mass_q_v1/rt_tasks/t141_m2p50_c15p0_a0p40_q2p75_i0p05_w007
142	15	m2p50_c15p0_a0p40_q2p75_i0p05	2.50	0.00025	c15p0	15.0	373.205080756888	100	1.0	2	0.40	2.75	0.05	70.0	7.3011756855e-08	7	8	w008	window_13p8	265	13.799908320389276	13.799908320389276	MIRI	false	zoom_n1201	3.9933471945199667	1201	1201	1502.4989583259237	1.2510399319949406	2.4822220872915486e-06	0.5613969745728461	jwst_mcfost/runs/strict_continuum_cavity_mass_q_v1/anchors/w008/strict_continuum_anchor.lambda	6095ab5c3fa56c0623b01f21835d7c8f1fba5d60d5f1f03735e495109c6381d3	41001	128000	jwst_mcfost/runs/strict_continuum_cavity_mass_q_v1/models/m2p50_c15p0_a0p40_q2p75_i0p05/disk_envelope_m2p50_c15p0_a0p40_q2p75_i0p05_rt.para	7f2412f80d205e547c990b6aea200b815cf24812d82492e82fc01650798fd1f9	15	jwst_mcfost/runs/strict_continuum_cavity_mass_q_v1/models/m2p50_c15p0_a0p40_q2p75_i0p05/temperature	jwst_mcfost/runs/strict_continuum_cavity_mass_q_v1/rt_tasks/t142_m2p50_c15p0_a0p40_q2p75_i0p05_w008
143	15	m2p50_c15p0_a0p40_q2p75_i0p05	2.50	0.00025	c15p0	15.0	373.205080756888	100	1.0	2	0.40	2.75	0.05	70.0	7.3011756855e-08	8	9	w009	window_27p5	334	27.513091575690556	27.513091575690556	MIRI	false	zoom_n1201	3.9933471945199667	1201	1201	1502.4989583259237	1.2510399319949406	2.4822220872915486e-06	1.0139320219977885	jwst_mcfost/runs/strict_continuum_cavity_mass_q_v1/anchors/w009/strict_continuum_anchor.lambda	41fd9d2d54ef93ed35fec02dd7d1d9a393b88e9fcc443fc088d958a549ab4723	41001	128000	jwst_mcfost/runs/strict_continuum_cavity_mass_q_v1/models/m2p50_c15p0_a0p40_q2p75_i0p05/disk_envelope_m2p50_c15p0_a0p40_q2p75_i0p05_rt.para	7f2412f80d205e547c990b6aea200b815cf24812d82492e82fc01650798fd1f9	15	jwst_mcfost/runs/strict_continuum_cavity_mass_q_v1/models/m2p50_c15p0_a0p40_q2p75_i0p05/temperature	jwst_mcfost/runs/strict_continuum_cavity_mass_q_v1/rt_tasks/t143_m2p50_c15p0_a0p40_q2p75_i0p05_w009
144	16	m2p50_c17p5_a0p40_q2p75_i0p05	2.50	0.00025	c17p5	17.5	317.159480236321	100	1.0	3	0.40	2.75	0.05	70.0	7.3011756855e-08	0	1	w001	near_ir_short	21	1.2028117593024095	1.2028117593024095	NIRSpec	false	full_n2401	1	2401	2401	6000	2.4989587671803415	4.9582515221832172e-06	0.039692788056979511	jwst_mcfost/runs/strict_continuum_cavity_mass_q_v1/anchors/w001/strict_continuum_anchor.lambda	3a4c05f3e67c2a1c93b19eb17fbfc715bf9582d86bbc727fc0416e86fc3bcfdb	41001	128000	jwst_mcfost/runs/strict_continuum_cavity_mass_q_v1/models/m2p50_c17p5_a0p40_q2p75_i0p05/disk_envelope_m2p50_c17p5_a0p40_q2p75_i0p05_rt.para	7f2412f80d205e547c990b6aea200b815cf24812d82492e82fc01650798fd1f9	16	jwst_mcfost/runs/strict_continuum_cavity_mass_q_v1/models/m2p50_c17p5_a0p40_q2p75_i0p05/temperature	jwst_mcfost/runs/strict_continuum_cavity_mass_q_v1/rt_tasks/t144_m2p50_c17p5_a0p40_q2p75_i0p05_w001
145	16	m2p50_c17p5_a0p40_q2p75_i0p05	2.50	0.00025	c17p5	17.5	317.159480236321	100	1.0	3	0.40	2.75	0.05	70.0	7.3011756855e-08	1	2	w002	near_ir_short	43	1.4987957445436022	1.4987957445436022	NIRSpec	false	full_n2401	1	2401	2401	6000	2.4989587671803415	4.9582515221832172e-06	0.049460259569938873	jwst_mcfost/runs/strict_continuum_cavity_mass_q_v1/anchors/w002/strict_continuum_anchor.lambda	7c9f0b769ebc9634e2a3203ac84f4fbc00b323b2ba59b01aed9c107319f2ee5f	41001	128000	jwst_mcfost/runs/strict_continuum_cavity_mass_q_v1/models/m2p50_c17p5_a0p40_q2p75_i0p05/disk_envelope_m2p50_c17p5_a0p40_q2p75_i0p05_rt.para	7f2412f80d205e547c990b6aea200b815cf24812d82492e82fc01650798fd1f9	16	jwst_mcfost/runs/strict_continuum_cavity_mass_q_v1/models/m2p50_c17p5_a0p40_q2p75_i0p05/temperature	jwst_mcfost/runs/strict_continuum_cavity_mass_q_v1/rt_tasks/t145_m2p50_c17p5_a0p40_q2p75_i0p05_w002
146	16	m2p50_c17p5_a0p40_q2p75_i0p05	2.50	0.00025	c17p5	17.5	317.159480236321	100	1.0	3	0.40	2.75	0.05	70.0	7.3011756855e-08	2	3	w003	near_ir_rise	59	1.7588530996181813	1.7588530996181813	NIRSpec	false	full_n2401	1	2401	2401	6000	2.4989587671803415	4.9582515221832172e-06	0.058042152287399985	jwst_mcfost/runs/strict_continuum_cavity_mass_q_v1/anchors/w003/strict_continuum_anchor.lambda	ca23ebfe8f0349583e11ddd47bbd4cca509749dd6ae81b3fe7eb58a679cdd3b2	41001	128000	jwst_mcfost/runs/strict_continuum_cavity_mass_q_v1/models/m2p50_c17p5_a0p40_q2p75_i0p05/disk_envelope_m2p50_c17p5_a0p40_q2p75_i0p05_rt.para	7f2412f80d205e547c990b6aea200b815cf24812d82492e82fc01650798fd1f9	16	jwst_mcfost/runs/strict_continuum_cavity_mass_q_v1/models/m2p50_c17p5_a0p40_q2p75_i0p05/temperature	jwst_mcfost/runs/strict_continuum_cavity_mass_q_v1/rt_tasks/t146_m2p50_c17p5_a0p40_q2p75_i0p05_w003
147	16	m2p50_c17p5_a0p40_q2p75_i0p05	2.50	0.00025	c17p5	17.5	317.159480236321	100	1.0	3	0.40	2.75	0.05	70.0	7.3011756855e-08	3	4	w004	near_ir_rise	81	2.1916659199557045	2.1916659199557045	NIRSpec	false	full_n2401	1	2401	2401	6000	2.4989587671803415	4.9582515221832172e-06	0.072324975358538254	jwst_mcfost/runs/strict_continuum_cavity_mass_q_v1/anchors/w004/strict_continuum_anchor.lambda	9605b60fa355a7a0a695ed93588c2e13ae03a474ff5df9fa6d55609f7e399107	41001	128000	jwst_mcfost/runs/strict_continuum_cavity_mass_q_v1/models/m2p50_c17p5_a0p40_q2p75_i0p05/disk_envelope_m2p50_c17p5_a0p40_q2p75_i0p05_rt.para	7f2412f80d205e547c990b6aea200b815cf24812d82492e82fc01650798fd1f9	16	jwst_mcfost/runs/strict_continuum_cavity_mass_q_v1/models/m2p50_c17p5_a0p40_q2p75_i0p05/temperature	jwst_mcfost/runs/strict_continuum_cavity_mass_q_v1/rt_tasks/t147_m2p50_c17p5_a0p40_q2p75_i0p05_w004
148	16	m2p50_c17p5_a0p40_q2p75_i0p05	2.50	0.00025	c17p5	17.5	317.159480236321	100	1.0	3	0.40	2.75	0.05	70.0	7.3011756855e-08	4	5	w005	near_ir_rise	96	2.546352514425122	2.546352514425122	NIRSpec	true	full_n2401	1	2401	2401	6000	2.4989587671803415	4.9582515221832172e-06	0.084029632976029028	jwst_mcfost/runs/strict_continuum_cavity_mass_q_v1/anchors/w005/strict_continuum_anchor.lambda	9f7b6faedc4a44f32c6ae5b8b39d492d3c9ec0dc73b4dd191c2f6d60af0cd529	41001	128000	jwst_mcfost/runs/strict_continuum_cavity_mass_q_v1/models/m2p50_c17p5_a0p40_q2p75_i0p05/disk_envelope_m2p50_c17p5_a0p40_q2p75_i0p05_rt.para	7f2412f80d205e547c990b6aea200b815cf24812d82492e82fc01650798fd1f9	16	jwst_mcfost/runs/strict_continuum_cavity_mass_q_v1/models/m2p50_c17p5_a0p40_q2p75_i0p05/temperature	jwst_mcfost/runs/strict_continuum_cavity_mass_q_v1/rt_tasks/t148_m2p50_c17p5_a0p40_q2p75_i0p05_w005
149	16	m2p50_c17p5_a0p40_q2p75_i0p05	2.50	0.00025	c17p5	17.5	317.159480236321	100	1.0	3	0.40	2.75	0.05	70.0	7.3011756855e-08	5	6	w006	window_3p9	139	3.9143995604061015	3.9143995604061015	NIRSpec	true	support_zoom_n2401	1.9975051980918284	2401	2401	3003.7468767198525	1.2510399319949406	2.4822220872915486e-06	0.12917518549340135	jwst_mcfost/runs/strict_continuum_cavity_mass_q_v1/anchors/w006/strict_continuum_anchor.lambda	a1d444714c9de2dd1e9aa1d5669069a1be6dae0324e94c47a0b9c4ab6e1f11d0	41001	128000	jwst_mcfost/runs/strict_continuum_cavity_mass_q_v1/models/m2p50_c17p5_a0p40_q2p75_i0p05/disk_envelope_m2p50_c17p5_a0p40_q2p75_i0p05_rt.para	7f2412f80d205e547c990b6aea200b815cf24812d82492e82fc01650798fd1f9	16	jwst_mcfost/runs/strict_continuum_cavity_mass_q_v1/models/m2p50_c17p5_a0p40_q2p75_i0p05/temperature	jwst_mcfost/runs/strict_continuum_cavity_mass_q_v1/rt_tasks/t149_m2p50_c17p5_a0p40_q2p75_i0p05_w006
150	16	m2p50_c17p5_a0p40_q2p75_i0p05	2.50	0.00025	c17p5	17.5	317.159480236321	100	1.0	3	0.40	2.75	0.05	70.0	7.3011756855e-08	6	7	w007	window_5p4	171	5.3906283153397085	5.3906283153397085	MIRI	false	support_zoom_n2401	1.9975051980918284	2401	2401	3003.7468767198525	1.2510399319949406	2.4822220872915486e-06	0.28389073440621038	jwst_mcfost/runs/strict_continuum_cavity_mass_q_v1/anchors/w007/strict_continuum_anchor.lambda	2c99cc57bcad833e9a4a9cfca63390c89d9538a1049959460c43c1c449c61679	41001	128000	jwst_mcfost/runs/strict_continuum_cavity_mass_q_v1/models/m2p50_c17p5_a0p40_q2p75_i0p05/disk_envelope_m2p50_c17p5_a0p40_q2p75_i0p05_rt.para	7f2412f80d205e547c990b6aea200b815cf24812d82492e82fc01650798fd1f9	16	jwst_mcfost/runs/strict_continuum_cavity_mass_q_v1/models/m2p50_c17p5_a0p40_q2p75_i0p05/temperature	jwst_mcfost/runs/strict_continuum_cavity_mass_q_v1/rt_tasks/t150_m2p50_c17p5_a0p40_q2p75_i0p05_w007
151	16	m2p50_c17p5_a0p40_q2p75_i0p05	2.50	0.00025	c17p5	17.5	317.159480236321	100	1.0	3	0.40	2.75	0.05	70.0	7.3011756855e-08	7	8	w008	window_13p8	265	13.799908320389276	13.799908320389276	MIRI	false	zoom_n1201	3.9933471945199667	1201	1201	1502.4989583259237	1.2510399319949406	2.4822220872915486e-06	0.5613969745728461	jwst_mcfost/runs/strict_continuum_cavity_mass_q_v1/anchors/w008/strict_continuum_anchor.lambda	6095ab5c3fa56c0623b01f21835d7c8f1fba5d60d5f1f03735e495109c6381d3	41001	128000	jwst_mcfost/runs/strict_continuum_cavity_mass_q_v1/models/m2p50_c17p5_a0p40_q2p75_i0p05/disk_envelope_m2p50_c17p5_a0p40_q2p75_i0p05_rt.para	7f2412f80d205e547c990b6aea200b815cf24812d82492e82fc01650798fd1f9	16	jwst_mcfost/runs/strict_continuum_cavity_mass_q_v1/models/m2p50_c17p5_a0p40_q2p75_i0p05/temperature	jwst_mcfost/runs/strict_continuum_cavity_mass_q_v1/rt_tasks/t151_m2p50_c17p5_a0p40_q2p75_i0p05_w008
152	16	m2p50_c17p5_a0p40_q2p75_i0p05	2.50	0.00025	c17p5	17.5	317.159480236321	100	1.0	3	0.40	2.75	0.05	70.0	7.3011756855e-08	8	9	w009	window_27p5	334	27.513091575690556	27.513091575690556	MIRI	false	zoom_n1201	3.9933471945199667	1201	1201	1502.4989583259237	1.2510399319949406	2.4822220872915486e-06	1.0139320219977885	jwst_mcfost/runs/strict_continuum_cavity_mass_q_v1/anchors/w009/strict_continuum_anchor.lambda	41fd9d2d54ef93ed35fec02dd7d1d9a393b88e9fcc443fc088d958a549ab4723	41001	128000	jwst_mcfost/runs/strict_continuum_cavity_mass_q_v1/models/m2p50_c17p5_a0p40_q2p75_i0p05/disk_envelope_m2p50_c17p5_a0p40_q2p75_i0p05_rt.para	7f2412f80d205e547c990b6aea200b815cf24812d82492e82fc01650798fd1f9	16	jwst_mcfost/runs/strict_continuum_cavity_mass_q_v1/models/m2p50_c17p5_a0p40_q2p75_i0p05/temperature	jwst_mcfost/runs/strict_continuum_cavity_mass_q_v1/rt_tasks/t152_m2p50_c17p5_a0p40_q2p75_i0p05_w009
153	17	m2p50_c20p0_a0p40_q2p75_i0p05	2.50	0.00025	c20p0	20.0	274.7	100	1.0	4	0.40	2.75	0.05	70.0	7.3011756855e-08	0	1	w001	near_ir_short	21	1.2028117593024095	1.2028117593024095	NIRSpec	false	full_n2401	1	2401	2401	6000	2.4989587671803415	4.9582515221832172e-06	0.039692788056979511	jwst_mcfost/runs/strict_continuum_cavity_mass_q_v1/anchors/w001/strict_continuum_anchor.lambda	3a4c05f3e67c2a1c93b19eb17fbfc715bf9582d86bbc727fc0416e86fc3bcfdb	41001	128000	jwst_mcfost/runs/strict_continuum_cavity_mass_q_v1/models/m2p50_c20p0_a0p40_q2p75_i0p05/disk_envelope_m2p50_c20p0_a0p40_q2p75_i0p05_rt.para	7f2412f80d205e547c990b6aea200b815cf24812d82492e82fc01650798fd1f9	17	jwst_mcfost/runs/strict_continuum_cavity_mass_q_v1/models/m2p50_c20p0_a0p40_q2p75_i0p05/temperature	jwst_mcfost/runs/strict_continuum_cavity_mass_q_v1/rt_tasks/t153_m2p50_c20p0_a0p40_q2p75_i0p05_w001
154	17	m2p50_c20p0_a0p40_q2p75_i0p05	2.50	0.00025	c20p0	20.0	274.7	100	1.0	4	0.40	2.75	0.05	70.0	7.3011756855e-08	1	2	w002	near_ir_short	43	1.4987957445436022	1.4987957445436022	NIRSpec	false	full_n2401	1	2401	2401	6000	2.4989587671803415	4.9582515221832172e-06	0.049460259569938873	jwst_mcfost/runs/strict_continuum_cavity_mass_q_v1/anchors/w002/strict_continuum_anchor.lambda	7c9f0b769ebc9634e2a3203ac84f4fbc00b323b2ba59b01aed9c107319f2ee5f	41001	128000	jwst_mcfost/runs/strict_continuum_cavity_mass_q_v1/models/m2p50_c20p0_a0p40_q2p75_i0p05/disk_envelope_m2p50_c20p0_a0p40_q2p75_i0p05_rt.para	7f2412f80d205e547c990b6aea200b815cf24812d82492e82fc01650798fd1f9	17	jwst_mcfost/runs/strict_continuum_cavity_mass_q_v1/models/m2p50_c20p0_a0p40_q2p75_i0p05/temperature	jwst_mcfost/runs/strict_continuum_cavity_mass_q_v1/rt_tasks/t154_m2p50_c20p0_a0p40_q2p75_i0p05_w002
155	17	m2p50_c20p0_a0p40_q2p75_i0p05	2.50	0.00025	c20p0	20.0	274.7	100	1.0	4	0.40	2.75	0.05	70.0	7.3011756855e-08	2	3	w003	near_ir_rise	59	1.7588530996181813	1.7588530996181813	NIRSpec	false	full_n2401	1	2401	2401	6000	2.4989587671803415	4.9582515221832172e-06	0.058042152287399985	jwst_mcfost/runs/strict_continuum_cavity_mass_q_v1/anchors/w003/strict_continuum_anchor.lambda	ca23ebfe8f0349583e11ddd47bbd4cca509749dd6ae81b3fe7eb58a679cdd3b2	41001	128000	jwst_mcfost/runs/strict_continuum_cavity_mass_q_v1/models/m2p50_c20p0_a0p40_q2p75_i0p05/disk_envelope_m2p50_c20p0_a0p40_q2p75_i0p05_rt.para	7f2412f80d205e547c990b6aea200b815cf24812d82492e82fc01650798fd1f9	17	jwst_mcfost/runs/strict_continuum_cavity_mass_q_v1/models/m2p50_c20p0_a0p40_q2p75_i0p05/temperature	jwst_mcfost/runs/strict_continuum_cavity_mass_q_v1/rt_tasks/t155_m2p50_c20p0_a0p40_q2p75_i0p05_w003
156	17	m2p50_c20p0_a0p40_q2p75_i0p05	2.50	0.00025	c20p0	20.0	274.7	100	1.0	4	0.40	2.75	0.05	70.0	7.3011756855e-08	3	4	w004	near_ir_rise	81	2.1916659199557045	2.1916659199557045	NIRSpec	false	full_n2401	1	2401	2401	6000	2.4989587671803415	4.9582515221832172e-06	0.072324975358538254	jwst_mcfost/runs/strict_continuum_cavity_mass_q_v1/anchors/w004/strict_continuum_anchor.lambda	9605b60fa355a7a0a695ed93588c2e13ae03a474ff5df9fa6d55609f7e399107	41001	128000	jwst_mcfost/runs/strict_continuum_cavity_mass_q_v1/models/m2p50_c20p0_a0p40_q2p75_i0p05/disk_envelope_m2p50_c20p0_a0p40_q2p75_i0p05_rt.para	7f2412f80d205e547c990b6aea200b815cf24812d82492e82fc01650798fd1f9	17	jwst_mcfost/runs/strict_continuum_cavity_mass_q_v1/models/m2p50_c20p0_a0p40_q2p75_i0p05/temperature	jwst_mcfost/runs/strict_continuum_cavity_mass_q_v1/rt_tasks/t156_m2p50_c20p0_a0p40_q2p75_i0p05_w004
157	17	m2p50_c20p0_a0p40_q2p75_i0p05	2.50	0.00025	c20p0	20.0	274.7	100	1.0	4	0.40	2.75	0.05	70.0	7.3011756855e-08	4	5	w005	near_ir_rise	96	2.546352514425122	2.546352514425122	NIRSpec	true	full_n2401	1	2401	2401	6000	2.4989587671803415	4.9582515221832172e-06	0.084029632976029028	jwst_mcfost/runs/strict_continuum_cavity_mass_q_v1/anchors/w005/strict_continuum_anchor.lambda	9f7b6faedc4a44f32c6ae5b8b39d492d3c9ec0dc73b4dd191c2f6d60af0cd529	41001	128000	jwst_mcfost/runs/strict_continuum_cavity_mass_q_v1/models/m2p50_c20p0_a0p40_q2p75_i0p05/disk_envelope_m2p50_c20p0_a0p40_q2p75_i0p05_rt.para	7f2412f80d205e547c990b6aea200b815cf24812d82492e82fc01650798fd1f9	17	jwst_mcfost/runs/strict_continuum_cavity_mass_q_v1/models/m2p50_c20p0_a0p40_q2p75_i0p05/temperature	jwst_mcfost/runs/strict_continuum_cavity_mass_q_v1/rt_tasks/t157_m2p50_c20p0_a0p40_q2p75_i0p05_w005
158	17	m2p50_c20p0_a0p40_q2p75_i0p05	2.50	0.00025	c20p0	20.0	274.7	100	1.0	4	0.40	2.75	0.05	70.0	7.3011756855e-08	5	6	w006	window_3p9	139	3.9143995604061015	3.9143995604061015	NIRSpec	true	support_zoom_n2401	1.9975051980918284	2401	2401	3003.7468767198525	1.2510399319949406	2.4822220872915486e-06	0.12917518549340135	jwst_mcfost/runs/strict_continuum_cavity_mass_q_v1/anchors/w006/strict_continuum_anchor.lambda	a1d444714c9de2dd1e9aa1d5669069a1be6dae0324e94c47a0b9c4ab6e1f11d0	41001	128000	jwst_mcfost/runs/strict_continuum_cavity_mass_q_v1/models/m2p50_c20p0_a0p40_q2p75_i0p05/disk_envelope_m2p50_c20p0_a0p40_q2p75_i0p05_rt.para	7f2412f80d205e547c990b6aea200b815cf24812d82492e82fc01650798fd1f9	17	jwst_mcfost/runs/strict_continuum_cavity_mass_q_v1/models/m2p50_c20p0_a0p40_q2p75_i0p05/temperature	jwst_mcfost/runs/strict_continuum_cavity_mass_q_v1/rt_tasks/t158_m2p50_c20p0_a0p40_q2p75_i0p05_w006
159	17	m2p50_c20p0_a0p40_q2p75_i0p05	2.50	0.00025	c20p0	20.0	274.7	100	1.0	4	0.40	2.75	0.05	70.0	7.3011756855e-08	6	7	w007	window_5p4	171	5.3906283153397085	5.3906283153397085	MIRI	false	support_zoom_n2401	1.9975051980918284	2401	2401	3003.7468767198525	1.2510399319949406	2.4822220872915486e-06	0.28389073440621038	jwst_mcfost/runs/strict_continuum_cavity_mass_q_v1/anchors/w007/strict_continuum_anchor.lambda	2c99cc57bcad833e9a4a9cfca63390c89d9538a1049959460c43c1c449c61679	41001	128000	jwst_mcfost/runs/strict_continuum_cavity_mass_q_v1/models/m2p50_c20p0_a0p40_q2p75_i0p05/disk_envelope_m2p50_c20p0_a0p40_q2p75_i0p05_rt.para	7f2412f80d205e547c990b6aea200b815cf24812d82492e82fc01650798fd1f9	17	jwst_mcfost/runs/strict_continuum_cavity_mass_q_v1/models/m2p50_c20p0_a0p40_q2p75_i0p05/temperature	jwst_mcfost/runs/strict_continuum_cavity_mass_q_v1/rt_tasks/t159_m2p50_c20p0_a0p40_q2p75_i0p05_w007
160	17	m2p50_c20p0_a0p40_q2p75_i0p05	2.50	0.00025	c20p0	20.0	274.7	100	1.0	4	0.40	2.75	0.05	70.0	7.3011756855e-08	7	8	w008	window_13p8	265	13.799908320389276	13.799908320389276	MIRI	false	zoom_n1201	3.9933471945199667	1201	1201	1502.4989583259237	1.2510399319949406	2.4822220872915486e-06	0.5613969745728461	jwst_mcfost/runs/strict_continuum_cavity_mass_q_v1/anchors/w008/strict_continuum_anchor.lambda	6095ab5c3fa56c0623b01f21835d7c8f1fba5d60d5f1f03735e495109c6381d3	41001	128000	jwst_mcfost/runs/strict_continuum_cavity_mass_q_v1/models/m2p50_c20p0_a0p40_q2p75_i0p05/disk_envelope_m2p50_c20p0_a0p40_q2p75_i0p05_rt.para	7f2412f80d205e547c990b6aea200b815cf24812d82492e82fc01650798fd1f9	17	jwst_mcfost/runs/strict_continuum_cavity_mass_q_v1/models/m2p50_c20p0_a0p40_q2p75_i0p05/temperature	jwst_mcfost/runs/strict_continuum_cavity_mass_q_v1/rt_tasks/t160_m2p50_c20p0_a0p40_q2p75_i0p05_w008
161	17	m2p50_c20p0_a0p40_q2p75_i0p05	2.50	0.00025	c20p0	20.0	274.7	100	1.0	4	0.40	2.75	0.05	70.0	7.3011756855e-08	8	9	w009	window_27p5	334	27.513091575690556	27.513091575690556	MIRI	false	zoom_n1201	3.9933471945199667	1201	1201	1502.4989583259237	1.2510399319949406	2.4822220872915486e-06	1.0139320219977885	jwst_mcfost/runs/strict_continuum_cavity_mass_q_v1/anchors/w009/strict_continuum_anchor.lambda	41fd9d2d54ef93ed35fec02dd7d1d9a393b88e9fcc443fc088d958a549ab4723	41001	128000	jwst_mcfost/runs/strict_continuum_cavity_mass_q_v1/models/m2p50_c20p0_a0p40_q2p75_i0p05/disk_envelope_m2p50_c20p0_a0p40_q2p75_i0p05_rt.para	7f2412f80d205e547c990b6aea200b815cf24812d82492e82fc01650798fd1f9	17	jwst_mcfost/runs/strict_continuum_cavity_mass_q_v1/models/m2p50_c20p0_a0p40_q2p75_i0p05/temperature	jwst_mcfost/runs/strict_continuum_cavity_mass_q_v1/rt_tasks/t161_m2p50_c20p0_a0p40_q2p75_i0p05_w009
162	18	m2p50_c22p0_a0p40_q2p75_i0p05	2.50	0.00025	c22p0	22.0	247.508685341630	100	1.0	5	0.40	2.75	0.05	70.0	7.3011756855e-08	0	1	w001	near_ir_short	21	1.2028117593024095	1.2028117593024095	NIRSpec	false	full_n2401	1	2401	2401	6000	2.4989587671803415	4.9582515221832172e-06	0.039692788056979511	jwst_mcfost/runs/strict_continuum_cavity_mass_q_v1/anchors/w001/strict_continuum_anchor.lambda	3a4c05f3e67c2a1c93b19eb17fbfc715bf9582d86bbc727fc0416e86fc3bcfdb	41001	128000	jwst_mcfost/runs/strict_continuum_cavity_mass_q_v1/models/m2p50_c22p0_a0p40_q2p75_i0p05/disk_envelope_m2p50_c22p0_a0p40_q2p75_i0p05_rt.para	7f2412f80d205e547c990b6aea200b815cf24812d82492e82fc01650798fd1f9	18	jwst_mcfost/runs/strict_continuum_cavity_mass_q_v1/models/m2p50_c22p0_a0p40_q2p75_i0p05/temperature	jwst_mcfost/runs/strict_continuum_cavity_mass_q_v1/rt_tasks/t162_m2p50_c22p0_a0p40_q2p75_i0p05_w001
163	18	m2p50_c22p0_a0p40_q2p75_i0p05	2.50	0.00025	c22p0	22.0	247.508685341630	100	1.0	5	0.40	2.75	0.05	70.0	7.3011756855e-08	1	2	w002	near_ir_short	43	1.4987957445436022	1.4987957445436022	NIRSpec	false	full_n2401	1	2401	2401	6000	2.4989587671803415	4.9582515221832172e-06	0.049460259569938873	jwst_mcfost/runs/strict_continuum_cavity_mass_q_v1/anchors/w002/strict_continuum_anchor.lambda	7c9f0b769ebc9634e2a3203ac84f4fbc00b323b2ba59b01aed9c107319f2ee5f	41001	128000	jwst_mcfost/runs/strict_continuum_cavity_mass_q_v1/models/m2p50_c22p0_a0p40_q2p75_i0p05/disk_envelope_m2p50_c22p0_a0p40_q2p75_i0p05_rt.para	7f2412f80d205e547c990b6aea200b815cf24812d82492e82fc01650798fd1f9	18	jwst_mcfost/runs/strict_continuum_cavity_mass_q_v1/models/m2p50_c22p0_a0p40_q2p75_i0p05/temperature	jwst_mcfost/runs/strict_continuum_cavity_mass_q_v1/rt_tasks/t163_m2p50_c22p0_a0p40_q2p75_i0p05_w002
164	18	m2p50_c22p0_a0p40_q2p75_i0p05	2.50	0.00025	c22p0	22.0	247.508685341630	100	1.0	5	0.40	2.75	0.05	70.0	7.3011756855e-08	2	3	w003	near_ir_rise	59	1.7588530996181813	1.7588530996181813	NIRSpec	false	full_n2401	1	2401	2401	6000	2.4989587671803415	4.9582515221832172e-06	0.058042152287399985	jwst_mcfost/runs/strict_continuum_cavity_mass_q_v1/anchors/w003/strict_continuum_anchor.lambda	ca23ebfe8f0349583e11ddd47bbd4cca509749dd6ae81b3fe7eb58a679cdd3b2	41001	128000	jwst_mcfost/runs/strict_continuum_cavity_mass_q_v1/models/m2p50_c22p0_a0p40_q2p75_i0p05/disk_envelope_m2p50_c22p0_a0p40_q2p75_i0p05_rt.para	7f2412f80d205e547c990b6aea200b815cf24812d82492e82fc01650798fd1f9	18	jwst_mcfost/runs/strict_continuum_cavity_mass_q_v1/models/m2p50_c22p0_a0p40_q2p75_i0p05/temperature	jwst_mcfost/runs/strict_continuum_cavity_mass_q_v1/rt_tasks/t164_m2p50_c22p0_a0p40_q2p75_i0p05_w003
165	18	m2p50_c22p0_a0p40_q2p75_i0p05	2.50	0.00025	c22p0	22.0	247.508685341630	100	1.0	5	0.40	2.75	0.05	70.0	7.3011756855e-08	3	4	w004	near_ir_rise	81	2.1916659199557045	2.1916659199557045	NIRSpec	false	full_n2401	1	2401	2401	6000	2.4989587671803415	4.9582515221832172e-06	0.072324975358538254	jwst_mcfost/runs/strict_continuum_cavity_mass_q_v1/anchors/w004/strict_continuum_anchor.lambda	9605b60fa355a7a0a695ed93588c2e13ae03a474ff5df9fa6d55609f7e399107	41001	128000	jwst_mcfost/runs/strict_continuum_cavity_mass_q_v1/models/m2p50_c22p0_a0p40_q2p75_i0p05/disk_envelope_m2p50_c22p0_a0p40_q2p75_i0p05_rt.para	7f2412f80d205e547c990b6aea200b815cf24812d82492e82fc01650798fd1f9	18	jwst_mcfost/runs/strict_continuum_cavity_mass_q_v1/models/m2p50_c22p0_a0p40_q2p75_i0p05/temperature	jwst_mcfost/runs/strict_continuum_cavity_mass_q_v1/rt_tasks/t165_m2p50_c22p0_a0p40_q2p75_i0p05_w004
166	18	m2p50_c22p0_a0p40_q2p75_i0p05	2.50	0.00025	c22p0	22.0	247.508685341630	100	1.0	5	0.40	2.75	0.05	70.0	7.3011756855e-08	4	5	w005	near_ir_rise	96	2.546352514425122	2.546352514425122	NIRSpec	true	full_n2401	1	2401	2401	6000	2.4989587671803415	4.9582515221832172e-06	0.084029632976029028	jwst_mcfost/runs/strict_continuum_cavity_mass_q_v1/anchors/w005/strict_continuum_anchor.lambda	9f7b6faedc4a44f32c6ae5b8b39d492d3c9ec0dc73b4dd191c2f6d60af0cd529	41001	128000	jwst_mcfost/runs/strict_continuum_cavity_mass_q_v1/models/m2p50_c22p0_a0p40_q2p75_i0p05/disk_envelope_m2p50_c22p0_a0p40_q2p75_i0p05_rt.para	7f2412f80d205e547c990b6aea200b815cf24812d82492e82fc01650798fd1f9	18	jwst_mcfost/runs/strict_continuum_cavity_mass_q_v1/models/m2p50_c22p0_a0p40_q2p75_i0p05/temperature	jwst_mcfost/runs/strict_continuum_cavity_mass_q_v1/rt_tasks/t166_m2p50_c22p0_a0p40_q2p75_i0p05_w005
167	18	m2p50_c22p0_a0p40_q2p75_i0p05	2.50	0.00025	c22p0	22.0	247.508685341630	100	1.0	5	0.40	2.75	0.05	70.0	7.3011756855e-08	5	6	w006	window_3p9	139	3.9143995604061015	3.9143995604061015	NIRSpec	true	support_zoom_n2401	1.9975051980918284	2401	2401	3003.7468767198525	1.2510399319949406	2.4822220872915486e-06	0.12917518549340135	jwst_mcfost/runs/strict_continuum_cavity_mass_q_v1/anchors/w006/strict_continuum_anchor.lambda	a1d444714c9de2dd1e9aa1d5669069a1be6dae0324e94c47a0b9c4ab6e1f11d0	41001	128000	jwst_mcfost/runs/strict_continuum_cavity_mass_q_v1/models/m2p50_c22p0_a0p40_q2p75_i0p05/disk_envelope_m2p50_c22p0_a0p40_q2p75_i0p05_rt.para	7f2412f80d205e547c990b6aea200b815cf24812d82492e82fc01650798fd1f9	18	jwst_mcfost/runs/strict_continuum_cavity_mass_q_v1/models/m2p50_c22p0_a0p40_q2p75_i0p05/temperature	jwst_mcfost/runs/strict_continuum_cavity_mass_q_v1/rt_tasks/t167_m2p50_c22p0_a0p40_q2p75_i0p05_w006
168	18	m2p50_c22p0_a0p40_q2p75_i0p05	2.50	0.00025	c22p0	22.0	247.508685341630	100	1.0	5	0.40	2.75	0.05	70.0	7.3011756855e-08	6	7	w007	window_5p4	171	5.3906283153397085	5.3906283153397085	MIRI	false	support_zoom_n2401	1.9975051980918284	2401	2401	3003.7468767198525	1.2510399319949406	2.4822220872915486e-06	0.28389073440621038	jwst_mcfost/runs/strict_continuum_cavity_mass_q_v1/anchors/w007/strict_continuum_anchor.lambda	2c99cc57bcad833e9a4a9cfca63390c89d9538a1049959460c43c1c449c61679	41001	128000	jwst_mcfost/runs/strict_continuum_cavity_mass_q_v1/models/m2p50_c22p0_a0p40_q2p75_i0p05/disk_envelope_m2p50_c22p0_a0p40_q2p75_i0p05_rt.para	7f2412f80d205e547c990b6aea200b815cf24812d82492e82fc01650798fd1f9	18	jwst_mcfost/runs/strict_continuum_cavity_mass_q_v1/models/m2p50_c22p0_a0p40_q2p75_i0p05/temperature	jwst_mcfost/runs/strict_continuum_cavity_mass_q_v1/rt_tasks/t168_m2p50_c22p0_a0p40_q2p75_i0p05_w007
169	18	m2p50_c22p0_a0p40_q2p75_i0p05	2.50	0.00025	c22p0	22.0	247.508685341630	100	1.0	5	0.40	2.75	0.05	70.0	7.3011756855e-08	7	8	w008	window_13p8	265	13.799908320389276	13.799908320389276	MIRI	false	zoom_n1201	3.9933471945199667	1201	1201	1502.4989583259237	1.2510399319949406	2.4822220872915486e-06	0.5613969745728461	jwst_mcfost/runs/strict_continuum_cavity_mass_q_v1/anchors/w008/strict_continuum_anchor.lambda	6095ab5c3fa56c0623b01f21835d7c8f1fba5d60d5f1f03735e495109c6381d3	41001	128000	jwst_mcfost/runs/strict_continuum_cavity_mass_q_v1/models/m2p50_c22p0_a0p40_q2p75_i0p05/disk_envelope_m2p50_c22p0_a0p40_q2p75_i0p05_rt.para	7f2412f80d205e547c990b6aea200b815cf24812d82492e82fc01650798fd1f9	18	jwst_mcfost/runs/strict_continuum_cavity_mass_q_v1/models/m2p50_c22p0_a0p40_q2p75_i0p05/temperature	jwst_mcfost/runs/strict_continuum_cavity_mass_q_v1/rt_tasks/t169_m2p50_c22p0_a0p40_q2p75_i0p05_w008
170	18	m2p50_c22p0_a0p40_q2p75_i0p05	2.50	0.00025	c22p0	22.0	247.508685341630	100	1.0	5	0.40	2.75	0.05	70.0	7.3011756855e-08	8	9	w009	window_27p5	334	27.513091575690556	27.513091575690556	MIRI	false	zoom_n1201	3.9933471945199667	1201	1201	1502.4989583259237	1.2510399319949406	2.4822220872915486e-06	1.0139320219977885	jwst_mcfost/runs/strict_continuum_cavity_mass_q_v1/anchors/w009/strict_continuum_anchor.lambda	41fd9d2d54ef93ed35fec02dd7d1d9a393b88e9fcc443fc088d958a549ab4723	41001	128000	jwst_mcfost/runs/strict_continuum_cavity_mass_q_v1/models/m2p50_c22p0_a0p40_q2p75_i0p05/disk_envelope_m2p50_c22p0_a0p40_q2p75_i0p05_rt.para	7f2412f80d205e547c990b6aea200b815cf24812d82492e82fc01650798fd1f9	18	jwst_mcfost/runs/strict_continuum_cavity_mass_q_v1/models/m2p50_c22p0_a0p40_q2p75_i0p05/temperature	jwst_mcfost/runs/strict_continuum_cavity_mass_q_v1/rt_tasks/t170_m2p50_c22p0_a0p40_q2p75_i0p05_w009
171	19	m2p50_c24p0_a0p40_q2p75_i0p05	2.50	0.00025	c24p0	24.0	224.603677390422	100	1.0	6	0.40	2.75	0.05	70.0	7.3011756855e-08	0	1	w001	near_ir_short	21	1.2028117593024095	1.2028117593024095	NIRSpec	false	full_n2401	1	2401	2401	6000	2.4989587671803415	4.9582515221832172e-06	0.039692788056979511	jwst_mcfost/runs/strict_continuum_cavity_mass_q_v1/anchors/w001/strict_continuum_anchor.lambda	3a4c05f3e67c2a1c93b19eb17fbfc715bf9582d86bbc727fc0416e86fc3bcfdb	41001	128000	jwst_mcfost/runs/strict_continuum_cavity_mass_q_v1/models/m2p50_c24p0_a0p40_q2p75_i0p05/disk_envelope_m2p50_c24p0_a0p40_q2p75_i0p05_rt.para	7f2412f80d205e547c990b6aea200b815cf24812d82492e82fc01650798fd1f9	19	jwst_mcfost/runs/strict_continuum_cavity_mass_q_v1/models/m2p50_c24p0_a0p40_q2p75_i0p05/temperature	jwst_mcfost/runs/strict_continuum_cavity_mass_q_v1/rt_tasks/t171_m2p50_c24p0_a0p40_q2p75_i0p05_w001
172	19	m2p50_c24p0_a0p40_q2p75_i0p05	2.50	0.00025	c24p0	24.0	224.603677390422	100	1.0	6	0.40	2.75	0.05	70.0	7.3011756855e-08	1	2	w002	near_ir_short	43	1.4987957445436022	1.4987957445436022	NIRSpec	false	full_n2401	1	2401	2401	6000	2.4989587671803415	4.9582515221832172e-06	0.049460259569938873	jwst_mcfost/runs/strict_continuum_cavity_mass_q_v1/anchors/w002/strict_continuum_anchor.lambda	7c9f0b769ebc9634e2a3203ac84f4fbc00b323b2ba59b01aed9c107319f2ee5f	41001	128000	jwst_mcfost/runs/strict_continuum_cavity_mass_q_v1/models/m2p50_c24p0_a0p40_q2p75_i0p05/disk_envelope_m2p50_c24p0_a0p40_q2p75_i0p05_rt.para	7f2412f80d205e547c990b6aea200b815cf24812d82492e82fc01650798fd1f9	19	jwst_mcfost/runs/strict_continuum_cavity_mass_q_v1/models/m2p50_c24p0_a0p40_q2p75_i0p05/temperature	jwst_mcfost/runs/strict_continuum_cavity_mass_q_v1/rt_tasks/t172_m2p50_c24p0_a0p40_q2p75_i0p05_w002
173	19	m2p50_c24p0_a0p40_q2p75_i0p05	2.50	0.00025	c24p0	24.0	224.603677390422	100	1.0	6	0.40	2.75	0.05	70.0	7.3011756855e-08	2	3	w003	near_ir_rise	59	1.7588530996181813	1.7588530996181813	NIRSpec	false	full_n2401	1	2401	2401	6000	2.4989587671803415	4.9582515221832172e-06	0.058042152287399985	jwst_mcfost/runs/strict_continuum_cavity_mass_q_v1/anchors/w003/strict_continuum_anchor.lambda	ca23ebfe8f0349583e11ddd47bbd4cca509749dd6ae81b3fe7eb58a679cdd3b2	41001	128000	jwst_mcfost/runs/strict_continuum_cavity_mass_q_v1/models/m2p50_c24p0_a0p40_q2p75_i0p05/disk_envelope_m2p50_c24p0_a0p40_q2p75_i0p05_rt.para	7f2412f80d205e547c990b6aea200b815cf24812d82492e82fc01650798fd1f9	19	jwst_mcfost/runs/strict_continuum_cavity_mass_q_v1/models/m2p50_c24p0_a0p40_q2p75_i0p05/temperature	jwst_mcfost/runs/strict_continuum_cavity_mass_q_v1/rt_tasks/t173_m2p50_c24p0_a0p40_q2p75_i0p05_w003
174	19	m2p50_c24p0_a0p40_q2p75_i0p05	2.50	0.00025	c24p0	24.0	224.603677390422	100	1.0	6	0.40	2.75	0.05	70.0	7.3011756855e-08	3	4	w004	near_ir_rise	81	2.1916659199557045	2.1916659199557045	NIRSpec	false	full_n2401	1	2401	2401	6000	2.4989587671803415	4.9582515221832172e-06	0.072324975358538254	jwst_mcfost/runs/strict_continuum_cavity_mass_q_v1/anchors/w004/strict_continuum_anchor.lambda	9605b60fa355a7a0a695ed93588c2e13ae03a474ff5df9fa6d55609f7e399107	41001	128000	jwst_mcfost/runs/strict_continuum_cavity_mass_q_v1/models/m2p50_c24p0_a0p40_q2p75_i0p05/disk_envelope_m2p50_c24p0_a0p40_q2p75_i0p05_rt.para	7f2412f80d205e547c990b6aea200b815cf24812d82492e82fc01650798fd1f9	19	jwst_mcfost/runs/strict_continuum_cavity_mass_q_v1/models/m2p50_c24p0_a0p40_q2p75_i0p05/temperature	jwst_mcfost/runs/strict_continuum_cavity_mass_q_v1/rt_tasks/t174_m2p50_c24p0_a0p40_q2p75_i0p05_w004
175	19	m2p50_c24p0_a0p40_q2p75_i0p05	2.50	0.00025	c24p0	24.0	224.603677390422	100	1.0	6	0.40	2.75	0.05	70.0	7.3011756855e-08	4	5	w005	near_ir_rise	96	2.546352514425122	2.546352514425122	NIRSpec	true	full_n2401	1	2401	2401	6000	2.4989587671803415	4.9582515221832172e-06	0.084029632976029028	jwst_mcfost/runs/strict_continuum_cavity_mass_q_v1/anchors/w005/strict_continuum_anchor.lambda	9f7b6faedc4a44f32c6ae5b8b39d492d3c9ec0dc73b4dd191c2f6d60af0cd529	41001	128000	jwst_mcfost/runs/strict_continuum_cavity_mass_q_v1/models/m2p50_c24p0_a0p40_q2p75_i0p05/disk_envelope_m2p50_c24p0_a0p40_q2p75_i0p05_rt.para	7f2412f80d205e547c990b6aea200b815cf24812d82492e82fc01650798fd1f9	19	jwst_mcfost/runs/strict_continuum_cavity_mass_q_v1/models/m2p50_c24p0_a0p40_q2p75_i0p05/temperature	jwst_mcfost/runs/strict_continuum_cavity_mass_q_v1/rt_tasks/t175_m2p50_c24p0_a0p40_q2p75_i0p05_w005
176	19	m2p50_c24p0_a0p40_q2p75_i0p05	2.50	0.00025	c24p0	24.0	224.603677390422	100	1.0	6	0.40	2.75	0.05	70.0	7.3011756855e-08	5	6	w006	window_3p9	139	3.9143995604061015	3.9143995604061015	NIRSpec	true	support_zoom_n2401	1.9975051980918284	2401	2401	3003.7468767198525	1.2510399319949406	2.4822220872915486e-06	0.12917518549340135	jwst_mcfost/runs/strict_continuum_cavity_mass_q_v1/anchors/w006/strict_continuum_anchor.lambda	a1d444714c9de2dd1e9aa1d5669069a1be6dae0324e94c47a0b9c4ab6e1f11d0	41001	128000	jwst_mcfost/runs/strict_continuum_cavity_mass_q_v1/models/m2p50_c24p0_a0p40_q2p75_i0p05/disk_envelope_m2p50_c24p0_a0p40_q2p75_i0p05_rt.para	7f2412f80d205e547c990b6aea200b815cf24812d82492e82fc01650798fd1f9	19	jwst_mcfost/runs/strict_continuum_cavity_mass_q_v1/models/m2p50_c24p0_a0p40_q2p75_i0p05/temperature	jwst_mcfost/runs/strict_continuum_cavity_mass_q_v1/rt_tasks/t176_m2p50_c24p0_a0p40_q2p75_i0p05_w006
177	19	m2p50_c24p0_a0p40_q2p75_i0p05	2.50	0.00025	c24p0	24.0	224.603677390422	100	1.0	6	0.40	2.75	0.05	70.0	7.3011756855e-08	6	7	w007	window_5p4	171	5.3906283153397085	5.3906283153397085	MIRI	false	support_zoom_n2401	1.9975051980918284	2401	2401	3003.7468767198525	1.2510399319949406	2.4822220872915486e-06	0.28389073440621038	jwst_mcfost/runs/strict_continuum_cavity_mass_q_v1/anchors/w007/strict_continuum_anchor.lambda	2c99cc57bcad833e9a4a9cfca63390c89d9538a1049959460c43c1c449c61679	41001	128000	jwst_mcfost/runs/strict_continuum_cavity_mass_q_v1/models/m2p50_c24p0_a0p40_q2p75_i0p05/disk_envelope_m2p50_c24p0_a0p40_q2p75_i0p05_rt.para	7f2412f80d205e547c990b6aea200b815cf24812d82492e82fc01650798fd1f9	19	jwst_mcfost/runs/strict_continuum_cavity_mass_q_v1/models/m2p50_c24p0_a0p40_q2p75_i0p05/temperature	jwst_mcfost/runs/strict_continuum_cavity_mass_q_v1/rt_tasks/t177_m2p50_c24p0_a0p40_q2p75_i0p05_w007
178	19	m2p50_c24p0_a0p40_q2p75_i0p05	2.50	0.00025	c24p0	24.0	224.603677390422	100	1.0	6	0.40	2.75	0.05	70.0	7.3011756855e-08	7	8	w008	window_13p8	265	13.799908320389276	13.799908320389276	MIRI	false	zoom_n1201	3.9933471945199667	1201	1201	1502.4989583259237	1.2510399319949406	2.4822220872915486e-06	0.5613969745728461	jwst_mcfost/runs/strict_continuum_cavity_mass_q_v1/anchors/w008/strict_continuum_anchor.lambda	6095ab5c3fa56c0623b01f21835d7c8f1fba5d60d5f1f03735e495109c6381d3	41001	128000	jwst_mcfost/runs/strict_continuum_cavity_mass_q_v1/models/m2p50_c24p0_a0p40_q2p75_i0p05/disk_envelope_m2p50_c24p0_a0p40_q2p75_i0p05_rt.para	7f2412f80d205e547c990b6aea200b815cf24812d82492e82fc01650798fd1f9	19	jwst_mcfost/runs/strict_continuum_cavity_mass_q_v1/models/m2p50_c24p0_a0p40_q2p75_i0p05/temperature	jwst_mcfost/runs/strict_continuum_cavity_mass_q_v1/rt_tasks/t178_m2p50_c24p0_a0p40_q2p75_i0p05_w008
179	19	m2p50_c24p0_a0p40_q2p75_i0p05	2.50	0.00025	c24p0	24.0	224.603677390422	100	1.0	6	0.40	2.75	0.05	70.0	7.3011756855e-08	8	9	w009	window_27p5	334	27.513091575690556	27.513091575690556	MIRI	false	zoom_n1201	3.9933471945199667	1201	1201	1502.4989583259237	1.2510399319949406	2.4822220872915486e-06	1.0139320219977885	jwst_mcfost/runs/strict_continuum_cavity_mass_q_v1/anchors/w009/strict_continuum_anchor.lambda	41fd9d2d54ef93ed35fec02dd7d1d9a393b88e9fcc443fc088d958a549ab4723	41001	128000	jwst_mcfost/runs/strict_continuum_cavity_mass_q_v1/models/m2p50_c24p0_a0p40_q2p75_i0p05/disk_envelope_m2p50_c24p0_a0p40_q2p75_i0p05_rt.para	7f2412f80d205e547c990b6aea200b815cf24812d82492e82fc01650798fd1f9	19	jwst_mcfost/runs/strict_continuum_cavity_mass_q_v1/models/m2p50_c24p0_a0p40_q2p75_i0p05/temperature	jwst_mcfost/runs/strict_continuum_cavity_mass_q_v1/rt_tasks/t179_m2p50_c24p0_a0p40_q2p75_i0p05_w009
180	20	m2p50_c15p0_a0p40_q3p00_i0p05	2.50	0.00025	c15p0	15.0	373.205080756888	100	1.0	2	0.40	3.00	0.05	70.0	7.3011756855e-08	0	1	w001	near_ir_short	21	1.2028117593024095	1.2028117593024095	NIRSpec	false	full_n2401	1	2401	2401	6000	2.4989587671803415	4.9582515221832172e-06	0.039692788056979511	jwst_mcfost/runs/strict_continuum_cavity_mass_q_v1/anchors/w001/strict_continuum_anchor.lambda	3a4c05f3e67c2a1c93b19eb17fbfc715bf9582d86bbc727fc0416e86fc3bcfdb	41001	128000	jwst_mcfost/runs/strict_continuum_cavity_mass_q_v1/models/m2p50_c15p0_a0p40_q3p00_i0p05/disk_envelope_m2p50_c15p0_a0p40_q3p00_i0p05_rt.para	53cd0c4fcf87840ff3b34a3725bb6ab85485d3e25fd81de2d46d328f30b5dc2a	20	jwst_mcfost/runs/strict_continuum_cavity_mass_q_v1/models/m2p50_c15p0_a0p40_q3p00_i0p05/temperature	jwst_mcfost/runs/strict_continuum_cavity_mass_q_v1/rt_tasks/t180_m2p50_c15p0_a0p40_q3p00_i0p05_w001
181	20	m2p50_c15p0_a0p40_q3p00_i0p05	2.50	0.00025	c15p0	15.0	373.205080756888	100	1.0	2	0.40	3.00	0.05	70.0	7.3011756855e-08	1	2	w002	near_ir_short	43	1.4987957445436022	1.4987957445436022	NIRSpec	false	full_n2401	1	2401	2401	6000	2.4989587671803415	4.9582515221832172e-06	0.049460259569938873	jwst_mcfost/runs/strict_continuum_cavity_mass_q_v1/anchors/w002/strict_continuum_anchor.lambda	7c9f0b769ebc9634e2a3203ac84f4fbc00b323b2ba59b01aed9c107319f2ee5f	41001	128000	jwst_mcfost/runs/strict_continuum_cavity_mass_q_v1/models/m2p50_c15p0_a0p40_q3p00_i0p05/disk_envelope_m2p50_c15p0_a0p40_q3p00_i0p05_rt.para	53cd0c4fcf87840ff3b34a3725bb6ab85485d3e25fd81de2d46d328f30b5dc2a	20	jwst_mcfost/runs/strict_continuum_cavity_mass_q_v1/models/m2p50_c15p0_a0p40_q3p00_i0p05/temperature	jwst_mcfost/runs/strict_continuum_cavity_mass_q_v1/rt_tasks/t181_m2p50_c15p0_a0p40_q3p00_i0p05_w002
182	20	m2p50_c15p0_a0p40_q3p00_i0p05	2.50	0.00025	c15p0	15.0	373.205080756888	100	1.0	2	0.40	3.00	0.05	70.0	7.3011756855e-08	2	3	w003	near_ir_rise	59	1.7588530996181813	1.7588530996181813	NIRSpec	false	full_n2401	1	2401	2401	6000	2.4989587671803415	4.9582515221832172e-06	0.058042152287399985	jwst_mcfost/runs/strict_continuum_cavity_mass_q_v1/anchors/w003/strict_continuum_anchor.lambda	ca23ebfe8f0349583e11ddd47bbd4cca509749dd6ae81b3fe7eb58a679cdd3b2	41001	128000	jwst_mcfost/runs/strict_continuum_cavity_mass_q_v1/models/m2p50_c15p0_a0p40_q3p00_i0p05/disk_envelope_m2p50_c15p0_a0p40_q3p00_i0p05_rt.para	53cd0c4fcf87840ff3b34a3725bb6ab85485d3e25fd81de2d46d328f30b5dc2a	20	jwst_mcfost/runs/strict_continuum_cavity_mass_q_v1/models/m2p50_c15p0_a0p40_q3p00_i0p05/temperature	jwst_mcfost/runs/strict_continuum_cavity_mass_q_v1/rt_tasks/t182_m2p50_c15p0_a0p40_q3p00_i0p05_w003
183	20	m2p50_c15p0_a0p40_q3p00_i0p05	2.50	0.00025	c15p0	15.0	373.205080756888	100	1.0	2	0.40	3.00	0.05	70.0	7.3011756855e-08	3	4	w004	near_ir_rise	81	2.1916659199557045	2.1916659199557045	NIRSpec	false	full_n2401	1	2401	2401	6000	2.4989587671803415	4.9582515221832172e-06	0.072324975358538254	jwst_mcfost/runs/strict_continuum_cavity_mass_q_v1/anchors/w004/strict_continuum_anchor.lambda	9605b60fa355a7a0a695ed93588c2e13ae03a474ff5df9fa6d55609f7e399107	41001	128000	jwst_mcfost/runs/strict_continuum_cavity_mass_q_v1/models/m2p50_c15p0_a0p40_q3p00_i0p05/disk_envelope_m2p50_c15p0_a0p40_q3p00_i0p05_rt.para	53cd0c4fcf87840ff3b34a3725bb6ab85485d3e25fd81de2d46d328f30b5dc2a	20	jwst_mcfost/runs/strict_continuum_cavity_mass_q_v1/models/m2p50_c15p0_a0p40_q3p00_i0p05/temperature	jwst_mcfost/runs/strict_continuum_cavity_mass_q_v1/rt_tasks/t183_m2p50_c15p0_a0p40_q3p00_i0p05_w004
184	20	m2p50_c15p0_a0p40_q3p00_i0p05	2.50	0.00025	c15p0	15.0	373.205080756888	100	1.0	2	0.40	3.00	0.05	70.0	7.3011756855e-08	4	5	w005	near_ir_rise	96	2.546352514425122	2.546352514425122	NIRSpec	true	full_n2401	1	2401	2401	6000	2.4989587671803415	4.9582515221832172e-06	0.084029632976029028	jwst_mcfost/runs/strict_continuum_cavity_mass_q_v1/anchors/w005/strict_continuum_anchor.lambda	9f7b6faedc4a44f32c6ae5b8b39d492d3c9ec0dc73b4dd191c2f6d60af0cd529	41001	128000	jwst_mcfost/runs/strict_continuum_cavity_mass_q_v1/models/m2p50_c15p0_a0p40_q3p00_i0p05/disk_envelope_m2p50_c15p0_a0p40_q3p00_i0p05_rt.para	53cd0c4fcf87840ff3b34a3725bb6ab85485d3e25fd81de2d46d328f30b5dc2a	20	jwst_mcfost/runs/strict_continuum_cavity_mass_q_v1/models/m2p50_c15p0_a0p40_q3p00_i0p05/temperature	jwst_mcfost/runs/strict_continuum_cavity_mass_q_v1/rt_tasks/t184_m2p50_c15p0_a0p40_q3p00_i0p05_w005
185	20	m2p50_c15p0_a0p40_q3p00_i0p05	2.50	0.00025	c15p0	15.0	373.205080756888	100	1.0	2	0.40	3.00	0.05	70.0	7.3011756855e-08	5	6	w006	window_3p9	139	3.9143995604061015	3.9143995604061015	NIRSpec	true	support_zoom_n2401	1.9975051980918284	2401	2401	3003.7468767198525	1.2510399319949406	2.4822220872915486e-06	0.12917518549340135	jwst_mcfost/runs/strict_continuum_cavity_mass_q_v1/anchors/w006/strict_continuum_anchor.lambda	a1d444714c9de2dd1e9aa1d5669069a1be6dae0324e94c47a0b9c4ab6e1f11d0	41001	128000	jwst_mcfost/runs/strict_continuum_cavity_mass_q_v1/models/m2p50_c15p0_a0p40_q3p00_i0p05/disk_envelope_m2p50_c15p0_a0p40_q3p00_i0p05_rt.para	53cd0c4fcf87840ff3b34a3725bb6ab85485d3e25fd81de2d46d328f30b5dc2a	20	jwst_mcfost/runs/strict_continuum_cavity_mass_q_v1/models/m2p50_c15p0_a0p40_q3p00_i0p05/temperature	jwst_mcfost/runs/strict_continuum_cavity_mass_q_v1/rt_tasks/t185_m2p50_c15p0_a0p40_q3p00_i0p05_w006
186	20	m2p50_c15p0_a0p40_q3p00_i0p05	2.50	0.00025	c15p0	15.0	373.205080756888	100	1.0	2	0.40	3.00	0.05	70.0	7.3011756855e-08	6	7	w007	window_5p4	171	5.3906283153397085	5.3906283153397085	MIRI	false	support_zoom_n2401	1.9975051980918284	2401	2401	3003.7468767198525	1.2510399319949406	2.4822220872915486e-06	0.28389073440621038	jwst_mcfost/runs/strict_continuum_cavity_mass_q_v1/anchors/w007/strict_continuum_anchor.lambda	2c99cc57bcad833e9a4a9cfca63390c89d9538a1049959460c43c1c449c61679	41001	128000	jwst_mcfost/runs/strict_continuum_cavity_mass_q_v1/models/m2p50_c15p0_a0p40_q3p00_i0p05/disk_envelope_m2p50_c15p0_a0p40_q3p00_i0p05_rt.para	53cd0c4fcf87840ff3b34a3725bb6ab85485d3e25fd81de2d46d328f30b5dc2a	20	jwst_mcfost/runs/strict_continuum_cavity_mass_q_v1/models/m2p50_c15p0_a0p40_q3p00_i0p05/temperature	jwst_mcfost/runs/strict_continuum_cavity_mass_q_v1/rt_tasks/t186_m2p50_c15p0_a0p40_q3p00_i0p05_w007
187	20	m2p50_c15p0_a0p40_q3p00_i0p05	2.50	0.00025	c15p0	15.0	373.205080756888	100	1.0	2	0.40	3.00	0.05	70.0	7.3011756855e-08	7	8	w008	window_13p8	265	13.799908320389276	13.799908320389276	MIRI	false	zoom_n1201	3.9933471945199667	1201	1201	1502.4989583259237	1.2510399319949406	2.4822220872915486e-06	0.5613969745728461	jwst_mcfost/runs/strict_continuum_cavity_mass_q_v1/anchors/w008/strict_continuum_anchor.lambda	6095ab5c3fa56c0623b01f21835d7c8f1fba5d60d5f1f03735e495109c6381d3	41001	128000	jwst_mcfost/runs/strict_continuum_cavity_mass_q_v1/models/m2p50_c15p0_a0p40_q3p00_i0p05/disk_envelope_m2p50_c15p0_a0p40_q3p00_i0p05_rt.para	53cd0c4fcf87840ff3b34a3725bb6ab85485d3e25fd81de2d46d328f30b5dc2a	20	jwst_mcfost/runs/strict_continuum_cavity_mass_q_v1/models/m2p50_c15p0_a0p40_q3p00_i0p05/temperature	jwst_mcfost/runs/strict_continuum_cavity_mass_q_v1/rt_tasks/t187_m2p50_c15p0_a0p40_q3p00_i0p05_w008
188	20	m2p50_c15p0_a0p40_q3p00_i0p05	2.50	0.00025	c15p0	15.0	373.205080756888	100	1.0	2	0.40	3.00	0.05	70.0	7.3011756855e-08	8	9	w009	window_27p5	334	27.513091575690556	27.513091575690556	MIRI	false	zoom_n1201	3.9933471945199667	1201	1201	1502.4989583259237	1.2510399319949406	2.4822220872915486e-06	1.0139320219977885	jwst_mcfost/runs/strict_continuum_cavity_mass_q_v1/anchors/w009/strict_continuum_anchor.lambda	41fd9d2d54ef93ed35fec02dd7d1d9a393b88e9fcc443fc088d958a549ab4723	41001	128000	jwst_mcfost/runs/strict_continuum_cavity_mass_q_v1/models/m2p50_c15p0_a0p40_q3p00_i0p05/disk_envelope_m2p50_c15p0_a0p40_q3p00_i0p05_rt.para	53cd0c4fcf87840ff3b34a3725bb6ab85485d3e25fd81de2d46d328f30b5dc2a	20	jwst_mcfost/runs/strict_continuum_cavity_mass_q_v1/models/m2p50_c15p0_a0p40_q3p00_i0p05/temperature	jwst_mcfost/runs/strict_continuum_cavity_mass_q_v1/rt_tasks/t188_m2p50_c15p0_a0p40_q3p00_i0p05_w009
189	21	m2p50_c17p5_a0p40_q3p00_i0p05	2.50	0.00025	c17p5	17.5	317.159480236321	100	1.0	3	0.40	3.00	0.05	70.0	7.3011756855e-08	0	1	w001	near_ir_short	21	1.2028117593024095	1.2028117593024095	NIRSpec	false	full_n2401	1	2401	2401	6000	2.4989587671803415	4.9582515221832172e-06	0.039692788056979511	jwst_mcfost/runs/strict_continuum_cavity_mass_q_v1/anchors/w001/strict_continuum_anchor.lambda	3a4c05f3e67c2a1c93b19eb17fbfc715bf9582d86bbc727fc0416e86fc3bcfdb	41001	128000	jwst_mcfost/runs/strict_continuum_cavity_mass_q_v1/models/m2p50_c17p5_a0p40_q3p00_i0p05/disk_envelope_m2p50_c17p5_a0p40_q3p00_i0p05_rt.para	53cd0c4fcf87840ff3b34a3725bb6ab85485d3e25fd81de2d46d328f30b5dc2a	21	jwst_mcfost/runs/strict_continuum_cavity_mass_q_v1/models/m2p50_c17p5_a0p40_q3p00_i0p05/temperature	jwst_mcfost/runs/strict_continuum_cavity_mass_q_v1/rt_tasks/t189_m2p50_c17p5_a0p40_q3p00_i0p05_w001
190	21	m2p50_c17p5_a0p40_q3p00_i0p05	2.50	0.00025	c17p5	17.5	317.159480236321	100	1.0	3	0.40	3.00	0.05	70.0	7.3011756855e-08	1	2	w002	near_ir_short	43	1.4987957445436022	1.4987957445436022	NIRSpec	false	full_n2401	1	2401	2401	6000	2.4989587671803415	4.9582515221832172e-06	0.049460259569938873	jwst_mcfost/runs/strict_continuum_cavity_mass_q_v1/anchors/w002/strict_continuum_anchor.lambda	7c9f0b769ebc9634e2a3203ac84f4fbc00b323b2ba59b01aed9c107319f2ee5f	41001	128000	jwst_mcfost/runs/strict_continuum_cavity_mass_q_v1/models/m2p50_c17p5_a0p40_q3p00_i0p05/disk_envelope_m2p50_c17p5_a0p40_q3p00_i0p05_rt.para	53cd0c4fcf87840ff3b34a3725bb6ab85485d3e25fd81de2d46d328f30b5dc2a	21	jwst_mcfost/runs/strict_continuum_cavity_mass_q_v1/models/m2p50_c17p5_a0p40_q3p00_i0p05/temperature	jwst_mcfost/runs/strict_continuum_cavity_mass_q_v1/rt_tasks/t190_m2p50_c17p5_a0p40_q3p00_i0p05_w002
191	21	m2p50_c17p5_a0p40_q3p00_i0p05	2.50	0.00025	c17p5	17.5	317.159480236321	100	1.0	3	0.40	3.00	0.05	70.0	7.3011756855e-08	2	3	w003	near_ir_rise	59	1.7588530996181813	1.7588530996181813	NIRSpec	false	full_n2401	1	2401	2401	6000	2.4989587671803415	4.9582515221832172e-06	0.058042152287399985	jwst_mcfost/runs/strict_continuum_cavity_mass_q_v1/anchors/w003/strict_continuum_anchor.lambda	ca23ebfe8f0349583e11ddd47bbd4cca509749dd6ae81b3fe7eb58a679cdd3b2	41001	128000	jwst_mcfost/runs/strict_continuum_cavity_mass_q_v1/models/m2p50_c17p5_a0p40_q3p00_i0p05/disk_envelope_m2p50_c17p5_a0p40_q3p00_i0p05_rt.para	53cd0c4fcf87840ff3b34a3725bb6ab85485d3e25fd81de2d46d328f30b5dc2a	21	jwst_mcfost/runs/strict_continuum_cavity_mass_q_v1/models/m2p50_c17p5_a0p40_q3p00_i0p05/temperature	jwst_mcfost/runs/strict_continuum_cavity_mass_q_v1/rt_tasks/t191_m2p50_c17p5_a0p40_q3p00_i0p05_w003
192	21	m2p50_c17p5_a0p40_q3p00_i0p05	2.50	0.00025	c17p5	17.5	317.159480236321	100	1.0	3	0.40	3.00	0.05	70.0	7.3011756855e-08	3	4	w004	near_ir_rise	81	2.1916659199557045	2.1916659199557045	NIRSpec	false	full_n2401	1	2401	2401	6000	2.4989587671803415	4.9582515221832172e-06	0.072324975358538254	jwst_mcfost/runs/strict_continuum_cavity_mass_q_v1/anchors/w004/strict_continuum_anchor.lambda	9605b60fa355a7a0a695ed93588c2e13ae03a474ff5df9fa6d55609f7e399107	41001	128000	jwst_mcfost/runs/strict_continuum_cavity_mass_q_v1/models/m2p50_c17p5_a0p40_q3p00_i0p05/disk_envelope_m2p50_c17p5_a0p40_q3p00_i0p05_rt.para	53cd0c4fcf87840ff3b34a3725bb6ab85485d3e25fd81de2d46d328f30b5dc2a	21	jwst_mcfost/runs/strict_continuum_cavity_mass_q_v1/models/m2p50_c17p5_a0p40_q3p00_i0p05/temperature	jwst_mcfost/runs/strict_continuum_cavity_mass_q_v1/rt_tasks/t192_m2p50_c17p5_a0p40_q3p00_i0p05_w004
193	21	m2p50_c17p5_a0p40_q3p00_i0p05	2.50	0.00025	c17p5	17.5	317.159480236321	100	1.0	3	0.40	3.00	0.05	70.0	7.3011756855e-08	4	5	w005	near_ir_rise	96	2.546352514425122	2.546352514425122	NIRSpec	true	full_n2401	1	2401	2401	6000	2.4989587671803415	4.9582515221832172e-06	0.084029632976029028	jwst_mcfost/runs/strict_continuum_cavity_mass_q_v1/anchors/w005/strict_continuum_anchor.lambda	9f7b6faedc4a44f32c6ae5b8b39d492d3c9ec0dc73b4dd191c2f6d60af0cd529	41001	128000	jwst_mcfost/runs/strict_continuum_cavity_mass_q_v1/models/m2p50_c17p5_a0p40_q3p00_i0p05/disk_envelope_m2p50_c17p5_a0p40_q3p00_i0p05_rt.para	53cd0c4fcf87840ff3b34a3725bb6ab85485d3e25fd81de2d46d328f30b5dc2a	21	jwst_mcfost/runs/strict_continuum_cavity_mass_q_v1/models/m2p50_c17p5_a0p40_q3p00_i0p05/temperature	jwst_mcfost/runs/strict_continuum_cavity_mass_q_v1/rt_tasks/t193_m2p50_c17p5_a0p40_q3p00_i0p05_w005
194	21	m2p50_c17p5_a0p40_q3p00_i0p05	2.50	0.00025	c17p5	17.5	317.159480236321	100	1.0	3	0.40	3.00	0.05	70.0	7.3011756855e-08	5	6	w006	window_3p9	139	3.9143995604061015	3.9143995604061015	NIRSpec	true	support_zoom_n2401	1.9975051980918284	2401	2401	3003.7468767198525	1.2510399319949406	2.4822220872915486e-06	0.12917518549340135	jwst_mcfost/runs/strict_continuum_cavity_mass_q_v1/anchors/w006/strict_continuum_anchor.lambda	a1d444714c9de2dd1e9aa1d5669069a1be6dae0324e94c47a0b9c4ab6e1f11d0	41001	128000	jwst_mcfost/runs/strict_continuum_cavity_mass_q_v1/models/m2p50_c17p5_a0p40_q3p00_i0p05/disk_envelope_m2p50_c17p5_a0p40_q3p00_i0p05_rt.para	53cd0c4fcf87840ff3b34a3725bb6ab85485d3e25fd81de2d46d328f30b5dc2a	21	jwst_mcfost/runs/strict_continuum_cavity_mass_q_v1/models/m2p50_c17p5_a0p40_q3p00_i0p05/temperature	jwst_mcfost/runs/strict_continuum_cavity_mass_q_v1/rt_tasks/t194_m2p50_c17p5_a0p40_q3p00_i0p05_w006
195	21	m2p50_c17p5_a0p40_q3p00_i0p05	2.50	0.00025	c17p5	17.5	317.159480236321	100	1.0	3	0.40	3.00	0.05	70.0	7.3011756855e-08	6	7	w007	window_5p4	171	5.3906283153397085	5.3906283153397085	MIRI	false	support_zoom_n2401	1.9975051980918284	2401	2401	3003.7468767198525	1.2510399319949406	2.4822220872915486e-06	0.28389073440621038	jwst_mcfost/runs/strict_continuum_cavity_mass_q_v1/anchors/w007/strict_continuum_anchor.lambda	2c99cc57bcad833e9a4a9cfca63390c89d9538a1049959460c43c1c449c61679	41001	128000	jwst_mcfost/runs/strict_continuum_cavity_mass_q_v1/models/m2p50_c17p5_a0p40_q3p00_i0p05/disk_envelope_m2p50_c17p5_a0p40_q3p00_i0p05_rt.para	53cd0c4fcf87840ff3b34a3725bb6ab85485d3e25fd81de2d46d328f30b5dc2a	21	jwst_mcfost/runs/strict_continuum_cavity_mass_q_v1/models/m2p50_c17p5_a0p40_q3p00_i0p05/temperature	jwst_mcfost/runs/strict_continuum_cavity_mass_q_v1/rt_tasks/t195_m2p50_c17p5_a0p40_q3p00_i0p05_w007
196	21	m2p50_c17p5_a0p40_q3p00_i0p05	2.50	0.00025	c17p5	17.5	317.159480236321	100	1.0	3	0.40	3.00	0.05	70.0	7.3011756855e-08	7	8	w008	window_13p8	265	13.799908320389276	13.799908320389276	MIRI	false	zoom_n1201	3.9933471945199667	1201	1201	1502.4989583259237	1.2510399319949406	2.4822220872915486e-06	0.5613969745728461	jwst_mcfost/runs/strict_continuum_cavity_mass_q_v1/anchors/w008/strict_continuum_anchor.lambda	6095ab5c3fa56c0623b01f21835d7c8f1fba5d60d5f1f03735e495109c6381d3	41001	128000	jwst_mcfost/runs/strict_continuum_cavity_mass_q_v1/models/m2p50_c17p5_a0p40_q3p00_i0p05/disk_envelope_m2p50_c17p5_a0p40_q3p00_i0p05_rt.para	53cd0c4fcf87840ff3b34a3725bb6ab85485d3e25fd81de2d46d328f30b5dc2a	21	jwst_mcfost/runs/strict_continuum_cavity_mass_q_v1/models/m2p50_c17p5_a0p40_q3p00_i0p05/temperature	jwst_mcfost/runs/strict_continuum_cavity_mass_q_v1/rt_tasks/t196_m2p50_c17p5_a0p40_q3p00_i0p05_w008
197	21	m2p50_c17p5_a0p40_q3p00_i0p05	2.50	0.00025	c17p5	17.5	317.159480236321	100	1.0	3	0.40	3.00	0.05	70.0	7.3011756855e-08	8	9	w009	window_27p5	334	27.513091575690556	27.513091575690556	MIRI	false	zoom_n1201	3.9933471945199667	1201	1201	1502.4989583259237	1.2510399319949406	2.4822220872915486e-06	1.0139320219977885	jwst_mcfost/runs/strict_continuum_cavity_mass_q_v1/anchors/w009/strict_continuum_anchor.lambda	41fd9d2d54ef93ed35fec02dd7d1d9a393b88e9fcc443fc088d958a549ab4723	41001	128000	jwst_mcfost/runs/strict_continuum_cavity_mass_q_v1/models/m2p50_c17p5_a0p40_q3p00_i0p05/disk_envelope_m2p50_c17p5_a0p40_q3p00_i0p05_rt.para	53cd0c4fcf87840ff3b34a3725bb6ab85485d3e25fd81de2d46d328f30b5dc2a	21	jwst_mcfost/runs/strict_continuum_cavity_mass_q_v1/models/m2p50_c17p5_a0p40_q3p00_i0p05/temperature	jwst_mcfost/runs/strict_continuum_cavity_mass_q_v1/rt_tasks/t197_m2p50_c17p5_a0p40_q3p00_i0p05_w009
198	22	m2p50_c20p0_a0p40_q3p00_i0p05	2.50	0.00025	c20p0	20.0	274.7	100	1.0	4	0.40	3.00	0.05	70.0	7.3011756855e-08	0	1	w001	near_ir_short	21	1.2028117593024095	1.2028117593024095	NIRSpec	false	full_n2401	1	2401	2401	6000	2.4989587671803415	4.9582515221832172e-06	0.039692788056979511	jwst_mcfost/runs/strict_continuum_cavity_mass_q_v1/anchors/w001/strict_continuum_anchor.lambda	3a4c05f3e67c2a1c93b19eb17fbfc715bf9582d86bbc727fc0416e86fc3bcfdb	41001	128000	jwst_mcfost/runs/strict_continuum_cavity_mass_q_v1/models/m2p50_c20p0_a0p40_q3p00_i0p05/disk_envelope_m2p50_c20p0_a0p40_q3p00_i0p05_rt.para	53cd0c4fcf87840ff3b34a3725bb6ab85485d3e25fd81de2d46d328f30b5dc2a	22	jwst_mcfost/runs/strict_continuum_cavity_mass_q_v1/models/m2p50_c20p0_a0p40_q3p00_i0p05/temperature	jwst_mcfost/runs/strict_continuum_cavity_mass_q_v1/rt_tasks/t198_m2p50_c20p0_a0p40_q3p00_i0p05_w001
199	22	m2p50_c20p0_a0p40_q3p00_i0p05	2.50	0.00025	c20p0	20.0	274.7	100	1.0	4	0.40	3.00	0.05	70.0	7.3011756855e-08	1	2	w002	near_ir_short	43	1.4987957445436022	1.4987957445436022	NIRSpec	false	full_n2401	1	2401	2401	6000	2.4989587671803415	4.9582515221832172e-06	0.049460259569938873	jwst_mcfost/runs/strict_continuum_cavity_mass_q_v1/anchors/w002/strict_continuum_anchor.lambda	7c9f0b769ebc9634e2a3203ac84f4fbc00b323b2ba59b01aed9c107319f2ee5f	41001	128000	jwst_mcfost/runs/strict_continuum_cavity_mass_q_v1/models/m2p50_c20p0_a0p40_q3p00_i0p05/disk_envelope_m2p50_c20p0_a0p40_q3p00_i0p05_rt.para	53cd0c4fcf87840ff3b34a3725bb6ab85485d3e25fd81de2d46d328f30b5dc2a	22	jwst_mcfost/runs/strict_continuum_cavity_mass_q_v1/models/m2p50_c20p0_a0p40_q3p00_i0p05/temperature	jwst_mcfost/runs/strict_continuum_cavity_mass_q_v1/rt_tasks/t199_m2p50_c20p0_a0p40_q3p00_i0p05_w002
200	22	m2p50_c20p0_a0p40_q3p00_i0p05	2.50	0.00025	c20p0	20.0	274.7	100	1.0	4	0.40	3.00	0.05	70.0	7.3011756855e-08	2	3	w003	near_ir_rise	59	1.7588530996181813	1.7588530996181813	NIRSpec	false	full_n2401	1	2401	2401	6000	2.4989587671803415	4.9582515221832172e-06	0.058042152287399985	jwst_mcfost/runs/strict_continuum_cavity_mass_q_v1/anchors/w003/strict_continuum_anchor.lambda	ca23ebfe8f0349583e11ddd47bbd4cca509749dd6ae81b3fe7eb58a679cdd3b2	41001	128000	jwst_mcfost/runs/strict_continuum_cavity_mass_q_v1/models/m2p50_c20p0_a0p40_q3p00_i0p05/disk_envelope_m2p50_c20p0_a0p40_q3p00_i0p05_rt.para	53cd0c4fcf87840ff3b34a3725bb6ab85485d3e25fd81de2d46d328f30b5dc2a	22	jwst_mcfost/runs/strict_continuum_cavity_mass_q_v1/models/m2p50_c20p0_a0p40_q3p00_i0p05/temperature	jwst_mcfost/runs/strict_continuum_cavity_mass_q_v1/rt_tasks/t200_m2p50_c20p0_a0p40_q3p00_i0p05_w003
201	22	m2p50_c20p0_a0p40_q3p00_i0p05	2.50	0.00025	c20p0	20.0	274.7	100	1.0	4	0.40	3.00	0.05	70.0	7.3011756855e-08	3	4	w004	near_ir_rise	81	2.1916659199557045	2.1916659199557045	NIRSpec	false	full_n2401	1	2401	2401	6000	2.4989587671803415	4.9582515221832172e-06	0.072324975358538254	jwst_mcfost/runs/strict_continuum_cavity_mass_q_v1/anchors/w004/strict_continuum_anchor.lambda	9605b60fa355a7a0a695ed93588c2e13ae03a474ff5df9fa6d55609f7e399107	41001	128000	jwst_mcfost/runs/strict_continuum_cavity_mass_q_v1/models/m2p50_c20p0_a0p40_q3p00_i0p05/disk_envelope_m2p50_c20p0_a0p40_q3p00_i0p05_rt.para	53cd0c4fcf87840ff3b34a3725bb6ab85485d3e25fd81de2d46d328f30b5dc2a	22	jwst_mcfost/runs/strict_continuum_cavity_mass_q_v1/models/m2p50_c20p0_a0p40_q3p00_i0p05/temperature	jwst_mcfost/runs/strict_continuum_cavity_mass_q_v1/rt_tasks/t201_m2p50_c20p0_a0p40_q3p00_i0p05_w004
202	22	m2p50_c20p0_a0p40_q3p00_i0p05	2.50	0.00025	c20p0	20.0	274.7	100	1.0	4	0.40	3.00	0.05	70.0	7.3011756855e-08	4	5	w005	near_ir_rise	96	2.546352514425122	2.546352514425122	NIRSpec	true	full_n2401	1	2401	2401	6000	2.4989587671803415	4.9582515221832172e-06	0.084029632976029028	jwst_mcfost/runs/strict_continuum_cavity_mass_q_v1/anchors/w005/strict_continuum_anchor.lambda	9f7b6faedc4a44f32c6ae5b8b39d492d3c9ec0dc73b4dd191c2f6d60af0cd529	41001	128000	jwst_mcfost/runs/strict_continuum_cavity_mass_q_v1/models/m2p50_c20p0_a0p40_q3p00_i0p05/disk_envelope_m2p50_c20p0_a0p40_q3p00_i0p05_rt.para	53cd0c4fcf87840ff3b34a3725bb6ab85485d3e25fd81de2d46d328f30b5dc2a	22	jwst_mcfost/runs/strict_continuum_cavity_mass_q_v1/models/m2p50_c20p0_a0p40_q3p00_i0p05/temperature	jwst_mcfost/runs/strict_continuum_cavity_mass_q_v1/rt_tasks/t202_m2p50_c20p0_a0p40_q3p00_i0p05_w005
203	22	m2p50_c20p0_a0p40_q3p00_i0p05	2.50	0.00025	c20p0	20.0	274.7	100	1.0	4	0.40	3.00	0.05	70.0	7.3011756855e-08	5	6	w006	window_3p9	139	3.9143995604061015	3.9143995604061015	NIRSpec	true	support_zoom_n2401	1.9975051980918284	2401	2401	3003.7468767198525	1.2510399319949406	2.4822220872915486e-06	0.12917518549340135	jwst_mcfost/runs/strict_continuum_cavity_mass_q_v1/anchors/w006/strict_continuum_anchor.lambda	a1d444714c9de2dd1e9aa1d5669069a1be6dae0324e94c47a0b9c4ab6e1f11d0	41001	128000	jwst_mcfost/runs/strict_continuum_cavity_mass_q_v1/models/m2p50_c20p0_a0p40_q3p00_i0p05/disk_envelope_m2p50_c20p0_a0p40_q3p00_i0p05_rt.para	53cd0c4fcf87840ff3b34a3725bb6ab85485d3e25fd81de2d46d328f30b5dc2a	22	jwst_mcfost/runs/strict_continuum_cavity_mass_q_v1/models/m2p50_c20p0_a0p40_q3p00_i0p05/temperature	jwst_mcfost/runs/strict_continuum_cavity_mass_q_v1/rt_tasks/t203_m2p50_c20p0_a0p40_q3p00_i0p05_w006
204	22	m2p50_c20p0_a0p40_q3p00_i0p05	2.50	0.00025	c20p0	20.0	274.7	100	1.0	4	0.40	3.00	0.05	70.0	7.3011756855e-08	6	7	w007	window_5p4	171	5.3906283153397085	5.3906283153397085	MIRI	false	support_zoom_n2401	1.9975051980918284	2401	2401	3003.7468767198525	1.2510399319949406	2.4822220872915486e-06	0.28389073440621038	jwst_mcfost/runs/strict_continuum_cavity_mass_q_v1/anchors/w007/strict_continuum_anchor.lambda	2c99cc57bcad833e9a4a9cfca63390c89d9538a1049959460c43c1c449c61679	41001	128000	jwst_mcfost/runs/strict_continuum_cavity_mass_q_v1/models/m2p50_c20p0_a0p40_q3p00_i0p05/disk_envelope_m2p50_c20p0_a0p40_q3p00_i0p05_rt.para	53cd0c4fcf87840ff3b34a3725bb6ab85485d3e25fd81de2d46d328f30b5dc2a	22	jwst_mcfost/runs/strict_continuum_cavity_mass_q_v1/models/m2p50_c20p0_a0p40_q3p00_i0p05/temperature	jwst_mcfost/runs/strict_continuum_cavity_mass_q_v1/rt_tasks/t204_m2p50_c20p0_a0p40_q3p00_i0p05_w007
205	22	m2p50_c20p0_a0p40_q3p00_i0p05	2.50	0.00025	c20p0	20.0	274.7	100	1.0	4	0.40	3.00	0.05	70.0	7.3011756855e-08	7	8	w008	window_13p8	265	13.799908320389276	13.799908320389276	MIRI	false	zoom_n1201	3.9933471945199667	1201	1201	1502.4989583259237	1.2510399319949406	2.4822220872915486e-06	0.5613969745728461	jwst_mcfost/runs/strict_continuum_cavity_mass_q_v1/anchors/w008/strict_continuum_anchor.lambda	6095ab5c3fa56c0623b01f21835d7c8f1fba5d60d5f1f03735e495109c6381d3	41001	128000	jwst_mcfost/runs/strict_continuum_cavity_mass_q_v1/models/m2p50_c20p0_a0p40_q3p00_i0p05/disk_envelope_m2p50_c20p0_a0p40_q3p00_i0p05_rt.para	53cd0c4fcf87840ff3b34a3725bb6ab85485d3e25fd81de2d46d328f30b5dc2a	22	jwst_mcfost/runs/strict_continuum_cavity_mass_q_v1/models/m2p50_c20p0_a0p40_q3p00_i0p05/temperature	jwst_mcfost/runs/strict_continuum_cavity_mass_q_v1/rt_tasks/t205_m2p50_c20p0_a0p40_q3p00_i0p05_w008
206	22	m2p50_c20p0_a0p40_q3p00_i0p05	2.50	0.00025	c20p0	20.0	274.7	100	1.0	4	0.40	3.00	0.05	70.0	7.3011756855e-08	8	9	w009	window_27p5	334	27.513091575690556	27.513091575690556	MIRI	false	zoom_n1201	3.9933471945199667	1201	1201	1502.4989583259237	1.2510399319949406	2.4822220872915486e-06	1.0139320219977885	jwst_mcfost/runs/strict_continuum_cavity_mass_q_v1/anchors/w009/strict_continuum_anchor.lambda	41fd9d2d54ef93ed35fec02dd7d1d9a393b88e9fcc443fc088d958a549ab4723	41001	128000	jwst_mcfost/runs/strict_continuum_cavity_mass_q_v1/models/m2p50_c20p0_a0p40_q3p00_i0p05/disk_envelope_m2p50_c20p0_a0p40_q3p00_i0p05_rt.para	53cd0c4fcf87840ff3b34a3725bb6ab85485d3e25fd81de2d46d328f30b5dc2a	22	jwst_mcfost/runs/strict_continuum_cavity_mass_q_v1/models/m2p50_c20p0_a0p40_q3p00_i0p05/temperature	jwst_mcfost/runs/strict_continuum_cavity_mass_q_v1/rt_tasks/t206_m2p50_c20p0_a0p40_q3p00_i0p05_w009
207	23	m2p50_c22p0_a0p40_q3p00_i0p05	2.50	0.00025	c22p0	22.0	247.508685341630	100	1.0	5	0.40	3.00	0.05	70.0	7.3011756855e-08	0	1	w001	near_ir_short	21	1.2028117593024095	1.2028117593024095	NIRSpec	false	full_n2401	1	2401	2401	6000	2.4989587671803415	4.9582515221832172e-06	0.039692788056979511	jwst_mcfost/runs/strict_continuum_cavity_mass_q_v1/anchors/w001/strict_continuum_anchor.lambda	3a4c05f3e67c2a1c93b19eb17fbfc715bf9582d86bbc727fc0416e86fc3bcfdb	41001	128000	jwst_mcfost/runs/strict_continuum_cavity_mass_q_v1/models/m2p50_c22p0_a0p40_q3p00_i0p05/disk_envelope_m2p50_c22p0_a0p40_q3p00_i0p05_rt.para	53cd0c4fcf87840ff3b34a3725bb6ab85485d3e25fd81de2d46d328f30b5dc2a	23	jwst_mcfost/runs/strict_continuum_cavity_mass_q_v1/models/m2p50_c22p0_a0p40_q3p00_i0p05/temperature	jwst_mcfost/runs/strict_continuum_cavity_mass_q_v1/rt_tasks/t207_m2p50_c22p0_a0p40_q3p00_i0p05_w001
208	23	m2p50_c22p0_a0p40_q3p00_i0p05	2.50	0.00025	c22p0	22.0	247.508685341630	100	1.0	5	0.40	3.00	0.05	70.0	7.3011756855e-08	1	2	w002	near_ir_short	43	1.4987957445436022	1.4987957445436022	NIRSpec	false	full_n2401	1	2401	2401	6000	2.4989587671803415	4.9582515221832172e-06	0.049460259569938873	jwst_mcfost/runs/strict_continuum_cavity_mass_q_v1/anchors/w002/strict_continuum_anchor.lambda	7c9f0b769ebc9634e2a3203ac84f4fbc00b323b2ba59b01aed9c107319f2ee5f	41001	128000	jwst_mcfost/runs/strict_continuum_cavity_mass_q_v1/models/m2p50_c22p0_a0p40_q3p00_i0p05/disk_envelope_m2p50_c22p0_a0p40_q3p00_i0p05_rt.para	53cd0c4fcf87840ff3b34a3725bb6ab85485d3e25fd81de2d46d328f30b5dc2a	23	jwst_mcfost/runs/strict_continuum_cavity_mass_q_v1/models/m2p50_c22p0_a0p40_q3p00_i0p05/temperature	jwst_mcfost/runs/strict_continuum_cavity_mass_q_v1/rt_tasks/t208_m2p50_c22p0_a0p40_q3p00_i0p05_w002
209	23	m2p50_c22p0_a0p40_q3p00_i0p05	2.50	0.00025	c22p0	22.0	247.508685341630	100	1.0	5	0.40	3.00	0.05	70.0	7.3011756855e-08	2	3	w003	near_ir_rise	59	1.7588530996181813	1.7588530996181813	NIRSpec	false	full_n2401	1	2401	2401	6000	2.4989587671803415	4.9582515221832172e-06	0.058042152287399985	jwst_mcfost/runs/strict_continuum_cavity_mass_q_v1/anchors/w003/strict_continuum_anchor.lambda	ca23ebfe8f0349583e11ddd47bbd4cca509749dd6ae81b3fe7eb58a679cdd3b2	41001	128000	jwst_mcfost/runs/strict_continuum_cavity_mass_q_v1/models/m2p50_c22p0_a0p40_q3p00_i0p05/disk_envelope_m2p50_c22p0_a0p40_q3p00_i0p05_rt.para	53cd0c4fcf87840ff3b34a3725bb6ab85485d3e25fd81de2d46d328f30b5dc2a	23	jwst_mcfost/runs/strict_continuum_cavity_mass_q_v1/models/m2p50_c22p0_a0p40_q3p00_i0p05/temperature	jwst_mcfost/runs/strict_continuum_cavity_mass_q_v1/rt_tasks/t209_m2p50_c22p0_a0p40_q3p00_i0p05_w003
210	23	m2p50_c22p0_a0p40_q3p00_i0p05	2.50	0.00025	c22p0	22.0	247.508685341630	100	1.0	5	0.40	3.00	0.05	70.0	7.3011756855e-08	3	4	w004	near_ir_rise	81	2.1916659199557045	2.1916659199557045	NIRSpec	false	full_n2401	1	2401	2401	6000	2.4989587671803415	4.9582515221832172e-06	0.072324975358538254	jwst_mcfost/runs/strict_continuum_cavity_mass_q_v1/anchors/w004/strict_continuum_anchor.lambda	9605b60fa355a7a0a695ed93588c2e13ae03a474ff5df9fa6d55609f7e399107	41001	128000	jwst_mcfost/runs/strict_continuum_cavity_mass_q_v1/models/m2p50_c22p0_a0p40_q3p00_i0p05/disk_envelope_m2p50_c22p0_a0p40_q3p00_i0p05_rt.para	53cd0c4fcf87840ff3b34a3725bb6ab85485d3e25fd81de2d46d328f30b5dc2a	23	jwst_mcfost/runs/strict_continuum_cavity_mass_q_v1/models/m2p50_c22p0_a0p40_q3p00_i0p05/temperature	jwst_mcfost/runs/strict_continuum_cavity_mass_q_v1/rt_tasks/t210_m2p50_c22p0_a0p40_q3p00_i0p05_w004
211	23	m2p50_c22p0_a0p40_q3p00_i0p05	2.50	0.00025	c22p0	22.0	247.508685341630	100	1.0	5	0.40	3.00	0.05	70.0	7.3011756855e-08	4	5	w005	near_ir_rise	96	2.546352514425122	2.546352514425122	NIRSpec	true	full_n2401	1	2401	2401	6000	2.4989587671803415	4.9582515221832172e-06	0.084029632976029028	jwst_mcfost/runs/strict_continuum_cavity_mass_q_v1/anchors/w005/strict_continuum_anchor.lambda	9f7b6faedc4a44f32c6ae5b8b39d492d3c9ec0dc73b4dd191c2f6d60af0cd529	41001	128000	jwst_mcfost/runs/strict_continuum_cavity_mass_q_v1/models/m2p50_c22p0_a0p40_q3p00_i0p05/disk_envelope_m2p50_c22p0_a0p40_q3p00_i0p05_rt.para	53cd0c4fcf87840ff3b34a3725bb6ab85485d3e25fd81de2d46d328f30b5dc2a	23	jwst_mcfost/runs/strict_continuum_cavity_mass_q_v1/models/m2p50_c22p0_a0p40_q3p00_i0p05/temperature	jwst_mcfost/runs/strict_continuum_cavity_mass_q_v1/rt_tasks/t211_m2p50_c22p0_a0p40_q3p00_i0p05_w005
212	23	m2p50_c22p0_a0p40_q3p00_i0p05	2.50	0.00025	c22p0	22.0	247.508685341630	100	1.0	5	0.40	3.00	0.05	70.0	7.3011756855e-08	5	6	w006	window_3p9	139	3.9143995604061015	3.9143995604061015	NIRSpec	true	support_zoom_n2401	1.9975051980918284	2401	2401	3003.7468767198525	1.2510399319949406	2.4822220872915486e-06	0.12917518549340135	jwst_mcfost/runs/strict_continuum_cavity_mass_q_v1/anchors/w006/strict_continuum_anchor.lambda	a1d444714c9de2dd1e9aa1d5669069a1be6dae0324e94c47a0b9c4ab6e1f11d0	41001	128000	jwst_mcfost/runs/strict_continuum_cavity_mass_q_v1/models/m2p50_c22p0_a0p40_q3p00_i0p05/disk_envelope_m2p50_c22p0_a0p40_q3p00_i0p05_rt.para	53cd0c4fcf87840ff3b34a3725bb6ab85485d3e25fd81de2d46d328f30b5dc2a	23	jwst_mcfost/runs/strict_continuum_cavity_mass_q_v1/models/m2p50_c22p0_a0p40_q3p00_i0p05/temperature	jwst_mcfost/runs/strict_continuum_cavity_mass_q_v1/rt_tasks/t212_m2p50_c22p0_a0p40_q3p00_i0p05_w006
213	23	m2p50_c22p0_a0p40_q3p00_i0p05	2.50	0.00025	c22p0	22.0	247.508685341630	100	1.0	5	0.40	3.00	0.05	70.0	7.3011756855e-08	6	7	w007	window_5p4	171	5.3906283153397085	5.3906283153397085	MIRI	false	support_zoom_n2401	1.9975051980918284	2401	2401	3003.7468767198525	1.2510399319949406	2.4822220872915486e-06	0.28389073440621038	jwst_mcfost/runs/strict_continuum_cavity_mass_q_v1/anchors/w007/strict_continuum_anchor.lambda	2c99cc57bcad833e9a4a9cfca63390c89d9538a1049959460c43c1c449c61679	41001	128000	jwst_mcfost/runs/strict_continuum_cavity_mass_q_v1/models/m2p50_c22p0_a0p40_q3p00_i0p05/disk_envelope_m2p50_c22p0_a0p40_q3p00_i0p05_rt.para	53cd0c4fcf87840ff3b34a3725bb6ab85485d3e25fd81de2d46d328f30b5dc2a	23	jwst_mcfost/runs/strict_continuum_cavity_mass_q_v1/models/m2p50_c22p0_a0p40_q3p00_i0p05/temperature	jwst_mcfost/runs/strict_continuum_cavity_mass_q_v1/rt_tasks/t213_m2p50_c22p0_a0p40_q3p00_i0p05_w007
214	23	m2p50_c22p0_a0p40_q3p00_i0p05	2.50	0.00025	c22p0	22.0	247.508685341630	100	1.0	5	0.40	3.00	0.05	70.0	7.3011756855e-08	7	8	w008	window_13p8	265	13.799908320389276	13.799908320389276	MIRI	false	zoom_n1201	3.9933471945199667	1201	1201	1502.4989583259237	1.2510399319949406	2.4822220872915486e-06	0.5613969745728461	jwst_mcfost/runs/strict_continuum_cavity_mass_q_v1/anchors/w008/strict_continuum_anchor.lambda	6095ab5c3fa56c0623b01f21835d7c8f1fba5d60d5f1f03735e495109c6381d3	41001	128000	jwst_mcfost/runs/strict_continuum_cavity_mass_q_v1/models/m2p50_c22p0_a0p40_q3p00_i0p05/disk_envelope_m2p50_c22p0_a0p40_q3p00_i0p05_rt.para	53cd0c4fcf87840ff3b34a3725bb6ab85485d3e25fd81de2d46d328f30b5dc2a	23	jwst_mcfost/runs/strict_continuum_cavity_mass_q_v1/models/m2p50_c22p0_a0p40_q3p00_i0p05/temperature	jwst_mcfost/runs/strict_continuum_cavity_mass_q_v1/rt_tasks/t214_m2p50_c22p0_a0p40_q3p00_i0p05_w008
215	23	m2p50_c22p0_a0p40_q3p00_i0p05	2.50	0.00025	c22p0	22.0	247.508685341630	100	1.0	5	0.40	3.00	0.05	70.0	7.3011756855e-08	8	9	w009	window_27p5	334	27.513091575690556	27.513091575690556	MIRI	false	zoom_n1201	3.9933471945199667	1201	1201	1502.4989583259237	1.2510399319949406	2.4822220872915486e-06	1.0139320219977885	jwst_mcfost/runs/strict_continuum_cavity_mass_q_v1/anchors/w009/strict_continuum_anchor.lambda	41fd9d2d54ef93ed35fec02dd7d1d9a393b88e9fcc443fc088d958a549ab4723	41001	128000	jwst_mcfost/runs/strict_continuum_cavity_mass_q_v1/models/m2p50_c22p0_a0p40_q3p00_i0p05/disk_envelope_m2p50_c22p0_a0p40_q3p00_i0p05_rt.para	53cd0c4fcf87840ff3b34a3725bb6ab85485d3e25fd81de2d46d328f30b5dc2a	23	jwst_mcfost/runs/strict_continuum_cavity_mass_q_v1/models/m2p50_c22p0_a0p40_q3p00_i0p05/temperature	jwst_mcfost/runs/strict_continuum_cavity_mass_q_v1/rt_tasks/t215_m2p50_c22p0_a0p40_q3p00_i0p05_w009
216	24	m2p50_c24p0_a0p40_q3p00_i0p05	2.50	0.00025	c24p0	24.0	224.603677390422	100	1.0	6	0.40	3.00	0.05	70.0	7.3011756855e-08	0	1	w001	near_ir_short	21	1.2028117593024095	1.2028117593024095	NIRSpec	false	full_n2401	1	2401	2401	6000	2.4989587671803415	4.9582515221832172e-06	0.039692788056979511	jwst_mcfost/runs/strict_continuum_cavity_mass_q_v1/anchors/w001/strict_continuum_anchor.lambda	3a4c05f3e67c2a1c93b19eb17fbfc715bf9582d86bbc727fc0416e86fc3bcfdb	41001	128000	jwst_mcfost/runs/strict_continuum_cavity_mass_q_v1/models/m2p50_c24p0_a0p40_q3p00_i0p05/disk_envelope_m2p50_c24p0_a0p40_q3p00_i0p05_rt.para	53cd0c4fcf87840ff3b34a3725bb6ab85485d3e25fd81de2d46d328f30b5dc2a	24	jwst_mcfost/runs/strict_continuum_cavity_mass_q_v1/models/m2p50_c24p0_a0p40_q3p00_i0p05/temperature	jwst_mcfost/runs/strict_continuum_cavity_mass_q_v1/rt_tasks/t216_m2p50_c24p0_a0p40_q3p00_i0p05_w001
217	24	m2p50_c24p0_a0p40_q3p00_i0p05	2.50	0.00025	c24p0	24.0	224.603677390422	100	1.0	6	0.40	3.00	0.05	70.0	7.3011756855e-08	1	2	w002	near_ir_short	43	1.4987957445436022	1.4987957445436022	NIRSpec	false	full_n2401	1	2401	2401	6000	2.4989587671803415	4.9582515221832172e-06	0.049460259569938873	jwst_mcfost/runs/strict_continuum_cavity_mass_q_v1/anchors/w002/strict_continuum_anchor.lambda	7c9f0b769ebc9634e2a3203ac84f4fbc00b323b2ba59b01aed9c107319f2ee5f	41001	128000	jwst_mcfost/runs/strict_continuum_cavity_mass_q_v1/models/m2p50_c24p0_a0p40_q3p00_i0p05/disk_envelope_m2p50_c24p0_a0p40_q3p00_i0p05_rt.para	53cd0c4fcf87840ff3b34a3725bb6ab85485d3e25fd81de2d46d328f30b5dc2a	24	jwst_mcfost/runs/strict_continuum_cavity_mass_q_v1/models/m2p50_c24p0_a0p40_q3p00_i0p05/temperature	jwst_mcfost/runs/strict_continuum_cavity_mass_q_v1/rt_tasks/t217_m2p50_c24p0_a0p40_q3p00_i0p05_w002
218	24	m2p50_c24p0_a0p40_q3p00_i0p05	2.50	0.00025	c24p0	24.0	224.603677390422	100	1.0	6	0.40	3.00	0.05	70.0	7.3011756855e-08	2	3	w003	near_ir_rise	59	1.7588530996181813	1.7588530996181813	NIRSpec	false	full_n2401	1	2401	2401	6000	2.4989587671803415	4.9582515221832172e-06	0.058042152287399985	jwst_mcfost/runs/strict_continuum_cavity_mass_q_v1/anchors/w003/strict_continuum_anchor.lambda	ca23ebfe8f0349583e11ddd47bbd4cca509749dd6ae81b3fe7eb58a679cdd3b2	41001	128000	jwst_mcfost/runs/strict_continuum_cavity_mass_q_v1/models/m2p50_c24p0_a0p40_q3p00_i0p05/disk_envelope_m2p50_c24p0_a0p40_q3p00_i0p05_rt.para	53cd0c4fcf87840ff3b34a3725bb6ab85485d3e25fd81de2d46d328f30b5dc2a	24	jwst_mcfost/runs/strict_continuum_cavity_mass_q_v1/models/m2p50_c24p0_a0p40_q3p00_i0p05/temperature	jwst_mcfost/runs/strict_continuum_cavity_mass_q_v1/rt_tasks/t218_m2p50_c24p0_a0p40_q3p00_i0p05_w003
219	24	m2p50_c24p0_a0p40_q3p00_i0p05	2.50	0.00025	c24p0	24.0	224.603677390422	100	1.0	6	0.40	3.00	0.05	70.0	7.3011756855e-08	3	4	w004	near_ir_rise	81	2.1916659199557045	2.1916659199557045	NIRSpec	false	full_n2401	1	2401	2401	6000	2.4989587671803415	4.9582515221832172e-06	0.072324975358538254	jwst_mcfost/runs/strict_continuum_cavity_mass_q_v1/anchors/w004/strict_continuum_anchor.lambda	9605b60fa355a7a0a695ed93588c2e13ae03a474ff5df9fa6d55609f7e399107	41001	128000	jwst_mcfost/runs/strict_continuum_cavity_mass_q_v1/models/m2p50_c24p0_a0p40_q3p00_i0p05/disk_envelope_m2p50_c24p0_a0p40_q3p00_i0p05_rt.para	53cd0c4fcf87840ff3b34a3725bb6ab85485d3e25fd81de2d46d328f30b5dc2a	24	jwst_mcfost/runs/strict_continuum_cavity_mass_q_v1/models/m2p50_c24p0_a0p40_q3p00_i0p05/temperature	jwst_mcfost/runs/strict_continuum_cavity_mass_q_v1/rt_tasks/t219_m2p50_c24p0_a0p40_q3p00_i0p05_w004
220	24	m2p50_c24p0_a0p40_q3p00_i0p05	2.50	0.00025	c24p0	24.0	224.603677390422	100	1.0	6	0.40	3.00	0.05	70.0	7.3011756855e-08	4	5	w005	near_ir_rise	96	2.546352514425122	2.546352514425122	NIRSpec	true	full_n2401	1	2401	2401	6000	2.4989587671803415	4.9582515221832172e-06	0.084029632976029028	jwst_mcfost/runs/strict_continuum_cavity_mass_q_v1/anchors/w005/strict_continuum_anchor.lambda	9f7b6faedc4a44f32c6ae5b8b39d492d3c9ec0dc73b4dd191c2f6d60af0cd529	41001	128000	jwst_mcfost/runs/strict_continuum_cavity_mass_q_v1/models/m2p50_c24p0_a0p40_q3p00_i0p05/disk_envelope_m2p50_c24p0_a0p40_q3p00_i0p05_rt.para	53cd0c4fcf87840ff3b34a3725bb6ab85485d3e25fd81de2d46d328f30b5dc2a	24	jwst_mcfost/runs/strict_continuum_cavity_mass_q_v1/models/m2p50_c24p0_a0p40_q3p00_i0p05/temperature	jwst_mcfost/runs/strict_continuum_cavity_mass_q_v1/rt_tasks/t220_m2p50_c24p0_a0p40_q3p00_i0p05_w005
221	24	m2p50_c24p0_a0p40_q3p00_i0p05	2.50	0.00025	c24p0	24.0	224.603677390422	100	1.0	6	0.40	3.00	0.05	70.0	7.3011756855e-08	5	6	w006	window_3p9	139	3.9143995604061015	3.9143995604061015	NIRSpec	true	support_zoom_n2401	1.9975051980918284	2401	2401	3003.7468767198525	1.2510399319949406	2.4822220872915486e-06	0.12917518549340135	jwst_mcfost/runs/strict_continuum_cavity_mass_q_v1/anchors/w006/strict_continuum_anchor.lambda	a1d444714c9de2dd1e9aa1d5669069a1be6dae0324e94c47a0b9c4ab6e1f11d0	41001	128000	jwst_mcfost/runs/strict_continuum_cavity_mass_q_v1/models/m2p50_c24p0_a0p40_q3p00_i0p05/disk_envelope_m2p50_c24p0_a0p40_q3p00_i0p05_rt.para	53cd0c4fcf87840ff3b34a3725bb6ab85485d3e25fd81de2d46d328f30b5dc2a	24	jwst_mcfost/runs/strict_continuum_cavity_mass_q_v1/models/m2p50_c24p0_a0p40_q3p00_i0p05/temperature	jwst_mcfost/runs/strict_continuum_cavity_mass_q_v1/rt_tasks/t221_m2p50_c24p0_a0p40_q3p00_i0p05_w006
222	24	m2p50_c24p0_a0p40_q3p00_i0p05	2.50	0.00025	c24p0	24.0	224.603677390422	100	1.0	6	0.40	3.00	0.05	70.0	7.3011756855e-08	6	7	w007	window_5p4	171	5.3906283153397085	5.3906283153397085	MIRI	false	support_zoom_n2401	1.9975051980918284	2401	2401	3003.7468767198525	1.2510399319949406	2.4822220872915486e-06	0.28389073440621038	jwst_mcfost/runs/strict_continuum_cavity_mass_q_v1/anchors/w007/strict_continuum_anchor.lambda	2c99cc57bcad833e9a4a9cfca63390c89d9538a1049959460c43c1c449c61679	41001	128000	jwst_mcfost/runs/strict_continuum_cavity_mass_q_v1/models/m2p50_c24p0_a0p40_q3p00_i0p05/disk_envelope_m2p50_c24p0_a0p40_q3p00_i0p05_rt.para	53cd0c4fcf87840ff3b34a3725bb6ab85485d3e25fd81de2d46d328f30b5dc2a	24	jwst_mcfost/runs/strict_continuum_cavity_mass_q_v1/models/m2p50_c24p0_a0p40_q3p00_i0p05/temperature	jwst_mcfost/runs/strict_continuum_cavity_mass_q_v1/rt_tasks/t222_m2p50_c24p0_a0p40_q3p00_i0p05_w007
223	24	m2p50_c24p0_a0p40_q3p00_i0p05	2.50	0.00025	c24p0	24.0	224.603677390422	100	1.0	6	0.40	3.00	0.05	70.0	7.3011756855e-08	7	8	w008	window_13p8	265	13.799908320389276	13.799908320389276	MIRI	false	zoom_n1201	3.9933471945199667	1201	1201	1502.4989583259237	1.2510399319949406	2.4822220872915486e-06	0.5613969745728461	jwst_mcfost/runs/strict_continuum_cavity_mass_q_v1/anchors/w008/strict_continuum_anchor.lambda	6095ab5c3fa56c0623b01f21835d7c8f1fba5d60d5f1f03735e495109c6381d3	41001	128000	jwst_mcfost/runs/strict_continuum_cavity_mass_q_v1/models/m2p50_c24p0_a0p40_q3p00_i0p05/disk_envelope_m2p50_c24p0_a0p40_q3p00_i0p05_rt.para	53cd0c4fcf87840ff3b34a3725bb6ab85485d3e25fd81de2d46d328f30b5dc2a	24	jwst_mcfost/runs/strict_continuum_cavity_mass_q_v1/models/m2p50_c24p0_a0p40_q3p00_i0p05/temperature	jwst_mcfost/runs/strict_continuum_cavity_mass_q_v1/rt_tasks/t223_m2p50_c24p0_a0p40_q3p00_i0p05_w008
224	24	m2p50_c24p0_a0p40_q3p00_i0p05	2.50	0.00025	c24p0	24.0	224.603677390422	100	1.0	6	0.40	3.00	0.05	70.0	7.3011756855e-08	8	9	w009	window_27p5	334	27.513091575690556	27.513091575690556	MIRI	false	zoom_n1201	3.9933471945199667	1201	1201	1502.4989583259237	1.2510399319949406	2.4822220872915486e-06	1.0139320219977885	jwst_mcfost/runs/strict_continuum_cavity_mass_q_v1/anchors/w009/strict_continuum_anchor.lambda	41fd9d2d54ef93ed35fec02dd7d1d9a393b88e9fcc443fc088d958a549ab4723	41001	128000	jwst_mcfost/runs/strict_continuum_cavity_mass_q_v1/models/m2p50_c24p0_a0p40_q3p00_i0p05/disk_envelope_m2p50_c24p0_a0p40_q3p00_i0p05_rt.para	53cd0c4fcf87840ff3b34a3725bb6ab85485d3e25fd81de2d46d328f30b5dc2a	24	jwst_mcfost/runs/strict_continuum_cavity_mass_q_v1/models/m2p50_c24p0_a0p40_q3p00_i0p05/temperature	jwst_mcfost/runs/strict_continuum_cavity_mass_q_v1/rt_tasks/t224_m2p50_c24p0_a0p40_q3p00_i0p05_w009
225	25	m2p50_c15p0_a0p40_q3p25_i0p05	2.50	0.00025	c15p0	15.0	373.205080756888	100	1.0	2	0.40	3.25	0.05	70.0	7.3011756855e-08	0	1	w001	near_ir_short	21	1.2028117593024095	1.2028117593024095	NIRSpec	false	full_n2401	1	2401	2401	6000	2.4989587671803415	4.9582515221832172e-06	0.039692788056979511	jwst_mcfost/runs/strict_continuum_cavity_mass_q_v1/anchors/w001/strict_continuum_anchor.lambda	3a4c05f3e67c2a1c93b19eb17fbfc715bf9582d86bbc727fc0416e86fc3bcfdb	41001	128000	jwst_mcfost/runs/strict_continuum_cavity_mass_q_v1/models/m2p50_c15p0_a0p40_q3p25_i0p05/disk_envelope_m2p50_c15p0_a0p40_q3p25_i0p05_rt.para	b3ebb54335858536f9695d1472e4aaa2ec9dc03a950d4932da76168c66570f50	25	jwst_mcfost/runs/strict_continuum_cavity_mass_q_v1/models/m2p50_c15p0_a0p40_q3p25_i0p05/temperature	jwst_mcfost/runs/strict_continuum_cavity_mass_q_v1/rt_tasks/t225_m2p50_c15p0_a0p40_q3p25_i0p05_w001
226	25	m2p50_c15p0_a0p40_q3p25_i0p05	2.50	0.00025	c15p0	15.0	373.205080756888	100	1.0	2	0.40	3.25	0.05	70.0	7.3011756855e-08	1	2	w002	near_ir_short	43	1.4987957445436022	1.4987957445436022	NIRSpec	false	full_n2401	1	2401	2401	6000	2.4989587671803415	4.9582515221832172e-06	0.049460259569938873	jwst_mcfost/runs/strict_continuum_cavity_mass_q_v1/anchors/w002/strict_continuum_anchor.lambda	7c9f0b769ebc9634e2a3203ac84f4fbc00b323b2ba59b01aed9c107319f2ee5f	41001	128000	jwst_mcfost/runs/strict_continuum_cavity_mass_q_v1/models/m2p50_c15p0_a0p40_q3p25_i0p05/disk_envelope_m2p50_c15p0_a0p40_q3p25_i0p05_rt.para	b3ebb54335858536f9695d1472e4aaa2ec9dc03a950d4932da76168c66570f50	25	jwst_mcfost/runs/strict_continuum_cavity_mass_q_v1/models/m2p50_c15p0_a0p40_q3p25_i0p05/temperature	jwst_mcfost/runs/strict_continuum_cavity_mass_q_v1/rt_tasks/t226_m2p50_c15p0_a0p40_q3p25_i0p05_w002
227	25	m2p50_c15p0_a0p40_q3p25_i0p05	2.50	0.00025	c15p0	15.0	373.205080756888	100	1.0	2	0.40	3.25	0.05	70.0	7.3011756855e-08	2	3	w003	near_ir_rise	59	1.7588530996181813	1.7588530996181813	NIRSpec	false	full_n2401	1	2401	2401	6000	2.4989587671803415	4.9582515221832172e-06	0.058042152287399985	jwst_mcfost/runs/strict_continuum_cavity_mass_q_v1/anchors/w003/strict_continuum_anchor.lambda	ca23ebfe8f0349583e11ddd47bbd4cca509749dd6ae81b3fe7eb58a679cdd3b2	41001	128000	jwst_mcfost/runs/strict_continuum_cavity_mass_q_v1/models/m2p50_c15p0_a0p40_q3p25_i0p05/disk_envelope_m2p50_c15p0_a0p40_q3p25_i0p05_rt.para	b3ebb54335858536f9695d1472e4aaa2ec9dc03a950d4932da76168c66570f50	25	jwst_mcfost/runs/strict_continuum_cavity_mass_q_v1/models/m2p50_c15p0_a0p40_q3p25_i0p05/temperature	jwst_mcfost/runs/strict_continuum_cavity_mass_q_v1/rt_tasks/t227_m2p50_c15p0_a0p40_q3p25_i0p05_w003
228	25	m2p50_c15p0_a0p40_q3p25_i0p05	2.50	0.00025	c15p0	15.0	373.205080756888	100	1.0	2	0.40	3.25	0.05	70.0	7.3011756855e-08	3	4	w004	near_ir_rise	81	2.1916659199557045	2.1916659199557045	NIRSpec	false	full_n2401	1	2401	2401	6000	2.4989587671803415	4.9582515221832172e-06	0.072324975358538254	jwst_mcfost/runs/strict_continuum_cavity_mass_q_v1/anchors/w004/strict_continuum_anchor.lambda	9605b60fa355a7a0a695ed93588c2e13ae03a474ff5df9fa6d55609f7e399107	41001	128000	jwst_mcfost/runs/strict_continuum_cavity_mass_q_v1/models/m2p50_c15p0_a0p40_q3p25_i0p05/disk_envelope_m2p50_c15p0_a0p40_q3p25_i0p05_rt.para	b3ebb54335858536f9695d1472e4aaa2ec9dc03a950d4932da76168c66570f50	25	jwst_mcfost/runs/strict_continuum_cavity_mass_q_v1/models/m2p50_c15p0_a0p40_q3p25_i0p05/temperature	jwst_mcfost/runs/strict_continuum_cavity_mass_q_v1/rt_tasks/t228_m2p50_c15p0_a0p40_q3p25_i0p05_w004
229	25	m2p50_c15p0_a0p40_q3p25_i0p05	2.50	0.00025	c15p0	15.0	373.205080756888	100	1.0	2	0.40	3.25	0.05	70.0	7.3011756855e-08	4	5	w005	near_ir_rise	96	2.546352514425122	2.546352514425122	NIRSpec	true	full_n2401	1	2401	2401	6000	2.4989587671803415	4.9582515221832172e-06	0.084029632976029028	jwst_mcfost/runs/strict_continuum_cavity_mass_q_v1/anchors/w005/strict_continuum_anchor.lambda	9f7b6faedc4a44f32c6ae5b8b39d492d3c9ec0dc73b4dd191c2f6d60af0cd529	41001	128000	jwst_mcfost/runs/strict_continuum_cavity_mass_q_v1/models/m2p50_c15p0_a0p40_q3p25_i0p05/disk_envelope_m2p50_c15p0_a0p40_q3p25_i0p05_rt.para	b3ebb54335858536f9695d1472e4aaa2ec9dc03a950d4932da76168c66570f50	25	jwst_mcfost/runs/strict_continuum_cavity_mass_q_v1/models/m2p50_c15p0_a0p40_q3p25_i0p05/temperature	jwst_mcfost/runs/strict_continuum_cavity_mass_q_v1/rt_tasks/t229_m2p50_c15p0_a0p40_q3p25_i0p05_w005
230	25	m2p50_c15p0_a0p40_q3p25_i0p05	2.50	0.00025	c15p0	15.0	373.205080756888	100	1.0	2	0.40	3.25	0.05	70.0	7.3011756855e-08	5	6	w006	window_3p9	139	3.9143995604061015	3.9143995604061015	NIRSpec	true	support_zoom_n2401	1.9975051980918284	2401	2401	3003.7468767198525	1.2510399319949406	2.4822220872915486e-06	0.12917518549340135	jwst_mcfost/runs/strict_continuum_cavity_mass_q_v1/anchors/w006/strict_continuum_anchor.lambda	a1d444714c9de2dd1e9aa1d5669069a1be6dae0324e94c47a0b9c4ab6e1f11d0	41001	128000	jwst_mcfost/runs/strict_continuum_cavity_mass_q_v1/models/m2p50_c15p0_a0p40_q3p25_i0p05/disk_envelope_m2p50_c15p0_a0p40_q3p25_i0p05_rt.para	b3ebb54335858536f9695d1472e4aaa2ec9dc03a950d4932da76168c66570f50	25	jwst_mcfost/runs/strict_continuum_cavity_mass_q_v1/models/m2p50_c15p0_a0p40_q3p25_i0p05/temperature	jwst_mcfost/runs/strict_continuum_cavity_mass_q_v1/rt_tasks/t230_m2p50_c15p0_a0p40_q3p25_i0p05_w006
231	25	m2p50_c15p0_a0p40_q3p25_i0p05	2.50	0.00025	c15p0	15.0	373.205080756888	100	1.0	2	0.40	3.25	0.05	70.0	7.3011756855e-08	6	7	w007	window_5p4	171	5.3906283153397085	5.3906283153397085	MIRI	false	support_zoom_n2401	1.9975051980918284	2401	2401	3003.7468767198525	1.2510399319949406	2.4822220872915486e-06	0.28389073440621038	jwst_mcfost/runs/strict_continuum_cavity_mass_q_v1/anchors/w007/strict_continuum_anchor.lambda	2c99cc57bcad833e9a4a9cfca63390c89d9538a1049959460c43c1c449c61679	41001	128000	jwst_mcfost/runs/strict_continuum_cavity_mass_q_v1/models/m2p50_c15p0_a0p40_q3p25_i0p05/disk_envelope_m2p50_c15p0_a0p40_q3p25_i0p05_rt.para	b3ebb54335858536f9695d1472e4aaa2ec9dc03a950d4932da76168c66570f50	25	jwst_mcfost/runs/strict_continuum_cavity_mass_q_v1/models/m2p50_c15p0_a0p40_q3p25_i0p05/temperature	jwst_mcfost/runs/strict_continuum_cavity_mass_q_v1/rt_tasks/t231_m2p50_c15p0_a0p40_q3p25_i0p05_w007
232	25	m2p50_c15p0_a0p40_q3p25_i0p05	2.50	0.00025	c15p0	15.0	373.205080756888	100	1.0	2	0.40	3.25	0.05	70.0	7.3011756855e-08	7	8	w008	window_13p8	265	13.799908320389276	13.799908320389276	MIRI	false	zoom_n1201	3.9933471945199667	1201	1201	1502.4989583259237	1.2510399319949406	2.4822220872915486e-06	0.5613969745728461	jwst_mcfost/runs/strict_continuum_cavity_mass_q_v1/anchors/w008/strict_continuum_anchor.lambda	6095ab5c3fa56c0623b01f21835d7c8f1fba5d60d5f1f03735e495109c6381d3	41001	128000	jwst_mcfost/runs/strict_continuum_cavity_mass_q_v1/models/m2p50_c15p0_a0p40_q3p25_i0p05/disk_envelope_m2p50_c15p0_a0p40_q3p25_i0p05_rt.para	b3ebb54335858536f9695d1472e4aaa2ec9dc03a950d4932da76168c66570f50	25	jwst_mcfost/runs/strict_continuum_cavity_mass_q_v1/models/m2p50_c15p0_a0p40_q3p25_i0p05/temperature	jwst_mcfost/runs/strict_continuum_cavity_mass_q_v1/rt_tasks/t232_m2p50_c15p0_a0p40_q3p25_i0p05_w008
233	25	m2p50_c15p0_a0p40_q3p25_i0p05	2.50	0.00025	c15p0	15.0	373.205080756888	100	1.0	2	0.40	3.25	0.05	70.0	7.3011756855e-08	8	9	w009	window_27p5	334	27.513091575690556	27.513091575690556	MIRI	false	zoom_n1201	3.9933471945199667	1201	1201	1502.4989583259237	1.2510399319949406	2.4822220872915486e-06	1.0139320219977885	jwst_mcfost/runs/strict_continuum_cavity_mass_q_v1/anchors/w009/strict_continuum_anchor.lambda	41fd9d2d54ef93ed35fec02dd7d1d9a393b88e9fcc443fc088d958a549ab4723	41001	128000	jwst_mcfost/runs/strict_continuum_cavity_mass_q_v1/models/m2p50_c15p0_a0p40_q3p25_i0p05/disk_envelope_m2p50_c15p0_a0p40_q3p25_i0p05_rt.para	b3ebb54335858536f9695d1472e4aaa2ec9dc03a950d4932da76168c66570f50	25	jwst_mcfost/runs/strict_continuum_cavity_mass_q_v1/models/m2p50_c15p0_a0p40_q3p25_i0p05/temperature	jwst_mcfost/runs/strict_continuum_cavity_mass_q_v1/rt_tasks/t233_m2p50_c15p0_a0p40_q3p25_i0p05_w009
234	26	m2p50_c17p5_a0p40_q3p25_i0p05	2.50	0.00025	c17p5	17.5	317.159480236321	100	1.0	3	0.40	3.25	0.05	70.0	7.3011756855e-08	0	1	w001	near_ir_short	21	1.2028117593024095	1.2028117593024095	NIRSpec	false	full_n2401	1	2401	2401	6000	2.4989587671803415	4.9582515221832172e-06	0.039692788056979511	jwst_mcfost/runs/strict_continuum_cavity_mass_q_v1/anchors/w001/strict_continuum_anchor.lambda	3a4c05f3e67c2a1c93b19eb17fbfc715bf9582d86bbc727fc0416e86fc3bcfdb	41001	128000	jwst_mcfost/runs/strict_continuum_cavity_mass_q_v1/models/m2p50_c17p5_a0p40_q3p25_i0p05/disk_envelope_m2p50_c17p5_a0p40_q3p25_i0p05_rt.para	b3ebb54335858536f9695d1472e4aaa2ec9dc03a950d4932da76168c66570f50	26	jwst_mcfost/runs/strict_continuum_cavity_mass_q_v1/models/m2p50_c17p5_a0p40_q3p25_i0p05/temperature	jwst_mcfost/runs/strict_continuum_cavity_mass_q_v1/rt_tasks/t234_m2p50_c17p5_a0p40_q3p25_i0p05_w001
235	26	m2p50_c17p5_a0p40_q3p25_i0p05	2.50	0.00025	c17p5	17.5	317.159480236321	100	1.0	3	0.40	3.25	0.05	70.0	7.3011756855e-08	1	2	w002	near_ir_short	43	1.4987957445436022	1.4987957445436022	NIRSpec	false	full_n2401	1	2401	2401	6000	2.4989587671803415	4.9582515221832172e-06	0.049460259569938873	jwst_mcfost/runs/strict_continuum_cavity_mass_q_v1/anchors/w002/strict_continuum_anchor.lambda	7c9f0b769ebc9634e2a3203ac84f4fbc00b323b2ba59b01aed9c107319f2ee5f	41001	128000	jwst_mcfost/runs/strict_continuum_cavity_mass_q_v1/models/m2p50_c17p5_a0p40_q3p25_i0p05/disk_envelope_m2p50_c17p5_a0p40_q3p25_i0p05_rt.para	b3ebb54335858536f9695d1472e4aaa2ec9dc03a950d4932da76168c66570f50	26	jwst_mcfost/runs/strict_continuum_cavity_mass_q_v1/models/m2p50_c17p5_a0p40_q3p25_i0p05/temperature	jwst_mcfost/runs/strict_continuum_cavity_mass_q_v1/rt_tasks/t235_m2p50_c17p5_a0p40_q3p25_i0p05_w002
236	26	m2p50_c17p5_a0p40_q3p25_i0p05	2.50	0.00025	c17p5	17.5	317.159480236321	100	1.0	3	0.40	3.25	0.05	70.0	7.3011756855e-08	2	3	w003	near_ir_rise	59	1.7588530996181813	1.7588530996181813	NIRSpec	false	full_n2401	1	2401	2401	6000	2.4989587671803415	4.9582515221832172e-06	0.058042152287399985	jwst_mcfost/runs/strict_continuum_cavity_mass_q_v1/anchors/w003/strict_continuum_anchor.lambda	ca23ebfe8f0349583e11ddd47bbd4cca509749dd6ae81b3fe7eb58a679cdd3b2	41001	128000	jwst_mcfost/runs/strict_continuum_cavity_mass_q_v1/models/m2p50_c17p5_a0p40_q3p25_i0p05/disk_envelope_m2p50_c17p5_a0p40_q3p25_i0p05_rt.para	b3ebb54335858536f9695d1472e4aaa2ec9dc03a950d4932da76168c66570f50	26	jwst_mcfost/runs/strict_continuum_cavity_mass_q_v1/models/m2p50_c17p5_a0p40_q3p25_i0p05/temperature	jwst_mcfost/runs/strict_continuum_cavity_mass_q_v1/rt_tasks/t236_m2p50_c17p5_a0p40_q3p25_i0p05_w003
237	26	m2p50_c17p5_a0p40_q3p25_i0p05	2.50	0.00025	c17p5	17.5	317.159480236321	100	1.0	3	0.40	3.25	0.05	70.0	7.3011756855e-08	3	4	w004	near_ir_rise	81	2.1916659199557045	2.1916659199557045	NIRSpec	false	full_n2401	1	2401	2401	6000	2.4989587671803415	4.9582515221832172e-06	0.072324975358538254	jwst_mcfost/runs/strict_continuum_cavity_mass_q_v1/anchors/w004/strict_continuum_anchor.lambda	9605b60fa355a7a0a695ed93588c2e13ae03a474ff5df9fa6d55609f7e399107	41001	128000	jwst_mcfost/runs/strict_continuum_cavity_mass_q_v1/models/m2p50_c17p5_a0p40_q3p25_i0p05/disk_envelope_m2p50_c17p5_a0p40_q3p25_i0p05_rt.para	b3ebb54335858536f9695d1472e4aaa2ec9dc03a950d4932da76168c66570f50	26	jwst_mcfost/runs/strict_continuum_cavity_mass_q_v1/models/m2p50_c17p5_a0p40_q3p25_i0p05/temperature	jwst_mcfost/runs/strict_continuum_cavity_mass_q_v1/rt_tasks/t237_m2p50_c17p5_a0p40_q3p25_i0p05_w004
238	26	m2p50_c17p5_a0p40_q3p25_i0p05	2.50	0.00025	c17p5	17.5	317.159480236321	100	1.0	3	0.40	3.25	0.05	70.0	7.3011756855e-08	4	5	w005	near_ir_rise	96	2.546352514425122	2.546352514425122	NIRSpec	true	full_n2401	1	2401	2401	6000	2.4989587671803415	4.9582515221832172e-06	0.084029632976029028	jwst_mcfost/runs/strict_continuum_cavity_mass_q_v1/anchors/w005/strict_continuum_anchor.lambda	9f7b6faedc4a44f32c6ae5b8b39d492d3c9ec0dc73b4dd191c2f6d60af0cd529	41001	128000	jwst_mcfost/runs/strict_continuum_cavity_mass_q_v1/models/m2p50_c17p5_a0p40_q3p25_i0p05/disk_envelope_m2p50_c17p5_a0p40_q3p25_i0p05_rt.para	b3ebb54335858536f9695d1472e4aaa2ec9dc03a950d4932da76168c66570f50	26	jwst_mcfost/runs/strict_continuum_cavity_mass_q_v1/models/m2p50_c17p5_a0p40_q3p25_i0p05/temperature	jwst_mcfost/runs/strict_continuum_cavity_mass_q_v1/rt_tasks/t238_m2p50_c17p5_a0p40_q3p25_i0p05_w005
239	26	m2p50_c17p5_a0p40_q3p25_i0p05	2.50	0.00025	c17p5	17.5	317.159480236321	100	1.0	3	0.40	3.25	0.05	70.0	7.3011756855e-08	5	6	w006	window_3p9	139	3.9143995604061015	3.9143995604061015	NIRSpec	true	support_zoom_n2401	1.9975051980918284	2401	2401	3003.7468767198525	1.2510399319949406	2.4822220872915486e-06	0.12917518549340135	jwst_mcfost/runs/strict_continuum_cavity_mass_q_v1/anchors/w006/strict_continuum_anchor.lambda	a1d444714c9de2dd1e9aa1d5669069a1be6dae0324e94c47a0b9c4ab6e1f11d0	41001	128000	jwst_mcfost/runs/strict_continuum_cavity_mass_q_v1/models/m2p50_c17p5_a0p40_q3p25_i0p05/disk_envelope_m2p50_c17p5_a0p40_q3p25_i0p05_rt.para	b3ebb54335858536f9695d1472e4aaa2ec9dc03a950d4932da76168c66570f50	26	jwst_mcfost/runs/strict_continuum_cavity_mass_q_v1/models/m2p50_c17p5_a0p40_q3p25_i0p05/temperature	jwst_mcfost/runs/strict_continuum_cavity_mass_q_v1/rt_tasks/t239_m2p50_c17p5_a0p40_q3p25_i0p05_w006
240	26	m2p50_c17p5_a0p40_q3p25_i0p05	2.50	0.00025	c17p5	17.5	317.159480236321	100	1.0	3	0.40	3.25	0.05	70.0	7.3011756855e-08	6	7	w007	window_5p4	171	5.3906283153397085	5.3906283153397085	MIRI	false	support_zoom_n2401	1.9975051980918284	2401	2401	3003.7468767198525	1.2510399319949406	2.4822220872915486e-06	0.28389073440621038	jwst_mcfost/runs/strict_continuum_cavity_mass_q_v1/anchors/w007/strict_continuum_anchor.lambda	2c99cc57bcad833e9a4a9cfca63390c89d9538a1049959460c43c1c449c61679	41001	128000	jwst_mcfost/runs/strict_continuum_cavity_mass_q_v1/models/m2p50_c17p5_a0p40_q3p25_i0p05/disk_envelope_m2p50_c17p5_a0p40_q3p25_i0p05_rt.para	b3ebb54335858536f9695d1472e4aaa2ec9dc03a950d4932da76168c66570f50	26	jwst_mcfost/runs/strict_continuum_cavity_mass_q_v1/models/m2p50_c17p5_a0p40_q3p25_i0p05/temperature	jwst_mcfost/runs/strict_continuum_cavity_mass_q_v1/rt_tasks/t240_m2p50_c17p5_a0p40_q3p25_i0p05_w007
241	26	m2p50_c17p5_a0p40_q3p25_i0p05	2.50	0.00025	c17p5	17.5	317.159480236321	100	1.0	3	0.40	3.25	0.05	70.0	7.3011756855e-08	7	8	w008	window_13p8	265	13.799908320389276	13.799908320389276	MIRI	false	zoom_n1201	3.9933471945199667	1201	1201	1502.4989583259237	1.2510399319949406	2.4822220872915486e-06	0.5613969745728461	jwst_mcfost/runs/strict_continuum_cavity_mass_q_v1/anchors/w008/strict_continuum_anchor.lambda	6095ab5c3fa56c0623b01f21835d7c8f1fba5d60d5f1f03735e495109c6381d3	41001	128000	jwst_mcfost/runs/strict_continuum_cavity_mass_q_v1/models/m2p50_c17p5_a0p40_q3p25_i0p05/disk_envelope_m2p50_c17p5_a0p40_q3p25_i0p05_rt.para	b3ebb54335858536f9695d1472e4aaa2ec9dc03a950d4932da76168c66570f50	26	jwst_mcfost/runs/strict_continuum_cavity_mass_q_v1/models/m2p50_c17p5_a0p40_q3p25_i0p05/temperature	jwst_mcfost/runs/strict_continuum_cavity_mass_q_v1/rt_tasks/t241_m2p50_c17p5_a0p40_q3p25_i0p05_w008
242	26	m2p50_c17p5_a0p40_q3p25_i0p05	2.50	0.00025	c17p5	17.5	317.159480236321	100	1.0	3	0.40	3.25	0.05	70.0	7.3011756855e-08	8	9	w009	window_27p5	334	27.513091575690556	27.513091575690556	MIRI	false	zoom_n1201	3.9933471945199667	1201	1201	1502.4989583259237	1.2510399319949406	2.4822220872915486e-06	1.0139320219977885	jwst_mcfost/runs/strict_continuum_cavity_mass_q_v1/anchors/w009/strict_continuum_anchor.lambda	41fd9d2d54ef93ed35fec02dd7d1d9a393b88e9fcc443fc088d958a549ab4723	41001	128000	jwst_mcfost/runs/strict_continuum_cavity_mass_q_v1/models/m2p50_c17p5_a0p40_q3p25_i0p05/disk_envelope_m2p50_c17p5_a0p40_q3p25_i0p05_rt.para	b3ebb54335858536f9695d1472e4aaa2ec9dc03a950d4932da76168c66570f50	26	jwst_mcfost/runs/strict_continuum_cavity_mass_q_v1/models/m2p50_c17p5_a0p40_q3p25_i0p05/temperature	jwst_mcfost/runs/strict_continuum_cavity_mass_q_v1/rt_tasks/t242_m2p50_c17p5_a0p40_q3p25_i0p05_w009
243	27	m2p50_c20p0_a0p40_q3p25_i0p05	2.50	0.00025	c20p0	20.0	274.7	100	1.0	4	0.40	3.25	0.05	70.0	7.3011756855e-08	0	1	w001	near_ir_short	21	1.2028117593024095	1.2028117593024095	NIRSpec	false	full_n2401	1	2401	2401	6000	2.4989587671803415	4.9582515221832172e-06	0.039692788056979511	jwst_mcfost/runs/strict_continuum_cavity_mass_q_v1/anchors/w001/strict_continuum_anchor.lambda	3a4c05f3e67c2a1c93b19eb17fbfc715bf9582d86bbc727fc0416e86fc3bcfdb	41001	128000	jwst_mcfost/runs/strict_continuum_cavity_mass_q_v1/models/m2p50_c20p0_a0p40_q3p25_i0p05/disk_envelope_m2p50_c20p0_a0p40_q3p25_i0p05_rt.para	b3ebb54335858536f9695d1472e4aaa2ec9dc03a950d4932da76168c66570f50	27	jwst_mcfost/runs/strict_continuum_cavity_mass_q_v1/models/m2p50_c20p0_a0p40_q3p25_i0p05/temperature	jwst_mcfost/runs/strict_continuum_cavity_mass_q_v1/rt_tasks/t243_m2p50_c20p0_a0p40_q3p25_i0p05_w001
244	27	m2p50_c20p0_a0p40_q3p25_i0p05	2.50	0.00025	c20p0	20.0	274.7	100	1.0	4	0.40	3.25	0.05	70.0	7.3011756855e-08	1	2	w002	near_ir_short	43	1.4987957445436022	1.4987957445436022	NIRSpec	false	full_n2401	1	2401	2401	6000	2.4989587671803415	4.9582515221832172e-06	0.049460259569938873	jwst_mcfost/runs/strict_continuum_cavity_mass_q_v1/anchors/w002/strict_continuum_anchor.lambda	7c9f0b769ebc9634e2a3203ac84f4fbc00b323b2ba59b01aed9c107319f2ee5f	41001	128000	jwst_mcfost/runs/strict_continuum_cavity_mass_q_v1/models/m2p50_c20p0_a0p40_q3p25_i0p05/disk_envelope_m2p50_c20p0_a0p40_q3p25_i0p05_rt.para	b3ebb54335858536f9695d1472e4aaa2ec9dc03a950d4932da76168c66570f50	27	jwst_mcfost/runs/strict_continuum_cavity_mass_q_v1/models/m2p50_c20p0_a0p40_q3p25_i0p05/temperature	jwst_mcfost/runs/strict_continuum_cavity_mass_q_v1/rt_tasks/t244_m2p50_c20p0_a0p40_q3p25_i0p05_w002
245	27	m2p50_c20p0_a0p40_q3p25_i0p05	2.50	0.00025	c20p0	20.0	274.7	100	1.0	4	0.40	3.25	0.05	70.0	7.3011756855e-08	2	3	w003	near_ir_rise	59	1.7588530996181813	1.7588530996181813	NIRSpec	false	full_n2401	1	2401	2401	6000	2.4989587671803415	4.9582515221832172e-06	0.058042152287399985	jwst_mcfost/runs/strict_continuum_cavity_mass_q_v1/anchors/w003/strict_continuum_anchor.lambda	ca23ebfe8f0349583e11ddd47bbd4cca509749dd6ae81b3fe7eb58a679cdd3b2	41001	128000	jwst_mcfost/runs/strict_continuum_cavity_mass_q_v1/models/m2p50_c20p0_a0p40_q3p25_i0p05/disk_envelope_m2p50_c20p0_a0p40_q3p25_i0p05_rt.para	b3ebb54335858536f9695d1472e4aaa2ec9dc03a950d4932da76168c66570f50	27	jwst_mcfost/runs/strict_continuum_cavity_mass_q_v1/models/m2p50_c20p0_a0p40_q3p25_i0p05/temperature	jwst_mcfost/runs/strict_continuum_cavity_mass_q_v1/rt_tasks/t245_m2p50_c20p0_a0p40_q3p25_i0p05_w003
246	27	m2p50_c20p0_a0p40_q3p25_i0p05	2.50	0.00025	c20p0	20.0	274.7	100	1.0	4	0.40	3.25	0.05	70.0	7.3011756855e-08	3	4	w004	near_ir_rise	81	2.1916659199557045	2.1916659199557045	NIRSpec	false	full_n2401	1	2401	2401	6000	2.4989587671803415	4.9582515221832172e-06	0.072324975358538254	jwst_mcfost/runs/strict_continuum_cavity_mass_q_v1/anchors/w004/strict_continuum_anchor.lambda	9605b60fa355a7a0a695ed93588c2e13ae03a474ff5df9fa6d55609f7e399107	41001	128000	jwst_mcfost/runs/strict_continuum_cavity_mass_q_v1/models/m2p50_c20p0_a0p40_q3p25_i0p05/disk_envelope_m2p50_c20p0_a0p40_q3p25_i0p05_rt.para	b3ebb54335858536f9695d1472e4aaa2ec9dc03a950d4932da76168c66570f50	27	jwst_mcfost/runs/strict_continuum_cavity_mass_q_v1/models/m2p50_c20p0_a0p40_q3p25_i0p05/temperature	jwst_mcfost/runs/strict_continuum_cavity_mass_q_v1/rt_tasks/t246_m2p50_c20p0_a0p40_q3p25_i0p05_w004
247	27	m2p50_c20p0_a0p40_q3p25_i0p05	2.50	0.00025	c20p0	20.0	274.7	100	1.0	4	0.40	3.25	0.05	70.0	7.3011756855e-08	4	5	w005	near_ir_rise	96	2.546352514425122	2.546352514425122	NIRSpec	true	full_n2401	1	2401	2401	6000	2.4989587671803415	4.9582515221832172e-06	0.084029632976029028	jwst_mcfost/runs/strict_continuum_cavity_mass_q_v1/anchors/w005/strict_continuum_anchor.lambda	9f7b6faedc4a44f32c6ae5b8b39d492d3c9ec0dc73b4dd191c2f6d60af0cd529	41001	128000	jwst_mcfost/runs/strict_continuum_cavity_mass_q_v1/models/m2p50_c20p0_a0p40_q3p25_i0p05/disk_envelope_m2p50_c20p0_a0p40_q3p25_i0p05_rt.para	b3ebb54335858536f9695d1472e4aaa2ec9dc03a950d4932da76168c66570f50	27	jwst_mcfost/runs/strict_continuum_cavity_mass_q_v1/models/m2p50_c20p0_a0p40_q3p25_i0p05/temperature	jwst_mcfost/runs/strict_continuum_cavity_mass_q_v1/rt_tasks/t247_m2p50_c20p0_a0p40_q3p25_i0p05_w005
248	27	m2p50_c20p0_a0p40_q3p25_i0p05	2.50	0.00025	c20p0	20.0	274.7	100	1.0	4	0.40	3.25	0.05	70.0	7.3011756855e-08	5	6	w006	window_3p9	139	3.9143995604061015	3.9143995604061015	NIRSpec	true	support_zoom_n2401	1.9975051980918284	2401	2401	3003.7468767198525	1.2510399319949406	2.4822220872915486e-06	0.12917518549340135	jwst_mcfost/runs/strict_continuum_cavity_mass_q_v1/anchors/w006/strict_continuum_anchor.lambda	a1d444714c9de2dd1e9aa1d5669069a1be6dae0324e94c47a0b9c4ab6e1f11d0	41001	128000	jwst_mcfost/runs/strict_continuum_cavity_mass_q_v1/models/m2p50_c20p0_a0p40_q3p25_i0p05/disk_envelope_m2p50_c20p0_a0p40_q3p25_i0p05_rt.para	b3ebb54335858536f9695d1472e4aaa2ec9dc03a950d4932da76168c66570f50	27	jwst_mcfost/runs/strict_continuum_cavity_mass_q_v1/models/m2p50_c20p0_a0p40_q3p25_i0p05/temperature	jwst_mcfost/runs/strict_continuum_cavity_mass_q_v1/rt_tasks/t248_m2p50_c20p0_a0p40_q3p25_i0p05_w006
249	27	m2p50_c20p0_a0p40_q3p25_i0p05	2.50	0.00025	c20p0	20.0	274.7	100	1.0	4	0.40	3.25	0.05	70.0	7.3011756855e-08	6	7	w007	window_5p4	171	5.3906283153397085	5.3906283153397085	MIRI	false	support_zoom_n2401	1.9975051980918284	2401	2401	3003.7468767198525	1.2510399319949406	2.4822220872915486e-06	0.28389073440621038	jwst_mcfost/runs/strict_continuum_cavity_mass_q_v1/anchors/w007/strict_continuum_anchor.lambda	2c99cc57bcad833e9a4a9cfca63390c89d9538a1049959460c43c1c449c61679	41001	128000	jwst_mcfost/runs/strict_continuum_cavity_mass_q_v1/models/m2p50_c20p0_a0p40_q3p25_i0p05/disk_envelope_m2p50_c20p0_a0p40_q3p25_i0p05_rt.para	b3ebb54335858536f9695d1472e4aaa2ec9dc03a950d4932da76168c66570f50	27	jwst_mcfost/runs/strict_continuum_cavity_mass_q_v1/models/m2p50_c20p0_a0p40_q3p25_i0p05/temperature	jwst_mcfost/runs/strict_continuum_cavity_mass_q_v1/rt_tasks/t249_m2p50_c20p0_a0p40_q3p25_i0p05_w007
250	27	m2p50_c20p0_a0p40_q3p25_i0p05	2.50	0.00025	c20p0	20.0	274.7	100	1.0	4	0.40	3.25	0.05	70.0	7.3011756855e-08	7	8	w008	window_13p8	265	13.799908320389276	13.799908320389276	MIRI	false	zoom_n1201	3.9933471945199667	1201	1201	1502.4989583259237	1.2510399319949406	2.4822220872915486e-06	0.5613969745728461	jwst_mcfost/runs/strict_continuum_cavity_mass_q_v1/anchors/w008/strict_continuum_anchor.lambda	6095ab5c3fa56c0623b01f21835d7c8f1fba5d60d5f1f03735e495109c6381d3	41001	128000	jwst_mcfost/runs/strict_continuum_cavity_mass_q_v1/models/m2p50_c20p0_a0p40_q3p25_i0p05/disk_envelope_m2p50_c20p0_a0p40_q3p25_i0p05_rt.para	b3ebb54335858536f9695d1472e4aaa2ec9dc03a950d4932da76168c66570f50	27	jwst_mcfost/runs/strict_continuum_cavity_mass_q_v1/models/m2p50_c20p0_a0p40_q3p25_i0p05/temperature	jwst_mcfost/runs/strict_continuum_cavity_mass_q_v1/rt_tasks/t250_m2p50_c20p0_a0p40_q3p25_i0p05_w008
251	27	m2p50_c20p0_a0p40_q3p25_i0p05	2.50	0.00025	c20p0	20.0	274.7	100	1.0	4	0.40	3.25	0.05	70.0	7.3011756855e-08	8	9	w009	window_27p5	334	27.513091575690556	27.513091575690556	MIRI	false	zoom_n1201	3.9933471945199667	1201	1201	1502.4989583259237	1.2510399319949406	2.4822220872915486e-06	1.0139320219977885	jwst_mcfost/runs/strict_continuum_cavity_mass_q_v1/anchors/w009/strict_continuum_anchor.lambda	41fd9d2d54ef93ed35fec02dd7d1d9a393b88e9fcc443fc088d958a549ab4723	41001	128000	jwst_mcfost/runs/strict_continuum_cavity_mass_q_v1/models/m2p50_c20p0_a0p40_q3p25_i0p05/disk_envelope_m2p50_c20p0_a0p40_q3p25_i0p05_rt.para	b3ebb54335858536f9695d1472e4aaa2ec9dc03a950d4932da76168c66570f50	27	jwst_mcfost/runs/strict_continuum_cavity_mass_q_v1/models/m2p50_c20p0_a0p40_q3p25_i0p05/temperature	jwst_mcfost/runs/strict_continuum_cavity_mass_q_v1/rt_tasks/t251_m2p50_c20p0_a0p40_q3p25_i0p05_w009
252	28	m2p50_c22p0_a0p40_q3p25_i0p05	2.50	0.00025	c22p0	22.0	247.508685341630	100	1.0	5	0.40	3.25	0.05	70.0	7.3011756855e-08	0	1	w001	near_ir_short	21	1.2028117593024095	1.2028117593024095	NIRSpec	false	full_n2401	1	2401	2401	6000	2.4989587671803415	4.9582515221832172e-06	0.039692788056979511	jwst_mcfost/runs/strict_continuum_cavity_mass_q_v1/anchors/w001/strict_continuum_anchor.lambda	3a4c05f3e67c2a1c93b19eb17fbfc715bf9582d86bbc727fc0416e86fc3bcfdb	41001	128000	jwst_mcfost/runs/strict_continuum_cavity_mass_q_v1/models/m2p50_c22p0_a0p40_q3p25_i0p05/disk_envelope_m2p50_c22p0_a0p40_q3p25_i0p05_rt.para	b3ebb54335858536f9695d1472e4aaa2ec9dc03a950d4932da76168c66570f50	28	jwst_mcfost/runs/strict_continuum_cavity_mass_q_v1/models/m2p50_c22p0_a0p40_q3p25_i0p05/temperature	jwst_mcfost/runs/strict_continuum_cavity_mass_q_v1/rt_tasks/t252_m2p50_c22p0_a0p40_q3p25_i0p05_w001
253	28	m2p50_c22p0_a0p40_q3p25_i0p05	2.50	0.00025	c22p0	22.0	247.508685341630	100	1.0	5	0.40	3.25	0.05	70.0	7.3011756855e-08	1	2	w002	near_ir_short	43	1.4987957445436022	1.4987957445436022	NIRSpec	false	full_n2401	1	2401	2401	6000	2.4989587671803415	4.9582515221832172e-06	0.049460259569938873	jwst_mcfost/runs/strict_continuum_cavity_mass_q_v1/anchors/w002/strict_continuum_anchor.lambda	7c9f0b769ebc9634e2a3203ac84f4fbc00b323b2ba59b01aed9c107319f2ee5f	41001	128000	jwst_mcfost/runs/strict_continuum_cavity_mass_q_v1/models/m2p50_c22p0_a0p40_q3p25_i0p05/disk_envelope_m2p50_c22p0_a0p40_q3p25_i0p05_rt.para	b3ebb54335858536f9695d1472e4aaa2ec9dc03a950d4932da76168c66570f50	28	jwst_mcfost/runs/strict_continuum_cavity_mass_q_v1/models/m2p50_c22p0_a0p40_q3p25_i0p05/temperature	jwst_mcfost/runs/strict_continuum_cavity_mass_q_v1/rt_tasks/t253_m2p50_c22p0_a0p40_q3p25_i0p05_w002
254	28	m2p50_c22p0_a0p40_q3p25_i0p05	2.50	0.00025	c22p0	22.0	247.508685341630	100	1.0	5	0.40	3.25	0.05	70.0	7.3011756855e-08	2	3	w003	near_ir_rise	59	1.7588530996181813	1.7588530996181813	NIRSpec	false	full_n2401	1	2401	2401	6000	2.4989587671803415	4.9582515221832172e-06	0.058042152287399985	jwst_mcfost/runs/strict_continuum_cavity_mass_q_v1/anchors/w003/strict_continuum_anchor.lambda	ca23ebfe8f0349583e11ddd47bbd4cca509749dd6ae81b3fe7eb58a679cdd3b2	41001	128000	jwst_mcfost/runs/strict_continuum_cavity_mass_q_v1/models/m2p50_c22p0_a0p40_q3p25_i0p05/disk_envelope_m2p50_c22p0_a0p40_q3p25_i0p05_rt.para	b3ebb54335858536f9695d1472e4aaa2ec9dc03a950d4932da76168c66570f50	28	jwst_mcfost/runs/strict_continuum_cavity_mass_q_v1/models/m2p50_c22p0_a0p40_q3p25_i0p05/temperature	jwst_mcfost/runs/strict_continuum_cavity_mass_q_v1/rt_tasks/t254_m2p50_c22p0_a0p40_q3p25_i0p05_w003
255	28	m2p50_c22p0_a0p40_q3p25_i0p05	2.50	0.00025	c22p0	22.0	247.508685341630	100	1.0	5	0.40	3.25	0.05	70.0	7.3011756855e-08	3	4	w004	near_ir_rise	81	2.1916659199557045	2.1916659199557045	NIRSpec	false	full_n2401	1	2401	2401	6000	2.4989587671803415	4.9582515221832172e-06	0.072324975358538254	jwst_mcfost/runs/strict_continuum_cavity_mass_q_v1/anchors/w004/strict_continuum_anchor.lambda	9605b60fa355a7a0a695ed93588c2e13ae03a474ff5df9fa6d55609f7e399107	41001	128000	jwst_mcfost/runs/strict_continuum_cavity_mass_q_v1/models/m2p50_c22p0_a0p40_q3p25_i0p05/disk_envelope_m2p50_c22p0_a0p40_q3p25_i0p05_rt.para	b3ebb54335858536f9695d1472e4aaa2ec9dc03a950d4932da76168c66570f50	28	jwst_mcfost/runs/strict_continuum_cavity_mass_q_v1/models/m2p50_c22p0_a0p40_q3p25_i0p05/temperature	jwst_mcfost/runs/strict_continuum_cavity_mass_q_v1/rt_tasks/t255_m2p50_c22p0_a0p40_q3p25_i0p05_w004
256	28	m2p50_c22p0_a0p40_q3p25_i0p05	2.50	0.00025	c22p0	22.0	247.508685341630	100	1.0	5	0.40	3.25	0.05	70.0	7.3011756855e-08	4	5	w005	near_ir_rise	96	2.546352514425122	2.546352514425122	NIRSpec	true	full_n2401	1	2401	2401	6000	2.4989587671803415	4.9582515221832172e-06	0.084029632976029028	jwst_mcfost/runs/strict_continuum_cavity_mass_q_v1/anchors/w005/strict_continuum_anchor.lambda	9f7b6faedc4a44f32c6ae5b8b39d492d3c9ec0dc73b4dd191c2f6d60af0cd529	41001	128000	jwst_mcfost/runs/strict_continuum_cavity_mass_q_v1/models/m2p50_c22p0_a0p40_q3p25_i0p05/disk_envelope_m2p50_c22p0_a0p40_q3p25_i0p05_rt.para	b3ebb54335858536f9695d1472e4aaa2ec9dc03a950d4932da76168c66570f50	28	jwst_mcfost/runs/strict_continuum_cavity_mass_q_v1/models/m2p50_c22p0_a0p40_q3p25_i0p05/temperature	jwst_mcfost/runs/strict_continuum_cavity_mass_q_v1/rt_tasks/t256_m2p50_c22p0_a0p40_q3p25_i0p05_w005
257	28	m2p50_c22p0_a0p40_q3p25_i0p05	2.50	0.00025	c22p0	22.0	247.508685341630	100	1.0	5	0.40	3.25	0.05	70.0	7.3011756855e-08	5	6	w006	window_3p9	139	3.9143995604061015	3.9143995604061015	NIRSpec	true	support_zoom_n2401	1.9975051980918284	2401	2401	3003.7468767198525	1.2510399319949406	2.4822220872915486e-06	0.12917518549340135	jwst_mcfost/runs/strict_continuum_cavity_mass_q_v1/anchors/w006/strict_continuum_anchor.lambda	a1d444714c9de2dd1e9aa1d5669069a1be6dae0324e94c47a0b9c4ab6e1f11d0	41001	128000	jwst_mcfost/runs/strict_continuum_cavity_mass_q_v1/models/m2p50_c22p0_a0p40_q3p25_i0p05/disk_envelope_m2p50_c22p0_a0p40_q3p25_i0p05_rt.para	b3ebb54335858536f9695d1472e4aaa2ec9dc03a950d4932da76168c66570f50	28	jwst_mcfost/runs/strict_continuum_cavity_mass_q_v1/models/m2p50_c22p0_a0p40_q3p25_i0p05/temperature	jwst_mcfost/runs/strict_continuum_cavity_mass_q_v1/rt_tasks/t257_m2p50_c22p0_a0p40_q3p25_i0p05_w006
258	28	m2p50_c22p0_a0p40_q3p25_i0p05	2.50	0.00025	c22p0	22.0	247.508685341630	100	1.0	5	0.40	3.25	0.05	70.0	7.3011756855e-08	6	7	w007	window_5p4	171	5.3906283153397085	5.3906283153397085	MIRI	false	support_zoom_n2401	1.9975051980918284	2401	2401	3003.7468767198525	1.2510399319949406	2.4822220872915486e-06	0.28389073440621038	jwst_mcfost/runs/strict_continuum_cavity_mass_q_v1/anchors/w007/strict_continuum_anchor.lambda	2c99cc57bcad833e9a4a9cfca63390c89d9538a1049959460c43c1c449c61679	41001	128000	jwst_mcfost/runs/strict_continuum_cavity_mass_q_v1/models/m2p50_c22p0_a0p40_q3p25_i0p05/disk_envelope_m2p50_c22p0_a0p40_q3p25_i0p05_rt.para	b3ebb54335858536f9695d1472e4aaa2ec9dc03a950d4932da76168c66570f50	28	jwst_mcfost/runs/strict_continuum_cavity_mass_q_v1/models/m2p50_c22p0_a0p40_q3p25_i0p05/temperature	jwst_mcfost/runs/strict_continuum_cavity_mass_q_v1/rt_tasks/t258_m2p50_c22p0_a0p40_q3p25_i0p05_w007
259	28	m2p50_c22p0_a0p40_q3p25_i0p05	2.50	0.00025	c22p0	22.0	247.508685341630	100	1.0	5	0.40	3.25	0.05	70.0	7.3011756855e-08	7	8	w008	window_13p8	265	13.799908320389276	13.799908320389276	MIRI	false	zoom_n1201	3.9933471945199667	1201	1201	1502.4989583259237	1.2510399319949406	2.4822220872915486e-06	0.5613969745728461	jwst_mcfost/runs/strict_continuum_cavity_mass_q_v1/anchors/w008/strict_continuum_anchor.lambda	6095ab5c3fa56c0623b01f21835d7c8f1fba5d60d5f1f03735e495109c6381d3	41001	128000	jwst_mcfost/runs/strict_continuum_cavity_mass_q_v1/models/m2p50_c22p0_a0p40_q3p25_i0p05/disk_envelope_m2p50_c22p0_a0p40_q3p25_i0p05_rt.para	b3ebb54335858536f9695d1472e4aaa2ec9dc03a950d4932da76168c66570f50	28	jwst_mcfost/runs/strict_continuum_cavity_mass_q_v1/models/m2p50_c22p0_a0p40_q3p25_i0p05/temperature	jwst_mcfost/runs/strict_continuum_cavity_mass_q_v1/rt_tasks/t259_m2p50_c22p0_a0p40_q3p25_i0p05_w008
260	28	m2p50_c22p0_a0p40_q3p25_i0p05	2.50	0.00025	c22p0	22.0	247.508685341630	100	1.0	5	0.40	3.25	0.05	70.0	7.3011756855e-08	8	9	w009	window_27p5	334	27.513091575690556	27.513091575690556	MIRI	false	zoom_n1201	3.9933471945199667	1201	1201	1502.4989583259237	1.2510399319949406	2.4822220872915486e-06	1.0139320219977885	jwst_mcfost/runs/strict_continuum_cavity_mass_q_v1/anchors/w009/strict_continuum_anchor.lambda	41fd9d2d54ef93ed35fec02dd7d1d9a393b88e9fcc443fc088d958a549ab4723	41001	128000	jwst_mcfost/runs/strict_continuum_cavity_mass_q_v1/models/m2p50_c22p0_a0p40_q3p25_i0p05/disk_envelope_m2p50_c22p0_a0p40_q3p25_i0p05_rt.para	b3ebb54335858536f9695d1472e4aaa2ec9dc03a950d4932da76168c66570f50	28	jwst_mcfost/runs/strict_continuum_cavity_mass_q_v1/models/m2p50_c22p0_a0p40_q3p25_i0p05/temperature	jwst_mcfost/runs/strict_continuum_cavity_mass_q_v1/rt_tasks/t260_m2p50_c22p0_a0p40_q3p25_i0p05_w009
261	29	m2p50_c24p0_a0p40_q3p25_i0p05	2.50	0.00025	c24p0	24.0	224.603677390422	100	1.0	6	0.40	3.25	0.05	70.0	7.3011756855e-08	0	1	w001	near_ir_short	21	1.2028117593024095	1.2028117593024095	NIRSpec	false	full_n2401	1	2401	2401	6000	2.4989587671803415	4.9582515221832172e-06	0.039692788056979511	jwst_mcfost/runs/strict_continuum_cavity_mass_q_v1/anchors/w001/strict_continuum_anchor.lambda	3a4c05f3e67c2a1c93b19eb17fbfc715bf9582d86bbc727fc0416e86fc3bcfdb	41001	128000	jwst_mcfost/runs/strict_continuum_cavity_mass_q_v1/models/m2p50_c24p0_a0p40_q3p25_i0p05/disk_envelope_m2p50_c24p0_a0p40_q3p25_i0p05_rt.para	b3ebb54335858536f9695d1472e4aaa2ec9dc03a950d4932da76168c66570f50	29	jwst_mcfost/runs/strict_continuum_cavity_mass_q_v1/models/m2p50_c24p0_a0p40_q3p25_i0p05/temperature	jwst_mcfost/runs/strict_continuum_cavity_mass_q_v1/rt_tasks/t261_m2p50_c24p0_a0p40_q3p25_i0p05_w001
262	29	m2p50_c24p0_a0p40_q3p25_i0p05	2.50	0.00025	c24p0	24.0	224.603677390422	100	1.0	6	0.40	3.25	0.05	70.0	7.3011756855e-08	1	2	w002	near_ir_short	43	1.4987957445436022	1.4987957445436022	NIRSpec	false	full_n2401	1	2401	2401	6000	2.4989587671803415	4.9582515221832172e-06	0.049460259569938873	jwst_mcfost/runs/strict_continuum_cavity_mass_q_v1/anchors/w002/strict_continuum_anchor.lambda	7c9f0b769ebc9634e2a3203ac84f4fbc00b323b2ba59b01aed9c107319f2ee5f	41001	128000	jwst_mcfost/runs/strict_continuum_cavity_mass_q_v1/models/m2p50_c24p0_a0p40_q3p25_i0p05/disk_envelope_m2p50_c24p0_a0p40_q3p25_i0p05_rt.para	b3ebb54335858536f9695d1472e4aaa2ec9dc03a950d4932da76168c66570f50	29	jwst_mcfost/runs/strict_continuum_cavity_mass_q_v1/models/m2p50_c24p0_a0p40_q3p25_i0p05/temperature	jwst_mcfost/runs/strict_continuum_cavity_mass_q_v1/rt_tasks/t262_m2p50_c24p0_a0p40_q3p25_i0p05_w002
263	29	m2p50_c24p0_a0p40_q3p25_i0p05	2.50	0.00025	c24p0	24.0	224.603677390422	100	1.0	6	0.40	3.25	0.05	70.0	7.3011756855e-08	2	3	w003	near_ir_rise	59	1.7588530996181813	1.7588530996181813	NIRSpec	false	full_n2401	1	2401	2401	6000	2.4989587671803415	4.9582515221832172e-06	0.058042152287399985	jwst_mcfost/runs/strict_continuum_cavity_mass_q_v1/anchors/w003/strict_continuum_anchor.lambda	ca23ebfe8f0349583e11ddd47bbd4cca509749dd6ae81b3fe7eb58a679cdd3b2	41001	128000	jwst_mcfost/runs/strict_continuum_cavity_mass_q_v1/models/m2p50_c24p0_a0p40_q3p25_i0p05/disk_envelope_m2p50_c24p0_a0p40_q3p25_i0p05_rt.para	b3ebb54335858536f9695d1472e4aaa2ec9dc03a950d4932da76168c66570f50	29	jwst_mcfost/runs/strict_continuum_cavity_mass_q_v1/models/m2p50_c24p0_a0p40_q3p25_i0p05/temperature	jwst_mcfost/runs/strict_continuum_cavity_mass_q_v1/rt_tasks/t263_m2p50_c24p0_a0p40_q3p25_i0p05_w003
264	29	m2p50_c24p0_a0p40_q3p25_i0p05	2.50	0.00025	c24p0	24.0	224.603677390422	100	1.0	6	0.40	3.25	0.05	70.0	7.3011756855e-08	3	4	w004	near_ir_rise	81	2.1916659199557045	2.1916659199557045	NIRSpec	false	full_n2401	1	2401	2401	6000	2.4989587671803415	4.9582515221832172e-06	0.072324975358538254	jwst_mcfost/runs/strict_continuum_cavity_mass_q_v1/anchors/w004/strict_continuum_anchor.lambda	9605b60fa355a7a0a695ed93588c2e13ae03a474ff5df9fa6d55609f7e399107	41001	128000	jwst_mcfost/runs/strict_continuum_cavity_mass_q_v1/models/m2p50_c24p0_a0p40_q3p25_i0p05/disk_envelope_m2p50_c24p0_a0p40_q3p25_i0p05_rt.para	b3ebb54335858536f9695d1472e4aaa2ec9dc03a950d4932da76168c66570f50	29	jwst_mcfost/runs/strict_continuum_cavity_mass_q_v1/models/m2p50_c24p0_a0p40_q3p25_i0p05/temperature	jwst_mcfost/runs/strict_continuum_cavity_mass_q_v1/rt_tasks/t264_m2p50_c24p0_a0p40_q3p25_i0p05_w004
265	29	m2p50_c24p0_a0p40_q3p25_i0p05	2.50	0.00025	c24p0	24.0	224.603677390422	100	1.0	6	0.40	3.25	0.05	70.0	7.3011756855e-08	4	5	w005	near_ir_rise	96	2.546352514425122	2.546352514425122	NIRSpec	true	full_n2401	1	2401	2401	6000	2.4989587671803415	4.9582515221832172e-06	0.084029632976029028	jwst_mcfost/runs/strict_continuum_cavity_mass_q_v1/anchors/w005/strict_continuum_anchor.lambda	9f7b6faedc4a44f32c6ae5b8b39d492d3c9ec0dc73b4dd191c2f6d60af0cd529	41001	128000	jwst_mcfost/runs/strict_continuum_cavity_mass_q_v1/models/m2p50_c24p0_a0p40_q3p25_i0p05/disk_envelope_m2p50_c24p0_a0p40_q3p25_i0p05_rt.para	b3ebb54335858536f9695d1472e4aaa2ec9dc03a950d4932da76168c66570f50	29	jwst_mcfost/runs/strict_continuum_cavity_mass_q_v1/models/m2p50_c24p0_a0p40_q3p25_i0p05/temperature	jwst_mcfost/runs/strict_continuum_cavity_mass_q_v1/rt_tasks/t265_m2p50_c24p0_a0p40_q3p25_i0p05_w005
266	29	m2p50_c24p0_a0p40_q3p25_i0p05	2.50	0.00025	c24p0	24.0	224.603677390422	100	1.0	6	0.40	3.25	0.05	70.0	7.3011756855e-08	5	6	w006	window_3p9	139	3.9143995604061015	3.9143995604061015	NIRSpec	true	support_zoom_n2401	1.9975051980918284	2401	2401	3003.7468767198525	1.2510399319949406	2.4822220872915486e-06	0.12917518549340135	jwst_mcfost/runs/strict_continuum_cavity_mass_q_v1/anchors/w006/strict_continuum_anchor.lambda	a1d444714c9de2dd1e9aa1d5669069a1be6dae0324e94c47a0b9c4ab6e1f11d0	41001	128000	jwst_mcfost/runs/strict_continuum_cavity_mass_q_v1/models/m2p50_c24p0_a0p40_q3p25_i0p05/disk_envelope_m2p50_c24p0_a0p40_q3p25_i0p05_rt.para	b3ebb54335858536f9695d1472e4aaa2ec9dc03a950d4932da76168c66570f50	29	jwst_mcfost/runs/strict_continuum_cavity_mass_q_v1/models/m2p50_c24p0_a0p40_q3p25_i0p05/temperature	jwst_mcfost/runs/strict_continuum_cavity_mass_q_v1/rt_tasks/t266_m2p50_c24p0_a0p40_q3p25_i0p05_w006
267	29	m2p50_c24p0_a0p40_q3p25_i0p05	2.50	0.00025	c24p0	24.0	224.603677390422	100	1.0	6	0.40	3.25	0.05	70.0	7.3011756855e-08	6	7	w007	window_5p4	171	5.3906283153397085	5.3906283153397085	MIRI	false	support_zoom_n2401	1.9975051980918284	2401	2401	3003.7468767198525	1.2510399319949406	2.4822220872915486e-06	0.28389073440621038	jwst_mcfost/runs/strict_continuum_cavity_mass_q_v1/anchors/w007/strict_continuum_anchor.lambda	2c99cc57bcad833e9a4a9cfca63390c89d9538a1049959460c43c1c449c61679	41001	128000	jwst_mcfost/runs/strict_continuum_cavity_mass_q_v1/models/m2p50_c24p0_a0p40_q3p25_i0p05/disk_envelope_m2p50_c24p0_a0p40_q3p25_i0p05_rt.para	b3ebb54335858536f9695d1472e4aaa2ec9dc03a950d4932da76168c66570f50	29	jwst_mcfost/runs/strict_continuum_cavity_mass_q_v1/models/m2p50_c24p0_a0p40_q3p25_i0p05/temperature	jwst_mcfost/runs/strict_continuum_cavity_mass_q_v1/rt_tasks/t267_m2p50_c24p0_a0p40_q3p25_i0p05_w007
268	29	m2p50_c24p0_a0p40_q3p25_i0p05	2.50	0.00025	c24p0	24.0	224.603677390422	100	1.0	6	0.40	3.25	0.05	70.0	7.3011756855e-08	7	8	w008	window_13p8	265	13.799908320389276	13.799908320389276	MIRI	false	zoom_n1201	3.9933471945199667	1201	1201	1502.4989583259237	1.2510399319949406	2.4822220872915486e-06	0.5613969745728461	jwst_mcfost/runs/strict_continuum_cavity_mass_q_v1/anchors/w008/strict_continuum_anchor.lambda	6095ab5c3fa56c0623b01f21835d7c8f1fba5d60d5f1f03735e495109c6381d3	41001	128000	jwst_mcfost/runs/strict_continuum_cavity_mass_q_v1/models/m2p50_c24p0_a0p40_q3p25_i0p05/disk_envelope_m2p50_c24p0_a0p40_q3p25_i0p05_rt.para	b3ebb54335858536f9695d1472e4aaa2ec9dc03a950d4932da76168c66570f50	29	jwst_mcfost/runs/strict_continuum_cavity_mass_q_v1/models/m2p50_c24p0_a0p40_q3p25_i0p05/temperature	jwst_mcfost/runs/strict_continuum_cavity_mass_q_v1/rt_tasks/t268_m2p50_c24p0_a0p40_q3p25_i0p05_w008
269	29	m2p50_c24p0_a0p40_q3p25_i0p05	2.50	0.00025	c24p0	24.0	224.603677390422	100	1.0	6	0.40	3.25	0.05	70.0	7.3011756855e-08	8	9	w009	window_27p5	334	27.513091575690556	27.513091575690556	MIRI	false	zoom_n1201	3.9933471945199667	1201	1201	1502.4989583259237	1.2510399319949406	2.4822220872915486e-06	1.0139320219977885	jwst_mcfost/runs/strict_continuum_cavity_mass_q_v1/anchors/w009/strict_continuum_anchor.lambda	41fd9d2d54ef93ed35fec02dd7d1d9a393b88e9fcc443fc088d958a549ab4723	41001	128000	jwst_mcfost/runs/strict_continuum_cavity_mass_q_v1/models/m2p50_c24p0_a0p40_q3p25_i0p05/disk_envelope_m2p50_c24p0_a0p40_q3p25_i0p05_rt.para	b3ebb54335858536f9695d1472e4aaa2ec9dc03a950d4932da76168c66570f50	29	jwst_mcfost/runs/strict_continuum_cavity_mass_q_v1/models/m2p50_c24p0_a0p40_q3p25_i0p05/temperature	jwst_mcfost/runs/strict_continuum_cavity_mass_q_v1/rt_tasks/t269_m2p50_c24p0_a0p40_q3p25_i0p05_w009
270	30	m2p75_c15p0_a0p40_q2p75_i0p05	2.75	0.000275	c15p0	15.0	373.205080756888	100	1.0	2	0.40	2.75	0.05	70.0	7.3011756855e-08	0	1	w001	near_ir_short	21	1.2028117593024095	1.2028117593024095	NIRSpec	false	full_n2401	1	2401	2401	6000	2.4989587671803415	4.9582515221832172e-06	0.039692788056979511	jwst_mcfost/runs/strict_continuum_cavity_mass_q_v1/anchors/w001/strict_continuum_anchor.lambda	3a4c05f3e67c2a1c93b19eb17fbfc715bf9582d86bbc727fc0416e86fc3bcfdb	41001	128000	jwst_mcfost/runs/strict_continuum_cavity_mass_q_v1/models/m2p75_c15p0_a0p40_q2p75_i0p05/disk_envelope_m2p75_c15p0_a0p40_q2p75_i0p05_rt.para	941d8d2bf2ed21f834445df8d16508737a96918661cfc5f16afe5b72e743e026	30	jwst_mcfost/runs/strict_continuum_cavity_mass_q_v1/models/m2p75_c15p0_a0p40_q2p75_i0p05/temperature	jwst_mcfost/runs/strict_continuum_cavity_mass_q_v1/rt_tasks/t270_m2p75_c15p0_a0p40_q2p75_i0p05_w001
271	30	m2p75_c15p0_a0p40_q2p75_i0p05	2.75	0.000275	c15p0	15.0	373.205080756888	100	1.0	2	0.40	2.75	0.05	70.0	7.3011756855e-08	1	2	w002	near_ir_short	43	1.4987957445436022	1.4987957445436022	NIRSpec	false	full_n2401	1	2401	2401	6000	2.4989587671803415	4.9582515221832172e-06	0.049460259569938873	jwst_mcfost/runs/strict_continuum_cavity_mass_q_v1/anchors/w002/strict_continuum_anchor.lambda	7c9f0b769ebc9634e2a3203ac84f4fbc00b323b2ba59b01aed9c107319f2ee5f	41001	128000	jwst_mcfost/runs/strict_continuum_cavity_mass_q_v1/models/m2p75_c15p0_a0p40_q2p75_i0p05/disk_envelope_m2p75_c15p0_a0p40_q2p75_i0p05_rt.para	941d8d2bf2ed21f834445df8d16508737a96918661cfc5f16afe5b72e743e026	30	jwst_mcfost/runs/strict_continuum_cavity_mass_q_v1/models/m2p75_c15p0_a0p40_q2p75_i0p05/temperature	jwst_mcfost/runs/strict_continuum_cavity_mass_q_v1/rt_tasks/t271_m2p75_c15p0_a0p40_q2p75_i0p05_w002
272	30	m2p75_c15p0_a0p40_q2p75_i0p05	2.75	0.000275	c15p0	15.0	373.205080756888	100	1.0	2	0.40	2.75	0.05	70.0	7.3011756855e-08	2	3	w003	near_ir_rise	59	1.7588530996181813	1.7588530996181813	NIRSpec	false	full_n2401	1	2401	2401	6000	2.4989587671803415	4.9582515221832172e-06	0.058042152287399985	jwst_mcfost/runs/strict_continuum_cavity_mass_q_v1/anchors/w003/strict_continuum_anchor.lambda	ca23ebfe8f0349583e11ddd47bbd4cca509749dd6ae81b3fe7eb58a679cdd3b2	41001	128000	jwst_mcfost/runs/strict_continuum_cavity_mass_q_v1/models/m2p75_c15p0_a0p40_q2p75_i0p05/disk_envelope_m2p75_c15p0_a0p40_q2p75_i0p05_rt.para	941d8d2bf2ed21f834445df8d16508737a96918661cfc5f16afe5b72e743e026	30	jwst_mcfost/runs/strict_continuum_cavity_mass_q_v1/models/m2p75_c15p0_a0p40_q2p75_i0p05/temperature	jwst_mcfost/runs/strict_continuum_cavity_mass_q_v1/rt_tasks/t272_m2p75_c15p0_a0p40_q2p75_i0p05_w003
273	30	m2p75_c15p0_a0p40_q2p75_i0p05	2.75	0.000275	c15p0	15.0	373.205080756888	100	1.0	2	0.40	2.75	0.05	70.0	7.3011756855e-08	3	4	w004	near_ir_rise	81	2.1916659199557045	2.1916659199557045	NIRSpec	false	full_n2401	1	2401	2401	6000	2.4989587671803415	4.9582515221832172e-06	0.072324975358538254	jwst_mcfost/runs/strict_continuum_cavity_mass_q_v1/anchors/w004/strict_continuum_anchor.lambda	9605b60fa355a7a0a695ed93588c2e13ae03a474ff5df9fa6d55609f7e399107	41001	128000	jwst_mcfost/runs/strict_continuum_cavity_mass_q_v1/models/m2p75_c15p0_a0p40_q2p75_i0p05/disk_envelope_m2p75_c15p0_a0p40_q2p75_i0p05_rt.para	941d8d2bf2ed21f834445df8d16508737a96918661cfc5f16afe5b72e743e026	30	jwst_mcfost/runs/strict_continuum_cavity_mass_q_v1/models/m2p75_c15p0_a0p40_q2p75_i0p05/temperature	jwst_mcfost/runs/strict_continuum_cavity_mass_q_v1/rt_tasks/t273_m2p75_c15p0_a0p40_q2p75_i0p05_w004
274	30	m2p75_c15p0_a0p40_q2p75_i0p05	2.75	0.000275	c15p0	15.0	373.205080756888	100	1.0	2	0.40	2.75	0.05	70.0	7.3011756855e-08	4	5	w005	near_ir_rise	96	2.546352514425122	2.546352514425122	NIRSpec	true	full_n2401	1	2401	2401	6000	2.4989587671803415	4.9582515221832172e-06	0.084029632976029028	jwst_mcfost/runs/strict_continuum_cavity_mass_q_v1/anchors/w005/strict_continuum_anchor.lambda	9f7b6faedc4a44f32c6ae5b8b39d492d3c9ec0dc73b4dd191c2f6d60af0cd529	41001	128000	jwst_mcfost/runs/strict_continuum_cavity_mass_q_v1/models/m2p75_c15p0_a0p40_q2p75_i0p05/disk_envelope_m2p75_c15p0_a0p40_q2p75_i0p05_rt.para	941d8d2bf2ed21f834445df8d16508737a96918661cfc5f16afe5b72e743e026	30	jwst_mcfost/runs/strict_continuum_cavity_mass_q_v1/models/m2p75_c15p0_a0p40_q2p75_i0p05/temperature	jwst_mcfost/runs/strict_continuum_cavity_mass_q_v1/rt_tasks/t274_m2p75_c15p0_a0p40_q2p75_i0p05_w005
275	30	m2p75_c15p0_a0p40_q2p75_i0p05	2.75	0.000275	c15p0	15.0	373.205080756888	100	1.0	2	0.40	2.75	0.05	70.0	7.3011756855e-08	5	6	w006	window_3p9	139	3.9143995604061015	3.9143995604061015	NIRSpec	true	support_zoom_n2401	1.9975051980918284	2401	2401	3003.7468767198525	1.2510399319949406	2.4822220872915486e-06	0.12917518549340135	jwst_mcfost/runs/strict_continuum_cavity_mass_q_v1/anchors/w006/strict_continuum_anchor.lambda	a1d444714c9de2dd1e9aa1d5669069a1be6dae0324e94c47a0b9c4ab6e1f11d0	41001	128000	jwst_mcfost/runs/strict_continuum_cavity_mass_q_v1/models/m2p75_c15p0_a0p40_q2p75_i0p05/disk_envelope_m2p75_c15p0_a0p40_q2p75_i0p05_rt.para	941d8d2bf2ed21f834445df8d16508737a96918661cfc5f16afe5b72e743e026	30	jwst_mcfost/runs/strict_continuum_cavity_mass_q_v1/models/m2p75_c15p0_a0p40_q2p75_i0p05/temperature	jwst_mcfost/runs/strict_continuum_cavity_mass_q_v1/rt_tasks/t275_m2p75_c15p0_a0p40_q2p75_i0p05_w006
276	30	m2p75_c15p0_a0p40_q2p75_i0p05	2.75	0.000275	c15p0	15.0	373.205080756888	100	1.0	2	0.40	2.75	0.05	70.0	7.3011756855e-08	6	7	w007	window_5p4	171	5.3906283153397085	5.3906283153397085	MIRI	false	support_zoom_n2401	1.9975051980918284	2401	2401	3003.7468767198525	1.2510399319949406	2.4822220872915486e-06	0.28389073440621038	jwst_mcfost/runs/strict_continuum_cavity_mass_q_v1/anchors/w007/strict_continuum_anchor.lambda	2c99cc57bcad833e9a4a9cfca63390c89d9538a1049959460c43c1c449c61679	41001	128000	jwst_mcfost/runs/strict_continuum_cavity_mass_q_v1/models/m2p75_c15p0_a0p40_q2p75_i0p05/disk_envelope_m2p75_c15p0_a0p40_q2p75_i0p05_rt.para	941d8d2bf2ed21f834445df8d16508737a96918661cfc5f16afe5b72e743e026	30	jwst_mcfost/runs/strict_continuum_cavity_mass_q_v1/models/m2p75_c15p0_a0p40_q2p75_i0p05/temperature	jwst_mcfost/runs/strict_continuum_cavity_mass_q_v1/rt_tasks/t276_m2p75_c15p0_a0p40_q2p75_i0p05_w007
277	30	m2p75_c15p0_a0p40_q2p75_i0p05	2.75	0.000275	c15p0	15.0	373.205080756888	100	1.0	2	0.40	2.75	0.05	70.0	7.3011756855e-08	7	8	w008	window_13p8	265	13.799908320389276	13.799908320389276	MIRI	false	zoom_n1201	3.9933471945199667	1201	1201	1502.4989583259237	1.2510399319949406	2.4822220872915486e-06	0.5613969745728461	jwst_mcfost/runs/strict_continuum_cavity_mass_q_v1/anchors/w008/strict_continuum_anchor.lambda	6095ab5c3fa56c0623b01f21835d7c8f1fba5d60d5f1f03735e495109c6381d3	41001	128000	jwst_mcfost/runs/strict_continuum_cavity_mass_q_v1/models/m2p75_c15p0_a0p40_q2p75_i0p05/disk_envelope_m2p75_c15p0_a0p40_q2p75_i0p05_rt.para	941d8d2bf2ed21f834445df8d16508737a96918661cfc5f16afe5b72e743e026	30	jwst_mcfost/runs/strict_continuum_cavity_mass_q_v1/models/m2p75_c15p0_a0p40_q2p75_i0p05/temperature	jwst_mcfost/runs/strict_continuum_cavity_mass_q_v1/rt_tasks/t277_m2p75_c15p0_a0p40_q2p75_i0p05_w008
278	30	m2p75_c15p0_a0p40_q2p75_i0p05	2.75	0.000275	c15p0	15.0	373.205080756888	100	1.0	2	0.40	2.75	0.05	70.0	7.3011756855e-08	8	9	w009	window_27p5	334	27.513091575690556	27.513091575690556	MIRI	false	zoom_n1201	3.9933471945199667	1201	1201	1502.4989583259237	1.2510399319949406	2.4822220872915486e-06	1.0139320219977885	jwst_mcfost/runs/strict_continuum_cavity_mass_q_v1/anchors/w009/strict_continuum_anchor.lambda	41fd9d2d54ef93ed35fec02dd7d1d9a393b88e9fcc443fc088d958a549ab4723	41001	128000	jwst_mcfost/runs/strict_continuum_cavity_mass_q_v1/models/m2p75_c15p0_a0p40_q2p75_i0p05/disk_envelope_m2p75_c15p0_a0p40_q2p75_i0p05_rt.para	941d8d2bf2ed21f834445df8d16508737a96918661cfc5f16afe5b72e743e026	30	jwst_mcfost/runs/strict_continuum_cavity_mass_q_v1/models/m2p75_c15p0_a0p40_q2p75_i0p05/temperature	jwst_mcfost/runs/strict_continuum_cavity_mass_q_v1/rt_tasks/t278_m2p75_c15p0_a0p40_q2p75_i0p05_w009
279	31	m2p75_c17p5_a0p40_q2p75_i0p05	2.75	0.000275	c17p5	17.5	317.159480236321	100	1.0	3	0.40	2.75	0.05	70.0	7.3011756855e-08	0	1	w001	near_ir_short	21	1.2028117593024095	1.2028117593024095	NIRSpec	false	full_n2401	1	2401	2401	6000	2.4989587671803415	4.9582515221832172e-06	0.039692788056979511	jwst_mcfost/runs/strict_continuum_cavity_mass_q_v1/anchors/w001/strict_continuum_anchor.lambda	3a4c05f3e67c2a1c93b19eb17fbfc715bf9582d86bbc727fc0416e86fc3bcfdb	41001	128000	jwst_mcfost/runs/strict_continuum_cavity_mass_q_v1/models/m2p75_c17p5_a0p40_q2p75_i0p05/disk_envelope_m2p75_c17p5_a0p40_q2p75_i0p05_rt.para	941d8d2bf2ed21f834445df8d16508737a96918661cfc5f16afe5b72e743e026	31	jwst_mcfost/runs/strict_continuum_cavity_mass_q_v1/models/m2p75_c17p5_a0p40_q2p75_i0p05/temperature	jwst_mcfost/runs/strict_continuum_cavity_mass_q_v1/rt_tasks/t279_m2p75_c17p5_a0p40_q2p75_i0p05_w001
280	31	m2p75_c17p5_a0p40_q2p75_i0p05	2.75	0.000275	c17p5	17.5	317.159480236321	100	1.0	3	0.40	2.75	0.05	70.0	7.3011756855e-08	1	2	w002	near_ir_short	43	1.4987957445436022	1.4987957445436022	NIRSpec	false	full_n2401	1	2401	2401	6000	2.4989587671803415	4.9582515221832172e-06	0.049460259569938873	jwst_mcfost/runs/strict_continuum_cavity_mass_q_v1/anchors/w002/strict_continuum_anchor.lambda	7c9f0b769ebc9634e2a3203ac84f4fbc00b323b2ba59b01aed9c107319f2ee5f	41001	128000	jwst_mcfost/runs/strict_continuum_cavity_mass_q_v1/models/m2p75_c17p5_a0p40_q2p75_i0p05/disk_envelope_m2p75_c17p5_a0p40_q2p75_i0p05_rt.para	941d8d2bf2ed21f834445df8d16508737a96918661cfc5f16afe5b72e743e026	31	jwst_mcfost/runs/strict_continuum_cavity_mass_q_v1/models/m2p75_c17p5_a0p40_q2p75_i0p05/temperature	jwst_mcfost/runs/strict_continuum_cavity_mass_q_v1/rt_tasks/t280_m2p75_c17p5_a0p40_q2p75_i0p05_w002
281	31	m2p75_c17p5_a0p40_q2p75_i0p05	2.75	0.000275	c17p5	17.5	317.159480236321	100	1.0	3	0.40	2.75	0.05	70.0	7.3011756855e-08	2	3	w003	near_ir_rise	59	1.7588530996181813	1.7588530996181813	NIRSpec	false	full_n2401	1	2401	2401	6000	2.4989587671803415	4.9582515221832172e-06	0.058042152287399985	jwst_mcfost/runs/strict_continuum_cavity_mass_q_v1/anchors/w003/strict_continuum_anchor.lambda	ca23ebfe8f0349583e11ddd47bbd4cca509749dd6ae81b3fe7eb58a679cdd3b2	41001	128000	jwst_mcfost/runs/strict_continuum_cavity_mass_q_v1/models/m2p75_c17p5_a0p40_q2p75_i0p05/disk_envelope_m2p75_c17p5_a0p40_q2p75_i0p05_rt.para	941d8d2bf2ed21f834445df8d16508737a96918661cfc5f16afe5b72e743e026	31	jwst_mcfost/runs/strict_continuum_cavity_mass_q_v1/models/m2p75_c17p5_a0p40_q2p75_i0p05/temperature	jwst_mcfost/runs/strict_continuum_cavity_mass_q_v1/rt_tasks/t281_m2p75_c17p5_a0p40_q2p75_i0p05_w003
282	31	m2p75_c17p5_a0p40_q2p75_i0p05	2.75	0.000275	c17p5	17.5	317.159480236321	100	1.0	3	0.40	2.75	0.05	70.0	7.3011756855e-08	3	4	w004	near_ir_rise	81	2.1916659199557045	2.1916659199557045	NIRSpec	false	full_n2401	1	2401	2401	6000	2.4989587671803415	4.9582515221832172e-06	0.072324975358538254	jwst_mcfost/runs/strict_continuum_cavity_mass_q_v1/anchors/w004/strict_continuum_anchor.lambda	9605b60fa355a7a0a695ed93588c2e13ae03a474ff5df9fa6d55609f7e399107	41001	128000	jwst_mcfost/runs/strict_continuum_cavity_mass_q_v1/models/m2p75_c17p5_a0p40_q2p75_i0p05/disk_envelope_m2p75_c17p5_a0p40_q2p75_i0p05_rt.para	941d8d2bf2ed21f834445df8d16508737a96918661cfc5f16afe5b72e743e026	31	jwst_mcfost/runs/strict_continuum_cavity_mass_q_v1/models/m2p75_c17p5_a0p40_q2p75_i0p05/temperature	jwst_mcfost/runs/strict_continuum_cavity_mass_q_v1/rt_tasks/t282_m2p75_c17p5_a0p40_q2p75_i0p05_w004
283	31	m2p75_c17p5_a0p40_q2p75_i0p05	2.75	0.000275	c17p5	17.5	317.159480236321	100	1.0	3	0.40	2.75	0.05	70.0	7.3011756855e-08	4	5	w005	near_ir_rise	96	2.546352514425122	2.546352514425122	NIRSpec	true	full_n2401	1	2401	2401	6000	2.4989587671803415	4.9582515221832172e-06	0.084029632976029028	jwst_mcfost/runs/strict_continuum_cavity_mass_q_v1/anchors/w005/strict_continuum_anchor.lambda	9f7b6faedc4a44f32c6ae5b8b39d492d3c9ec0dc73b4dd191c2f6d60af0cd529	41001	128000	jwst_mcfost/runs/strict_continuum_cavity_mass_q_v1/models/m2p75_c17p5_a0p40_q2p75_i0p05/disk_envelope_m2p75_c17p5_a0p40_q2p75_i0p05_rt.para	941d8d2bf2ed21f834445df8d16508737a96918661cfc5f16afe5b72e743e026	31	jwst_mcfost/runs/strict_continuum_cavity_mass_q_v1/models/m2p75_c17p5_a0p40_q2p75_i0p05/temperature	jwst_mcfost/runs/strict_continuum_cavity_mass_q_v1/rt_tasks/t283_m2p75_c17p5_a0p40_q2p75_i0p05_w005
284	31	m2p75_c17p5_a0p40_q2p75_i0p05	2.75	0.000275	c17p5	17.5	317.159480236321	100	1.0	3	0.40	2.75	0.05	70.0	7.3011756855e-08	5	6	w006	window_3p9	139	3.9143995604061015	3.9143995604061015	NIRSpec	true	support_zoom_n2401	1.9975051980918284	2401	2401	3003.7468767198525	1.2510399319949406	2.4822220872915486e-06	0.12917518549340135	jwst_mcfost/runs/strict_continuum_cavity_mass_q_v1/anchors/w006/strict_continuum_anchor.lambda	a1d444714c9de2dd1e9aa1d5669069a1be6dae0324e94c47a0b9c4ab6e1f11d0	41001	128000	jwst_mcfost/runs/strict_continuum_cavity_mass_q_v1/models/m2p75_c17p5_a0p40_q2p75_i0p05/disk_envelope_m2p75_c17p5_a0p40_q2p75_i0p05_rt.para	941d8d2bf2ed21f834445df8d16508737a96918661cfc5f16afe5b72e743e026	31	jwst_mcfost/runs/strict_continuum_cavity_mass_q_v1/models/m2p75_c17p5_a0p40_q2p75_i0p05/temperature	jwst_mcfost/runs/strict_continuum_cavity_mass_q_v1/rt_tasks/t284_m2p75_c17p5_a0p40_q2p75_i0p05_w006
285	31	m2p75_c17p5_a0p40_q2p75_i0p05	2.75	0.000275	c17p5	17.5	317.159480236321	100	1.0	3	0.40	2.75	0.05	70.0	7.3011756855e-08	6	7	w007	window_5p4	171	5.3906283153397085	5.3906283153397085	MIRI	false	support_zoom_n2401	1.9975051980918284	2401	2401	3003.7468767198525	1.2510399319949406	2.4822220872915486e-06	0.28389073440621038	jwst_mcfost/runs/strict_continuum_cavity_mass_q_v1/anchors/w007/strict_continuum_anchor.lambda	2c99cc57bcad833e9a4a9cfca63390c89d9538a1049959460c43c1c449c61679	41001	128000	jwst_mcfost/runs/strict_continuum_cavity_mass_q_v1/models/m2p75_c17p5_a0p40_q2p75_i0p05/disk_envelope_m2p75_c17p5_a0p40_q2p75_i0p05_rt.para	941d8d2bf2ed21f834445df8d16508737a96918661cfc5f16afe5b72e743e026	31	jwst_mcfost/runs/strict_continuum_cavity_mass_q_v1/models/m2p75_c17p5_a0p40_q2p75_i0p05/temperature	jwst_mcfost/runs/strict_continuum_cavity_mass_q_v1/rt_tasks/t285_m2p75_c17p5_a0p40_q2p75_i0p05_w007
286	31	m2p75_c17p5_a0p40_q2p75_i0p05	2.75	0.000275	c17p5	17.5	317.159480236321	100	1.0	3	0.40	2.75	0.05	70.0	7.3011756855e-08	7	8	w008	window_13p8	265	13.799908320389276	13.799908320389276	MIRI	false	zoom_n1201	3.9933471945199667	1201	1201	1502.4989583259237	1.2510399319949406	2.4822220872915486e-06	0.5613969745728461	jwst_mcfost/runs/strict_continuum_cavity_mass_q_v1/anchors/w008/strict_continuum_anchor.lambda	6095ab5c3fa56c0623b01f21835d7c8f1fba5d60d5f1f03735e495109c6381d3	41001	128000	jwst_mcfost/runs/strict_continuum_cavity_mass_q_v1/models/m2p75_c17p5_a0p40_q2p75_i0p05/disk_envelope_m2p75_c17p5_a0p40_q2p75_i0p05_rt.para	941d8d2bf2ed21f834445df8d16508737a96918661cfc5f16afe5b72e743e026	31	jwst_mcfost/runs/strict_continuum_cavity_mass_q_v1/models/m2p75_c17p5_a0p40_q2p75_i0p05/temperature	jwst_mcfost/runs/strict_continuum_cavity_mass_q_v1/rt_tasks/t286_m2p75_c17p5_a0p40_q2p75_i0p05_w008
287	31	m2p75_c17p5_a0p40_q2p75_i0p05	2.75	0.000275	c17p5	17.5	317.159480236321	100	1.0	3	0.40	2.75	0.05	70.0	7.3011756855e-08	8	9	w009	window_27p5	334	27.513091575690556	27.513091575690556	MIRI	false	zoom_n1201	3.9933471945199667	1201	1201	1502.4989583259237	1.2510399319949406	2.4822220872915486e-06	1.0139320219977885	jwst_mcfost/runs/strict_continuum_cavity_mass_q_v1/anchors/w009/strict_continuum_anchor.lambda	41fd9d2d54ef93ed35fec02dd7d1d9a393b88e9fcc443fc088d958a549ab4723	41001	128000	jwst_mcfost/runs/strict_continuum_cavity_mass_q_v1/models/m2p75_c17p5_a0p40_q2p75_i0p05/disk_envelope_m2p75_c17p5_a0p40_q2p75_i0p05_rt.para	941d8d2bf2ed21f834445df8d16508737a96918661cfc5f16afe5b72e743e026	31	jwst_mcfost/runs/strict_continuum_cavity_mass_q_v1/models/m2p75_c17p5_a0p40_q2p75_i0p05/temperature	jwst_mcfost/runs/strict_continuum_cavity_mass_q_v1/rt_tasks/t287_m2p75_c17p5_a0p40_q2p75_i0p05_w009
288	32	m2p75_c20p0_a0p40_q2p75_i0p05	2.75	0.000275	c20p0	20.0	274.7	100	1.0	4	0.40	2.75	0.05	70.0	7.3011756855e-08	0	1	w001	near_ir_short	21	1.2028117593024095	1.2028117593024095	NIRSpec	false	full_n2401	1	2401	2401	6000	2.4989587671803415	4.9582515221832172e-06	0.039692788056979511	jwst_mcfost/runs/strict_continuum_cavity_mass_q_v1/anchors/w001/strict_continuum_anchor.lambda	3a4c05f3e67c2a1c93b19eb17fbfc715bf9582d86bbc727fc0416e86fc3bcfdb	41001	128000	jwst_mcfost/runs/strict_continuum_cavity_mass_q_v1/models/m2p75_c20p0_a0p40_q2p75_i0p05/disk_envelope_m2p75_c20p0_a0p40_q2p75_i0p05_rt.para	941d8d2bf2ed21f834445df8d16508737a96918661cfc5f16afe5b72e743e026	32	jwst_mcfost/runs/strict_continuum_cavity_mass_q_v1/models/m2p75_c20p0_a0p40_q2p75_i0p05/temperature	jwst_mcfost/runs/strict_continuum_cavity_mass_q_v1/rt_tasks/t288_m2p75_c20p0_a0p40_q2p75_i0p05_w001
289	32	m2p75_c20p0_a0p40_q2p75_i0p05	2.75	0.000275	c20p0	20.0	274.7	100	1.0	4	0.40	2.75	0.05	70.0	7.3011756855e-08	1	2	w002	near_ir_short	43	1.4987957445436022	1.4987957445436022	NIRSpec	false	full_n2401	1	2401	2401	6000	2.4989587671803415	4.9582515221832172e-06	0.049460259569938873	jwst_mcfost/runs/strict_continuum_cavity_mass_q_v1/anchors/w002/strict_continuum_anchor.lambda	7c9f0b769ebc9634e2a3203ac84f4fbc00b323b2ba59b01aed9c107319f2ee5f	41001	128000	jwst_mcfost/runs/strict_continuum_cavity_mass_q_v1/models/m2p75_c20p0_a0p40_q2p75_i0p05/disk_envelope_m2p75_c20p0_a0p40_q2p75_i0p05_rt.para	941d8d2bf2ed21f834445df8d16508737a96918661cfc5f16afe5b72e743e026	32	jwst_mcfost/runs/strict_continuum_cavity_mass_q_v1/models/m2p75_c20p0_a0p40_q2p75_i0p05/temperature	jwst_mcfost/runs/strict_continuum_cavity_mass_q_v1/rt_tasks/t289_m2p75_c20p0_a0p40_q2p75_i0p05_w002
290	32	m2p75_c20p0_a0p40_q2p75_i0p05	2.75	0.000275	c20p0	20.0	274.7	100	1.0	4	0.40	2.75	0.05	70.0	7.3011756855e-08	2	3	w003	near_ir_rise	59	1.7588530996181813	1.7588530996181813	NIRSpec	false	full_n2401	1	2401	2401	6000	2.4989587671803415	4.9582515221832172e-06	0.058042152287399985	jwst_mcfost/runs/strict_continuum_cavity_mass_q_v1/anchors/w003/strict_continuum_anchor.lambda	ca23ebfe8f0349583e11ddd47bbd4cca509749dd6ae81b3fe7eb58a679cdd3b2	41001	128000	jwst_mcfost/runs/strict_continuum_cavity_mass_q_v1/models/m2p75_c20p0_a0p40_q2p75_i0p05/disk_envelope_m2p75_c20p0_a0p40_q2p75_i0p05_rt.para	941d8d2bf2ed21f834445df8d16508737a96918661cfc5f16afe5b72e743e026	32	jwst_mcfost/runs/strict_continuum_cavity_mass_q_v1/models/m2p75_c20p0_a0p40_q2p75_i0p05/temperature	jwst_mcfost/runs/strict_continuum_cavity_mass_q_v1/rt_tasks/t290_m2p75_c20p0_a0p40_q2p75_i0p05_w003
291	32	m2p75_c20p0_a0p40_q2p75_i0p05	2.75	0.000275	c20p0	20.0	274.7	100	1.0	4	0.40	2.75	0.05	70.0	7.3011756855e-08	3	4	w004	near_ir_rise	81	2.1916659199557045	2.1916659199557045	NIRSpec	false	full_n2401	1	2401	2401	6000	2.4989587671803415	4.9582515221832172e-06	0.072324975358538254	jwst_mcfost/runs/strict_continuum_cavity_mass_q_v1/anchors/w004/strict_continuum_anchor.lambda	9605b60fa355a7a0a695ed93588c2e13ae03a474ff5df9fa6d55609f7e399107	41001	128000	jwst_mcfost/runs/strict_continuum_cavity_mass_q_v1/models/m2p75_c20p0_a0p40_q2p75_i0p05/disk_envelope_m2p75_c20p0_a0p40_q2p75_i0p05_rt.para	941d8d2bf2ed21f834445df8d16508737a96918661cfc5f16afe5b72e743e026	32	jwst_mcfost/runs/strict_continuum_cavity_mass_q_v1/models/m2p75_c20p0_a0p40_q2p75_i0p05/temperature	jwst_mcfost/runs/strict_continuum_cavity_mass_q_v1/rt_tasks/t291_m2p75_c20p0_a0p40_q2p75_i0p05_w004
292	32	m2p75_c20p0_a0p40_q2p75_i0p05	2.75	0.000275	c20p0	20.0	274.7	100	1.0	4	0.40	2.75	0.05	70.0	7.3011756855e-08	4	5	w005	near_ir_rise	96	2.546352514425122	2.546352514425122	NIRSpec	true	full_n2401	1	2401	2401	6000	2.4989587671803415	4.9582515221832172e-06	0.084029632976029028	jwst_mcfost/runs/strict_continuum_cavity_mass_q_v1/anchors/w005/strict_continuum_anchor.lambda	9f7b6faedc4a44f32c6ae5b8b39d492d3c9ec0dc73b4dd191c2f6d60af0cd529	41001	128000	jwst_mcfost/runs/strict_continuum_cavity_mass_q_v1/models/m2p75_c20p0_a0p40_q2p75_i0p05/disk_envelope_m2p75_c20p0_a0p40_q2p75_i0p05_rt.para	941d8d2bf2ed21f834445df8d16508737a96918661cfc5f16afe5b72e743e026	32	jwst_mcfost/runs/strict_continuum_cavity_mass_q_v1/models/m2p75_c20p0_a0p40_q2p75_i0p05/temperature	jwst_mcfost/runs/strict_continuum_cavity_mass_q_v1/rt_tasks/t292_m2p75_c20p0_a0p40_q2p75_i0p05_w005
293	32	m2p75_c20p0_a0p40_q2p75_i0p05	2.75	0.000275	c20p0	20.0	274.7	100	1.0	4	0.40	2.75	0.05	70.0	7.3011756855e-08	5	6	w006	window_3p9	139	3.9143995604061015	3.9143995604061015	NIRSpec	true	support_zoom_n2401	1.9975051980918284	2401	2401	3003.7468767198525	1.2510399319949406	2.4822220872915486e-06	0.12917518549340135	jwst_mcfost/runs/strict_continuum_cavity_mass_q_v1/anchors/w006/strict_continuum_anchor.lambda	a1d444714c9de2dd1e9aa1d5669069a1be6dae0324e94c47a0b9c4ab6e1f11d0	41001	128000	jwst_mcfost/runs/strict_continuum_cavity_mass_q_v1/models/m2p75_c20p0_a0p40_q2p75_i0p05/disk_envelope_m2p75_c20p0_a0p40_q2p75_i0p05_rt.para	941d8d2bf2ed21f834445df8d16508737a96918661cfc5f16afe5b72e743e026	32	jwst_mcfost/runs/strict_continuum_cavity_mass_q_v1/models/m2p75_c20p0_a0p40_q2p75_i0p05/temperature	jwst_mcfost/runs/strict_continuum_cavity_mass_q_v1/rt_tasks/t293_m2p75_c20p0_a0p40_q2p75_i0p05_w006
294	32	m2p75_c20p0_a0p40_q2p75_i0p05	2.75	0.000275	c20p0	20.0	274.7	100	1.0	4	0.40	2.75	0.05	70.0	7.3011756855e-08	6	7	w007	window_5p4	171	5.3906283153397085	5.3906283153397085	MIRI	false	support_zoom_n2401	1.9975051980918284	2401	2401	3003.7468767198525	1.2510399319949406	2.4822220872915486e-06	0.28389073440621038	jwst_mcfost/runs/strict_continuum_cavity_mass_q_v1/anchors/w007/strict_continuum_anchor.lambda	2c99cc57bcad833e9a4a9cfca63390c89d9538a1049959460c43c1c449c61679	41001	128000	jwst_mcfost/runs/strict_continuum_cavity_mass_q_v1/models/m2p75_c20p0_a0p40_q2p75_i0p05/disk_envelope_m2p75_c20p0_a0p40_q2p75_i0p05_rt.para	941d8d2bf2ed21f834445df8d16508737a96918661cfc5f16afe5b72e743e026	32	jwst_mcfost/runs/strict_continuum_cavity_mass_q_v1/models/m2p75_c20p0_a0p40_q2p75_i0p05/temperature	jwst_mcfost/runs/strict_continuum_cavity_mass_q_v1/rt_tasks/t294_m2p75_c20p0_a0p40_q2p75_i0p05_w007
295	32	m2p75_c20p0_a0p40_q2p75_i0p05	2.75	0.000275	c20p0	20.0	274.7	100	1.0	4	0.40	2.75	0.05	70.0	7.3011756855e-08	7	8	w008	window_13p8	265	13.799908320389276	13.799908320389276	MIRI	false	zoom_n1201	3.9933471945199667	1201	1201	1502.4989583259237	1.2510399319949406	2.4822220872915486e-06	0.5613969745728461	jwst_mcfost/runs/strict_continuum_cavity_mass_q_v1/anchors/w008/strict_continuum_anchor.lambda	6095ab5c3fa56c0623b01f21835d7c8f1fba5d60d5f1f03735e495109c6381d3	41001	128000	jwst_mcfost/runs/strict_continuum_cavity_mass_q_v1/models/m2p75_c20p0_a0p40_q2p75_i0p05/disk_envelope_m2p75_c20p0_a0p40_q2p75_i0p05_rt.para	941d8d2bf2ed21f834445df8d16508737a96918661cfc5f16afe5b72e743e026	32	jwst_mcfost/runs/strict_continuum_cavity_mass_q_v1/models/m2p75_c20p0_a0p40_q2p75_i0p05/temperature	jwst_mcfost/runs/strict_continuum_cavity_mass_q_v1/rt_tasks/t295_m2p75_c20p0_a0p40_q2p75_i0p05_w008
296	32	m2p75_c20p0_a0p40_q2p75_i0p05	2.75	0.000275	c20p0	20.0	274.7	100	1.0	4	0.40	2.75	0.05	70.0	7.3011756855e-08	8	9	w009	window_27p5	334	27.513091575690556	27.513091575690556	MIRI	false	zoom_n1201	3.9933471945199667	1201	1201	1502.4989583259237	1.2510399319949406	2.4822220872915486e-06	1.0139320219977885	jwst_mcfost/runs/strict_continuum_cavity_mass_q_v1/anchors/w009/strict_continuum_anchor.lambda	41fd9d2d54ef93ed35fec02dd7d1d9a393b88e9fcc443fc088d958a549ab4723	41001	128000	jwst_mcfost/runs/strict_continuum_cavity_mass_q_v1/models/m2p75_c20p0_a0p40_q2p75_i0p05/disk_envelope_m2p75_c20p0_a0p40_q2p75_i0p05_rt.para	941d8d2bf2ed21f834445df8d16508737a96918661cfc5f16afe5b72e743e026	32	jwst_mcfost/runs/strict_continuum_cavity_mass_q_v1/models/m2p75_c20p0_a0p40_q2p75_i0p05/temperature	jwst_mcfost/runs/strict_continuum_cavity_mass_q_v1/rt_tasks/t296_m2p75_c20p0_a0p40_q2p75_i0p05_w009
297	33	m2p75_c22p0_a0p40_q2p75_i0p05	2.75	0.000275	c22p0	22.0	247.508685341630	100	1.0	5	0.40	2.75	0.05	70.0	7.3011756855e-08	0	1	w001	near_ir_short	21	1.2028117593024095	1.2028117593024095	NIRSpec	false	full_n2401	1	2401	2401	6000	2.4989587671803415	4.9582515221832172e-06	0.039692788056979511	jwst_mcfost/runs/strict_continuum_cavity_mass_q_v1/anchors/w001/strict_continuum_anchor.lambda	3a4c05f3e67c2a1c93b19eb17fbfc715bf9582d86bbc727fc0416e86fc3bcfdb	41001	128000	jwst_mcfost/runs/strict_continuum_cavity_mass_q_v1/models/m2p75_c22p0_a0p40_q2p75_i0p05/disk_envelope_m2p75_c22p0_a0p40_q2p75_i0p05_rt.para	941d8d2bf2ed21f834445df8d16508737a96918661cfc5f16afe5b72e743e026	33	jwst_mcfost/runs/strict_continuum_cavity_mass_q_v1/models/m2p75_c22p0_a0p40_q2p75_i0p05/temperature	jwst_mcfost/runs/strict_continuum_cavity_mass_q_v1/rt_tasks/t297_m2p75_c22p0_a0p40_q2p75_i0p05_w001
298	33	m2p75_c22p0_a0p40_q2p75_i0p05	2.75	0.000275	c22p0	22.0	247.508685341630	100	1.0	5	0.40	2.75	0.05	70.0	7.3011756855e-08	1	2	w002	near_ir_short	43	1.4987957445436022	1.4987957445436022	NIRSpec	false	full_n2401	1	2401	2401	6000	2.4989587671803415	4.9582515221832172e-06	0.049460259569938873	jwst_mcfost/runs/strict_continuum_cavity_mass_q_v1/anchors/w002/strict_continuum_anchor.lambda	7c9f0b769ebc9634e2a3203ac84f4fbc00b323b2ba59b01aed9c107319f2ee5f	41001	128000	jwst_mcfost/runs/strict_continuum_cavity_mass_q_v1/models/m2p75_c22p0_a0p40_q2p75_i0p05/disk_envelope_m2p75_c22p0_a0p40_q2p75_i0p05_rt.para	941d8d2bf2ed21f834445df8d16508737a96918661cfc5f16afe5b72e743e026	33	jwst_mcfost/runs/strict_continuum_cavity_mass_q_v1/models/m2p75_c22p0_a0p40_q2p75_i0p05/temperature	jwst_mcfost/runs/strict_continuum_cavity_mass_q_v1/rt_tasks/t298_m2p75_c22p0_a0p40_q2p75_i0p05_w002
299	33	m2p75_c22p0_a0p40_q2p75_i0p05	2.75	0.000275	c22p0	22.0	247.508685341630	100	1.0	5	0.40	2.75	0.05	70.0	7.3011756855e-08	2	3	w003	near_ir_rise	59	1.7588530996181813	1.7588530996181813	NIRSpec	false	full_n2401	1	2401	2401	6000	2.4989587671803415	4.9582515221832172e-06	0.058042152287399985	jwst_mcfost/runs/strict_continuum_cavity_mass_q_v1/anchors/w003/strict_continuum_anchor.lambda	ca23ebfe8f0349583e11ddd47bbd4cca509749dd6ae81b3fe7eb58a679cdd3b2	41001	128000	jwst_mcfost/runs/strict_continuum_cavity_mass_q_v1/models/m2p75_c22p0_a0p40_q2p75_i0p05/disk_envelope_m2p75_c22p0_a0p40_q2p75_i0p05_rt.para	941d8d2bf2ed21f834445df8d16508737a96918661cfc5f16afe5b72e743e026	33	jwst_mcfost/runs/strict_continuum_cavity_mass_q_v1/models/m2p75_c22p0_a0p40_q2p75_i0p05/temperature	jwst_mcfost/runs/strict_continuum_cavity_mass_q_v1/rt_tasks/t299_m2p75_c22p0_a0p40_q2p75_i0p05_w003
300	33	m2p75_c22p0_a0p40_q2p75_i0p05	2.75	0.000275	c22p0	22.0	247.508685341630	100	1.0	5	0.40	2.75	0.05	70.0	7.3011756855e-08	3	4	w004	near_ir_rise	81	2.1916659199557045	2.1916659199557045	NIRSpec	false	full_n2401	1	2401	2401	6000	2.4989587671803415	4.9582515221832172e-06	0.072324975358538254	jwst_mcfost/runs/strict_continuum_cavity_mass_q_v1/anchors/w004/strict_continuum_anchor.lambda	9605b60fa355a7a0a695ed93588c2e13ae03a474ff5df9fa6d55609f7e399107	41001	128000	jwst_mcfost/runs/strict_continuum_cavity_mass_q_v1/models/m2p75_c22p0_a0p40_q2p75_i0p05/disk_envelope_m2p75_c22p0_a0p40_q2p75_i0p05_rt.para	941d8d2bf2ed21f834445df8d16508737a96918661cfc5f16afe5b72e743e026	33	jwst_mcfost/runs/strict_continuum_cavity_mass_q_v1/models/m2p75_c22p0_a0p40_q2p75_i0p05/temperature	jwst_mcfost/runs/strict_continuum_cavity_mass_q_v1/rt_tasks/t300_m2p75_c22p0_a0p40_q2p75_i0p05_w004
301	33	m2p75_c22p0_a0p40_q2p75_i0p05	2.75	0.000275	c22p0	22.0	247.508685341630	100	1.0	5	0.40	2.75	0.05	70.0	7.3011756855e-08	4	5	w005	near_ir_rise	96	2.546352514425122	2.546352514425122	NIRSpec	true	full_n2401	1	2401	2401	6000	2.4989587671803415	4.9582515221832172e-06	0.084029632976029028	jwst_mcfost/runs/strict_continuum_cavity_mass_q_v1/anchors/w005/strict_continuum_anchor.lambda	9f7b6faedc4a44f32c6ae5b8b39d492d3c9ec0dc73b4dd191c2f6d60af0cd529	41001	128000	jwst_mcfost/runs/strict_continuum_cavity_mass_q_v1/models/m2p75_c22p0_a0p40_q2p75_i0p05/disk_envelope_m2p75_c22p0_a0p40_q2p75_i0p05_rt.para	941d8d2bf2ed21f834445df8d16508737a96918661cfc5f16afe5b72e743e026	33	jwst_mcfost/runs/strict_continuum_cavity_mass_q_v1/models/m2p75_c22p0_a0p40_q2p75_i0p05/temperature	jwst_mcfost/runs/strict_continuum_cavity_mass_q_v1/rt_tasks/t301_m2p75_c22p0_a0p40_q2p75_i0p05_w005
302	33	m2p75_c22p0_a0p40_q2p75_i0p05	2.75	0.000275	c22p0	22.0	247.508685341630	100	1.0	5	0.40	2.75	0.05	70.0	7.3011756855e-08	5	6	w006	window_3p9	139	3.9143995604061015	3.9143995604061015	NIRSpec	true	support_zoom_n2401	1.9975051980918284	2401	2401	3003.7468767198525	1.2510399319949406	2.4822220872915486e-06	0.12917518549340135	jwst_mcfost/runs/strict_continuum_cavity_mass_q_v1/anchors/w006/strict_continuum_anchor.lambda	a1d444714c9de2dd1e9aa1d5669069a1be6dae0324e94c47a0b9c4ab6e1f11d0	41001	128000	jwst_mcfost/runs/strict_continuum_cavity_mass_q_v1/models/m2p75_c22p0_a0p40_q2p75_i0p05/disk_envelope_m2p75_c22p0_a0p40_q2p75_i0p05_rt.para	941d8d2bf2ed21f834445df8d16508737a96918661cfc5f16afe5b72e743e026	33	jwst_mcfost/runs/strict_continuum_cavity_mass_q_v1/models/m2p75_c22p0_a0p40_q2p75_i0p05/temperature	jwst_mcfost/runs/strict_continuum_cavity_mass_q_v1/rt_tasks/t302_m2p75_c22p0_a0p40_q2p75_i0p05_w006
303	33	m2p75_c22p0_a0p40_q2p75_i0p05	2.75	0.000275	c22p0	22.0	247.508685341630	100	1.0	5	0.40	2.75	0.05	70.0	7.3011756855e-08	6	7	w007	window_5p4	171	5.3906283153397085	5.3906283153397085	MIRI	false	support_zoom_n2401	1.9975051980918284	2401	2401	3003.7468767198525	1.2510399319949406	2.4822220872915486e-06	0.28389073440621038	jwst_mcfost/runs/strict_continuum_cavity_mass_q_v1/anchors/w007/strict_continuum_anchor.lambda	2c99cc57bcad833e9a4a9cfca63390c89d9538a1049959460c43c1c449c61679	41001	128000	jwst_mcfost/runs/strict_continuum_cavity_mass_q_v1/models/m2p75_c22p0_a0p40_q2p75_i0p05/disk_envelope_m2p75_c22p0_a0p40_q2p75_i0p05_rt.para	941d8d2bf2ed21f834445df8d16508737a96918661cfc5f16afe5b72e743e026	33	jwst_mcfost/runs/strict_continuum_cavity_mass_q_v1/models/m2p75_c22p0_a0p40_q2p75_i0p05/temperature	jwst_mcfost/runs/strict_continuum_cavity_mass_q_v1/rt_tasks/t303_m2p75_c22p0_a0p40_q2p75_i0p05_w007
304	33	m2p75_c22p0_a0p40_q2p75_i0p05	2.75	0.000275	c22p0	22.0	247.508685341630	100	1.0	5	0.40	2.75	0.05	70.0	7.3011756855e-08	7	8	w008	window_13p8	265	13.799908320389276	13.799908320389276	MIRI	false	zoom_n1201	3.9933471945199667	1201	1201	1502.4989583259237	1.2510399319949406	2.4822220872915486e-06	0.5613969745728461	jwst_mcfost/runs/strict_continuum_cavity_mass_q_v1/anchors/w008/strict_continuum_anchor.lambda	6095ab5c3fa56c0623b01f21835d7c8f1fba5d60d5f1f03735e495109c6381d3	41001	128000	jwst_mcfost/runs/strict_continuum_cavity_mass_q_v1/models/m2p75_c22p0_a0p40_q2p75_i0p05/disk_envelope_m2p75_c22p0_a0p40_q2p75_i0p05_rt.para	941d8d2bf2ed21f834445df8d16508737a96918661cfc5f16afe5b72e743e026	33	jwst_mcfost/runs/strict_continuum_cavity_mass_q_v1/models/m2p75_c22p0_a0p40_q2p75_i0p05/temperature	jwst_mcfost/runs/strict_continuum_cavity_mass_q_v1/rt_tasks/t304_m2p75_c22p0_a0p40_q2p75_i0p05_w008
305	33	m2p75_c22p0_a0p40_q2p75_i0p05	2.75	0.000275	c22p0	22.0	247.508685341630	100	1.0	5	0.40	2.75	0.05	70.0	7.3011756855e-08	8	9	w009	window_27p5	334	27.513091575690556	27.513091575690556	MIRI	false	zoom_n1201	3.9933471945199667	1201	1201	1502.4989583259237	1.2510399319949406	2.4822220872915486e-06	1.0139320219977885	jwst_mcfost/runs/strict_continuum_cavity_mass_q_v1/anchors/w009/strict_continuum_anchor.lambda	41fd9d2d54ef93ed35fec02dd7d1d9a393b88e9fcc443fc088d958a549ab4723	41001	128000	jwst_mcfost/runs/strict_continuum_cavity_mass_q_v1/models/m2p75_c22p0_a0p40_q2p75_i0p05/disk_envelope_m2p75_c22p0_a0p40_q2p75_i0p05_rt.para	941d8d2bf2ed21f834445df8d16508737a96918661cfc5f16afe5b72e743e026	33	jwst_mcfost/runs/strict_continuum_cavity_mass_q_v1/models/m2p75_c22p0_a0p40_q2p75_i0p05/temperature	jwst_mcfost/runs/strict_continuum_cavity_mass_q_v1/rt_tasks/t305_m2p75_c22p0_a0p40_q2p75_i0p05_w009
306	34	m2p75_c24p0_a0p40_q2p75_i0p05	2.75	0.000275	c24p0	24.0	224.603677390422	100	1.0	6	0.40	2.75	0.05	70.0	7.3011756855e-08	0	1	w001	near_ir_short	21	1.2028117593024095	1.2028117593024095	NIRSpec	false	full_n2401	1	2401	2401	6000	2.4989587671803415	4.9582515221832172e-06	0.039692788056979511	jwst_mcfost/runs/strict_continuum_cavity_mass_q_v1/anchors/w001/strict_continuum_anchor.lambda	3a4c05f3e67c2a1c93b19eb17fbfc715bf9582d86bbc727fc0416e86fc3bcfdb	41001	128000	jwst_mcfost/runs/strict_continuum_cavity_mass_q_v1/models/m2p75_c24p0_a0p40_q2p75_i0p05/disk_envelope_m2p75_c24p0_a0p40_q2p75_i0p05_rt.para	941d8d2bf2ed21f834445df8d16508737a96918661cfc5f16afe5b72e743e026	34	jwst_mcfost/runs/strict_continuum_cavity_mass_q_v1/models/m2p75_c24p0_a0p40_q2p75_i0p05/temperature	jwst_mcfost/runs/strict_continuum_cavity_mass_q_v1/rt_tasks/t306_m2p75_c24p0_a0p40_q2p75_i0p05_w001
307	34	m2p75_c24p0_a0p40_q2p75_i0p05	2.75	0.000275	c24p0	24.0	224.603677390422	100	1.0	6	0.40	2.75	0.05	70.0	7.3011756855e-08	1	2	w002	near_ir_short	43	1.4987957445436022	1.4987957445436022	NIRSpec	false	full_n2401	1	2401	2401	6000	2.4989587671803415	4.9582515221832172e-06	0.049460259569938873	jwst_mcfost/runs/strict_continuum_cavity_mass_q_v1/anchors/w002/strict_continuum_anchor.lambda	7c9f0b769ebc9634e2a3203ac84f4fbc00b323b2ba59b01aed9c107319f2ee5f	41001	128000	jwst_mcfost/runs/strict_continuum_cavity_mass_q_v1/models/m2p75_c24p0_a0p40_q2p75_i0p05/disk_envelope_m2p75_c24p0_a0p40_q2p75_i0p05_rt.para	941d8d2bf2ed21f834445df8d16508737a96918661cfc5f16afe5b72e743e026	34	jwst_mcfost/runs/strict_continuum_cavity_mass_q_v1/models/m2p75_c24p0_a0p40_q2p75_i0p05/temperature	jwst_mcfost/runs/strict_continuum_cavity_mass_q_v1/rt_tasks/t307_m2p75_c24p0_a0p40_q2p75_i0p05_w002
308	34	m2p75_c24p0_a0p40_q2p75_i0p05	2.75	0.000275	c24p0	24.0	224.603677390422	100	1.0	6	0.40	2.75	0.05	70.0	7.3011756855e-08	2	3	w003	near_ir_rise	59	1.7588530996181813	1.7588530996181813	NIRSpec	false	full_n2401	1	2401	2401	6000	2.4989587671803415	4.9582515221832172e-06	0.058042152287399985	jwst_mcfost/runs/strict_continuum_cavity_mass_q_v1/anchors/w003/strict_continuum_anchor.lambda	ca23ebfe8f0349583e11ddd47bbd4cca509749dd6ae81b3fe7eb58a679cdd3b2	41001	128000	jwst_mcfost/runs/strict_continuum_cavity_mass_q_v1/models/m2p75_c24p0_a0p40_q2p75_i0p05/disk_envelope_m2p75_c24p0_a0p40_q2p75_i0p05_rt.para	941d8d2bf2ed21f834445df8d16508737a96918661cfc5f16afe5b72e743e026	34	jwst_mcfost/runs/strict_continuum_cavity_mass_q_v1/models/m2p75_c24p0_a0p40_q2p75_i0p05/temperature	jwst_mcfost/runs/strict_continuum_cavity_mass_q_v1/rt_tasks/t308_m2p75_c24p0_a0p40_q2p75_i0p05_w003
309	34	m2p75_c24p0_a0p40_q2p75_i0p05	2.75	0.000275	c24p0	24.0	224.603677390422	100	1.0	6	0.40	2.75	0.05	70.0	7.3011756855e-08	3	4	w004	near_ir_rise	81	2.1916659199557045	2.1916659199557045	NIRSpec	false	full_n2401	1	2401	2401	6000	2.4989587671803415	4.9582515221832172e-06	0.072324975358538254	jwst_mcfost/runs/strict_continuum_cavity_mass_q_v1/anchors/w004/strict_continuum_anchor.lambda	9605b60fa355a7a0a695ed93588c2e13ae03a474ff5df9fa6d55609f7e399107	41001	128000	jwst_mcfost/runs/strict_continuum_cavity_mass_q_v1/models/m2p75_c24p0_a0p40_q2p75_i0p05/disk_envelope_m2p75_c24p0_a0p40_q2p75_i0p05_rt.para	941d8d2bf2ed21f834445df8d16508737a96918661cfc5f16afe5b72e743e026	34	jwst_mcfost/runs/strict_continuum_cavity_mass_q_v1/models/m2p75_c24p0_a0p40_q2p75_i0p05/temperature	jwst_mcfost/runs/strict_continuum_cavity_mass_q_v1/rt_tasks/t309_m2p75_c24p0_a0p40_q2p75_i0p05_w004
310	34	m2p75_c24p0_a0p40_q2p75_i0p05	2.75	0.000275	c24p0	24.0	224.603677390422	100	1.0	6	0.40	2.75	0.05	70.0	7.3011756855e-08	4	5	w005	near_ir_rise	96	2.546352514425122	2.546352514425122	NIRSpec	true	full_n2401	1	2401	2401	6000	2.4989587671803415	4.9582515221832172e-06	0.084029632976029028	jwst_mcfost/runs/strict_continuum_cavity_mass_q_v1/anchors/w005/strict_continuum_anchor.lambda	9f7b6faedc4a44f32c6ae5b8b39d492d3c9ec0dc73b4dd191c2f6d60af0cd529	41001	128000	jwst_mcfost/runs/strict_continuum_cavity_mass_q_v1/models/m2p75_c24p0_a0p40_q2p75_i0p05/disk_envelope_m2p75_c24p0_a0p40_q2p75_i0p05_rt.para	941d8d2bf2ed21f834445df8d16508737a96918661cfc5f16afe5b72e743e026	34	jwst_mcfost/runs/strict_continuum_cavity_mass_q_v1/models/m2p75_c24p0_a0p40_q2p75_i0p05/temperature	jwst_mcfost/runs/strict_continuum_cavity_mass_q_v1/rt_tasks/t310_m2p75_c24p0_a0p40_q2p75_i0p05_w005
311	34	m2p75_c24p0_a0p40_q2p75_i0p05	2.75	0.000275	c24p0	24.0	224.603677390422	100	1.0	6	0.40	2.75	0.05	70.0	7.3011756855e-08	5	6	w006	window_3p9	139	3.9143995604061015	3.9143995604061015	NIRSpec	true	support_zoom_n2401	1.9975051980918284	2401	2401	3003.7468767198525	1.2510399319949406	2.4822220872915486e-06	0.12917518549340135	jwst_mcfost/runs/strict_continuum_cavity_mass_q_v1/anchors/w006/strict_continuum_anchor.lambda	a1d444714c9de2dd1e9aa1d5669069a1be6dae0324e94c47a0b9c4ab6e1f11d0	41001	128000	jwst_mcfost/runs/strict_continuum_cavity_mass_q_v1/models/m2p75_c24p0_a0p40_q2p75_i0p05/disk_envelope_m2p75_c24p0_a0p40_q2p75_i0p05_rt.para	941d8d2bf2ed21f834445df8d16508737a96918661cfc5f16afe5b72e743e026	34	jwst_mcfost/runs/strict_continuum_cavity_mass_q_v1/models/m2p75_c24p0_a0p40_q2p75_i0p05/temperature	jwst_mcfost/runs/strict_continuum_cavity_mass_q_v1/rt_tasks/t311_m2p75_c24p0_a0p40_q2p75_i0p05_w006
312	34	m2p75_c24p0_a0p40_q2p75_i0p05	2.75	0.000275	c24p0	24.0	224.603677390422	100	1.0	6	0.40	2.75	0.05	70.0	7.3011756855e-08	6	7	w007	window_5p4	171	5.3906283153397085	5.3906283153397085	MIRI	false	support_zoom_n2401	1.9975051980918284	2401	2401	3003.7468767198525	1.2510399319949406	2.4822220872915486e-06	0.28389073440621038	jwst_mcfost/runs/strict_continuum_cavity_mass_q_v1/anchors/w007/strict_continuum_anchor.lambda	2c99cc57bcad833e9a4a9cfca63390c89d9538a1049959460c43c1c449c61679	41001	128000	jwst_mcfost/runs/strict_continuum_cavity_mass_q_v1/models/m2p75_c24p0_a0p40_q2p75_i0p05/disk_envelope_m2p75_c24p0_a0p40_q2p75_i0p05_rt.para	941d8d2bf2ed21f834445df8d16508737a96918661cfc5f16afe5b72e743e026	34	jwst_mcfost/runs/strict_continuum_cavity_mass_q_v1/models/m2p75_c24p0_a0p40_q2p75_i0p05/temperature	jwst_mcfost/runs/strict_continuum_cavity_mass_q_v1/rt_tasks/t312_m2p75_c24p0_a0p40_q2p75_i0p05_w007
313	34	m2p75_c24p0_a0p40_q2p75_i0p05	2.75	0.000275	c24p0	24.0	224.603677390422	100	1.0	6	0.40	2.75	0.05	70.0	7.3011756855e-08	7	8	w008	window_13p8	265	13.799908320389276	13.799908320389276	MIRI	false	zoom_n1201	3.9933471945199667	1201	1201	1502.4989583259237	1.2510399319949406	2.4822220872915486e-06	0.5613969745728461	jwst_mcfost/runs/strict_continuum_cavity_mass_q_v1/anchors/w008/strict_continuum_anchor.lambda	6095ab5c3fa56c0623b01f21835d7c8f1fba5d60d5f1f03735e495109c6381d3	41001	128000	jwst_mcfost/runs/strict_continuum_cavity_mass_q_v1/models/m2p75_c24p0_a0p40_q2p75_i0p05/disk_envelope_m2p75_c24p0_a0p40_q2p75_i0p05_rt.para	941d8d2bf2ed21f834445df8d16508737a96918661cfc5f16afe5b72e743e026	34	jwst_mcfost/runs/strict_continuum_cavity_mass_q_v1/models/m2p75_c24p0_a0p40_q2p75_i0p05/temperature	jwst_mcfost/runs/strict_continuum_cavity_mass_q_v1/rt_tasks/t313_m2p75_c24p0_a0p40_q2p75_i0p05_w008
314	34	m2p75_c24p0_a0p40_q2p75_i0p05	2.75	0.000275	c24p0	24.0	224.603677390422	100	1.0	6	0.40	2.75	0.05	70.0	7.3011756855e-08	8	9	w009	window_27p5	334	27.513091575690556	27.513091575690556	MIRI	false	zoom_n1201	3.9933471945199667	1201	1201	1502.4989583259237	1.2510399319949406	2.4822220872915486e-06	1.0139320219977885	jwst_mcfost/runs/strict_continuum_cavity_mass_q_v1/anchors/w009/strict_continuum_anchor.lambda	41fd9d2d54ef93ed35fec02dd7d1d9a393b88e9fcc443fc088d958a549ab4723	41001	128000	jwst_mcfost/runs/strict_continuum_cavity_mass_q_v1/models/m2p75_c24p0_a0p40_q2p75_i0p05/disk_envelope_m2p75_c24p0_a0p40_q2p75_i0p05_rt.para	941d8d2bf2ed21f834445df8d16508737a96918661cfc5f16afe5b72e743e026	34	jwst_mcfost/runs/strict_continuum_cavity_mass_q_v1/models/m2p75_c24p0_a0p40_q2p75_i0p05/temperature	jwst_mcfost/runs/strict_continuum_cavity_mass_q_v1/rt_tasks/t314_m2p75_c24p0_a0p40_q2p75_i0p05_w009
315	35	m2p75_c15p0_a0p40_q3p00_i0p05	2.75	0.000275	c15p0	15.0	373.205080756888	100	1.0	2	0.40	3.00	0.05	70.0	7.3011756855e-08	0	1	w001	near_ir_short	21	1.2028117593024095	1.2028117593024095	NIRSpec	false	full_n2401	1	2401	2401	6000	2.4989587671803415	4.9582515221832172e-06	0.039692788056979511	jwst_mcfost/runs/strict_continuum_cavity_mass_q_v1/anchors/w001/strict_continuum_anchor.lambda	3a4c05f3e67c2a1c93b19eb17fbfc715bf9582d86bbc727fc0416e86fc3bcfdb	41001	128000	jwst_mcfost/runs/strict_continuum_cavity_mass_q_v1/models/m2p75_c15p0_a0p40_q3p00_i0p05/disk_envelope_m2p75_c15p0_a0p40_q3p00_i0p05_rt.para	6b2099340c5f53fb19f052cd8a4b4a8067be0895c443c09d399997e0a0df40bb	35	jwst_mcfost/runs/strict_continuum_cavity_mass_q_v1/models/m2p75_c15p0_a0p40_q3p00_i0p05/temperature	jwst_mcfost/runs/strict_continuum_cavity_mass_q_v1/rt_tasks/t315_m2p75_c15p0_a0p40_q3p00_i0p05_w001
316	35	m2p75_c15p0_a0p40_q3p00_i0p05	2.75	0.000275	c15p0	15.0	373.205080756888	100	1.0	2	0.40	3.00	0.05	70.0	7.3011756855e-08	1	2	w002	near_ir_short	43	1.4987957445436022	1.4987957445436022	NIRSpec	false	full_n2401	1	2401	2401	6000	2.4989587671803415	4.9582515221832172e-06	0.049460259569938873	jwst_mcfost/runs/strict_continuum_cavity_mass_q_v1/anchors/w002/strict_continuum_anchor.lambda	7c9f0b769ebc9634e2a3203ac84f4fbc00b323b2ba59b01aed9c107319f2ee5f	41001	128000	jwst_mcfost/runs/strict_continuum_cavity_mass_q_v1/models/m2p75_c15p0_a0p40_q3p00_i0p05/disk_envelope_m2p75_c15p0_a0p40_q3p00_i0p05_rt.para	6b2099340c5f53fb19f052cd8a4b4a8067be0895c443c09d399997e0a0df40bb	35	jwst_mcfost/runs/strict_continuum_cavity_mass_q_v1/models/m2p75_c15p0_a0p40_q3p00_i0p05/temperature	jwst_mcfost/runs/strict_continuum_cavity_mass_q_v1/rt_tasks/t316_m2p75_c15p0_a0p40_q3p00_i0p05_w002
317	35	m2p75_c15p0_a0p40_q3p00_i0p05	2.75	0.000275	c15p0	15.0	373.205080756888	100	1.0	2	0.40	3.00	0.05	70.0	7.3011756855e-08	2	3	w003	near_ir_rise	59	1.7588530996181813	1.7588530996181813	NIRSpec	false	full_n2401	1	2401	2401	6000	2.4989587671803415	4.9582515221832172e-06	0.058042152287399985	jwst_mcfost/runs/strict_continuum_cavity_mass_q_v1/anchors/w003/strict_continuum_anchor.lambda	ca23ebfe8f0349583e11ddd47bbd4cca509749dd6ae81b3fe7eb58a679cdd3b2	41001	128000	jwst_mcfost/runs/strict_continuum_cavity_mass_q_v1/models/m2p75_c15p0_a0p40_q3p00_i0p05/disk_envelope_m2p75_c15p0_a0p40_q3p00_i0p05_rt.para	6b2099340c5f53fb19f052cd8a4b4a8067be0895c443c09d399997e0a0df40bb	35	jwst_mcfost/runs/strict_continuum_cavity_mass_q_v1/models/m2p75_c15p0_a0p40_q3p00_i0p05/temperature	jwst_mcfost/runs/strict_continuum_cavity_mass_q_v1/rt_tasks/t317_m2p75_c15p0_a0p40_q3p00_i0p05_w003
318	35	m2p75_c15p0_a0p40_q3p00_i0p05	2.75	0.000275	c15p0	15.0	373.205080756888	100	1.0	2	0.40	3.00	0.05	70.0	7.3011756855e-08	3	4	w004	near_ir_rise	81	2.1916659199557045	2.1916659199557045	NIRSpec	false	full_n2401	1	2401	2401	6000	2.4989587671803415	4.9582515221832172e-06	0.072324975358538254	jwst_mcfost/runs/strict_continuum_cavity_mass_q_v1/anchors/w004/strict_continuum_anchor.lambda	9605b60fa355a7a0a695ed93588c2e13ae03a474ff5df9fa6d55609f7e399107	41001	128000	jwst_mcfost/runs/strict_continuum_cavity_mass_q_v1/models/m2p75_c15p0_a0p40_q3p00_i0p05/disk_envelope_m2p75_c15p0_a0p40_q3p00_i0p05_rt.para	6b2099340c5f53fb19f052cd8a4b4a8067be0895c443c09d399997e0a0df40bb	35	jwst_mcfost/runs/strict_continuum_cavity_mass_q_v1/models/m2p75_c15p0_a0p40_q3p00_i0p05/temperature	jwst_mcfost/runs/strict_continuum_cavity_mass_q_v1/rt_tasks/t318_m2p75_c15p0_a0p40_q3p00_i0p05_w004
319	35	m2p75_c15p0_a0p40_q3p00_i0p05	2.75	0.000275	c15p0	15.0	373.205080756888	100	1.0	2	0.40	3.00	0.05	70.0	7.3011756855e-08	4	5	w005	near_ir_rise	96	2.546352514425122	2.546352514425122	NIRSpec	true	full_n2401	1	2401	2401	6000	2.4989587671803415	4.9582515221832172e-06	0.084029632976029028	jwst_mcfost/runs/strict_continuum_cavity_mass_q_v1/anchors/w005/strict_continuum_anchor.lambda	9f7b6faedc4a44f32c6ae5b8b39d492d3c9ec0dc73b4dd191c2f6d60af0cd529	41001	128000	jwst_mcfost/runs/strict_continuum_cavity_mass_q_v1/models/m2p75_c15p0_a0p40_q3p00_i0p05/disk_envelope_m2p75_c15p0_a0p40_q3p00_i0p05_rt.para	6b2099340c5f53fb19f052cd8a4b4a8067be0895c443c09d399997e0a0df40bb	35	jwst_mcfost/runs/strict_continuum_cavity_mass_q_v1/models/m2p75_c15p0_a0p40_q3p00_i0p05/temperature	jwst_mcfost/runs/strict_continuum_cavity_mass_q_v1/rt_tasks/t319_m2p75_c15p0_a0p40_q3p00_i0p05_w005
320	35	m2p75_c15p0_a0p40_q3p00_i0p05	2.75	0.000275	c15p0	15.0	373.205080756888	100	1.0	2	0.40	3.00	0.05	70.0	7.3011756855e-08	5	6	w006	window_3p9	139	3.9143995604061015	3.9143995604061015	NIRSpec	true	support_zoom_n2401	1.9975051980918284	2401	2401	3003.7468767198525	1.2510399319949406	2.4822220872915486e-06	0.12917518549340135	jwst_mcfost/runs/strict_continuum_cavity_mass_q_v1/anchors/w006/strict_continuum_anchor.lambda	a1d444714c9de2dd1e9aa1d5669069a1be6dae0324e94c47a0b9c4ab6e1f11d0	41001	128000	jwst_mcfost/runs/strict_continuum_cavity_mass_q_v1/models/m2p75_c15p0_a0p40_q3p00_i0p05/disk_envelope_m2p75_c15p0_a0p40_q3p00_i0p05_rt.para	6b2099340c5f53fb19f052cd8a4b4a8067be0895c443c09d399997e0a0df40bb	35	jwst_mcfost/runs/strict_continuum_cavity_mass_q_v1/models/m2p75_c15p0_a0p40_q3p00_i0p05/temperature	jwst_mcfost/runs/strict_continuum_cavity_mass_q_v1/rt_tasks/t320_m2p75_c15p0_a0p40_q3p00_i0p05_w006
321	35	m2p75_c15p0_a0p40_q3p00_i0p05	2.75	0.000275	c15p0	15.0	373.205080756888	100	1.0	2	0.40	3.00	0.05	70.0	7.3011756855e-08	6	7	w007	window_5p4	171	5.3906283153397085	5.3906283153397085	MIRI	false	support_zoom_n2401	1.9975051980918284	2401	2401	3003.7468767198525	1.2510399319949406	2.4822220872915486e-06	0.28389073440621038	jwst_mcfost/runs/strict_continuum_cavity_mass_q_v1/anchors/w007/strict_continuum_anchor.lambda	2c99cc57bcad833e9a4a9cfca63390c89d9538a1049959460c43c1c449c61679	41001	128000	jwst_mcfost/runs/strict_continuum_cavity_mass_q_v1/models/m2p75_c15p0_a0p40_q3p00_i0p05/disk_envelope_m2p75_c15p0_a0p40_q3p00_i0p05_rt.para	6b2099340c5f53fb19f052cd8a4b4a8067be0895c443c09d399997e0a0df40bb	35	jwst_mcfost/runs/strict_continuum_cavity_mass_q_v1/models/m2p75_c15p0_a0p40_q3p00_i0p05/temperature	jwst_mcfost/runs/strict_continuum_cavity_mass_q_v1/rt_tasks/t321_m2p75_c15p0_a0p40_q3p00_i0p05_w007
322	35	m2p75_c15p0_a0p40_q3p00_i0p05	2.75	0.000275	c15p0	15.0	373.205080756888	100	1.0	2	0.40	3.00	0.05	70.0	7.3011756855e-08	7	8	w008	window_13p8	265	13.799908320389276	13.799908320389276	MIRI	false	zoom_n1201	3.9933471945199667	1201	1201	1502.4989583259237	1.2510399319949406	2.4822220872915486e-06	0.5613969745728461	jwst_mcfost/runs/strict_continuum_cavity_mass_q_v1/anchors/w008/strict_continuum_anchor.lambda	6095ab5c3fa56c0623b01f21835d7c8f1fba5d60d5f1f03735e495109c6381d3	41001	128000	jwst_mcfost/runs/strict_continuum_cavity_mass_q_v1/models/m2p75_c15p0_a0p40_q3p00_i0p05/disk_envelope_m2p75_c15p0_a0p40_q3p00_i0p05_rt.para	6b2099340c5f53fb19f052cd8a4b4a8067be0895c443c09d399997e0a0df40bb	35	jwst_mcfost/runs/strict_continuum_cavity_mass_q_v1/models/m2p75_c15p0_a0p40_q3p00_i0p05/temperature	jwst_mcfost/runs/strict_continuum_cavity_mass_q_v1/rt_tasks/t322_m2p75_c15p0_a0p40_q3p00_i0p05_w008
323	35	m2p75_c15p0_a0p40_q3p00_i0p05	2.75	0.000275	c15p0	15.0	373.205080756888	100	1.0	2	0.40	3.00	0.05	70.0	7.3011756855e-08	8	9	w009	window_27p5	334	27.513091575690556	27.513091575690556	MIRI	false	zoom_n1201	3.9933471945199667	1201	1201	1502.4989583259237	1.2510399319949406	2.4822220872915486e-06	1.0139320219977885	jwst_mcfost/runs/strict_continuum_cavity_mass_q_v1/anchors/w009/strict_continuum_anchor.lambda	41fd9d2d54ef93ed35fec02dd7d1d9a393b88e9fcc443fc088d958a549ab4723	41001	128000	jwst_mcfost/runs/strict_continuum_cavity_mass_q_v1/models/m2p75_c15p0_a0p40_q3p00_i0p05/disk_envelope_m2p75_c15p0_a0p40_q3p00_i0p05_rt.para	6b2099340c5f53fb19f052cd8a4b4a8067be0895c443c09d399997e0a0df40bb	35	jwst_mcfost/runs/strict_continuum_cavity_mass_q_v1/models/m2p75_c15p0_a0p40_q3p00_i0p05/temperature	jwst_mcfost/runs/strict_continuum_cavity_mass_q_v1/rt_tasks/t323_m2p75_c15p0_a0p40_q3p00_i0p05_w009
324	36	m2p75_c17p5_a0p40_q3p00_i0p05	2.75	0.000275	c17p5	17.5	317.159480236321	100	1.0	3	0.40	3.00	0.05	70.0	7.3011756855e-08	0	1	w001	near_ir_short	21	1.2028117593024095	1.2028117593024095	NIRSpec	false	full_n2401	1	2401	2401	6000	2.4989587671803415	4.9582515221832172e-06	0.039692788056979511	jwst_mcfost/runs/strict_continuum_cavity_mass_q_v1/anchors/w001/strict_continuum_anchor.lambda	3a4c05f3e67c2a1c93b19eb17fbfc715bf9582d86bbc727fc0416e86fc3bcfdb	41001	128000	jwst_mcfost/runs/strict_continuum_cavity_mass_q_v1/models/m2p75_c17p5_a0p40_q3p00_i0p05/disk_envelope_m2p75_c17p5_a0p40_q3p00_i0p05_rt.para	6b2099340c5f53fb19f052cd8a4b4a8067be0895c443c09d399997e0a0df40bb	36	jwst_mcfost/runs/strict_continuum_cavity_mass_q_v1/models/m2p75_c17p5_a0p40_q3p00_i0p05/temperature	jwst_mcfost/runs/strict_continuum_cavity_mass_q_v1/rt_tasks/t324_m2p75_c17p5_a0p40_q3p00_i0p05_w001
325	36	m2p75_c17p5_a0p40_q3p00_i0p05	2.75	0.000275	c17p5	17.5	317.159480236321	100	1.0	3	0.40	3.00	0.05	70.0	7.3011756855e-08	1	2	w002	near_ir_short	43	1.4987957445436022	1.4987957445436022	NIRSpec	false	full_n2401	1	2401	2401	6000	2.4989587671803415	4.9582515221832172e-06	0.049460259569938873	jwst_mcfost/runs/strict_continuum_cavity_mass_q_v1/anchors/w002/strict_continuum_anchor.lambda	7c9f0b769ebc9634e2a3203ac84f4fbc00b323b2ba59b01aed9c107319f2ee5f	41001	128000	jwst_mcfost/runs/strict_continuum_cavity_mass_q_v1/models/m2p75_c17p5_a0p40_q3p00_i0p05/disk_envelope_m2p75_c17p5_a0p40_q3p00_i0p05_rt.para	6b2099340c5f53fb19f052cd8a4b4a8067be0895c443c09d399997e0a0df40bb	36	jwst_mcfost/runs/strict_continuum_cavity_mass_q_v1/models/m2p75_c17p5_a0p40_q3p00_i0p05/temperature	jwst_mcfost/runs/strict_continuum_cavity_mass_q_v1/rt_tasks/t325_m2p75_c17p5_a0p40_q3p00_i0p05_w002
326	36	m2p75_c17p5_a0p40_q3p00_i0p05	2.75	0.000275	c17p5	17.5	317.159480236321	100	1.0	3	0.40	3.00	0.05	70.0	7.3011756855e-08	2	3	w003	near_ir_rise	59	1.7588530996181813	1.7588530996181813	NIRSpec	false	full_n2401	1	2401	2401	6000	2.4989587671803415	4.9582515221832172e-06	0.058042152287399985	jwst_mcfost/runs/strict_continuum_cavity_mass_q_v1/anchors/w003/strict_continuum_anchor.lambda	ca23ebfe8f0349583e11ddd47bbd4cca509749dd6ae81b3fe7eb58a679cdd3b2	41001	128000	jwst_mcfost/runs/strict_continuum_cavity_mass_q_v1/models/m2p75_c17p5_a0p40_q3p00_i0p05/disk_envelope_m2p75_c17p5_a0p40_q3p00_i0p05_rt.para	6b2099340c5f53fb19f052cd8a4b4a8067be0895c443c09d399997e0a0df40bb	36	jwst_mcfost/runs/strict_continuum_cavity_mass_q_v1/models/m2p75_c17p5_a0p40_q3p00_i0p05/temperature	jwst_mcfost/runs/strict_continuum_cavity_mass_q_v1/rt_tasks/t326_m2p75_c17p5_a0p40_q3p00_i0p05_w003
327	36	m2p75_c17p5_a0p40_q3p00_i0p05	2.75	0.000275	c17p5	17.5	317.159480236321	100	1.0	3	0.40	3.00	0.05	70.0	7.3011756855e-08	3	4	w004	near_ir_rise	81	2.1916659199557045	2.1916659199557045	NIRSpec	false	full_n2401	1	2401	2401	6000	2.4989587671803415	4.9582515221832172e-06	0.072324975358538254	jwst_mcfost/runs/strict_continuum_cavity_mass_q_v1/anchors/w004/strict_continuum_anchor.lambda	9605b60fa355a7a0a695ed93588c2e13ae03a474ff5df9fa6d55609f7e399107	41001	128000	jwst_mcfost/runs/strict_continuum_cavity_mass_q_v1/models/m2p75_c17p5_a0p40_q3p00_i0p05/disk_envelope_m2p75_c17p5_a0p40_q3p00_i0p05_rt.para	6b2099340c5f53fb19f052cd8a4b4a8067be0895c443c09d399997e0a0df40bb	36	jwst_mcfost/runs/strict_continuum_cavity_mass_q_v1/models/m2p75_c17p5_a0p40_q3p00_i0p05/temperature	jwst_mcfost/runs/strict_continuum_cavity_mass_q_v1/rt_tasks/t327_m2p75_c17p5_a0p40_q3p00_i0p05_w004
328	36	m2p75_c17p5_a0p40_q3p00_i0p05	2.75	0.000275	c17p5	17.5	317.159480236321	100	1.0	3	0.40	3.00	0.05	70.0	7.3011756855e-08	4	5	w005	near_ir_rise	96	2.546352514425122	2.546352514425122	NIRSpec	true	full_n2401	1	2401	2401	6000	2.4989587671803415	4.9582515221832172e-06	0.084029632976029028	jwst_mcfost/runs/strict_continuum_cavity_mass_q_v1/anchors/w005/strict_continuum_anchor.lambda	9f7b6faedc4a44f32c6ae5b8b39d492d3c9ec0dc73b4dd191c2f6d60af0cd529	41001	128000	jwst_mcfost/runs/strict_continuum_cavity_mass_q_v1/models/m2p75_c17p5_a0p40_q3p00_i0p05/disk_envelope_m2p75_c17p5_a0p40_q3p00_i0p05_rt.para	6b2099340c5f53fb19f052cd8a4b4a8067be0895c443c09d399997e0a0df40bb	36	jwst_mcfost/runs/strict_continuum_cavity_mass_q_v1/models/m2p75_c17p5_a0p40_q3p00_i0p05/temperature	jwst_mcfost/runs/strict_continuum_cavity_mass_q_v1/rt_tasks/t328_m2p75_c17p5_a0p40_q3p00_i0p05_w005
329	36	m2p75_c17p5_a0p40_q3p00_i0p05	2.75	0.000275	c17p5	17.5	317.159480236321	100	1.0	3	0.40	3.00	0.05	70.0	7.3011756855e-08	5	6	w006	window_3p9	139	3.9143995604061015	3.9143995604061015	NIRSpec	true	support_zoom_n2401	1.9975051980918284	2401	2401	3003.7468767198525	1.2510399319949406	2.4822220872915486e-06	0.12917518549340135	jwst_mcfost/runs/strict_continuum_cavity_mass_q_v1/anchors/w006/strict_continuum_anchor.lambda	a1d444714c9de2dd1e9aa1d5669069a1be6dae0324e94c47a0b9c4ab6e1f11d0	41001	128000	jwst_mcfost/runs/strict_continuum_cavity_mass_q_v1/models/m2p75_c17p5_a0p40_q3p00_i0p05/disk_envelope_m2p75_c17p5_a0p40_q3p00_i0p05_rt.para	6b2099340c5f53fb19f052cd8a4b4a8067be0895c443c09d399997e0a0df40bb	36	jwst_mcfost/runs/strict_continuum_cavity_mass_q_v1/models/m2p75_c17p5_a0p40_q3p00_i0p05/temperature	jwst_mcfost/runs/strict_continuum_cavity_mass_q_v1/rt_tasks/t329_m2p75_c17p5_a0p40_q3p00_i0p05_w006
330	36	m2p75_c17p5_a0p40_q3p00_i0p05	2.75	0.000275	c17p5	17.5	317.159480236321	100	1.0	3	0.40	3.00	0.05	70.0	7.3011756855e-08	6	7	w007	window_5p4	171	5.3906283153397085	5.3906283153397085	MIRI	false	support_zoom_n2401	1.9975051980918284	2401	2401	3003.7468767198525	1.2510399319949406	2.4822220872915486e-06	0.28389073440621038	jwst_mcfost/runs/strict_continuum_cavity_mass_q_v1/anchors/w007/strict_continuum_anchor.lambda	2c99cc57bcad833e9a4a9cfca63390c89d9538a1049959460c43c1c449c61679	41001	128000	jwst_mcfost/runs/strict_continuum_cavity_mass_q_v1/models/m2p75_c17p5_a0p40_q3p00_i0p05/disk_envelope_m2p75_c17p5_a0p40_q3p00_i0p05_rt.para	6b2099340c5f53fb19f052cd8a4b4a8067be0895c443c09d399997e0a0df40bb	36	jwst_mcfost/runs/strict_continuum_cavity_mass_q_v1/models/m2p75_c17p5_a0p40_q3p00_i0p05/temperature	jwst_mcfost/runs/strict_continuum_cavity_mass_q_v1/rt_tasks/t330_m2p75_c17p5_a0p40_q3p00_i0p05_w007
331	36	m2p75_c17p5_a0p40_q3p00_i0p05	2.75	0.000275	c17p5	17.5	317.159480236321	100	1.0	3	0.40	3.00	0.05	70.0	7.3011756855e-08	7	8	w008	window_13p8	265	13.799908320389276	13.799908320389276	MIRI	false	zoom_n1201	3.9933471945199667	1201	1201	1502.4989583259237	1.2510399319949406	2.4822220872915486e-06	0.5613969745728461	jwst_mcfost/runs/strict_continuum_cavity_mass_q_v1/anchors/w008/strict_continuum_anchor.lambda	6095ab5c3fa56c0623b01f21835d7c8f1fba5d60d5f1f03735e495109c6381d3	41001	128000	jwst_mcfost/runs/strict_continuum_cavity_mass_q_v1/models/m2p75_c17p5_a0p40_q3p00_i0p05/disk_envelope_m2p75_c17p5_a0p40_q3p00_i0p05_rt.para	6b2099340c5f53fb19f052cd8a4b4a8067be0895c443c09d399997e0a0df40bb	36	jwst_mcfost/runs/strict_continuum_cavity_mass_q_v1/models/m2p75_c17p5_a0p40_q3p00_i0p05/temperature	jwst_mcfost/runs/strict_continuum_cavity_mass_q_v1/rt_tasks/t331_m2p75_c17p5_a0p40_q3p00_i0p05_w008
332	36	m2p75_c17p5_a0p40_q3p00_i0p05	2.75	0.000275	c17p5	17.5	317.159480236321	100	1.0	3	0.40	3.00	0.05	70.0	7.3011756855e-08	8	9	w009	window_27p5	334	27.513091575690556	27.513091575690556	MIRI	false	zoom_n1201	3.9933471945199667	1201	1201	1502.4989583259237	1.2510399319949406	2.4822220872915486e-06	1.0139320219977885	jwst_mcfost/runs/strict_continuum_cavity_mass_q_v1/anchors/w009/strict_continuum_anchor.lambda	41fd9d2d54ef93ed35fec02dd7d1d9a393b88e9fcc443fc088d958a549ab4723	41001	128000	jwst_mcfost/runs/strict_continuum_cavity_mass_q_v1/models/m2p75_c17p5_a0p40_q3p00_i0p05/disk_envelope_m2p75_c17p5_a0p40_q3p00_i0p05_rt.para	6b2099340c5f53fb19f052cd8a4b4a8067be0895c443c09d399997e0a0df40bb	36	jwst_mcfost/runs/strict_continuum_cavity_mass_q_v1/models/m2p75_c17p5_a0p40_q3p00_i0p05/temperature	jwst_mcfost/runs/strict_continuum_cavity_mass_q_v1/rt_tasks/t332_m2p75_c17p5_a0p40_q3p00_i0p05_w009
333	37	m2p75_c20p0_a0p40_q3p00_i0p05	2.75	0.000275	c20p0	20.0	274.7	100	1.0	4	0.40	3.00	0.05	70.0	7.3011756855e-08	0	1	w001	near_ir_short	21	1.2028117593024095	1.2028117593024095	NIRSpec	false	full_n2401	1	2401	2401	6000	2.4989587671803415	4.9582515221832172e-06	0.039692788056979511	jwst_mcfost/runs/strict_continuum_cavity_mass_q_v1/anchors/w001/strict_continuum_anchor.lambda	3a4c05f3e67c2a1c93b19eb17fbfc715bf9582d86bbc727fc0416e86fc3bcfdb	41001	128000	jwst_mcfost/runs/strict_continuum_cavity_mass_q_v1/models/m2p75_c20p0_a0p40_q3p00_i0p05/disk_envelope_m2p75_c20p0_a0p40_q3p00_i0p05_rt.para	6b2099340c5f53fb19f052cd8a4b4a8067be0895c443c09d399997e0a0df40bb	37	jwst_mcfost/runs/strict_continuum_cavity_mass_q_v1/models/m2p75_c20p0_a0p40_q3p00_i0p05/temperature	jwst_mcfost/runs/strict_continuum_cavity_mass_q_v1/rt_tasks/t333_m2p75_c20p0_a0p40_q3p00_i0p05_w001
334	37	m2p75_c20p0_a0p40_q3p00_i0p05	2.75	0.000275	c20p0	20.0	274.7	100	1.0	4	0.40	3.00	0.05	70.0	7.3011756855e-08	1	2	w002	near_ir_short	43	1.4987957445436022	1.4987957445436022	NIRSpec	false	full_n2401	1	2401	2401	6000	2.4989587671803415	4.9582515221832172e-06	0.049460259569938873	jwst_mcfost/runs/strict_continuum_cavity_mass_q_v1/anchors/w002/strict_continuum_anchor.lambda	7c9f0b769ebc9634e2a3203ac84f4fbc00b323b2ba59b01aed9c107319f2ee5f	41001	128000	jwst_mcfost/runs/strict_continuum_cavity_mass_q_v1/models/m2p75_c20p0_a0p40_q3p00_i0p05/disk_envelope_m2p75_c20p0_a0p40_q3p00_i0p05_rt.para	6b2099340c5f53fb19f052cd8a4b4a8067be0895c443c09d399997e0a0df40bb	37	jwst_mcfost/runs/strict_continuum_cavity_mass_q_v1/models/m2p75_c20p0_a0p40_q3p00_i0p05/temperature	jwst_mcfost/runs/strict_continuum_cavity_mass_q_v1/rt_tasks/t334_m2p75_c20p0_a0p40_q3p00_i0p05_w002
335	37	m2p75_c20p0_a0p40_q3p00_i0p05	2.75	0.000275	c20p0	20.0	274.7	100	1.0	4	0.40	3.00	0.05	70.0	7.3011756855e-08	2	3	w003	near_ir_rise	59	1.7588530996181813	1.7588530996181813	NIRSpec	false	full_n2401	1	2401	2401	6000	2.4989587671803415	4.9582515221832172e-06	0.058042152287399985	jwst_mcfost/runs/strict_continuum_cavity_mass_q_v1/anchors/w003/strict_continuum_anchor.lambda	ca23ebfe8f0349583e11ddd47bbd4cca509749dd6ae81b3fe7eb58a679cdd3b2	41001	128000	jwst_mcfost/runs/strict_continuum_cavity_mass_q_v1/models/m2p75_c20p0_a0p40_q3p00_i0p05/disk_envelope_m2p75_c20p0_a0p40_q3p00_i0p05_rt.para	6b2099340c5f53fb19f052cd8a4b4a8067be0895c443c09d399997e0a0df40bb	37	jwst_mcfost/runs/strict_continuum_cavity_mass_q_v1/models/m2p75_c20p0_a0p40_q3p00_i0p05/temperature	jwst_mcfost/runs/strict_continuum_cavity_mass_q_v1/rt_tasks/t335_m2p75_c20p0_a0p40_q3p00_i0p05_w003
336	37	m2p75_c20p0_a0p40_q3p00_i0p05	2.75	0.000275	c20p0	20.0	274.7	100	1.0	4	0.40	3.00	0.05	70.0	7.3011756855e-08	3	4	w004	near_ir_rise	81	2.1916659199557045	2.1916659199557045	NIRSpec	false	full_n2401	1	2401	2401	6000	2.4989587671803415	4.9582515221832172e-06	0.072324975358538254	jwst_mcfost/runs/strict_continuum_cavity_mass_q_v1/anchors/w004/strict_continuum_anchor.lambda	9605b60fa355a7a0a695ed93588c2e13ae03a474ff5df9fa6d55609f7e399107	41001	128000	jwst_mcfost/runs/strict_continuum_cavity_mass_q_v1/models/m2p75_c20p0_a0p40_q3p00_i0p05/disk_envelope_m2p75_c20p0_a0p40_q3p00_i0p05_rt.para	6b2099340c5f53fb19f052cd8a4b4a8067be0895c443c09d399997e0a0df40bb	37	jwst_mcfost/runs/strict_continuum_cavity_mass_q_v1/models/m2p75_c20p0_a0p40_q3p00_i0p05/temperature	jwst_mcfost/runs/strict_continuum_cavity_mass_q_v1/rt_tasks/t336_m2p75_c20p0_a0p40_q3p00_i0p05_w004
337	37	m2p75_c20p0_a0p40_q3p00_i0p05	2.75	0.000275	c20p0	20.0	274.7	100	1.0	4	0.40	3.00	0.05	70.0	7.3011756855e-08	4	5	w005	near_ir_rise	96	2.546352514425122	2.546352514425122	NIRSpec	true	full_n2401	1	2401	2401	6000	2.4989587671803415	4.9582515221832172e-06	0.084029632976029028	jwst_mcfost/runs/strict_continuum_cavity_mass_q_v1/anchors/w005/strict_continuum_anchor.lambda	9f7b6faedc4a44f32c6ae5b8b39d492d3c9ec0dc73b4dd191c2f6d60af0cd529	41001	128000	jwst_mcfost/runs/strict_continuum_cavity_mass_q_v1/models/m2p75_c20p0_a0p40_q3p00_i0p05/disk_envelope_m2p75_c20p0_a0p40_q3p00_i0p05_rt.para	6b2099340c5f53fb19f052cd8a4b4a8067be0895c443c09d399997e0a0df40bb	37	jwst_mcfost/runs/strict_continuum_cavity_mass_q_v1/models/m2p75_c20p0_a0p40_q3p00_i0p05/temperature	jwst_mcfost/runs/strict_continuum_cavity_mass_q_v1/rt_tasks/t337_m2p75_c20p0_a0p40_q3p00_i0p05_w005
338	37	m2p75_c20p0_a0p40_q3p00_i0p05	2.75	0.000275	c20p0	20.0	274.7	100	1.0	4	0.40	3.00	0.05	70.0	7.3011756855e-08	5	6	w006	window_3p9	139	3.9143995604061015	3.9143995604061015	NIRSpec	true	support_zoom_n2401	1.9975051980918284	2401	2401	3003.7468767198525	1.2510399319949406	2.4822220872915486e-06	0.12917518549340135	jwst_mcfost/runs/strict_continuum_cavity_mass_q_v1/anchors/w006/strict_continuum_anchor.lambda	a1d444714c9de2dd1e9aa1d5669069a1be6dae0324e94c47a0b9c4ab6e1f11d0	41001	128000	jwst_mcfost/runs/strict_continuum_cavity_mass_q_v1/models/m2p75_c20p0_a0p40_q3p00_i0p05/disk_envelope_m2p75_c20p0_a0p40_q3p00_i0p05_rt.para	6b2099340c5f53fb19f052cd8a4b4a8067be0895c443c09d399997e0a0df40bb	37	jwst_mcfost/runs/strict_continuum_cavity_mass_q_v1/models/m2p75_c20p0_a0p40_q3p00_i0p05/temperature	jwst_mcfost/runs/strict_continuum_cavity_mass_q_v1/rt_tasks/t338_m2p75_c20p0_a0p40_q3p00_i0p05_w006
339	37	m2p75_c20p0_a0p40_q3p00_i0p05	2.75	0.000275	c20p0	20.0	274.7	100	1.0	4	0.40	3.00	0.05	70.0	7.3011756855e-08	6	7	w007	window_5p4	171	5.3906283153397085	5.3906283153397085	MIRI	false	support_zoom_n2401	1.9975051980918284	2401	2401	3003.7468767198525	1.2510399319949406	2.4822220872915486e-06	0.28389073440621038	jwst_mcfost/runs/strict_continuum_cavity_mass_q_v1/anchors/w007/strict_continuum_anchor.lambda	2c99cc57bcad833e9a4a9cfca63390c89d9538a1049959460c43c1c449c61679	41001	128000	jwst_mcfost/runs/strict_continuum_cavity_mass_q_v1/models/m2p75_c20p0_a0p40_q3p00_i0p05/disk_envelope_m2p75_c20p0_a0p40_q3p00_i0p05_rt.para	6b2099340c5f53fb19f052cd8a4b4a8067be0895c443c09d399997e0a0df40bb	37	jwst_mcfost/runs/strict_continuum_cavity_mass_q_v1/models/m2p75_c20p0_a0p40_q3p00_i0p05/temperature	jwst_mcfost/runs/strict_continuum_cavity_mass_q_v1/rt_tasks/t339_m2p75_c20p0_a0p40_q3p00_i0p05_w007
340	37	m2p75_c20p0_a0p40_q3p00_i0p05	2.75	0.000275	c20p0	20.0	274.7	100	1.0	4	0.40	3.00	0.05	70.0	7.3011756855e-08	7	8	w008	window_13p8	265	13.799908320389276	13.799908320389276	MIRI	false	zoom_n1201	3.9933471945199667	1201	1201	1502.4989583259237	1.2510399319949406	2.4822220872915486e-06	0.5613969745728461	jwst_mcfost/runs/strict_continuum_cavity_mass_q_v1/anchors/w008/strict_continuum_anchor.lambda	6095ab5c3fa56c0623b01f21835d7c8f1fba5d60d5f1f03735e495109c6381d3	41001	128000	jwst_mcfost/runs/strict_continuum_cavity_mass_q_v1/models/m2p75_c20p0_a0p40_q3p00_i0p05/disk_envelope_m2p75_c20p0_a0p40_q3p00_i0p05_rt.para	6b2099340c5f53fb19f052cd8a4b4a8067be0895c443c09d399997e0a0df40bb	37	jwst_mcfost/runs/strict_continuum_cavity_mass_q_v1/models/m2p75_c20p0_a0p40_q3p00_i0p05/temperature	jwst_mcfost/runs/strict_continuum_cavity_mass_q_v1/rt_tasks/t340_m2p75_c20p0_a0p40_q3p00_i0p05_w008
341	37	m2p75_c20p0_a0p40_q3p00_i0p05	2.75	0.000275	c20p0	20.0	274.7	100	1.0	4	0.40	3.00	0.05	70.0	7.3011756855e-08	8	9	w009	window_27p5	334	27.513091575690556	27.513091575690556	MIRI	false	zoom_n1201	3.9933471945199667	1201	1201	1502.4989583259237	1.2510399319949406	2.4822220872915486e-06	1.0139320219977885	jwst_mcfost/runs/strict_continuum_cavity_mass_q_v1/anchors/w009/strict_continuum_anchor.lambda	41fd9d2d54ef93ed35fec02dd7d1d9a393b88e9fcc443fc088d958a549ab4723	41001	128000	jwst_mcfost/runs/strict_continuum_cavity_mass_q_v1/models/m2p75_c20p0_a0p40_q3p00_i0p05/disk_envelope_m2p75_c20p0_a0p40_q3p00_i0p05_rt.para	6b2099340c5f53fb19f052cd8a4b4a8067be0895c443c09d399997e0a0df40bb	37	jwst_mcfost/runs/strict_continuum_cavity_mass_q_v1/models/m2p75_c20p0_a0p40_q3p00_i0p05/temperature	jwst_mcfost/runs/strict_continuum_cavity_mass_q_v1/rt_tasks/t341_m2p75_c20p0_a0p40_q3p00_i0p05_w009
342	38	m2p75_c22p0_a0p40_q3p00_i0p05	2.75	0.000275	c22p0	22.0	247.508685341630	100	1.0	5	0.40	3.00	0.05	70.0	7.3011756855e-08	0	1	w001	near_ir_short	21	1.2028117593024095	1.2028117593024095	NIRSpec	false	full_n2401	1	2401	2401	6000	2.4989587671803415	4.9582515221832172e-06	0.039692788056979511	jwst_mcfost/runs/strict_continuum_cavity_mass_q_v1/anchors/w001/strict_continuum_anchor.lambda	3a4c05f3e67c2a1c93b19eb17fbfc715bf9582d86bbc727fc0416e86fc3bcfdb	41001	128000	jwst_mcfost/runs/strict_continuum_cavity_mass_q_v1/models/m2p75_c22p0_a0p40_q3p00_i0p05/disk_envelope_m2p75_c22p0_a0p40_q3p00_i0p05_rt.para	6b2099340c5f53fb19f052cd8a4b4a8067be0895c443c09d399997e0a0df40bb	38	jwst_mcfost/runs/strict_continuum_cavity_mass_q_v1/models/m2p75_c22p0_a0p40_q3p00_i0p05/temperature	jwst_mcfost/runs/strict_continuum_cavity_mass_q_v1/rt_tasks/t342_m2p75_c22p0_a0p40_q3p00_i0p05_w001
343	38	m2p75_c22p0_a0p40_q3p00_i0p05	2.75	0.000275	c22p0	22.0	247.508685341630	100	1.0	5	0.40	3.00	0.05	70.0	7.3011756855e-08	1	2	w002	near_ir_short	43	1.4987957445436022	1.4987957445436022	NIRSpec	false	full_n2401	1	2401	2401	6000	2.4989587671803415	4.9582515221832172e-06	0.049460259569938873	jwst_mcfost/runs/strict_continuum_cavity_mass_q_v1/anchors/w002/strict_continuum_anchor.lambda	7c9f0b769ebc9634e2a3203ac84f4fbc00b323b2ba59b01aed9c107319f2ee5f	41001	128000	jwst_mcfost/runs/strict_continuum_cavity_mass_q_v1/models/m2p75_c22p0_a0p40_q3p00_i0p05/disk_envelope_m2p75_c22p0_a0p40_q3p00_i0p05_rt.para	6b2099340c5f53fb19f052cd8a4b4a8067be0895c443c09d399997e0a0df40bb	38	jwst_mcfost/runs/strict_continuum_cavity_mass_q_v1/models/m2p75_c22p0_a0p40_q3p00_i0p05/temperature	jwst_mcfost/runs/strict_continuum_cavity_mass_q_v1/rt_tasks/t343_m2p75_c22p0_a0p40_q3p00_i0p05_w002
344	38	m2p75_c22p0_a0p40_q3p00_i0p05	2.75	0.000275	c22p0	22.0	247.508685341630	100	1.0	5	0.40	3.00	0.05	70.0	7.3011756855e-08	2	3	w003	near_ir_rise	59	1.7588530996181813	1.7588530996181813	NIRSpec	false	full_n2401	1	2401	2401	6000	2.4989587671803415	4.9582515221832172e-06	0.058042152287399985	jwst_mcfost/runs/strict_continuum_cavity_mass_q_v1/anchors/w003/strict_continuum_anchor.lambda	ca23ebfe8f0349583e11ddd47bbd4cca509749dd6ae81b3fe7eb58a679cdd3b2	41001	128000	jwst_mcfost/runs/strict_continuum_cavity_mass_q_v1/models/m2p75_c22p0_a0p40_q3p00_i0p05/disk_envelope_m2p75_c22p0_a0p40_q3p00_i0p05_rt.para	6b2099340c5f53fb19f052cd8a4b4a8067be0895c443c09d399997e0a0df40bb	38	jwst_mcfost/runs/strict_continuum_cavity_mass_q_v1/models/m2p75_c22p0_a0p40_q3p00_i0p05/temperature	jwst_mcfost/runs/strict_continuum_cavity_mass_q_v1/rt_tasks/t344_m2p75_c22p0_a0p40_q3p00_i0p05_w003
345	38	m2p75_c22p0_a0p40_q3p00_i0p05	2.75	0.000275	c22p0	22.0	247.508685341630	100	1.0	5	0.40	3.00	0.05	70.0	7.3011756855e-08	3	4	w004	near_ir_rise	81	2.1916659199557045	2.1916659199557045	NIRSpec	false	full_n2401	1	2401	2401	6000	2.4989587671803415	4.9582515221832172e-06	0.072324975358538254	jwst_mcfost/runs/strict_continuum_cavity_mass_q_v1/anchors/w004/strict_continuum_anchor.lambda	9605b60fa355a7a0a695ed93588c2e13ae03a474ff5df9fa6d55609f7e399107	41001	128000	jwst_mcfost/runs/strict_continuum_cavity_mass_q_v1/models/m2p75_c22p0_a0p40_q3p00_i0p05/disk_envelope_m2p75_c22p0_a0p40_q3p00_i0p05_rt.para	6b2099340c5f53fb19f052cd8a4b4a8067be0895c443c09d399997e0a0df40bb	38	jwst_mcfost/runs/strict_continuum_cavity_mass_q_v1/models/m2p75_c22p0_a0p40_q3p00_i0p05/temperature	jwst_mcfost/runs/strict_continuum_cavity_mass_q_v1/rt_tasks/t345_m2p75_c22p0_a0p40_q3p00_i0p05_w004
346	38	m2p75_c22p0_a0p40_q3p00_i0p05	2.75	0.000275	c22p0	22.0	247.508685341630	100	1.0	5	0.40	3.00	0.05	70.0	7.3011756855e-08	4	5	w005	near_ir_rise	96	2.546352514425122	2.546352514425122	NIRSpec	true	full_n2401	1	2401	2401	6000	2.4989587671803415	4.9582515221832172e-06	0.084029632976029028	jwst_mcfost/runs/strict_continuum_cavity_mass_q_v1/anchors/w005/strict_continuum_anchor.lambda	9f7b6faedc4a44f32c6ae5b8b39d492d3c9ec0dc73b4dd191c2f6d60af0cd529	41001	128000	jwst_mcfost/runs/strict_continuum_cavity_mass_q_v1/models/m2p75_c22p0_a0p40_q3p00_i0p05/disk_envelope_m2p75_c22p0_a0p40_q3p00_i0p05_rt.para	6b2099340c5f53fb19f052cd8a4b4a8067be0895c443c09d399997e0a0df40bb	38	jwst_mcfost/runs/strict_continuum_cavity_mass_q_v1/models/m2p75_c22p0_a0p40_q3p00_i0p05/temperature	jwst_mcfost/runs/strict_continuum_cavity_mass_q_v1/rt_tasks/t346_m2p75_c22p0_a0p40_q3p00_i0p05_w005
347	38	m2p75_c22p0_a0p40_q3p00_i0p05	2.75	0.000275	c22p0	22.0	247.508685341630	100	1.0	5	0.40	3.00	0.05	70.0	7.3011756855e-08	5	6	w006	window_3p9	139	3.9143995604061015	3.9143995604061015	NIRSpec	true	support_zoom_n2401	1.9975051980918284	2401	2401	3003.7468767198525	1.2510399319949406	2.4822220872915486e-06	0.12917518549340135	jwst_mcfost/runs/strict_continuum_cavity_mass_q_v1/anchors/w006/strict_continuum_anchor.lambda	a1d444714c9de2dd1e9aa1d5669069a1be6dae0324e94c47a0b9c4ab6e1f11d0	41001	128000	jwst_mcfost/runs/strict_continuum_cavity_mass_q_v1/models/m2p75_c22p0_a0p40_q3p00_i0p05/disk_envelope_m2p75_c22p0_a0p40_q3p00_i0p05_rt.para	6b2099340c5f53fb19f052cd8a4b4a8067be0895c443c09d399997e0a0df40bb	38	jwst_mcfost/runs/strict_continuum_cavity_mass_q_v1/models/m2p75_c22p0_a0p40_q3p00_i0p05/temperature	jwst_mcfost/runs/strict_continuum_cavity_mass_q_v1/rt_tasks/t347_m2p75_c22p0_a0p40_q3p00_i0p05_w006
348	38	m2p75_c22p0_a0p40_q3p00_i0p05	2.75	0.000275	c22p0	22.0	247.508685341630	100	1.0	5	0.40	3.00	0.05	70.0	7.3011756855e-08	6	7	w007	window_5p4	171	5.3906283153397085	5.3906283153397085	MIRI	false	support_zoom_n2401	1.9975051980918284	2401	2401	3003.7468767198525	1.2510399319949406	2.4822220872915486e-06	0.28389073440621038	jwst_mcfost/runs/strict_continuum_cavity_mass_q_v1/anchors/w007/strict_continuum_anchor.lambda	2c99cc57bcad833e9a4a9cfca63390c89d9538a1049959460c43c1c449c61679	41001	128000	jwst_mcfost/runs/strict_continuum_cavity_mass_q_v1/models/m2p75_c22p0_a0p40_q3p00_i0p05/disk_envelope_m2p75_c22p0_a0p40_q3p00_i0p05_rt.para	6b2099340c5f53fb19f052cd8a4b4a8067be0895c443c09d399997e0a0df40bb	38	jwst_mcfost/runs/strict_continuum_cavity_mass_q_v1/models/m2p75_c22p0_a0p40_q3p00_i0p05/temperature	jwst_mcfost/runs/strict_continuum_cavity_mass_q_v1/rt_tasks/t348_m2p75_c22p0_a0p40_q3p00_i0p05_w007
349	38	m2p75_c22p0_a0p40_q3p00_i0p05	2.75	0.000275	c22p0	22.0	247.508685341630	100	1.0	5	0.40	3.00	0.05	70.0	7.3011756855e-08	7	8	w008	window_13p8	265	13.799908320389276	13.799908320389276	MIRI	false	zoom_n1201	3.9933471945199667	1201	1201	1502.4989583259237	1.2510399319949406	2.4822220872915486e-06	0.5613969745728461	jwst_mcfost/runs/strict_continuum_cavity_mass_q_v1/anchors/w008/strict_continuum_anchor.lambda	6095ab5c3fa56c0623b01f21835d7c8f1fba5d60d5f1f03735e495109c6381d3	41001	128000	jwst_mcfost/runs/strict_continuum_cavity_mass_q_v1/models/m2p75_c22p0_a0p40_q3p00_i0p05/disk_envelope_m2p75_c22p0_a0p40_q3p00_i0p05_rt.para	6b2099340c5f53fb19f052cd8a4b4a8067be0895c443c09d399997e0a0df40bb	38	jwst_mcfost/runs/strict_continuum_cavity_mass_q_v1/models/m2p75_c22p0_a0p40_q3p00_i0p05/temperature	jwst_mcfost/runs/strict_continuum_cavity_mass_q_v1/rt_tasks/t349_m2p75_c22p0_a0p40_q3p00_i0p05_w008
350	38	m2p75_c22p0_a0p40_q3p00_i0p05	2.75	0.000275	c22p0	22.0	247.508685341630	100	1.0	5	0.40	3.00	0.05	70.0	7.3011756855e-08	8	9	w009	window_27p5	334	27.513091575690556	27.513091575690556	MIRI	false	zoom_n1201	3.9933471945199667	1201	1201	1502.4989583259237	1.2510399319949406	2.4822220872915486e-06	1.0139320219977885	jwst_mcfost/runs/strict_continuum_cavity_mass_q_v1/anchors/w009/strict_continuum_anchor.lambda	41fd9d2d54ef93ed35fec02dd7d1d9a393b88e9fcc443fc088d958a549ab4723	41001	128000	jwst_mcfost/runs/strict_continuum_cavity_mass_q_v1/models/m2p75_c22p0_a0p40_q3p00_i0p05/disk_envelope_m2p75_c22p0_a0p40_q3p00_i0p05_rt.para	6b2099340c5f53fb19f052cd8a4b4a8067be0895c443c09d399997e0a0df40bb	38	jwst_mcfost/runs/strict_continuum_cavity_mass_q_v1/models/m2p75_c22p0_a0p40_q3p00_i0p05/temperature	jwst_mcfost/runs/strict_continuum_cavity_mass_q_v1/rt_tasks/t350_m2p75_c22p0_a0p40_q3p00_i0p05_w009
351	39	m2p75_c24p0_a0p40_q3p00_i0p05	2.75	0.000275	c24p0	24.0	224.603677390422	100	1.0	6	0.40	3.00	0.05	70.0	7.3011756855e-08	0	1	w001	near_ir_short	21	1.2028117593024095	1.2028117593024095	NIRSpec	false	full_n2401	1	2401	2401	6000	2.4989587671803415	4.9582515221832172e-06	0.039692788056979511	jwst_mcfost/runs/strict_continuum_cavity_mass_q_v1/anchors/w001/strict_continuum_anchor.lambda	3a4c05f3e67c2a1c93b19eb17fbfc715bf9582d86bbc727fc0416e86fc3bcfdb	41001	128000	jwst_mcfost/runs/strict_continuum_cavity_mass_q_v1/models/m2p75_c24p0_a0p40_q3p00_i0p05/disk_envelope_m2p75_c24p0_a0p40_q3p00_i0p05_rt.para	6b2099340c5f53fb19f052cd8a4b4a8067be0895c443c09d399997e0a0df40bb	39	jwst_mcfost/runs/strict_continuum_cavity_mass_q_v1/models/m2p75_c24p0_a0p40_q3p00_i0p05/temperature	jwst_mcfost/runs/strict_continuum_cavity_mass_q_v1/rt_tasks/t351_m2p75_c24p0_a0p40_q3p00_i0p05_w001
352	39	m2p75_c24p0_a0p40_q3p00_i0p05	2.75	0.000275	c24p0	24.0	224.603677390422	100	1.0	6	0.40	3.00	0.05	70.0	7.3011756855e-08	1	2	w002	near_ir_short	43	1.4987957445436022	1.4987957445436022	NIRSpec	false	full_n2401	1	2401	2401	6000	2.4989587671803415	4.9582515221832172e-06	0.049460259569938873	jwst_mcfost/runs/strict_continuum_cavity_mass_q_v1/anchors/w002/strict_continuum_anchor.lambda	7c9f0b769ebc9634e2a3203ac84f4fbc00b323b2ba59b01aed9c107319f2ee5f	41001	128000	jwst_mcfost/runs/strict_continuum_cavity_mass_q_v1/models/m2p75_c24p0_a0p40_q3p00_i0p05/disk_envelope_m2p75_c24p0_a0p40_q3p00_i0p05_rt.para	6b2099340c5f53fb19f052cd8a4b4a8067be0895c443c09d399997e0a0df40bb	39	jwst_mcfost/runs/strict_continuum_cavity_mass_q_v1/models/m2p75_c24p0_a0p40_q3p00_i0p05/temperature	jwst_mcfost/runs/strict_continuum_cavity_mass_q_v1/rt_tasks/t352_m2p75_c24p0_a0p40_q3p00_i0p05_w002
353	39	m2p75_c24p0_a0p40_q3p00_i0p05	2.75	0.000275	c24p0	24.0	224.603677390422	100	1.0	6	0.40	3.00	0.05	70.0	7.3011756855e-08	2	3	w003	near_ir_rise	59	1.7588530996181813	1.7588530996181813	NIRSpec	false	full_n2401	1	2401	2401	6000	2.4989587671803415	4.9582515221832172e-06	0.058042152287399985	jwst_mcfost/runs/strict_continuum_cavity_mass_q_v1/anchors/w003/strict_continuum_anchor.lambda	ca23ebfe8f0349583e11ddd47bbd4cca509749dd6ae81b3fe7eb58a679cdd3b2	41001	128000	jwst_mcfost/runs/strict_continuum_cavity_mass_q_v1/models/m2p75_c24p0_a0p40_q3p00_i0p05/disk_envelope_m2p75_c24p0_a0p40_q3p00_i0p05_rt.para	6b2099340c5f53fb19f052cd8a4b4a8067be0895c443c09d399997e0a0df40bb	39	jwst_mcfost/runs/strict_continuum_cavity_mass_q_v1/models/m2p75_c24p0_a0p40_q3p00_i0p05/temperature	jwst_mcfost/runs/strict_continuum_cavity_mass_q_v1/rt_tasks/t353_m2p75_c24p0_a0p40_q3p00_i0p05_w003
354	39	m2p75_c24p0_a0p40_q3p00_i0p05	2.75	0.000275	c24p0	24.0	224.603677390422	100	1.0	6	0.40	3.00	0.05	70.0	7.3011756855e-08	3	4	w004	near_ir_rise	81	2.1916659199557045	2.1916659199557045	NIRSpec	false	full_n2401	1	2401	2401	6000	2.4989587671803415	4.9582515221832172e-06	0.072324975358538254	jwst_mcfost/runs/strict_continuum_cavity_mass_q_v1/anchors/w004/strict_continuum_anchor.lambda	9605b60fa355a7a0a695ed93588c2e13ae03a474ff5df9fa6d55609f7e399107	41001	128000	jwst_mcfost/runs/strict_continuum_cavity_mass_q_v1/models/m2p75_c24p0_a0p40_q3p00_i0p05/disk_envelope_m2p75_c24p0_a0p40_q3p00_i0p05_rt.para	6b2099340c5f53fb19f052cd8a4b4a8067be0895c443c09d399997e0a0df40bb	39	jwst_mcfost/runs/strict_continuum_cavity_mass_q_v1/models/m2p75_c24p0_a0p40_q3p00_i0p05/temperature	jwst_mcfost/runs/strict_continuum_cavity_mass_q_v1/rt_tasks/t354_m2p75_c24p0_a0p40_q3p00_i0p05_w004
355	39	m2p75_c24p0_a0p40_q3p00_i0p05	2.75	0.000275	c24p0	24.0	224.603677390422	100	1.0	6	0.40	3.00	0.05	70.0	7.3011756855e-08	4	5	w005	near_ir_rise	96	2.546352514425122	2.546352514425122	NIRSpec	true	full_n2401	1	2401	2401	6000	2.4989587671803415	4.9582515221832172e-06	0.084029632976029028	jwst_mcfost/runs/strict_continuum_cavity_mass_q_v1/anchors/w005/strict_continuum_anchor.lambda	9f7b6faedc4a44f32c6ae5b8b39d492d3c9ec0dc73b4dd191c2f6d60af0cd529	41001	128000	jwst_mcfost/runs/strict_continuum_cavity_mass_q_v1/models/m2p75_c24p0_a0p40_q3p00_i0p05/disk_envelope_m2p75_c24p0_a0p40_q3p00_i0p05_rt.para	6b2099340c5f53fb19f052cd8a4b4a8067be0895c443c09d399997e0a0df40bb	39	jwst_mcfost/runs/strict_continuum_cavity_mass_q_v1/models/m2p75_c24p0_a0p40_q3p00_i0p05/temperature	jwst_mcfost/runs/strict_continuum_cavity_mass_q_v1/rt_tasks/t355_m2p75_c24p0_a0p40_q3p00_i0p05_w005
356	39	m2p75_c24p0_a0p40_q3p00_i0p05	2.75	0.000275	c24p0	24.0	224.603677390422	100	1.0	6	0.40	3.00	0.05	70.0	7.3011756855e-08	5	6	w006	window_3p9	139	3.9143995604061015	3.9143995604061015	NIRSpec	true	support_zoom_n2401	1.9975051980918284	2401	2401	3003.7468767198525	1.2510399319949406	2.4822220872915486e-06	0.12917518549340135	jwst_mcfost/runs/strict_continuum_cavity_mass_q_v1/anchors/w006/strict_continuum_anchor.lambda	a1d444714c9de2dd1e9aa1d5669069a1be6dae0324e94c47a0b9c4ab6e1f11d0	41001	128000	jwst_mcfost/runs/strict_continuum_cavity_mass_q_v1/models/m2p75_c24p0_a0p40_q3p00_i0p05/disk_envelope_m2p75_c24p0_a0p40_q3p00_i0p05_rt.para	6b2099340c5f53fb19f052cd8a4b4a8067be0895c443c09d399997e0a0df40bb	39	jwst_mcfost/runs/strict_continuum_cavity_mass_q_v1/models/m2p75_c24p0_a0p40_q3p00_i0p05/temperature	jwst_mcfost/runs/strict_continuum_cavity_mass_q_v1/rt_tasks/t356_m2p75_c24p0_a0p40_q3p00_i0p05_w006
357	39	m2p75_c24p0_a0p40_q3p00_i0p05	2.75	0.000275	c24p0	24.0	224.603677390422	100	1.0	6	0.40	3.00	0.05	70.0	7.3011756855e-08	6	7	w007	window_5p4	171	5.3906283153397085	5.3906283153397085	MIRI	false	support_zoom_n2401	1.9975051980918284	2401	2401	3003.7468767198525	1.2510399319949406	2.4822220872915486e-06	0.28389073440621038	jwst_mcfost/runs/strict_continuum_cavity_mass_q_v1/anchors/w007/strict_continuum_anchor.lambda	2c99cc57bcad833e9a4a9cfca63390c89d9538a1049959460c43c1c449c61679	41001	128000	jwst_mcfost/runs/strict_continuum_cavity_mass_q_v1/models/m2p75_c24p0_a0p40_q3p00_i0p05/disk_envelope_m2p75_c24p0_a0p40_q3p00_i0p05_rt.para	6b2099340c5f53fb19f052cd8a4b4a8067be0895c443c09d399997e0a0df40bb	39	jwst_mcfost/runs/strict_continuum_cavity_mass_q_v1/models/m2p75_c24p0_a0p40_q3p00_i0p05/temperature	jwst_mcfost/runs/strict_continuum_cavity_mass_q_v1/rt_tasks/t357_m2p75_c24p0_a0p40_q3p00_i0p05_w007
358	39	m2p75_c24p0_a0p40_q3p00_i0p05	2.75	0.000275	c24p0	24.0	224.603677390422	100	1.0	6	0.40	3.00	0.05	70.0	7.3011756855e-08	7	8	w008	window_13p8	265	13.799908320389276	13.799908320389276	MIRI	false	zoom_n1201	3.9933471945199667	1201	1201	1502.4989583259237	1.2510399319949406	2.4822220872915486e-06	0.5613969745728461	jwst_mcfost/runs/strict_continuum_cavity_mass_q_v1/anchors/w008/strict_continuum_anchor.lambda	6095ab5c3fa56c0623b01f21835d7c8f1fba5d60d5f1f03735e495109c6381d3	41001	128000	jwst_mcfost/runs/strict_continuum_cavity_mass_q_v1/models/m2p75_c24p0_a0p40_q3p00_i0p05/disk_envelope_m2p75_c24p0_a0p40_q3p00_i0p05_rt.para	6b2099340c5f53fb19f052cd8a4b4a8067be0895c443c09d399997e0a0df40bb	39	jwst_mcfost/runs/strict_continuum_cavity_mass_q_v1/models/m2p75_c24p0_a0p40_q3p00_i0p05/temperature	jwst_mcfost/runs/strict_continuum_cavity_mass_q_v1/rt_tasks/t358_m2p75_c24p0_a0p40_q3p00_i0p05_w008
359	39	m2p75_c24p0_a0p40_q3p00_i0p05	2.75	0.000275	c24p0	24.0	224.603677390422	100	1.0	6	0.40	3.00	0.05	70.0	7.3011756855e-08	8	9	w009	window_27p5	334	27.513091575690556	27.513091575690556	MIRI	false	zoom_n1201	3.9933471945199667	1201	1201	1502.4989583259237	1.2510399319949406	2.4822220872915486e-06	1.0139320219977885	jwst_mcfost/runs/strict_continuum_cavity_mass_q_v1/anchors/w009/strict_continuum_anchor.lambda	41fd9d2d54ef93ed35fec02dd7d1d9a393b88e9fcc443fc088d958a549ab4723	41001	128000	jwst_mcfost/runs/strict_continuum_cavity_mass_q_v1/models/m2p75_c24p0_a0p40_q3p00_i0p05/disk_envelope_m2p75_c24p0_a0p40_q3p00_i0p05_rt.para	6b2099340c5f53fb19f052cd8a4b4a8067be0895c443c09d399997e0a0df40bb	39	jwst_mcfost/runs/strict_continuum_cavity_mass_q_v1/models/m2p75_c24p0_a0p40_q3p00_i0p05/temperature	jwst_mcfost/runs/strict_continuum_cavity_mass_q_v1/rt_tasks/t359_m2p75_c24p0_a0p40_q3p00_i0p05_w009
360	40	m2p75_c15p0_a0p40_q3p25_i0p05	2.75	0.000275	c15p0	15.0	373.205080756888	100	1.0	2	0.40	3.25	0.05	70.0	7.3011756855e-08	0	1	w001	near_ir_short	21	1.2028117593024095	1.2028117593024095	NIRSpec	false	full_n2401	1	2401	2401	6000	2.4989587671803415	4.9582515221832172e-06	0.039692788056979511	jwst_mcfost/runs/strict_continuum_cavity_mass_q_v1/anchors/w001/strict_continuum_anchor.lambda	3a4c05f3e67c2a1c93b19eb17fbfc715bf9582d86bbc727fc0416e86fc3bcfdb	41001	128000	jwst_mcfost/runs/strict_continuum_cavity_mass_q_v1/models/m2p75_c15p0_a0p40_q3p25_i0p05/disk_envelope_m2p75_c15p0_a0p40_q3p25_i0p05_rt.para	b7de16a66def9e5e78cecdfef1f80cd807e467a0f41755eff9fc443f3e8019fe	40	jwst_mcfost/runs/strict_continuum_cavity_mass_q_v1/models/m2p75_c15p0_a0p40_q3p25_i0p05/temperature	jwst_mcfost/runs/strict_continuum_cavity_mass_q_v1/rt_tasks/t360_m2p75_c15p0_a0p40_q3p25_i0p05_w001
361	40	m2p75_c15p0_a0p40_q3p25_i0p05	2.75	0.000275	c15p0	15.0	373.205080756888	100	1.0	2	0.40	3.25	0.05	70.0	7.3011756855e-08	1	2	w002	near_ir_short	43	1.4987957445436022	1.4987957445436022	NIRSpec	false	full_n2401	1	2401	2401	6000	2.4989587671803415	4.9582515221832172e-06	0.049460259569938873	jwst_mcfost/runs/strict_continuum_cavity_mass_q_v1/anchors/w002/strict_continuum_anchor.lambda	7c9f0b769ebc9634e2a3203ac84f4fbc00b323b2ba59b01aed9c107319f2ee5f	41001	128000	jwst_mcfost/runs/strict_continuum_cavity_mass_q_v1/models/m2p75_c15p0_a0p40_q3p25_i0p05/disk_envelope_m2p75_c15p0_a0p40_q3p25_i0p05_rt.para	b7de16a66def9e5e78cecdfef1f80cd807e467a0f41755eff9fc443f3e8019fe	40	jwst_mcfost/runs/strict_continuum_cavity_mass_q_v1/models/m2p75_c15p0_a0p40_q3p25_i0p05/temperature	jwst_mcfost/runs/strict_continuum_cavity_mass_q_v1/rt_tasks/t361_m2p75_c15p0_a0p40_q3p25_i0p05_w002
362	40	m2p75_c15p0_a0p40_q3p25_i0p05	2.75	0.000275	c15p0	15.0	373.205080756888	100	1.0	2	0.40	3.25	0.05	70.0	7.3011756855e-08	2	3	w003	near_ir_rise	59	1.7588530996181813	1.7588530996181813	NIRSpec	false	full_n2401	1	2401	2401	6000	2.4989587671803415	4.9582515221832172e-06	0.058042152287399985	jwst_mcfost/runs/strict_continuum_cavity_mass_q_v1/anchors/w003/strict_continuum_anchor.lambda	ca23ebfe8f0349583e11ddd47bbd4cca509749dd6ae81b3fe7eb58a679cdd3b2	41001	128000	jwst_mcfost/runs/strict_continuum_cavity_mass_q_v1/models/m2p75_c15p0_a0p40_q3p25_i0p05/disk_envelope_m2p75_c15p0_a0p40_q3p25_i0p05_rt.para	b7de16a66def9e5e78cecdfef1f80cd807e467a0f41755eff9fc443f3e8019fe	40	jwst_mcfost/runs/strict_continuum_cavity_mass_q_v1/models/m2p75_c15p0_a0p40_q3p25_i0p05/temperature	jwst_mcfost/runs/strict_continuum_cavity_mass_q_v1/rt_tasks/t362_m2p75_c15p0_a0p40_q3p25_i0p05_w003
363	40	m2p75_c15p0_a0p40_q3p25_i0p05	2.75	0.000275	c15p0	15.0	373.205080756888	100	1.0	2	0.40	3.25	0.05	70.0	7.3011756855e-08	3	4	w004	near_ir_rise	81	2.1916659199557045	2.1916659199557045	NIRSpec	false	full_n2401	1	2401	2401	6000	2.4989587671803415	4.9582515221832172e-06	0.072324975358538254	jwst_mcfost/runs/strict_continuum_cavity_mass_q_v1/anchors/w004/strict_continuum_anchor.lambda	9605b60fa355a7a0a695ed93588c2e13ae03a474ff5df9fa6d55609f7e399107	41001	128000	jwst_mcfost/runs/strict_continuum_cavity_mass_q_v1/models/m2p75_c15p0_a0p40_q3p25_i0p05/disk_envelope_m2p75_c15p0_a0p40_q3p25_i0p05_rt.para	b7de16a66def9e5e78cecdfef1f80cd807e467a0f41755eff9fc443f3e8019fe	40	jwst_mcfost/runs/strict_continuum_cavity_mass_q_v1/models/m2p75_c15p0_a0p40_q3p25_i0p05/temperature	jwst_mcfost/runs/strict_continuum_cavity_mass_q_v1/rt_tasks/t363_m2p75_c15p0_a0p40_q3p25_i0p05_w004
364	40	m2p75_c15p0_a0p40_q3p25_i0p05	2.75	0.000275	c15p0	15.0	373.205080756888	100	1.0	2	0.40	3.25	0.05	70.0	7.3011756855e-08	4	5	w005	near_ir_rise	96	2.546352514425122	2.546352514425122	NIRSpec	true	full_n2401	1	2401	2401	6000	2.4989587671803415	4.9582515221832172e-06	0.084029632976029028	jwst_mcfost/runs/strict_continuum_cavity_mass_q_v1/anchors/w005/strict_continuum_anchor.lambda	9f7b6faedc4a44f32c6ae5b8b39d492d3c9ec0dc73b4dd191c2f6d60af0cd529	41001	128000	jwst_mcfost/runs/strict_continuum_cavity_mass_q_v1/models/m2p75_c15p0_a0p40_q3p25_i0p05/disk_envelope_m2p75_c15p0_a0p40_q3p25_i0p05_rt.para	b7de16a66def9e5e78cecdfef1f80cd807e467a0f41755eff9fc443f3e8019fe	40	jwst_mcfost/runs/strict_continuum_cavity_mass_q_v1/models/m2p75_c15p0_a0p40_q3p25_i0p05/temperature	jwst_mcfost/runs/strict_continuum_cavity_mass_q_v1/rt_tasks/t364_m2p75_c15p0_a0p40_q3p25_i0p05_w005
365	40	m2p75_c15p0_a0p40_q3p25_i0p05	2.75	0.000275	c15p0	15.0	373.205080756888	100	1.0	2	0.40	3.25	0.05	70.0	7.3011756855e-08	5	6	w006	window_3p9	139	3.9143995604061015	3.9143995604061015	NIRSpec	true	support_zoom_n2401	1.9975051980918284	2401	2401	3003.7468767198525	1.2510399319949406	2.4822220872915486e-06	0.12917518549340135	jwst_mcfost/runs/strict_continuum_cavity_mass_q_v1/anchors/w006/strict_continuum_anchor.lambda	a1d444714c9de2dd1e9aa1d5669069a1be6dae0324e94c47a0b9c4ab6e1f11d0	41001	128000	jwst_mcfost/runs/strict_continuum_cavity_mass_q_v1/models/m2p75_c15p0_a0p40_q3p25_i0p05/disk_envelope_m2p75_c15p0_a0p40_q3p25_i0p05_rt.para	b7de16a66def9e5e78cecdfef1f80cd807e467a0f41755eff9fc443f3e8019fe	40	jwst_mcfost/runs/strict_continuum_cavity_mass_q_v1/models/m2p75_c15p0_a0p40_q3p25_i0p05/temperature	jwst_mcfost/runs/strict_continuum_cavity_mass_q_v1/rt_tasks/t365_m2p75_c15p0_a0p40_q3p25_i0p05_w006
366	40	m2p75_c15p0_a0p40_q3p25_i0p05	2.75	0.000275	c15p0	15.0	373.205080756888	100	1.0	2	0.40	3.25	0.05	70.0	7.3011756855e-08	6	7	w007	window_5p4	171	5.3906283153397085	5.3906283153397085	MIRI	false	support_zoom_n2401	1.9975051980918284	2401	2401	3003.7468767198525	1.2510399319949406	2.4822220872915486e-06	0.28389073440621038	jwst_mcfost/runs/strict_continuum_cavity_mass_q_v1/anchors/w007/strict_continuum_anchor.lambda	2c99cc57bcad833e9a4a9cfca63390c89d9538a1049959460c43c1c449c61679	41001	128000	jwst_mcfost/runs/strict_continuum_cavity_mass_q_v1/models/m2p75_c15p0_a0p40_q3p25_i0p05/disk_envelope_m2p75_c15p0_a0p40_q3p25_i0p05_rt.para	b7de16a66def9e5e78cecdfef1f80cd807e467a0f41755eff9fc443f3e8019fe	40	jwst_mcfost/runs/strict_continuum_cavity_mass_q_v1/models/m2p75_c15p0_a0p40_q3p25_i0p05/temperature	jwst_mcfost/runs/strict_continuum_cavity_mass_q_v1/rt_tasks/t366_m2p75_c15p0_a0p40_q3p25_i0p05_w007
367	40	m2p75_c15p0_a0p40_q3p25_i0p05	2.75	0.000275	c15p0	15.0	373.205080756888	100	1.0	2	0.40	3.25	0.05	70.0	7.3011756855e-08	7	8	w008	window_13p8	265	13.799908320389276	13.799908320389276	MIRI	false	zoom_n1201	3.9933471945199667	1201	1201	1502.4989583259237	1.2510399319949406	2.4822220872915486e-06	0.5613969745728461	jwst_mcfost/runs/strict_continuum_cavity_mass_q_v1/anchors/w008/strict_continuum_anchor.lambda	6095ab5c3fa56c0623b01f21835d7c8f1fba5d60d5f1f03735e495109c6381d3	41001	128000	jwst_mcfost/runs/strict_continuum_cavity_mass_q_v1/models/m2p75_c15p0_a0p40_q3p25_i0p05/disk_envelope_m2p75_c15p0_a0p40_q3p25_i0p05_rt.para	b7de16a66def9e5e78cecdfef1f80cd807e467a0f41755eff9fc443f3e8019fe	40	jwst_mcfost/runs/strict_continuum_cavity_mass_q_v1/models/m2p75_c15p0_a0p40_q3p25_i0p05/temperature	jwst_mcfost/runs/strict_continuum_cavity_mass_q_v1/rt_tasks/t367_m2p75_c15p0_a0p40_q3p25_i0p05_w008
368	40	m2p75_c15p0_a0p40_q3p25_i0p05	2.75	0.000275	c15p0	15.0	373.205080756888	100	1.0	2	0.40	3.25	0.05	70.0	7.3011756855e-08	8	9	w009	window_27p5	334	27.513091575690556	27.513091575690556	MIRI	false	zoom_n1201	3.9933471945199667	1201	1201	1502.4989583259237	1.2510399319949406	2.4822220872915486e-06	1.0139320219977885	jwst_mcfost/runs/strict_continuum_cavity_mass_q_v1/anchors/w009/strict_continuum_anchor.lambda	41fd9d2d54ef93ed35fec02dd7d1d9a393b88e9fcc443fc088d958a549ab4723	41001	128000	jwst_mcfost/runs/strict_continuum_cavity_mass_q_v1/models/m2p75_c15p0_a0p40_q3p25_i0p05/disk_envelope_m2p75_c15p0_a0p40_q3p25_i0p05_rt.para	b7de16a66def9e5e78cecdfef1f80cd807e467a0f41755eff9fc443f3e8019fe	40	jwst_mcfost/runs/strict_continuum_cavity_mass_q_v1/models/m2p75_c15p0_a0p40_q3p25_i0p05/temperature	jwst_mcfost/runs/strict_continuum_cavity_mass_q_v1/rt_tasks/t368_m2p75_c15p0_a0p40_q3p25_i0p05_w009
369	41	m2p75_c17p5_a0p40_q3p25_i0p05	2.75	0.000275	c17p5	17.5	317.159480236321	100	1.0	3	0.40	3.25	0.05	70.0	7.3011756855e-08	0	1	w001	near_ir_short	21	1.2028117593024095	1.2028117593024095	NIRSpec	false	full_n2401	1	2401	2401	6000	2.4989587671803415	4.9582515221832172e-06	0.039692788056979511	jwst_mcfost/runs/strict_continuum_cavity_mass_q_v1/anchors/w001/strict_continuum_anchor.lambda	3a4c05f3e67c2a1c93b19eb17fbfc715bf9582d86bbc727fc0416e86fc3bcfdb	41001	128000	jwst_mcfost/runs/strict_continuum_cavity_mass_q_v1/models/m2p75_c17p5_a0p40_q3p25_i0p05/disk_envelope_m2p75_c17p5_a0p40_q3p25_i0p05_rt.para	b7de16a66def9e5e78cecdfef1f80cd807e467a0f41755eff9fc443f3e8019fe	41	jwst_mcfost/runs/strict_continuum_cavity_mass_q_v1/models/m2p75_c17p5_a0p40_q3p25_i0p05/temperature	jwst_mcfost/runs/strict_continuum_cavity_mass_q_v1/rt_tasks/t369_m2p75_c17p5_a0p40_q3p25_i0p05_w001
370	41	m2p75_c17p5_a0p40_q3p25_i0p05	2.75	0.000275	c17p5	17.5	317.159480236321	100	1.0	3	0.40	3.25	0.05	70.0	7.3011756855e-08	1	2	w002	near_ir_short	43	1.4987957445436022	1.4987957445436022	NIRSpec	false	full_n2401	1	2401	2401	6000	2.4989587671803415	4.9582515221832172e-06	0.049460259569938873	jwst_mcfost/runs/strict_continuum_cavity_mass_q_v1/anchors/w002/strict_continuum_anchor.lambda	7c9f0b769ebc9634e2a3203ac84f4fbc00b323b2ba59b01aed9c107319f2ee5f	41001	128000	jwst_mcfost/runs/strict_continuum_cavity_mass_q_v1/models/m2p75_c17p5_a0p40_q3p25_i0p05/disk_envelope_m2p75_c17p5_a0p40_q3p25_i0p05_rt.para	b7de16a66def9e5e78cecdfef1f80cd807e467a0f41755eff9fc443f3e8019fe	41	jwst_mcfost/runs/strict_continuum_cavity_mass_q_v1/models/m2p75_c17p5_a0p40_q3p25_i0p05/temperature	jwst_mcfost/runs/strict_continuum_cavity_mass_q_v1/rt_tasks/t370_m2p75_c17p5_a0p40_q3p25_i0p05_w002
371	41	m2p75_c17p5_a0p40_q3p25_i0p05	2.75	0.000275	c17p5	17.5	317.159480236321	100	1.0	3	0.40	3.25	0.05	70.0	7.3011756855e-08	2	3	w003	near_ir_rise	59	1.7588530996181813	1.7588530996181813	NIRSpec	false	full_n2401	1	2401	2401	6000	2.4989587671803415	4.9582515221832172e-06	0.058042152287399985	jwst_mcfost/runs/strict_continuum_cavity_mass_q_v1/anchors/w003/strict_continuum_anchor.lambda	ca23ebfe8f0349583e11ddd47bbd4cca509749dd6ae81b3fe7eb58a679cdd3b2	41001	128000	jwst_mcfost/runs/strict_continuum_cavity_mass_q_v1/models/m2p75_c17p5_a0p40_q3p25_i0p05/disk_envelope_m2p75_c17p5_a0p40_q3p25_i0p05_rt.para	b7de16a66def9e5e78cecdfef1f80cd807e467a0f41755eff9fc443f3e8019fe	41	jwst_mcfost/runs/strict_continuum_cavity_mass_q_v1/models/m2p75_c17p5_a0p40_q3p25_i0p05/temperature	jwst_mcfost/runs/strict_continuum_cavity_mass_q_v1/rt_tasks/t371_m2p75_c17p5_a0p40_q3p25_i0p05_w003
372	41	m2p75_c17p5_a0p40_q3p25_i0p05	2.75	0.000275	c17p5	17.5	317.159480236321	100	1.0	3	0.40	3.25	0.05	70.0	7.3011756855e-08	3	4	w004	near_ir_rise	81	2.1916659199557045	2.1916659199557045	NIRSpec	false	full_n2401	1	2401	2401	6000	2.4989587671803415	4.9582515221832172e-06	0.072324975358538254	jwst_mcfost/runs/strict_continuum_cavity_mass_q_v1/anchors/w004/strict_continuum_anchor.lambda	9605b60fa355a7a0a695ed93588c2e13ae03a474ff5df9fa6d55609f7e399107	41001	128000	jwst_mcfost/runs/strict_continuum_cavity_mass_q_v1/models/m2p75_c17p5_a0p40_q3p25_i0p05/disk_envelope_m2p75_c17p5_a0p40_q3p25_i0p05_rt.para	b7de16a66def9e5e78cecdfef1f80cd807e467a0f41755eff9fc443f3e8019fe	41	jwst_mcfost/runs/strict_continuum_cavity_mass_q_v1/models/m2p75_c17p5_a0p40_q3p25_i0p05/temperature	jwst_mcfost/runs/strict_continuum_cavity_mass_q_v1/rt_tasks/t372_m2p75_c17p5_a0p40_q3p25_i0p05_w004
373	41	m2p75_c17p5_a0p40_q3p25_i0p05	2.75	0.000275	c17p5	17.5	317.159480236321	100	1.0	3	0.40	3.25	0.05	70.0	7.3011756855e-08	4	5	w005	near_ir_rise	96	2.546352514425122	2.546352514425122	NIRSpec	true	full_n2401	1	2401	2401	6000	2.4989587671803415	4.9582515221832172e-06	0.084029632976029028	jwst_mcfost/runs/strict_continuum_cavity_mass_q_v1/anchors/w005/strict_continuum_anchor.lambda	9f7b6faedc4a44f32c6ae5b8b39d492d3c9ec0dc73b4dd191c2f6d60af0cd529	41001	128000	jwst_mcfost/runs/strict_continuum_cavity_mass_q_v1/models/m2p75_c17p5_a0p40_q3p25_i0p05/disk_envelope_m2p75_c17p5_a0p40_q3p25_i0p05_rt.para	b7de16a66def9e5e78cecdfef1f80cd807e467a0f41755eff9fc443f3e8019fe	41	jwst_mcfost/runs/strict_continuum_cavity_mass_q_v1/models/m2p75_c17p5_a0p40_q3p25_i0p05/temperature	jwst_mcfost/runs/strict_continuum_cavity_mass_q_v1/rt_tasks/t373_m2p75_c17p5_a0p40_q3p25_i0p05_w005
374	41	m2p75_c17p5_a0p40_q3p25_i0p05	2.75	0.000275	c17p5	17.5	317.159480236321	100	1.0	3	0.40	3.25	0.05	70.0	7.3011756855e-08	5	6	w006	window_3p9	139	3.9143995604061015	3.9143995604061015	NIRSpec	true	support_zoom_n2401	1.9975051980918284	2401	2401	3003.7468767198525	1.2510399319949406	2.4822220872915486e-06	0.12917518549340135	jwst_mcfost/runs/strict_continuum_cavity_mass_q_v1/anchors/w006/strict_continuum_anchor.lambda	a1d444714c9de2dd1e9aa1d5669069a1be6dae0324e94c47a0b9c4ab6e1f11d0	41001	128000	jwst_mcfost/runs/strict_continuum_cavity_mass_q_v1/models/m2p75_c17p5_a0p40_q3p25_i0p05/disk_envelope_m2p75_c17p5_a0p40_q3p25_i0p05_rt.para	b7de16a66def9e5e78cecdfef1f80cd807e467a0f41755eff9fc443f3e8019fe	41	jwst_mcfost/runs/strict_continuum_cavity_mass_q_v1/models/m2p75_c17p5_a0p40_q3p25_i0p05/temperature	jwst_mcfost/runs/strict_continuum_cavity_mass_q_v1/rt_tasks/t374_m2p75_c17p5_a0p40_q3p25_i0p05_w006
375	41	m2p75_c17p5_a0p40_q3p25_i0p05	2.75	0.000275	c17p5	17.5	317.159480236321	100	1.0	3	0.40	3.25	0.05	70.0	7.3011756855e-08	6	7	w007	window_5p4	171	5.3906283153397085	5.3906283153397085	MIRI	false	support_zoom_n2401	1.9975051980918284	2401	2401	3003.7468767198525	1.2510399319949406	2.4822220872915486e-06	0.28389073440621038	jwst_mcfost/runs/strict_continuum_cavity_mass_q_v1/anchors/w007/strict_continuum_anchor.lambda	2c99cc57bcad833e9a4a9cfca63390c89d9538a1049959460c43c1c449c61679	41001	128000	jwst_mcfost/runs/strict_continuum_cavity_mass_q_v1/models/m2p75_c17p5_a0p40_q3p25_i0p05/disk_envelope_m2p75_c17p5_a0p40_q3p25_i0p05_rt.para	b7de16a66def9e5e78cecdfef1f80cd807e467a0f41755eff9fc443f3e8019fe	41	jwst_mcfost/runs/strict_continuum_cavity_mass_q_v1/models/m2p75_c17p5_a0p40_q3p25_i0p05/temperature	jwst_mcfost/runs/strict_continuum_cavity_mass_q_v1/rt_tasks/t375_m2p75_c17p5_a0p40_q3p25_i0p05_w007
376	41	m2p75_c17p5_a0p40_q3p25_i0p05	2.75	0.000275	c17p5	17.5	317.159480236321	100	1.0	3	0.40	3.25	0.05	70.0	7.3011756855e-08	7	8	w008	window_13p8	265	13.799908320389276	13.799908320389276	MIRI	false	zoom_n1201	3.9933471945199667	1201	1201	1502.4989583259237	1.2510399319949406	2.4822220872915486e-06	0.5613969745728461	jwst_mcfost/runs/strict_continuum_cavity_mass_q_v1/anchors/w008/strict_continuum_anchor.lambda	6095ab5c3fa56c0623b01f21835d7c8f1fba5d60d5f1f03735e495109c6381d3	41001	128000	jwst_mcfost/runs/strict_continuum_cavity_mass_q_v1/models/m2p75_c17p5_a0p40_q3p25_i0p05/disk_envelope_m2p75_c17p5_a0p40_q3p25_i0p05_rt.para	b7de16a66def9e5e78cecdfef1f80cd807e467a0f41755eff9fc443f3e8019fe	41	jwst_mcfost/runs/strict_continuum_cavity_mass_q_v1/models/m2p75_c17p5_a0p40_q3p25_i0p05/temperature	jwst_mcfost/runs/strict_continuum_cavity_mass_q_v1/rt_tasks/t376_m2p75_c17p5_a0p40_q3p25_i0p05_w008
377	41	m2p75_c17p5_a0p40_q3p25_i0p05	2.75	0.000275	c17p5	17.5	317.159480236321	100	1.0	3	0.40	3.25	0.05	70.0	7.3011756855e-08	8	9	w009	window_27p5	334	27.513091575690556	27.513091575690556	MIRI	false	zoom_n1201	3.9933471945199667	1201	1201	1502.4989583259237	1.2510399319949406	2.4822220872915486e-06	1.0139320219977885	jwst_mcfost/runs/strict_continuum_cavity_mass_q_v1/anchors/w009/strict_continuum_anchor.lambda	41fd9d2d54ef93ed35fec02dd7d1d9a393b88e9fcc443fc088d958a549ab4723	41001	128000	jwst_mcfost/runs/strict_continuum_cavity_mass_q_v1/models/m2p75_c17p5_a0p40_q3p25_i0p05/disk_envelope_m2p75_c17p5_a0p40_q3p25_i0p05_rt.para	b7de16a66def9e5e78cecdfef1f80cd807e467a0f41755eff9fc443f3e8019fe	41	jwst_mcfost/runs/strict_continuum_cavity_mass_q_v1/models/m2p75_c17p5_a0p40_q3p25_i0p05/temperature	jwst_mcfost/runs/strict_continuum_cavity_mass_q_v1/rt_tasks/t377_m2p75_c17p5_a0p40_q3p25_i0p05_w009
378	42	m2p75_c20p0_a0p40_q3p25_i0p05	2.75	0.000275	c20p0	20.0	274.7	100	1.0	4	0.40	3.25	0.05	70.0	7.3011756855e-08	0	1	w001	near_ir_short	21	1.2028117593024095	1.2028117593024095	NIRSpec	false	full_n2401	1	2401	2401	6000	2.4989587671803415	4.9582515221832172e-06	0.039692788056979511	jwst_mcfost/runs/strict_continuum_cavity_mass_q_v1/anchors/w001/strict_continuum_anchor.lambda	3a4c05f3e67c2a1c93b19eb17fbfc715bf9582d86bbc727fc0416e86fc3bcfdb	41001	128000	jwst_mcfost/runs/strict_continuum_cavity_mass_q_v1/models/m2p75_c20p0_a0p40_q3p25_i0p05/disk_envelope_m2p75_c20p0_a0p40_q3p25_i0p05_rt.para	b7de16a66def9e5e78cecdfef1f80cd807e467a0f41755eff9fc443f3e8019fe	42	jwst_mcfost/runs/strict_continuum_cavity_mass_q_v1/models/m2p75_c20p0_a0p40_q3p25_i0p05/temperature	jwst_mcfost/runs/strict_continuum_cavity_mass_q_v1/rt_tasks/t378_m2p75_c20p0_a0p40_q3p25_i0p05_w001
379	42	m2p75_c20p0_a0p40_q3p25_i0p05	2.75	0.000275	c20p0	20.0	274.7	100	1.0	4	0.40	3.25	0.05	70.0	7.3011756855e-08	1	2	w002	near_ir_short	43	1.4987957445436022	1.4987957445436022	NIRSpec	false	full_n2401	1	2401	2401	6000	2.4989587671803415	4.9582515221832172e-06	0.049460259569938873	jwst_mcfost/runs/strict_continuum_cavity_mass_q_v1/anchors/w002/strict_continuum_anchor.lambda	7c9f0b769ebc9634e2a3203ac84f4fbc00b323b2ba59b01aed9c107319f2ee5f	41001	128000	jwst_mcfost/runs/strict_continuum_cavity_mass_q_v1/models/m2p75_c20p0_a0p40_q3p25_i0p05/disk_envelope_m2p75_c20p0_a0p40_q3p25_i0p05_rt.para	b7de16a66def9e5e78cecdfef1f80cd807e467a0f41755eff9fc443f3e8019fe	42	jwst_mcfost/runs/strict_continuum_cavity_mass_q_v1/models/m2p75_c20p0_a0p40_q3p25_i0p05/temperature	jwst_mcfost/runs/strict_continuum_cavity_mass_q_v1/rt_tasks/t379_m2p75_c20p0_a0p40_q3p25_i0p05_w002
380	42	m2p75_c20p0_a0p40_q3p25_i0p05	2.75	0.000275	c20p0	20.0	274.7	100	1.0	4	0.40	3.25	0.05	70.0	7.3011756855e-08	2	3	w003	near_ir_rise	59	1.7588530996181813	1.7588530996181813	NIRSpec	false	full_n2401	1	2401	2401	6000	2.4989587671803415	4.9582515221832172e-06	0.058042152287399985	jwst_mcfost/runs/strict_continuum_cavity_mass_q_v1/anchors/w003/strict_continuum_anchor.lambda	ca23ebfe8f0349583e11ddd47bbd4cca509749dd6ae81b3fe7eb58a679cdd3b2	41001	128000	jwst_mcfost/runs/strict_continuum_cavity_mass_q_v1/models/m2p75_c20p0_a0p40_q3p25_i0p05/disk_envelope_m2p75_c20p0_a0p40_q3p25_i0p05_rt.para	b7de16a66def9e5e78cecdfef1f80cd807e467a0f41755eff9fc443f3e8019fe	42	jwst_mcfost/runs/strict_continuum_cavity_mass_q_v1/models/m2p75_c20p0_a0p40_q3p25_i0p05/temperature	jwst_mcfost/runs/strict_continuum_cavity_mass_q_v1/rt_tasks/t380_m2p75_c20p0_a0p40_q3p25_i0p05_w003
381	42	m2p75_c20p0_a0p40_q3p25_i0p05	2.75	0.000275	c20p0	20.0	274.7	100	1.0	4	0.40	3.25	0.05	70.0	7.3011756855e-08	3	4	w004	near_ir_rise	81	2.1916659199557045	2.1916659199557045	NIRSpec	false	full_n2401	1	2401	2401	6000	2.4989587671803415	4.9582515221832172e-06	0.072324975358538254	jwst_mcfost/runs/strict_continuum_cavity_mass_q_v1/anchors/w004/strict_continuum_anchor.lambda	9605b60fa355a7a0a695ed93588c2e13ae03a474ff5df9fa6d55609f7e399107	41001	128000	jwst_mcfost/runs/strict_continuum_cavity_mass_q_v1/models/m2p75_c20p0_a0p40_q3p25_i0p05/disk_envelope_m2p75_c20p0_a0p40_q3p25_i0p05_rt.para	b7de16a66def9e5e78cecdfef1f80cd807e467a0f41755eff9fc443f3e8019fe	42	jwst_mcfost/runs/strict_continuum_cavity_mass_q_v1/models/m2p75_c20p0_a0p40_q3p25_i0p05/temperature	jwst_mcfost/runs/strict_continuum_cavity_mass_q_v1/rt_tasks/t381_m2p75_c20p0_a0p40_q3p25_i0p05_w004
382	42	m2p75_c20p0_a0p40_q3p25_i0p05	2.75	0.000275	c20p0	20.0	274.7	100	1.0	4	0.40	3.25	0.05	70.0	7.3011756855e-08	4	5	w005	near_ir_rise	96	2.546352514425122	2.546352514425122	NIRSpec	true	full_n2401	1	2401	2401	6000	2.4989587671803415	4.9582515221832172e-06	0.084029632976029028	jwst_mcfost/runs/strict_continuum_cavity_mass_q_v1/anchors/w005/strict_continuum_anchor.lambda	9f7b6faedc4a44f32c6ae5b8b39d492d3c9ec0dc73b4dd191c2f6d60af0cd529	41001	128000	jwst_mcfost/runs/strict_continuum_cavity_mass_q_v1/models/m2p75_c20p0_a0p40_q3p25_i0p05/disk_envelope_m2p75_c20p0_a0p40_q3p25_i0p05_rt.para	b7de16a66def9e5e78cecdfef1f80cd807e467a0f41755eff9fc443f3e8019fe	42	jwst_mcfost/runs/strict_continuum_cavity_mass_q_v1/models/m2p75_c20p0_a0p40_q3p25_i0p05/temperature	jwst_mcfost/runs/strict_continuum_cavity_mass_q_v1/rt_tasks/t382_m2p75_c20p0_a0p40_q3p25_i0p05_w005
383	42	m2p75_c20p0_a0p40_q3p25_i0p05	2.75	0.000275	c20p0	20.0	274.7	100	1.0	4	0.40	3.25	0.05	70.0	7.3011756855e-08	5	6	w006	window_3p9	139	3.9143995604061015	3.9143995604061015	NIRSpec	true	support_zoom_n2401	1.9975051980918284	2401	2401	3003.7468767198525	1.2510399319949406	2.4822220872915486e-06	0.12917518549340135	jwst_mcfost/runs/strict_continuum_cavity_mass_q_v1/anchors/w006/strict_continuum_anchor.lambda	a1d444714c9de2dd1e9aa1d5669069a1be6dae0324e94c47a0b9c4ab6e1f11d0	41001	128000	jwst_mcfost/runs/strict_continuum_cavity_mass_q_v1/models/m2p75_c20p0_a0p40_q3p25_i0p05/disk_envelope_m2p75_c20p0_a0p40_q3p25_i0p05_rt.para	b7de16a66def9e5e78cecdfef1f80cd807e467a0f41755eff9fc443f3e8019fe	42	jwst_mcfost/runs/strict_continuum_cavity_mass_q_v1/models/m2p75_c20p0_a0p40_q3p25_i0p05/temperature	jwst_mcfost/runs/strict_continuum_cavity_mass_q_v1/rt_tasks/t383_m2p75_c20p0_a0p40_q3p25_i0p05_w006
384	42	m2p75_c20p0_a0p40_q3p25_i0p05	2.75	0.000275	c20p0	20.0	274.7	100	1.0	4	0.40	3.25	0.05	70.0	7.3011756855e-08	6	7	w007	window_5p4	171	5.3906283153397085	5.3906283153397085	MIRI	false	support_zoom_n2401	1.9975051980918284	2401	2401	3003.7468767198525	1.2510399319949406	2.4822220872915486e-06	0.28389073440621038	jwst_mcfost/runs/strict_continuum_cavity_mass_q_v1/anchors/w007/strict_continuum_anchor.lambda	2c99cc57bcad833e9a4a9cfca63390c89d9538a1049959460c43c1c449c61679	41001	128000	jwst_mcfost/runs/strict_continuum_cavity_mass_q_v1/models/m2p75_c20p0_a0p40_q3p25_i0p05/disk_envelope_m2p75_c20p0_a0p40_q3p25_i0p05_rt.para	b7de16a66def9e5e78cecdfef1f80cd807e467a0f41755eff9fc443f3e8019fe	42	jwst_mcfost/runs/strict_continuum_cavity_mass_q_v1/models/m2p75_c20p0_a0p40_q3p25_i0p05/temperature	jwst_mcfost/runs/strict_continuum_cavity_mass_q_v1/rt_tasks/t384_m2p75_c20p0_a0p40_q3p25_i0p05_w007
385	42	m2p75_c20p0_a0p40_q3p25_i0p05	2.75	0.000275	c20p0	20.0	274.7	100	1.0	4	0.40	3.25	0.05	70.0	7.3011756855e-08	7	8	w008	window_13p8	265	13.799908320389276	13.799908320389276	MIRI	false	zoom_n1201	3.9933471945199667	1201	1201	1502.4989583259237	1.2510399319949406	2.4822220872915486e-06	0.5613969745728461	jwst_mcfost/runs/strict_continuum_cavity_mass_q_v1/anchors/w008/strict_continuum_anchor.lambda	6095ab5c3fa56c0623b01f21835d7c8f1fba5d60d5f1f03735e495109c6381d3	41001	128000	jwst_mcfost/runs/strict_continuum_cavity_mass_q_v1/models/m2p75_c20p0_a0p40_q3p25_i0p05/disk_envelope_m2p75_c20p0_a0p40_q3p25_i0p05_rt.para	b7de16a66def9e5e78cecdfef1f80cd807e467a0f41755eff9fc443f3e8019fe	42	jwst_mcfost/runs/strict_continuum_cavity_mass_q_v1/models/m2p75_c20p0_a0p40_q3p25_i0p05/temperature	jwst_mcfost/runs/strict_continuum_cavity_mass_q_v1/rt_tasks/t385_m2p75_c20p0_a0p40_q3p25_i0p05_w008
386	42	m2p75_c20p0_a0p40_q3p25_i0p05	2.75	0.000275	c20p0	20.0	274.7	100	1.0	4	0.40	3.25	0.05	70.0	7.3011756855e-08	8	9	w009	window_27p5	334	27.513091575690556	27.513091575690556	MIRI	false	zoom_n1201	3.9933471945199667	1201	1201	1502.4989583259237	1.2510399319949406	2.4822220872915486e-06	1.0139320219977885	jwst_mcfost/runs/strict_continuum_cavity_mass_q_v1/anchors/w009/strict_continuum_anchor.lambda	41fd9d2d54ef93ed35fec02dd7d1d9a393b88e9fcc443fc088d958a549ab4723	41001	128000	jwst_mcfost/runs/strict_continuum_cavity_mass_q_v1/models/m2p75_c20p0_a0p40_q3p25_i0p05/disk_envelope_m2p75_c20p0_a0p40_q3p25_i0p05_rt.para	b7de16a66def9e5e78cecdfef1f80cd807e467a0f41755eff9fc443f3e8019fe	42	jwst_mcfost/runs/strict_continuum_cavity_mass_q_v1/models/m2p75_c20p0_a0p40_q3p25_i0p05/temperature	jwst_mcfost/runs/strict_continuum_cavity_mass_q_v1/rt_tasks/t386_m2p75_c20p0_a0p40_q3p25_i0p05_w009
387	43	m2p75_c22p0_a0p40_q3p25_i0p05	2.75	0.000275	c22p0	22.0	247.508685341630	100	1.0	5	0.40	3.25	0.05	70.0	7.3011756855e-08	0	1	w001	near_ir_short	21	1.2028117593024095	1.2028117593024095	NIRSpec	false	full_n2401	1	2401	2401	6000	2.4989587671803415	4.9582515221832172e-06	0.039692788056979511	jwst_mcfost/runs/strict_continuum_cavity_mass_q_v1/anchors/w001/strict_continuum_anchor.lambda	3a4c05f3e67c2a1c93b19eb17fbfc715bf9582d86bbc727fc0416e86fc3bcfdb	41001	128000	jwst_mcfost/runs/strict_continuum_cavity_mass_q_v1/models/m2p75_c22p0_a0p40_q3p25_i0p05/disk_envelope_m2p75_c22p0_a0p40_q3p25_i0p05_rt.para	b7de16a66def9e5e78cecdfef1f80cd807e467a0f41755eff9fc443f3e8019fe	43	jwst_mcfost/runs/strict_continuum_cavity_mass_q_v1/models/m2p75_c22p0_a0p40_q3p25_i0p05/temperature	jwst_mcfost/runs/strict_continuum_cavity_mass_q_v1/rt_tasks/t387_m2p75_c22p0_a0p40_q3p25_i0p05_w001
388	43	m2p75_c22p0_a0p40_q3p25_i0p05	2.75	0.000275	c22p0	22.0	247.508685341630	100	1.0	5	0.40	3.25	0.05	70.0	7.3011756855e-08	1	2	w002	near_ir_short	43	1.4987957445436022	1.4987957445436022	NIRSpec	false	full_n2401	1	2401	2401	6000	2.4989587671803415	4.9582515221832172e-06	0.049460259569938873	jwst_mcfost/runs/strict_continuum_cavity_mass_q_v1/anchors/w002/strict_continuum_anchor.lambda	7c9f0b769ebc9634e2a3203ac84f4fbc00b323b2ba59b01aed9c107319f2ee5f	41001	128000	jwst_mcfost/runs/strict_continuum_cavity_mass_q_v1/models/m2p75_c22p0_a0p40_q3p25_i0p05/disk_envelope_m2p75_c22p0_a0p40_q3p25_i0p05_rt.para	b7de16a66def9e5e78cecdfef1f80cd807e467a0f41755eff9fc443f3e8019fe	43	jwst_mcfost/runs/strict_continuum_cavity_mass_q_v1/models/m2p75_c22p0_a0p40_q3p25_i0p05/temperature	jwst_mcfost/runs/strict_continuum_cavity_mass_q_v1/rt_tasks/t388_m2p75_c22p0_a0p40_q3p25_i0p05_w002
389	43	m2p75_c22p0_a0p40_q3p25_i0p05	2.75	0.000275	c22p0	22.0	247.508685341630	100	1.0	5	0.40	3.25	0.05	70.0	7.3011756855e-08	2	3	w003	near_ir_rise	59	1.7588530996181813	1.7588530996181813	NIRSpec	false	full_n2401	1	2401	2401	6000	2.4989587671803415	4.9582515221832172e-06	0.058042152287399985	jwst_mcfost/runs/strict_continuum_cavity_mass_q_v1/anchors/w003/strict_continuum_anchor.lambda	ca23ebfe8f0349583e11ddd47bbd4cca509749dd6ae81b3fe7eb58a679cdd3b2	41001	128000	jwst_mcfost/runs/strict_continuum_cavity_mass_q_v1/models/m2p75_c22p0_a0p40_q3p25_i0p05/disk_envelope_m2p75_c22p0_a0p40_q3p25_i0p05_rt.para	b7de16a66def9e5e78cecdfef1f80cd807e467a0f41755eff9fc443f3e8019fe	43	jwst_mcfost/runs/strict_continuum_cavity_mass_q_v1/models/m2p75_c22p0_a0p40_q3p25_i0p05/temperature	jwst_mcfost/runs/strict_continuum_cavity_mass_q_v1/rt_tasks/t389_m2p75_c22p0_a0p40_q3p25_i0p05_w003
390	43	m2p75_c22p0_a0p40_q3p25_i0p05	2.75	0.000275	c22p0	22.0	247.508685341630	100	1.0	5	0.40	3.25	0.05	70.0	7.3011756855e-08	3	4	w004	near_ir_rise	81	2.1916659199557045	2.1916659199557045	NIRSpec	false	full_n2401	1	2401	2401	6000	2.4989587671803415	4.9582515221832172e-06	0.072324975358538254	jwst_mcfost/runs/strict_continuum_cavity_mass_q_v1/anchors/w004/strict_continuum_anchor.lambda	9605b60fa355a7a0a695ed93588c2e13ae03a474ff5df9fa6d55609f7e399107	41001	128000	jwst_mcfost/runs/strict_continuum_cavity_mass_q_v1/models/m2p75_c22p0_a0p40_q3p25_i0p05/disk_envelope_m2p75_c22p0_a0p40_q3p25_i0p05_rt.para	b7de16a66def9e5e78cecdfef1f80cd807e467a0f41755eff9fc443f3e8019fe	43	jwst_mcfost/runs/strict_continuum_cavity_mass_q_v1/models/m2p75_c22p0_a0p40_q3p25_i0p05/temperature	jwst_mcfost/runs/strict_continuum_cavity_mass_q_v1/rt_tasks/t390_m2p75_c22p0_a0p40_q3p25_i0p05_w004
391	43	m2p75_c22p0_a0p40_q3p25_i0p05	2.75	0.000275	c22p0	22.0	247.508685341630	100	1.0	5	0.40	3.25	0.05	70.0	7.3011756855e-08	4	5	w005	near_ir_rise	96	2.546352514425122	2.546352514425122	NIRSpec	true	full_n2401	1	2401	2401	6000	2.4989587671803415	4.9582515221832172e-06	0.084029632976029028	jwst_mcfost/runs/strict_continuum_cavity_mass_q_v1/anchors/w005/strict_continuum_anchor.lambda	9f7b6faedc4a44f32c6ae5b8b39d492d3c9ec0dc73b4dd191c2f6d60af0cd529	41001	128000	jwst_mcfost/runs/strict_continuum_cavity_mass_q_v1/models/m2p75_c22p0_a0p40_q3p25_i0p05/disk_envelope_m2p75_c22p0_a0p40_q3p25_i0p05_rt.para	b7de16a66def9e5e78cecdfef1f80cd807e467a0f41755eff9fc443f3e8019fe	43	jwst_mcfost/runs/strict_continuum_cavity_mass_q_v1/models/m2p75_c22p0_a0p40_q3p25_i0p05/temperature	jwst_mcfost/runs/strict_continuum_cavity_mass_q_v1/rt_tasks/t391_m2p75_c22p0_a0p40_q3p25_i0p05_w005
392	43	m2p75_c22p0_a0p40_q3p25_i0p05	2.75	0.000275	c22p0	22.0	247.508685341630	100	1.0	5	0.40	3.25	0.05	70.0	7.3011756855e-08	5	6	w006	window_3p9	139	3.9143995604061015	3.9143995604061015	NIRSpec	true	support_zoom_n2401	1.9975051980918284	2401	2401	3003.7468767198525	1.2510399319949406	2.4822220872915486e-06	0.12917518549340135	jwst_mcfost/runs/strict_continuum_cavity_mass_q_v1/anchors/w006/strict_continuum_anchor.lambda	a1d444714c9de2dd1e9aa1d5669069a1be6dae0324e94c47a0b9c4ab6e1f11d0	41001	128000	jwst_mcfost/runs/strict_continuum_cavity_mass_q_v1/models/m2p75_c22p0_a0p40_q3p25_i0p05/disk_envelope_m2p75_c22p0_a0p40_q3p25_i0p05_rt.para	b7de16a66def9e5e78cecdfef1f80cd807e467a0f41755eff9fc443f3e8019fe	43	jwst_mcfost/runs/strict_continuum_cavity_mass_q_v1/models/m2p75_c22p0_a0p40_q3p25_i0p05/temperature	jwst_mcfost/runs/strict_continuum_cavity_mass_q_v1/rt_tasks/t392_m2p75_c22p0_a0p40_q3p25_i0p05_w006
393	43	m2p75_c22p0_a0p40_q3p25_i0p05	2.75	0.000275	c22p0	22.0	247.508685341630	100	1.0	5	0.40	3.25	0.05	70.0	7.3011756855e-08	6	7	w007	window_5p4	171	5.3906283153397085	5.3906283153397085	MIRI	false	support_zoom_n2401	1.9975051980918284	2401	2401	3003.7468767198525	1.2510399319949406	2.4822220872915486e-06	0.28389073440621038	jwst_mcfost/runs/strict_continuum_cavity_mass_q_v1/anchors/w007/strict_continuum_anchor.lambda	2c99cc57bcad833e9a4a9cfca63390c89d9538a1049959460c43c1c449c61679	41001	128000	jwst_mcfost/runs/strict_continuum_cavity_mass_q_v1/models/m2p75_c22p0_a0p40_q3p25_i0p05/disk_envelope_m2p75_c22p0_a0p40_q3p25_i0p05_rt.para	b7de16a66def9e5e78cecdfef1f80cd807e467a0f41755eff9fc443f3e8019fe	43	jwst_mcfost/runs/strict_continuum_cavity_mass_q_v1/models/m2p75_c22p0_a0p40_q3p25_i0p05/temperature	jwst_mcfost/runs/strict_continuum_cavity_mass_q_v1/rt_tasks/t393_m2p75_c22p0_a0p40_q3p25_i0p05_w007
394	43	m2p75_c22p0_a0p40_q3p25_i0p05	2.75	0.000275	c22p0	22.0	247.508685341630	100	1.0	5	0.40	3.25	0.05	70.0	7.3011756855e-08	7	8	w008	window_13p8	265	13.799908320389276	13.799908320389276	MIRI	false	zoom_n1201	3.9933471945199667	1201	1201	1502.4989583259237	1.2510399319949406	2.4822220872915486e-06	0.5613969745728461	jwst_mcfost/runs/strict_continuum_cavity_mass_q_v1/anchors/w008/strict_continuum_anchor.lambda	6095ab5c3fa56c0623b01f21835d7c8f1fba5d60d5f1f03735e495109c6381d3	41001	128000	jwst_mcfost/runs/strict_continuum_cavity_mass_q_v1/models/m2p75_c22p0_a0p40_q3p25_i0p05/disk_envelope_m2p75_c22p0_a0p40_q3p25_i0p05_rt.para	b7de16a66def9e5e78cecdfef1f80cd807e467a0f41755eff9fc443f3e8019fe	43	jwst_mcfost/runs/strict_continuum_cavity_mass_q_v1/models/m2p75_c22p0_a0p40_q3p25_i0p05/temperature	jwst_mcfost/runs/strict_continuum_cavity_mass_q_v1/rt_tasks/t394_m2p75_c22p0_a0p40_q3p25_i0p05_w008
395	43	m2p75_c22p0_a0p40_q3p25_i0p05	2.75	0.000275	c22p0	22.0	247.508685341630	100	1.0	5	0.40	3.25	0.05	70.0	7.3011756855e-08	8	9	w009	window_27p5	334	27.513091575690556	27.513091575690556	MIRI	false	zoom_n1201	3.9933471945199667	1201	1201	1502.4989583259237	1.2510399319949406	2.4822220872915486e-06	1.0139320219977885	jwst_mcfost/runs/strict_continuum_cavity_mass_q_v1/anchors/w009/strict_continuum_anchor.lambda	41fd9d2d54ef93ed35fec02dd7d1d9a393b88e9fcc443fc088d958a549ab4723	41001	128000	jwst_mcfost/runs/strict_continuum_cavity_mass_q_v1/models/m2p75_c22p0_a0p40_q3p25_i0p05/disk_envelope_m2p75_c22p0_a0p40_q3p25_i0p05_rt.para	b7de16a66def9e5e78cecdfef1f80cd807e467a0f41755eff9fc443f3e8019fe	43	jwst_mcfost/runs/strict_continuum_cavity_mass_q_v1/models/m2p75_c22p0_a0p40_q3p25_i0p05/temperature	jwst_mcfost/runs/strict_continuum_cavity_mass_q_v1/rt_tasks/t395_m2p75_c22p0_a0p40_q3p25_i0p05_w009
396	44	m2p75_c24p0_a0p40_q3p25_i0p05	2.75	0.000275	c24p0	24.0	224.603677390422	100	1.0	6	0.40	3.25	0.05	70.0	7.3011756855e-08	0	1	w001	near_ir_short	21	1.2028117593024095	1.2028117593024095	NIRSpec	false	full_n2401	1	2401	2401	6000	2.4989587671803415	4.9582515221832172e-06	0.039692788056979511	jwst_mcfost/runs/strict_continuum_cavity_mass_q_v1/anchors/w001/strict_continuum_anchor.lambda	3a4c05f3e67c2a1c93b19eb17fbfc715bf9582d86bbc727fc0416e86fc3bcfdb	41001	128000	jwst_mcfost/runs/strict_continuum_cavity_mass_q_v1/models/m2p75_c24p0_a0p40_q3p25_i0p05/disk_envelope_m2p75_c24p0_a0p40_q3p25_i0p05_rt.para	b7de16a66def9e5e78cecdfef1f80cd807e467a0f41755eff9fc443f3e8019fe	44	jwst_mcfost/runs/strict_continuum_cavity_mass_q_v1/models/m2p75_c24p0_a0p40_q3p25_i0p05/temperature	jwst_mcfost/runs/strict_continuum_cavity_mass_q_v1/rt_tasks/t396_m2p75_c24p0_a0p40_q3p25_i0p05_w001
397	44	m2p75_c24p0_a0p40_q3p25_i0p05	2.75	0.000275	c24p0	24.0	224.603677390422	100	1.0	6	0.40	3.25	0.05	70.0	7.3011756855e-08	1	2	w002	near_ir_short	43	1.4987957445436022	1.4987957445436022	NIRSpec	false	full_n2401	1	2401	2401	6000	2.4989587671803415	4.9582515221832172e-06	0.049460259569938873	jwst_mcfost/runs/strict_continuum_cavity_mass_q_v1/anchors/w002/strict_continuum_anchor.lambda	7c9f0b769ebc9634e2a3203ac84f4fbc00b323b2ba59b01aed9c107319f2ee5f	41001	128000	jwst_mcfost/runs/strict_continuum_cavity_mass_q_v1/models/m2p75_c24p0_a0p40_q3p25_i0p05/disk_envelope_m2p75_c24p0_a0p40_q3p25_i0p05_rt.para	b7de16a66def9e5e78cecdfef1f80cd807e467a0f41755eff9fc443f3e8019fe	44	jwst_mcfost/runs/strict_continuum_cavity_mass_q_v1/models/m2p75_c24p0_a0p40_q3p25_i0p05/temperature	jwst_mcfost/runs/strict_continuum_cavity_mass_q_v1/rt_tasks/t397_m2p75_c24p0_a0p40_q3p25_i0p05_w002
398	44	m2p75_c24p0_a0p40_q3p25_i0p05	2.75	0.000275	c24p0	24.0	224.603677390422	100	1.0	6	0.40	3.25	0.05	70.0	7.3011756855e-08	2	3	w003	near_ir_rise	59	1.7588530996181813	1.7588530996181813	NIRSpec	false	full_n2401	1	2401	2401	6000	2.4989587671803415	4.9582515221832172e-06	0.058042152287399985	jwst_mcfost/runs/strict_continuum_cavity_mass_q_v1/anchors/w003/strict_continuum_anchor.lambda	ca23ebfe8f0349583e11ddd47bbd4cca509749dd6ae81b3fe7eb58a679cdd3b2	41001	128000	jwst_mcfost/runs/strict_continuum_cavity_mass_q_v1/models/m2p75_c24p0_a0p40_q3p25_i0p05/disk_envelope_m2p75_c24p0_a0p40_q3p25_i0p05_rt.para	b7de16a66def9e5e78cecdfef1f80cd807e467a0f41755eff9fc443f3e8019fe	44	jwst_mcfost/runs/strict_continuum_cavity_mass_q_v1/models/m2p75_c24p0_a0p40_q3p25_i0p05/temperature	jwst_mcfost/runs/strict_continuum_cavity_mass_q_v1/rt_tasks/t398_m2p75_c24p0_a0p40_q3p25_i0p05_w003
399	44	m2p75_c24p0_a0p40_q3p25_i0p05	2.75	0.000275	c24p0	24.0	224.603677390422	100	1.0	6	0.40	3.25	0.05	70.0	7.3011756855e-08	3	4	w004	near_ir_rise	81	2.1916659199557045	2.1916659199557045	NIRSpec	false	full_n2401	1	2401	2401	6000	2.4989587671803415	4.9582515221832172e-06	0.072324975358538254	jwst_mcfost/runs/strict_continuum_cavity_mass_q_v1/anchors/w004/strict_continuum_anchor.lambda	9605b60fa355a7a0a695ed93588c2e13ae03a474ff5df9fa6d55609f7e399107	41001	128000	jwst_mcfost/runs/strict_continuum_cavity_mass_q_v1/models/m2p75_c24p0_a0p40_q3p25_i0p05/disk_envelope_m2p75_c24p0_a0p40_q3p25_i0p05_rt.para	b7de16a66def9e5e78cecdfef1f80cd807e467a0f41755eff9fc443f3e8019fe	44	jwst_mcfost/runs/strict_continuum_cavity_mass_q_v1/models/m2p75_c24p0_a0p40_q3p25_i0p05/temperature	jwst_mcfost/runs/strict_continuum_cavity_mass_q_v1/rt_tasks/t399_m2p75_c24p0_a0p40_q3p25_i0p05_w004
400	44	m2p75_c24p0_a0p40_q3p25_i0p05	2.75	0.000275	c24p0	24.0	224.603677390422	100	1.0	6	0.40	3.25	0.05	70.0	7.3011756855e-08	4	5	w005	near_ir_rise	96	2.546352514425122	2.546352514425122	NIRSpec	true	full_n2401	1	2401	2401	6000	2.4989587671803415	4.9582515221832172e-06	0.084029632976029028	jwst_mcfost/runs/strict_continuum_cavity_mass_q_v1/anchors/w005/strict_continuum_anchor.lambda	9f7b6faedc4a44f32c6ae5b8b39d492d3c9ec0dc73b4dd191c2f6d60af0cd529	41001	128000	jwst_mcfost/runs/strict_continuum_cavity_mass_q_v1/models/m2p75_c24p0_a0p40_q3p25_i0p05/disk_envelope_m2p75_c24p0_a0p40_q3p25_i0p05_rt.para	b7de16a66def9e5e78cecdfef1f80cd807e467a0f41755eff9fc443f3e8019fe	44	jwst_mcfost/runs/strict_continuum_cavity_mass_q_v1/models/m2p75_c24p0_a0p40_q3p25_i0p05/temperature	jwst_mcfost/runs/strict_continuum_cavity_mass_q_v1/rt_tasks/t400_m2p75_c24p0_a0p40_q3p25_i0p05_w005
401	44	m2p75_c24p0_a0p40_q3p25_i0p05	2.75	0.000275	c24p0	24.0	224.603677390422	100	1.0	6	0.40	3.25	0.05	70.0	7.3011756855e-08	5	6	w006	window_3p9	139	3.9143995604061015	3.9143995604061015	NIRSpec	true	support_zoom_n2401	1.9975051980918284	2401	2401	3003.7468767198525	1.2510399319949406	2.4822220872915486e-06	0.12917518549340135	jwst_mcfost/runs/strict_continuum_cavity_mass_q_v1/anchors/w006/strict_continuum_anchor.lambda	a1d444714c9de2dd1e9aa1d5669069a1be6dae0324e94c47a0b9c4ab6e1f11d0	41001	128000	jwst_mcfost/runs/strict_continuum_cavity_mass_q_v1/models/m2p75_c24p0_a0p40_q3p25_i0p05/disk_envelope_m2p75_c24p0_a0p40_q3p25_i0p05_rt.para	b7de16a66def9e5e78cecdfef1f80cd807e467a0f41755eff9fc443f3e8019fe	44	jwst_mcfost/runs/strict_continuum_cavity_mass_q_v1/models/m2p75_c24p0_a0p40_q3p25_i0p05/temperature	jwst_mcfost/runs/strict_continuum_cavity_mass_q_v1/rt_tasks/t401_m2p75_c24p0_a0p40_q3p25_i0p05_w006
402	44	m2p75_c24p0_a0p40_q3p25_i0p05	2.75	0.000275	c24p0	24.0	224.603677390422	100	1.0	6	0.40	3.25	0.05	70.0	7.3011756855e-08	6	7	w007	window_5p4	171	5.3906283153397085	5.3906283153397085	MIRI	false	support_zoom_n2401	1.9975051980918284	2401	2401	3003.7468767198525	1.2510399319949406	2.4822220872915486e-06	0.28389073440621038	jwst_mcfost/runs/strict_continuum_cavity_mass_q_v1/anchors/w007/strict_continuum_anchor.lambda	2c99cc57bcad833e9a4a9cfca63390c89d9538a1049959460c43c1c449c61679	41001	128000	jwst_mcfost/runs/strict_continuum_cavity_mass_q_v1/models/m2p75_c24p0_a0p40_q3p25_i0p05/disk_envelope_m2p75_c24p0_a0p40_q3p25_i0p05_rt.para	b7de16a66def9e5e78cecdfef1f80cd807e467a0f41755eff9fc443f3e8019fe	44	jwst_mcfost/runs/strict_continuum_cavity_mass_q_v1/models/m2p75_c24p0_a0p40_q3p25_i0p05/temperature	jwst_mcfost/runs/strict_continuum_cavity_mass_q_v1/rt_tasks/t402_m2p75_c24p0_a0p40_q3p25_i0p05_w007
403	44	m2p75_c24p0_a0p40_q3p25_i0p05	2.75	0.000275	c24p0	24.0	224.603677390422	100	1.0	6	0.40	3.25	0.05	70.0	7.3011756855e-08	7	8	w008	window_13p8	265	13.799908320389276	13.799908320389276	MIRI	false	zoom_n1201	3.9933471945199667	1201	1201	1502.4989583259237	1.2510399319949406	2.4822220872915486e-06	0.5613969745728461	jwst_mcfost/runs/strict_continuum_cavity_mass_q_v1/anchors/w008/strict_continuum_anchor.lambda	6095ab5c3fa56c0623b01f21835d7c8f1fba5d60d5f1f03735e495109c6381d3	41001	128000	jwst_mcfost/runs/strict_continuum_cavity_mass_q_v1/models/m2p75_c24p0_a0p40_q3p25_i0p05/disk_envelope_m2p75_c24p0_a0p40_q3p25_i0p05_rt.para	b7de16a66def9e5e78cecdfef1f80cd807e467a0f41755eff9fc443f3e8019fe	44	jwst_mcfost/runs/strict_continuum_cavity_mass_q_v1/models/m2p75_c24p0_a0p40_q3p25_i0p05/temperature	jwst_mcfost/runs/strict_continuum_cavity_mass_q_v1/rt_tasks/t403_m2p75_c24p0_a0p40_q3p25_i0p05_w008
404	44	m2p75_c24p0_a0p40_q3p25_i0p05	2.75	0.000275	c24p0	24.0	224.603677390422	100	1.0	6	0.40	3.25	0.05	70.0	7.3011756855e-08	8	9	w009	window_27p5	334	27.513091575690556	27.513091575690556	MIRI	false	zoom_n1201	3.9933471945199667	1201	1201	1502.4989583259237	1.2510399319949406	2.4822220872915486e-06	1.0139320219977885	jwst_mcfost/runs/strict_continuum_cavity_mass_q_v1/anchors/w009/strict_continuum_anchor.lambda	41fd9d2d54ef93ed35fec02dd7d1d9a393b88e9fcc443fc088d958a549ab4723	41001	128000	jwst_mcfost/runs/strict_continuum_cavity_mass_q_v1/models/m2p75_c24p0_a0p40_q3p25_i0p05/disk_envelope_m2p75_c24p0_a0p40_q3p25_i0p05_rt.para	b7de16a66def9e5e78cecdfef1f80cd807e467a0f41755eff9fc443f3e8019fe	44	jwst_mcfost/runs/strict_continuum_cavity_mass_q_v1/models/m2p75_c24p0_a0p40_q3p25_i0p05/temperature	jwst_mcfost/runs/strict_continuum_cavity_mass_q_v1/rt_tasks/t404_m2p75_c24p0_a0p40_q3p25_i0p05_w009
