task_index	phase	seed	parent_kind	parent_id	score_anchor_id	continuum_target_id	analysis_partition	source_table	source_table_sha256	source_row_sha256	source_execution_table	source_execution_row_sha256	target_wavelength_um	lsf_node_global_index	lsf_node_index	lsf_quadrature_weight	lsf_profile	target_resolving_power_R	wavelength_um	instrument	source_segment	native_run_id	model_input_representation	conversion_before_aggregation	aggregated_representation	wavelength_file	wavelength_file_sha256	field_pair_id	spatial_config	zoom_token	nx	ny	expected_fov_au	expected_pixel_au	expected_cdelt_deg	legacy_comparator	known_n1201_gate_exception	aperture_name	east_arcsec	north_arcsec	aperture_radius_arcsec	model_index	model_label	mass_factor	envelope_size_exponent	cavity_tag	requested_half_opening_deg	cavity_h0_token	cavity_r0_token	cavity_exponent_token	mdot_token	inclination_deg	envelope_amin_um	envelope_amax_um	accepted_packets	rt_sed_method	processes_per_task	openmp_threads	parameter_role	parameter	parameter_sha256	temperature_file	temperature_file_sha256	temperature_role	dust_role	optical_coverage_role	direct_scoring_role	task_workdir	task_row_sha256
0	full_h2o	52001	logical_target	h2o_3um_v3_w001	h2o_3um_v3_w001		h2o_feature_optical_depth	jwst_mcfost/output/h2o_3um_observation_v3/stellar_center_h2o_target_lsf_nodes_R2400_v3.tsv	bc54da8f9e376921527db29400677e165b6e2f4aed158fd3aaa5162a66b325a7	fce5efbf3d6c71f41470de4414a9f72385ce37dec95ab55ac43bd347d15f2890			2.6122960249124896	0	0	0.011257411327720693	Gaussian_in_log_lambda_constant_resolving_power	2400	2.6109757956979753	NIRSpec	G235H	G235H_run01	lambda_F_lambda_W_m-2	F_nu_Jy=lambda_F_lambda*lambda_um*1e20/c_m_s	F_nu_Jy	jwst_mcfost/runs/h2o_3um_method2_screen_v3/anchors/full_h2o/logical_target/h2o_3um_v3_w001/node00.lambda	f837effd132adde9de61efe712fb2649b30ffb3cf07b53647d3868fe89548263		expanded_n2401	1.9975051980918284	2401	2401	3003.7468767198525	1.2510399319949406	2.4822220872915486e-06	False		stellar_center	0.0	0.0	0.35	1	m2p25_c17p5_a0p40_q2p75_i0p05	2.25	2.75	c17p5	17.5	317.159480236321	100	1.0	7.3011756855e-08	70.0	0.03	0.4	128000	2	1	16	h2o_selected	jwst_mcfost/runs/h2o_3um_method2_screen_v3/parameters/h2o_selected_rt.para	53e7d2af20d3803c95144bc0809885d44da2324ffb8e6800d228c85b67412cdc	jwst_mcfost/runs/strict_continuum_cavity_mass_q_v1/models/m2p25_c17p5_a0p40_q2p75_i0p05/temperature/seed=41001/data_th/Temperature.fits.gz	1bd212f2f54dd8c1701a6064e129ba7fdb5721cb3fe296472433bbdd3b79ec1c	reused_accepted_continuum_temperature_screening_only_not_self_consistent_for_changed_dust	selected_h2o_disjoint_dhs_screening_dust	inside_h2o_optical_constants	continuum_wing_nuisance_not_scored	jwst_mcfost/runs/h2o_3um_method2_screen_v3/tasks/full_h2o/t000_h2o_3um_v3_w001_n00_s52001	9d4bc60e71c2f0df3fc519cbc969dbacba330894a5d18113f008985672bc16fb
1	full_h2o	52001	logical_target	h2o_3um_v3_w001	h2o_3um_v3_w001		h2o_feature_optical_depth	jwst_mcfost/output/h2o_3um_observation_v3/stellar_center_h2o_target_lsf_nodes_R2400_v3.tsv	bc54da8f9e376921527db29400677e165b6e2f4aed158fd3aaa5162a66b325a7	5f06e02e62fc5371f39ff6e6ff01b0c7dcf2a2b17836e4759ff72a4e17331804			2.6122960249124896	1	1	0.2220759220056126	Gaussian_in_log_lambda_constant_resolving_power	2400	2.61166949575688	NIRSpec	G235H	G235H_run01	lambda_F_lambda_W_m-2	F_nu_Jy=lambda_F_lambda*lambda_um*1e20/c_m_s	F_nu_Jy	jwst_mcfost/runs/h2o_3um_method2_screen_v3/anchors/full_h2o/logical_target/h2o_3um_v3_w001/node01.lambda	c84d8d33dd33b6245a9793c7a03efa56538693ddd1e350f12834b20d0e870101		expanded_n2401	1.9975051980918284	2401	2401	3003.7468767198525	1.2510399319949406	2.4822220872915486e-06	False		stellar_center	0.0	0.0	0.35	1	m2p25_c17p5_a0p40_q2p75_i0p05	2.25	2.75	c17p5	17.5	317.159480236321	100	1.0	7.3011756855e-08	70.0	0.03	0.4	128000	2	1	16	h2o_selected	jwst_mcfost/runs/h2o_3um_method2_screen_v3/parameters/h2o_selected_rt.para	53e7d2af20d3803c95144bc0809885d44da2324ffb8e6800d228c85b67412cdc	jwst_mcfost/runs/strict_continuum_cavity_mass_q_v1/models/m2p25_c17p5_a0p40_q2p75_i0p05/temperature/seed=41001/data_th/Temperature.fits.gz	1bd212f2f54dd8c1701a6064e129ba7fdb5721cb3fe296472433bbdd3b79ec1c	reused_accepted_continuum_temperature_screening_only_not_self_consistent_for_changed_dust	selected_h2o_disjoint_dhs_screening_dust	inside_h2o_optical_constants	continuum_wing_nuisance_not_scored	jwst_mcfost/runs/h2o_3um_method2_screen_v3/tasks/full_h2o/t001_h2o_3um_v3_w001_n01_s52001	b2587ec26fbd3ec2912e8f706e21b0466fcd54c7f1962ba57cd4806e93bdc324
2	full_h2o	52001	logical_target	h2o_3um_v3_w001	h2o_3um_v3_w001		h2o_feature_optical_depth	jwst_mcfost/output/h2o_3um_observation_v3/stellar_center_h2o_target_lsf_nodes_R2400_v3.tsv	bc54da8f9e376921527db29400677e165b6e2f4aed158fd3aaa5162a66b325a7	58bc6c470443af7cb492b693c964c357882ad9415420c0fc7bd62a9b66714bb0			2.6122960249124896	2	2	0.53333333333333333	Gaussian_in_log_lambda_constant_resolving_power	2400	2.6122960249124896	NIRSpec	G235H	G235H_run01	lambda_F_lambda_W_m-2	F_nu_Jy=lambda_F_lambda*lambda_um*1e20/c_m_s	F_nu_Jy	jwst_mcfost/runs/h2o_3um_method2_screen_v3/anchors/full_h2o/logical_target/h2o_3um_v3_w001/node02.lambda	0e84cf42d019b3ce7e6fc4b3a1dcf0b0a714d3cf2c881c3522bad8daa6144c6a		expanded_n2401	1.9975051980918284	2401	2401	3003.7468767198525	1.2510399319949406	2.4822220872915486e-06	False		stellar_center	0.0	0.0	0.35	1	m2p25_c17p5_a0p40_q2p75_i0p05	2.25	2.75	c17p5	17.5	317.159480236321	100	1.0	7.3011756855e-08	70.0	0.03	0.4	128000	2	1	16	h2o_selected	jwst_mcfost/runs/h2o_3um_method2_screen_v3/parameters/h2o_selected_rt.para	53e7d2af20d3803c95144bc0809885d44da2324ffb8e6800d228c85b67412cdc	jwst_mcfost/runs/strict_continuum_cavity_mass_q_v1/models/m2p25_c17p5_a0p40_q2p75_i0p05/temperature/seed=41001/data_th/Temperature.fits.gz	1bd212f2f54dd8c1701a6064e129ba7fdb5721cb3fe296472433bbdd3b79ec1c	reused_accepted_continuum_temperature_screening_only_not_self_consistent_for_changed_dust	selected_h2o_disjoint_dhs_screening_dust	inside_h2o_optical_constants	continuum_wing_nuisance_not_scored	jwst_mcfost/runs/h2o_3um_method2_screen_v3/tasks/full_h2o/t002_h2o_3um_v3_w001_n02_s52001	632fd2f9203f647e721a3c59b1bd159a1aead06ed0ac7769f3412fe73d7b53ab
3	full_h2o	52001	logical_target	h2o_3um_v3_w001	h2o_3um_v3_w001		h2o_feature_optical_depth	jwst_mcfost/output/h2o_3um_observation_v3/stellar_center_h2o_target_lsf_nodes_R2400_v3.tsv	bc54da8f9e376921527db29400677e165b6e2f4aed158fd3aaa5162a66b325a7	62a364aaf8152587832915ae241382b918d28af178a00494a9774559ac8e2d65			2.6122960249124896	3	3	0.2220759220056126	Gaussian_in_log_lambda_constant_resolving_power	2400	2.612922704369959	NIRSpec	G235H	G235H_run01	lambda_F_lambda_W_m-2	F_nu_Jy=lambda_F_lambda*lambda_um*1e20/c_m_s	F_nu_Jy	jwst_mcfost/runs/h2o_3um_method2_screen_v3/anchors/full_h2o/logical_target/h2o_3um_v3_w001/node03.lambda	1cbbaebe9d60c3234b25e42d2e2ac549ab540ac4a9e3a3de23d4d7cc5cfc1d19		expanded_n2401	1.9975051980918284	2401	2401	3003.7468767198525	1.2510399319949406	2.4822220872915486e-06	False		stellar_center	0.0	0.0	0.35	1	m2p25_c17p5_a0p40_q2p75_i0p05	2.25	2.75	c17p5	17.5	317.159480236321	100	1.0	7.3011756855e-08	70.0	0.03	0.4	128000	2	1	16	h2o_selected	jwst_mcfost/runs/h2o_3um_method2_screen_v3/parameters/h2o_selected_rt.para	53e7d2af20d3803c95144bc0809885d44da2324ffb8e6800d228c85b67412cdc	jwst_mcfost/runs/strict_continuum_cavity_mass_q_v1/models/m2p25_c17p5_a0p40_q2p75_i0p05/temperature/seed=41001/data_th/Temperature.fits.gz	1bd212f2f54dd8c1701a6064e129ba7fdb5721cb3fe296472433bbdd3b79ec1c	reused_accepted_continuum_temperature_screening_only_not_self_consistent_for_changed_dust	selected_h2o_disjoint_dhs_screening_dust	inside_h2o_optical_constants	continuum_wing_nuisance_not_scored	jwst_mcfost/runs/h2o_3um_method2_screen_v3/tasks/full_h2o/t003_h2o_3um_v3_w001_n03_s52001	ee953d29062c6c52e2d035db941a3ebedc41e9f5d47eed933d6462614809e5c6
4	full_h2o	52001	logical_target	h2o_3um_v3_w001	h2o_3um_v3_w001		h2o_feature_optical_depth	jwst_mcfost/output/h2o_3um_observation_v3/stellar_center_h2o_target_lsf_nodes_R2400_v3.tsv	bc54da8f9e376921527db29400677e165b6e2f4aed158fd3aaa5162a66b325a7	9d83036bfb4d8ad14fe8a056c7e0f3043dade5e3d0a4b63b12e975b3ddc923a8			2.6122960249124896	4	4	0.011257411327720693	Gaussian_in_log_lambda_constant_resolving_power	2400	2.6136169216954976	NIRSpec	G235H	G235H_run01	lambda_F_lambda_W_m-2	F_nu_Jy=lambda_F_lambda*lambda_um*1e20/c_m_s	F_nu_Jy	jwst_mcfost/runs/h2o_3um_method2_screen_v3/anchors/full_h2o/logical_target/h2o_3um_v3_w001/node04.lambda	34a619220145b1a7f32812f3f95f6037fbd3cbbbcc5687882aa35c347ad44da8		expanded_n2401	1.9975051980918284	2401	2401	3003.7468767198525	1.2510399319949406	2.4822220872915486e-06	False		stellar_center	0.0	0.0	0.35	1	m2p25_c17p5_a0p40_q2p75_i0p05	2.25	2.75	c17p5	17.5	317.159480236321	100	1.0	7.3011756855e-08	70.0	0.03	0.4	128000	2	1	16	h2o_selected	jwst_mcfost/runs/h2o_3um_method2_screen_v3/parameters/h2o_selected_rt.para	53e7d2af20d3803c95144bc0809885d44da2324ffb8e6800d228c85b67412cdc	jwst_mcfost/runs/strict_continuum_cavity_mass_q_v1/models/m2p25_c17p5_a0p40_q2p75_i0p05/temperature/seed=41001/data_th/Temperature.fits.gz	1bd212f2f54dd8c1701a6064e129ba7fdb5721cb3fe296472433bbdd3b79ec1c	reused_accepted_continuum_temperature_screening_only_not_self_consistent_for_changed_dust	selected_h2o_disjoint_dhs_screening_dust	inside_h2o_optical_constants	continuum_wing_nuisance_not_scored	jwst_mcfost/runs/h2o_3um_method2_screen_v3/tasks/full_h2o/t004_h2o_3um_v3_w001_n04_s52001	5bfeef029938644f48617604860d65a6764df00bffb99b65d42d38e2ed21fd62
5	full_h2o	52001	logical_target	h2o_3um_v3_w002	h2o_3um_v3_w002		h2o_feature_optical_depth	jwst_mcfost/output/h2o_3um_observation_v3/stellar_center_h2o_target_lsf_nodes_R2400_v3.tsv	bc54da8f9e376921527db29400677e165b6e2f4aed158fd3aaa5162a66b325a7	4b88197ca527d73f256a92b7dd5667b318d90a151ef3c7f6448884dca52cd338			2.8572041864979223	5	0	0.011257411327720693	Gaussian_in_log_lambda_constant_resolving_power	2400	2.8557601830607644	NIRSpec	G235H	G235H_run01	lambda_F_lambda_W_m-2	F_nu_Jy=lambda_F_lambda*lambda_um*1e20/c_m_s	F_nu_Jy	jwst_mcfost/runs/h2o_3um_method2_screen_v3/anchors/full_h2o/logical_target/h2o_3um_v3_w002/node00.lambda	05f54abdcf1f34d96cedeea53d3618dcaef49513f685edff368ddef4d3dbe5d9		expanded_n2401	1.9975051980918284	2401	2401	3003.7468767198525	1.2510399319949406	2.4822220872915486e-06	False		stellar_center	0.0	0.0	0.35	1	m2p25_c17p5_a0p40_q2p75_i0p05	2.25	2.75	c17p5	17.5	317.159480236321	100	1.0	7.3011756855e-08	70.0	0.03	0.4	128000	2	1	16	h2o_selected	jwst_mcfost/runs/h2o_3um_method2_screen_v3/parameters/h2o_selected_rt.para	53e7d2af20d3803c95144bc0809885d44da2324ffb8e6800d228c85b67412cdc	jwst_mcfost/runs/strict_continuum_cavity_mass_q_v1/models/m2p25_c17p5_a0p40_q2p75_i0p05/temperature/seed=41001/data_th/Temperature.fits.gz	1bd212f2f54dd8c1701a6064e129ba7fdb5721cb3fe296472433bbdd3b79ec1c	reused_accepted_continuum_temperature_screening_only_not_self_consistent_for_changed_dust	selected_h2o_disjoint_dhs_screening_dust	inside_h2o_optical_constants	feature_shape_scored	jwst_mcfost/runs/h2o_3um_method2_screen_v3/tasks/full_h2o/t005_h2o_3um_v3_w002_n00_s52001	4620df45c2c03c5fbab421f098e731029ced857763fd9f34bdaac3649cc651a4
6	full_h2o	52001	logical_target	h2o_3um_v3_w002	h2o_3um_v3_w002		h2o_feature_optical_depth	jwst_mcfost/output/h2o_3um_observation_v3/stellar_center_h2o_target_lsf_nodes_R2400_v3.tsv	bc54da8f9e376921527db29400677e165b6e2f4aed158fd3aaa5162a66b325a7	50b539675bd3fc2196b359f18bd839977b01cf46c56f578ebebbdb93bc0ad02b			2.8572041864979223	6	1	0.2220759220056126	Gaussian_in_log_lambda_constant_resolving_power	2400	2.856518918936628	NIRSpec	G235H	G235H_run01	lambda_F_lambda_W_m-2	F_nu_Jy=lambda_F_lambda*lambda_um*1e20/c_m_s	F_nu_Jy	jwst_mcfost/runs/h2o_3um_method2_screen_v3/anchors/full_h2o/logical_target/h2o_3um_v3_w002/node01.lambda	1440409f1d3f053263f71d95121cd45d15a666f509471b6ddc9079bcb59ad250		expanded_n2401	1.9975051980918284	2401	2401	3003.7468767198525	1.2510399319949406	2.4822220872915486e-06	False		stellar_center	0.0	0.0	0.35	1	m2p25_c17p5_a0p40_q2p75_i0p05	2.25	2.75	c17p5	17.5	317.159480236321	100	1.0	7.3011756855e-08	70.0	0.03	0.4	128000	2	1	16	h2o_selected	jwst_mcfost/runs/h2o_3um_method2_screen_v3/parameters/h2o_selected_rt.para	53e7d2af20d3803c95144bc0809885d44da2324ffb8e6800d228c85b67412cdc	jwst_mcfost/runs/strict_continuum_cavity_mass_q_v1/models/m2p25_c17p5_a0p40_q2p75_i0p05/temperature/seed=41001/data_th/Temperature.fits.gz	1bd212f2f54dd8c1701a6064e129ba7fdb5721cb3fe296472433bbdd3b79ec1c	reused_accepted_continuum_temperature_screening_only_not_self_consistent_for_changed_dust	selected_h2o_disjoint_dhs_screening_dust	inside_h2o_optical_constants	feature_shape_scored	jwst_mcfost/runs/h2o_3um_method2_screen_v3/tasks/full_h2o/t006_h2o_3um_v3_w002_n01_s52001	ec6df5309656df032a31c6b49d7fca45810b337d9ec61894626cd441bf882c00
7	full_h2o	52001	logical_target	h2o_3um_v3_w002	h2o_3um_v3_w002		h2o_feature_optical_depth	jwst_mcfost/output/h2o_3um_observation_v3/stellar_center_h2o_target_lsf_nodes_R2400_v3.tsv	bc54da8f9e376921527db29400677e165b6e2f4aed158fd3aaa5162a66b325a7	d455ab9a88ba1a4c3ff62d32f9bdd59bb017783b66c4e8b98c3641f3e9b89cf0			2.8572041864979223	7	2	0.53333333333333333	Gaussian_in_log_lambda_constant_resolving_power	2400	2.8572041864979223	NIRSpec	G235H	G235H_run01	lambda_F_lambda_W_m-2	F_nu_Jy=lambda_F_lambda*lambda_um*1e20/c_m_s	F_nu_Jy	jwst_mcfost/runs/h2o_3um_method2_screen_v3/anchors/full_h2o/logical_target/h2o_3um_v3_w002/node02.lambda	a62f238a516ba39528b9b6fcdfdda607da5c6ddd493183effbd3870e88b70a65		expanded_n2401	1.9975051980918284	2401	2401	3003.7468767198525	1.2510399319949406	2.4822220872915486e-06	False		stellar_center	0.0	0.0	0.35	1	m2p25_c17p5_a0p40_q2p75_i0p05	2.25	2.75	c17p5	17.5	317.159480236321	100	1.0	7.3011756855e-08	70.0	0.03	0.4	128000	2	1	16	h2o_selected	jwst_mcfost/runs/h2o_3um_method2_screen_v3/parameters/h2o_selected_rt.para	53e7d2af20d3803c95144bc0809885d44da2324ffb8e6800d228c85b67412cdc	jwst_mcfost/runs/strict_continuum_cavity_mass_q_v1/models/m2p25_c17p5_a0p40_q2p75_i0p05/temperature/seed=41001/data_th/Temperature.fits.gz	1bd212f2f54dd8c1701a6064e129ba7fdb5721cb3fe296472433bbdd3b79ec1c	reused_accepted_continuum_temperature_screening_only_not_self_consistent_for_changed_dust	selected_h2o_disjoint_dhs_screening_dust	inside_h2o_optical_constants	feature_shape_scored	jwst_mcfost/runs/h2o_3um_method2_screen_v3/tasks/full_h2o/t007_h2o_3um_v3_w002_n02_s52001	cca177bcdaf36d460ccf78c38ff4d07b2fec52b9922ebb66e227cf7e4fc9166e
8	full_h2o	52001	logical_target	h2o_3um_v3_w002	h2o_3um_v3_w002		h2o_feature_optical_depth	jwst_mcfost/output/h2o_3um_observation_v3/stellar_center_h2o_target_lsf_nodes_R2400_v3.tsv	bc54da8f9e376921527db29400677e165b6e2f4aed158fd3aaa5162a66b325a7	876446a15400f81541df81723dd7eaeeb4b3f1e64034f296a2b691b7254b8bb4			2.8572041864979223	8	3	0.2220759220056126	Gaussian_in_log_lambda_constant_resolving_power	2400	2.8578896184521869	NIRSpec	G235H	G235H_run01	lambda_F_lambda_W_m-2	F_nu_Jy=lambda_F_lambda*lambda_um*1e20/c_m_s	F_nu_Jy	jwst_mcfost/runs/h2o_3um_method2_screen_v3/anchors/full_h2o/logical_target/h2o_3um_v3_w002/node03.lambda	214ae06aab6c78ec0d375d1f3a89e2deeaf109beb868021e97929cc9561c2bc3		expanded_n2401	1.9975051980918284	2401	2401	3003.7468767198525	1.2510399319949406	2.4822220872915486e-06	False		stellar_center	0.0	0.0	0.35	1	m2p25_c17p5_a0p40_q2p75_i0p05	2.25	2.75	c17p5	17.5	317.159480236321	100	1.0	7.3011756855e-08	70.0	0.03	0.4	128000	2	1	16	h2o_selected	jwst_mcfost/runs/h2o_3um_method2_screen_v3/parameters/h2o_selected_rt.para	53e7d2af20d3803c95144bc0809885d44da2324ffb8e6800d228c85b67412cdc	jwst_mcfost/runs/strict_continuum_cavity_mass_q_v1/models/m2p25_c17p5_a0p40_q2p75_i0p05/temperature/seed=41001/data_th/Temperature.fits.gz	1bd212f2f54dd8c1701a6064e129ba7fdb5721cb3fe296472433bbdd3b79ec1c	reused_accepted_continuum_temperature_screening_only_not_self_consistent_for_changed_dust	selected_h2o_disjoint_dhs_screening_dust	inside_h2o_optical_constants	feature_shape_scored	jwst_mcfost/runs/h2o_3um_method2_screen_v3/tasks/full_h2o/t008_h2o_3um_v3_w002_n03_s52001	df2a10804d1dedf9cf4831b40cd7ff5d1d8c12a1529f7503a32e9310045f423d
9	full_h2o	52001	logical_target	h2o_3um_v3_w002	h2o_3um_v3_w002		h2o_feature_optical_depth	jwst_mcfost/output/h2o_3um_observation_v3/stellar_center_h2o_target_lsf_nodes_R2400_v3.tsv	bc54da8f9e376921527db29400677e165b6e2f4aed158fd3aaa5162a66b325a7	8ca030766ecb004394ae6213f0712804a9f4f1532c8bd6f20340a9745c8692d4			2.8572041864979223	9	4	0.011257411327720693	Gaussian_in_log_lambda_constant_resolving_power	2400	2.8586489200895024	NIRSpec	G235H	G235H_run01	lambda_F_lambda_W_m-2	F_nu_Jy=lambda_F_lambda*lambda_um*1e20/c_m_s	F_nu_Jy	jwst_mcfost/runs/h2o_3um_method2_screen_v3/anchors/full_h2o/logical_target/h2o_3um_v3_w002/node04.lambda	29f024a20bb28951e60b5d8f2ea289fa5320b9b998affa7ab3abb419bbc00364		expanded_n2401	1.9975051980918284	2401	2401	3003.7468767198525	1.2510399319949406	2.4822220872915486e-06	False		stellar_center	0.0	0.0	0.35	1	m2p25_c17p5_a0p40_q2p75_i0p05	2.25	2.75	c17p5	17.5	317.159480236321	100	1.0	7.3011756855e-08	70.0	0.03	0.4	128000	2	1	16	h2o_selected	jwst_mcfost/runs/h2o_3um_method2_screen_v3/parameters/h2o_selected_rt.para	53e7d2af20d3803c95144bc0809885d44da2324ffb8e6800d228c85b67412cdc	jwst_mcfost/runs/strict_continuum_cavity_mass_q_v1/models/m2p25_c17p5_a0p40_q2p75_i0p05/temperature/seed=41001/data_th/Temperature.fits.gz	1bd212f2f54dd8c1701a6064e129ba7fdb5721cb3fe296472433bbdd3b79ec1c	reused_accepted_continuum_temperature_screening_only_not_self_consistent_for_changed_dust	selected_h2o_disjoint_dhs_screening_dust	inside_h2o_optical_constants	feature_shape_scored	jwst_mcfost/runs/h2o_3um_method2_screen_v3/tasks/full_h2o/t009_h2o_3um_v3_w002_n04_s52001	30c4ae956d37c53efc4b93e0aa82f575facfb858de0e50cc9926f4fcd011fdf7
10	full_h2o	52001	logical_target	h2o_3um_v3_w003	h2o_3um_v3_w003		h2o_feature_optical_depth	jwst_mcfost/output/h2o_3um_observation_v3/stellar_center_h2o_target_lsf_nodes_R2400_v3.tsv	bc54da8f9e376921527db29400677e165b6e2f4aed158fd3aaa5162a66b325a7	b6ac6641beeb92be050dad2933099c80df1519b89e9c0de0bea8b814405cd4fe			2.9025080554554101	10	0	0.011257411327720693	Gaussian_in_log_lambda_constant_resolving_power	2400	2.9010411558798523	NIRSpec	G235H	G235H_run01	lambda_F_lambda_W_m-2	F_nu_Jy=lambda_F_lambda*lambda_um*1e20/c_m_s	F_nu_Jy	jwst_mcfost/runs/h2o_3um_method2_screen_v3/anchors/full_h2o/logical_target/h2o_3um_v3_w003/node00.lambda	2e07abaf9f7bfc35b6d62d60b449ea8381feef10ccfa3711865ab85d1bf8d96d		expanded_n2401	1.9975051980918284	2401	2401	3003.7468767198525	1.2510399319949406	2.4822220872915486e-06	False		stellar_center	0.0	0.0	0.35	1	m2p25_c17p5_a0p40_q2p75_i0p05	2.25	2.75	c17p5	17.5	317.159480236321	100	1.0	7.3011756855e-08	70.0	0.03	0.4	128000	2	1	16	h2o_selected	jwst_mcfost/runs/h2o_3um_method2_screen_v3/parameters/h2o_selected_rt.para	53e7d2af20d3803c95144bc0809885d44da2324ffb8e6800d228c85b67412cdc	jwst_mcfost/runs/strict_continuum_cavity_mass_q_v1/models/m2p25_c17p5_a0p40_q2p75_i0p05/temperature/seed=41001/data_th/Temperature.fits.gz	1bd212f2f54dd8c1701a6064e129ba7fdb5721cb3fe296472433bbdd3b79ec1c	reused_accepted_continuum_temperature_screening_only_not_self_consistent_for_changed_dust	selected_h2o_disjoint_dhs_screening_dust	inside_h2o_optical_constants	feature_shape_scored	jwst_mcfost/runs/h2o_3um_method2_screen_v3/tasks/full_h2o/t010_h2o_3um_v3_w003_n00_s52001	8110bd9d2f0e891df9a1cfbb54ede381f0b142e542d2d9d5254d1a3ad078da75
11	full_h2o	52001	logical_target	h2o_3um_v3_w003	h2o_3um_v3_w003		h2o_feature_optical_depth	jwst_mcfost/output/h2o_3um_observation_v3/stellar_center_h2o_target_lsf_nodes_R2400_v3.tsv	bc54da8f9e376921527db29400677e165b6e2f4aed158fd3aaa5162a66b325a7	b12b712ad8f395d3e968747a3639ceed31575566c2d23a98bfee406e199eb6e4			2.9025080554554101	11	1	0.2220759220056126	Gaussian_in_log_lambda_constant_resolving_power	2400	2.9018119222822203	NIRSpec	G235H	G235H_run01	lambda_F_lambda_W_m-2	F_nu_Jy=lambda_F_lambda*lambda_um*1e20/c_m_s	F_nu_Jy	jwst_mcfost/runs/h2o_3um_method2_screen_v3/anchors/full_h2o/logical_target/h2o_3um_v3_w003/node01.lambda	3837d7fd6ff1a3915ae5711adf5a75ad1fd25eec5730a5fecdbc028eae0354b0		expanded_n2401	1.9975051980918284	2401	2401	3003.7468767198525	1.2510399319949406	2.4822220872915486e-06	False		stellar_center	0.0	0.0	0.35	1	m2p25_c17p5_a0p40_q2p75_i0p05	2.25	2.75	c17p5	17.5	317.159480236321	100	1.0	7.3011756855e-08	70.0	0.03	0.4	128000	2	1	16	h2o_selected	jwst_mcfost/runs/h2o_3um_method2_screen_v3/parameters/h2o_selected_rt.para	53e7d2af20d3803c95144bc0809885d44da2324ffb8e6800d228c85b67412cdc	jwst_mcfost/runs/strict_continuum_cavity_mass_q_v1/models/m2p25_c17p5_a0p40_q2p75_i0p05/temperature/seed=41001/data_th/Temperature.fits.gz	1bd212f2f54dd8c1701a6064e129ba7fdb5721cb3fe296472433bbdd3b79ec1c	reused_accepted_continuum_temperature_screening_only_not_self_consistent_for_changed_dust	selected_h2o_disjoint_dhs_screening_dust	inside_h2o_optical_constants	feature_shape_scored	jwst_mcfost/runs/h2o_3um_method2_screen_v3/tasks/full_h2o/t011_h2o_3um_v3_w003_n01_s52001	80139b75eab9e9a978c7186b785271c9e89aae64a088ffe5a849fff41b40fa00
12	full_h2o	52001	logical_target	h2o_3um_v3_w003	h2o_3um_v3_w003		h2o_feature_optical_depth	jwst_mcfost/output/h2o_3um_observation_v3/stellar_center_h2o_target_lsf_nodes_R2400_v3.tsv	bc54da8f9e376921527db29400677e165b6e2f4aed158fd3aaa5162a66b325a7	f3857fdec1a7fb8e4477782ecd440c5abe73f8abe4761e1e10a3bb2e7f86c009			2.9025080554554101	12	2	0.53333333333333333	Gaussian_in_log_lambda_constant_resolving_power	2400	2.9025080554554101	NIRSpec	G235H	G235H_run01	lambda_F_lambda_W_m-2	F_nu_Jy=lambda_F_lambda*lambda_um*1e20/c_m_s	F_nu_Jy	jwst_mcfost/runs/h2o_3um_method2_screen_v3/anchors/full_h2o/logical_target/h2o_3um_v3_w003/node02.lambda	81d5422b3abd61fe2bf0cf88a627520cc772e4bb0813b506c2f1f8e2850affc2		expanded_n2401	1.9975051980918284	2401	2401	3003.7468767198525	1.2510399319949406	2.4822220872915486e-06	False		stellar_center	0.0	0.0	0.35	1	m2p25_c17p5_a0p40_q2p75_i0p05	2.25	2.75	c17p5	17.5	317.159480236321	100	1.0	7.3011756855e-08	70.0	0.03	0.4	128000	2	1	16	h2o_selected	jwst_mcfost/runs/h2o_3um_method2_screen_v3/parameters/h2o_selected_rt.para	53e7d2af20d3803c95144bc0809885d44da2324ffb8e6800d228c85b67412cdc	jwst_mcfost/runs/strict_continuum_cavity_mass_q_v1/models/m2p25_c17p5_a0p40_q2p75_i0p05/temperature/seed=41001/data_th/Temperature.fits.gz	1bd212f2f54dd8c1701a6064e129ba7fdb5721cb3fe296472433bbdd3b79ec1c	reused_accepted_continuum_temperature_screening_only_not_self_consistent_for_changed_dust	selected_h2o_disjoint_dhs_screening_dust	inside_h2o_optical_constants	feature_shape_scored	jwst_mcfost/runs/h2o_3um_method2_screen_v3/tasks/full_h2o/t012_h2o_3um_v3_w003_n02_s52001	67d955fd98cc74c18eb7cc4b20712aafc2e82514125dd074b4c703d57bdc7a74
13	full_h2o	52001	logical_target	h2o_3um_v3_w003	h2o_3um_v3_w003		h2o_feature_optical_depth	jwst_mcfost/output/h2o_3um_observation_v3/stellar_center_h2o_target_lsf_nodes_R2400_v3.tsv	bc54da8f9e376921527db29400677e165b6e2f4aed158fd3aaa5162a66b325a7	41bc626c9cb9041e51ddcb0f7b2b54b205b0709a197399edcb312e6c4a22cc2d			2.9025080554554101	13	3	0.2220759220056126	Gaussian_in_log_lambda_constant_resolving_power	2400	2.9032043556281879	NIRSpec	G235H	G235H_run01	lambda_F_lambda_W_m-2	F_nu_Jy=lambda_F_lambda*lambda_um*1e20/c_m_s	F_nu_Jy	jwst_mcfost/runs/h2o_3um_method2_screen_v3/anchors/full_h2o/logical_target/h2o_3um_v3_w003/node03.lambda	8b937b90038da38bc14235b11daeb67f6167e49013f249f19ff7b340c977791f		expanded_n2401	1.9975051980918284	2401	2401	3003.7468767198525	1.2510399319949406	2.4822220872915486e-06	False		stellar_center	0.0	0.0	0.35	1	m2p25_c17p5_a0p40_q2p75_i0p05	2.25	2.75	c17p5	17.5	317.159480236321	100	1.0	7.3011756855e-08	70.0	0.03	0.4	128000	2	1	16	h2o_selected	jwst_mcfost/runs/h2o_3um_method2_screen_v3/parameters/h2o_selected_rt.para	53e7d2af20d3803c95144bc0809885d44da2324ffb8e6800d228c85b67412cdc	jwst_mcfost/runs/strict_continuum_cavity_mass_q_v1/models/m2p25_c17p5_a0p40_q2p75_i0p05/temperature/seed=41001/data_th/Temperature.fits.gz	1bd212f2f54dd8c1701a6064e129ba7fdb5721cb3fe296472433bbdd3b79ec1c	reused_accepted_continuum_temperature_screening_only_not_self_consistent_for_changed_dust	selected_h2o_disjoint_dhs_screening_dust	inside_h2o_optical_constants	feature_shape_scored	jwst_mcfost/runs/h2o_3um_method2_screen_v3/tasks/full_h2o/t013_h2o_3um_v3_w003_n03_s52001	3aaa95dd580978d3131b2047db672f903b040fa9458609966c468f518696c107
14	full_h2o	52001	logical_target	h2o_3um_v3_w003	h2o_3um_v3_w003		h2o_feature_optical_depth	jwst_mcfost/output/h2o_3um_observation_v3/stellar_center_h2o_target_lsf_nodes_R2400_v3.tsv	bc54da8f9e376921527db29400677e165b6e2f4aed158fd3aaa5162a66b325a7	a1be188b9661b54c5412794576196fe599d09d68d0d371423d82517dfe8492aa			2.9025080554554101	14	4	0.011257411327720693	Gaussian_in_log_lambda_constant_resolving_power	2400	2.9039756967627288	NIRSpec	G235H	G235H_run01	lambda_F_lambda_W_m-2	F_nu_Jy=lambda_F_lambda*lambda_um*1e20/c_m_s	F_nu_Jy	jwst_mcfost/runs/h2o_3um_method2_screen_v3/anchors/full_h2o/logical_target/h2o_3um_v3_w003/node04.lambda	2ecad41d6da3dabd9ce432e21338d23dddacbd2efc06516ec79ded1e48fb5848		expanded_n2401	1.9975051980918284	2401	2401	3003.7468767198525	1.2510399319949406	2.4822220872915486e-06	False		stellar_center	0.0	0.0	0.35	1	m2p25_c17p5_a0p40_q2p75_i0p05	2.25	2.75	c17p5	17.5	317.159480236321	100	1.0	7.3011756855e-08	70.0	0.03	0.4	128000	2	1	16	h2o_selected	jwst_mcfost/runs/h2o_3um_method2_screen_v3/parameters/h2o_selected_rt.para	53e7d2af20d3803c95144bc0809885d44da2324ffb8e6800d228c85b67412cdc	jwst_mcfost/runs/strict_continuum_cavity_mass_q_v1/models/m2p25_c17p5_a0p40_q2p75_i0p05/temperature/seed=41001/data_th/Temperature.fits.gz	1bd212f2f54dd8c1701a6064e129ba7fdb5721cb3fe296472433bbdd3b79ec1c	reused_accepted_continuum_temperature_screening_only_not_self_consistent_for_changed_dust	selected_h2o_disjoint_dhs_screening_dust	inside_h2o_optical_constants	feature_shape_scored	jwst_mcfost/runs/h2o_3um_method2_screen_v3/tasks/full_h2o/t014_h2o_3um_v3_w003_n04_s52001	7e38f5f8bd3fc261fd07f124a3c0875963428eebf8d6edb6f431081619de1403
15	full_h2o	52001	logical_target	h2o_3um_v3_w004	h2o_3um_v3_w004		h2o_feature_optical_depth	jwst_mcfost/output/h2o_3um_observation_v3/stellar_center_h2o_target_lsf_nodes_R2400_v3.tsv	bc54da8f9e376921527db29400677e165b6e2f4aed158fd3aaa5162a66b325a7	d7fdd6effcbebf66dba0948d2692ef823c09ca465b36f02283f232114bac3ebb			2.9489444454747278	15	0	0.011257411327720693	Gaussian_in_log_lambda_constant_resolving_power	2400	2.9474540773955487	NIRSpec	G235H	G235H_run01	lambda_F_lambda_W_m-2	F_nu_Jy=lambda_F_lambda*lambda_um*1e20/c_m_s	F_nu_Jy	jwst_mcfost/runs/h2o_3um_method2_screen_v3/anchors/full_h2o/logical_target/h2o_3um_v3_w004/node00.lambda	14ae29313f0ef2e83a67a1040506949938773f66fc81a95ef5fb827d02ccec22		expanded_n2401	1.9975051980918284	2401	2401	3003.7468767198525	1.2510399319949406	2.4822220872915486e-06	False		stellar_center	0.0	0.0	0.35	1	m2p25_c17p5_a0p40_q2p75_i0p05	2.25	2.75	c17p5	17.5	317.159480236321	100	1.0	7.3011756855e-08	70.0	0.03	0.4	128000	2	1	16	h2o_selected	jwst_mcfost/runs/h2o_3um_method2_screen_v3/parameters/h2o_selected_rt.para	53e7d2af20d3803c95144bc0809885d44da2324ffb8e6800d228c85b67412cdc	jwst_mcfost/runs/strict_continuum_cavity_mass_q_v1/models/m2p25_c17p5_a0p40_q2p75_i0p05/temperature/seed=41001/data_th/Temperature.fits.gz	1bd212f2f54dd8c1701a6064e129ba7fdb5721cb3fe296472433bbdd3b79ec1c	reused_accepted_continuum_temperature_screening_only_not_self_consistent_for_changed_dust	selected_h2o_disjoint_dhs_screening_dust	inside_h2o_optical_constants	feature_shape_scored	jwst_mcfost/runs/h2o_3um_method2_screen_v3/tasks/full_h2o/t015_h2o_3um_v3_w004_n00_s52001	915f8c3a54b0103f7dc2097e983902c3a15ad5118c4a64c8480fdf616930b64a
16	full_h2o	52001	logical_target	h2o_3um_v3_w004	h2o_3um_v3_w004		h2o_feature_optical_depth	jwst_mcfost/output/h2o_3um_observation_v3/stellar_center_h2o_target_lsf_nodes_R2400_v3.tsv	bc54da8f9e376921527db29400677e165b6e2f4aed158fd3aaa5162a66b325a7	7a1c4832cddc953498a55dada251f2a0cb985e774824ceb355ec3f920e486746			2.9489444454747278	16	1	0.2220759220056126	Gaussian_in_log_lambda_constant_resolving_power	2400	2.9482371750674914	NIRSpec	G235H	G235H_run01	lambda_F_lambda_W_m-2	F_nu_Jy=lambda_F_lambda*lambda_um*1e20/c_m_s	F_nu_Jy	jwst_mcfost/runs/h2o_3um_method2_screen_v3/anchors/full_h2o/logical_target/h2o_3um_v3_w004/node01.lambda	4ad98779007b8e623fd11726cab036958b1a80f4944d0a1b272aae3c82efe04e		expanded_n2401	1.9975051980918284	2401	2401	3003.7468767198525	1.2510399319949406	2.4822220872915486e-06	False		stellar_center	0.0	0.0	0.35	1	m2p25_c17p5_a0p40_q2p75_i0p05	2.25	2.75	c17p5	17.5	317.159480236321	100	1.0	7.3011756855e-08	70.0	0.03	0.4	128000	2	1	16	h2o_selected	jwst_mcfost/runs/h2o_3um_method2_screen_v3/parameters/h2o_selected_rt.para	53e7d2af20d3803c95144bc0809885d44da2324ffb8e6800d228c85b67412cdc	jwst_mcfost/runs/strict_continuum_cavity_mass_q_v1/models/m2p25_c17p5_a0p40_q2p75_i0p05/temperature/seed=41001/data_th/Temperature.fits.gz	1bd212f2f54dd8c1701a6064e129ba7fdb5721cb3fe296472433bbdd3b79ec1c	reused_accepted_continuum_temperature_screening_only_not_self_consistent_for_changed_dust	selected_h2o_disjoint_dhs_screening_dust	inside_h2o_optical_constants	feature_shape_scored	jwst_mcfost/runs/h2o_3um_method2_screen_v3/tasks/full_h2o/t016_h2o_3um_v3_w004_n01_s52001	608a3facb36c3e988b921aa0f8b686a568590e33dce198b22036b43ec67ea806
17	full_h2o	52001	logical_target	h2o_3um_v3_w004	h2o_3um_v3_w004		h2o_feature_optical_depth	jwst_mcfost/output/h2o_3um_observation_v3/stellar_center_h2o_target_lsf_nodes_R2400_v3.tsv	bc54da8f9e376921527db29400677e165b6e2f4aed158fd3aaa5162a66b325a7	5ba6b4f9110de56beb77b0b234ae6d12d187729fa20e5955d7edcbd62dc7c30f			2.9489444454747278	17	2	0.53333333333333333	Gaussian_in_log_lambda_constant_resolving_power	2400	2.9489444454747278	NIRSpec	G235H	G235H_run01	lambda_F_lambda_W_m-2	F_nu_Jy=lambda_F_lambda*lambda_um*1e20/c_m_s	F_nu_Jy	jwst_mcfost/runs/h2o_3um_method2_screen_v3/anchors/full_h2o/logical_target/h2o_3um_v3_w004/node02.lambda	f5ec7925d3fc81a1d1e145d3a9f9cf4413b8df3e58e5d75885f9a87c3af86faf		expanded_n2401	1.9975051980918284	2401	2401	3003.7468767198525	1.2510399319949406	2.4822220872915486e-06	False		stellar_center	0.0	0.0	0.35	1	m2p25_c17p5_a0p40_q2p75_i0p05	2.25	2.75	c17p5	17.5	317.159480236321	100	1.0	7.3011756855e-08	70.0	0.03	0.4	128000	2	1	16	h2o_selected	jwst_mcfost/runs/h2o_3um_method2_screen_v3/parameters/h2o_selected_rt.para	53e7d2af20d3803c95144bc0809885d44da2324ffb8e6800d228c85b67412cdc	jwst_mcfost/runs/strict_continuum_cavity_mass_q_v1/models/m2p25_c17p5_a0p40_q2p75_i0p05/temperature/seed=41001/data_th/Temperature.fits.gz	1bd212f2f54dd8c1701a6064e129ba7fdb5721cb3fe296472433bbdd3b79ec1c	reused_accepted_continuum_temperature_screening_only_not_self_consistent_for_changed_dust	selected_h2o_disjoint_dhs_screening_dust	inside_h2o_optical_constants	feature_shape_scored	jwst_mcfost/runs/h2o_3um_method2_screen_v3/tasks/full_h2o/t017_h2o_3um_v3_w004_n02_s52001	9e120e6fa35e4b114e460e7d5f2aafe0e4c6027f53f07d817ba92c91da7429d0
18	full_h2o	52001	logical_target	h2o_3um_v3_w004	h2o_3um_v3_w004		h2o_feature_optical_depth	jwst_mcfost/output/h2o_3um_observation_v3/stellar_center_h2o_target_lsf_nodes_R2400_v3.tsv	bc54da8f9e376921527db29400677e165b6e2f4aed158fd3aaa5162a66b325a7	27836b4b116b81c17e1e4097af097306f2951732973531d5affdc8a56bbc7837			2.9489444454747278	18	3	0.2220759220056126	Gaussian_in_log_lambda_constant_resolving_power	2400	2.9496518855533305	NIRSpec	G235H	G235H_run01	lambda_F_lambda_W_m-2	F_nu_Jy=lambda_F_lambda*lambda_um*1e20/c_m_s	F_nu_Jy	jwst_mcfost/runs/h2o_3um_method2_screen_v3/anchors/full_h2o/logical_target/h2o_3um_v3_w004/node03.lambda	21d325104915d555ef142fde6d4bcad159829add274aaee3964f5d74cabfad61		expanded_n2401	1.9975051980918284	2401	2401	3003.7468767198525	1.2510399319949406	2.4822220872915486e-06	False		stellar_center	0.0	0.0	0.35	1	m2p25_c17p5_a0p40_q2p75_i0p05	2.25	2.75	c17p5	17.5	317.159480236321	100	1.0	7.3011756855e-08	70.0	0.03	0.4	128000	2	1	16	h2o_selected	jwst_mcfost/runs/h2o_3um_method2_screen_v3/parameters/h2o_selected_rt.para	53e7d2af20d3803c95144bc0809885d44da2324ffb8e6800d228c85b67412cdc	jwst_mcfost/runs/strict_continuum_cavity_mass_q_v1/models/m2p25_c17p5_a0p40_q2p75_i0p05/temperature/seed=41001/data_th/Temperature.fits.gz	1bd212f2f54dd8c1701a6064e129ba7fdb5721cb3fe296472433bbdd3b79ec1c	reused_accepted_continuum_temperature_screening_only_not_self_consistent_for_changed_dust	selected_h2o_disjoint_dhs_screening_dust	inside_h2o_optical_constants	feature_shape_scored	jwst_mcfost/runs/h2o_3um_method2_screen_v3/tasks/full_h2o/t018_h2o_3um_v3_w004_n03_s52001	5f532c12feefd60032a8576dd5a20fe058e316769b506fc6abefe7e2c58eee9c
19	full_h2o	52001	logical_target	h2o_3um_v3_w004	h2o_3um_v3_w004		h2o_feature_optical_depth	jwst_mcfost/output/h2o_3um_observation_v3/stellar_center_h2o_target_lsf_nodes_R2400_v3.tsv	bc54da8f9e376921527db29400677e165b6e2f4aed158fd3aaa5162a66b325a7	382c6b19d4c3a9ed9f3722f1f54da9ca0a05a51673cdc9c7e24c7b7523a9d815			2.9489444454747278	19	4	0.011257411327720693	Gaussian_in_log_lambda_constant_resolving_power	2400	2.9504355671524207	NIRSpec	G235H	G235H_run01	lambda_F_lambda_W_m-2	F_nu_Jy=lambda_F_lambda*lambda_um*1e20/c_m_s	F_nu_Jy	jwst_mcfost/runs/h2o_3um_method2_screen_v3/anchors/full_h2o/logical_target/h2o_3um_v3_w004/node04.lambda	5af88554461142068f3abce918fb47afdd0a15470e593cbc2695b2da9c1ba49d		expanded_n2401	1.9975051980918284	2401	2401	3003.7468767198525	1.2510399319949406	2.4822220872915486e-06	False		stellar_center	0.0	0.0	0.35	1	m2p25_c17p5_a0p40_q2p75_i0p05	2.25	2.75	c17p5	17.5	317.159480236321	100	1.0	7.3011756855e-08	70.0	0.03	0.4	128000	2	1	16	h2o_selected	jwst_mcfost/runs/h2o_3um_method2_screen_v3/parameters/h2o_selected_rt.para	53e7d2af20d3803c95144bc0809885d44da2324ffb8e6800d228c85b67412cdc	jwst_mcfost/runs/strict_continuum_cavity_mass_q_v1/models/m2p25_c17p5_a0p40_q2p75_i0p05/temperature/seed=41001/data_th/Temperature.fits.gz	1bd212f2f54dd8c1701a6064e129ba7fdb5721cb3fe296472433bbdd3b79ec1c	reused_accepted_continuum_temperature_screening_only_not_self_consistent_for_changed_dust	selected_h2o_disjoint_dhs_screening_dust	inside_h2o_optical_constants	feature_shape_scored	jwst_mcfost/runs/h2o_3um_method2_screen_v3/tasks/full_h2o/t019_h2o_3um_v3_w004_n04_s52001	e50c26899649147a024e69e834a834ec3f08ffeb408cd0dcb7a755468eabf548
20	full_h2o	52001	logical_target	h2o_3um_v3_w005	h2o_3um_v3_w005		h2o_feature_optical_depth	jwst_mcfost/output/h2o_3um_observation_v3/stellar_center_h2o_target_lsf_nodes_R2400_v3.tsv	bc54da8f9e376921527db29400677e165b6e2f4aed158fd3aaa5162a66b325a7	17d87708a0dbbdaf4ce7a60872e3962bf34e06acc8751c6fd63cc3903488f607			3.008775542271851	20	0	0.011257411327720693	Gaussian_in_log_lambda_constant_resolving_power	2400	3.007254936133442	NIRSpec	G235H	G235H_run01	lambda_F_lambda_W_m-2	F_nu_Jy=lambda_F_lambda*lambda_um*1e20/c_m_s	F_nu_Jy	jwst_mcfost/runs/h2o_3um_method2_screen_v3/anchors/full_h2o/logical_target/h2o_3um_v3_w005/node00.lambda	000503f9d6e8001dee5a0005bc06f284ea020e6c55f96b71958de7483bf4ffcd		expanded_n2401	1.9975051980918284	2401	2401	3003.7468767198525	1.2510399319949406	2.4822220872915486e-06	False		stellar_center	0.0	0.0	0.35	1	m2p25_c17p5_a0p40_q2p75_i0p05	2.25	2.75	c17p5	17.5	317.159480236321	100	1.0	7.3011756855e-08	70.0	0.03	0.4	128000	2	1	16	h2o_selected	jwst_mcfost/runs/h2o_3um_method2_screen_v3/parameters/h2o_selected_rt.para	53e7d2af20d3803c95144bc0809885d44da2324ffb8e6800d228c85b67412cdc	jwst_mcfost/runs/strict_continuum_cavity_mass_q_v1/models/m2p25_c17p5_a0p40_q2p75_i0p05/temperature/seed=41001/data_th/Temperature.fits.gz	1bd212f2f54dd8c1701a6064e129ba7fdb5721cb3fe296472433bbdd3b79ec1c	reused_accepted_continuum_temperature_screening_only_not_self_consistent_for_changed_dust	selected_h2o_disjoint_dhs_screening_dust	inside_h2o_optical_constants	feature_shape_scored	jwst_mcfost/runs/h2o_3um_method2_screen_v3/tasks/full_h2o/t020_h2o_3um_v3_w005_n00_s52001	4e0bcd79197b611bc9cd49900584ac26ebff9ce61ce311ce4bdb497e43759fbb
21	full_h2o	52001	logical_target	h2o_3um_v3_w005	h2o_3um_v3_w005		h2o_feature_optical_depth	jwst_mcfost/output/h2o_3um_observation_v3/stellar_center_h2o_target_lsf_nodes_R2400_v3.tsv	bc54da8f9e376921527db29400677e165b6e2f4aed158fd3aaa5162a66b325a7	4faa08b8dd483a8732e53bc5e796fd61c11f7c621c867cbae09abe7ec81e0105			3.008775542271851	21	1	0.2220759220056126	Gaussian_in_log_lambda_constant_resolving_power	2400	3.0080539220642097	NIRSpec	G235H	G235H_run01	lambda_F_lambda_W_m-2	F_nu_Jy=lambda_F_lambda*lambda_um*1e20/c_m_s	F_nu_Jy	jwst_mcfost/runs/h2o_3um_method2_screen_v3/anchors/full_h2o/logical_target/h2o_3um_v3_w005/node01.lambda	e0b7b1db1e3a1589b1f219cd9b052b18acc51d82c355910e3d3036f5ae1f7cd2		expanded_n2401	1.9975051980918284	2401	2401	3003.7468767198525	1.2510399319949406	2.4822220872915486e-06	False		stellar_center	0.0	0.0	0.35	1	m2p25_c17p5_a0p40_q2p75_i0p05	2.25	2.75	c17p5	17.5	317.159480236321	100	1.0	7.3011756855e-08	70.0	0.03	0.4	128000	2	1	16	h2o_selected	jwst_mcfost/runs/h2o_3um_method2_screen_v3/parameters/h2o_selected_rt.para	53e7d2af20d3803c95144bc0809885d44da2324ffb8e6800d228c85b67412cdc	jwst_mcfost/runs/strict_continuum_cavity_mass_q_v1/models/m2p25_c17p5_a0p40_q2p75_i0p05/temperature/seed=41001/data_th/Temperature.fits.gz	1bd212f2f54dd8c1701a6064e129ba7fdb5721cb3fe296472433bbdd3b79ec1c	reused_accepted_continuum_temperature_screening_only_not_self_consistent_for_changed_dust	selected_h2o_disjoint_dhs_screening_dust	inside_h2o_optical_constants	feature_shape_scored	jwst_mcfost/runs/h2o_3um_method2_screen_v3/tasks/full_h2o/t021_h2o_3um_v3_w005_n01_s52001	19007ecdadd8581a91f1e267ed50aa4152b060f2f181f165dd93f4f9c4773e58
22	full_h2o	52001	logical_target	h2o_3um_v3_w005	h2o_3um_v3_w005		h2o_feature_optical_depth	jwst_mcfost/output/h2o_3um_observation_v3/stellar_center_h2o_target_lsf_nodes_R2400_v3.tsv	bc54da8f9e376921527db29400677e165b6e2f4aed158fd3aaa5162a66b325a7	114b170f6fa7ce4ffe544239c9e931ada79d77ced3f40e85953ffd2554ffd0ca			3.008775542271851	22	2	0.53333333333333333	Gaussian_in_log_lambda_constant_resolving_power	2400	3.008775542271851	NIRSpec	G235H	G235H_run01	lambda_F_lambda_W_m-2	F_nu_Jy=lambda_F_lambda*lambda_um*1e20/c_m_s	F_nu_Jy	jwst_mcfost/runs/h2o_3um_method2_screen_v3/anchors/full_h2o/logical_target/h2o_3um_v3_w005/node02.lambda	8039ec1f99d3698a67790561a9666309301b94a57a491ea99789ed928f2be83c		expanded_n2401	1.9975051980918284	2401	2401	3003.7468767198525	1.2510399319949406	2.4822220872915486e-06	False		stellar_center	0.0	0.0	0.35	1	m2p25_c17p5_a0p40_q2p75_i0p05	2.25	2.75	c17p5	17.5	317.159480236321	100	1.0	7.3011756855e-08	70.0	0.03	0.4	128000	2	1	16	h2o_selected	jwst_mcfost/runs/h2o_3um_method2_screen_v3/parameters/h2o_selected_rt.para	53e7d2af20d3803c95144bc0809885d44da2324ffb8e6800d228c85b67412cdc	jwst_mcfost/runs/strict_continuum_cavity_mass_q_v1/models/m2p25_c17p5_a0p40_q2p75_i0p05/temperature/seed=41001/data_th/Temperature.fits.gz	1bd212f2f54dd8c1701a6064e129ba7fdb5721cb3fe296472433bbdd3b79ec1c	reused_accepted_continuum_temperature_screening_only_not_self_consistent_for_changed_dust	selected_h2o_disjoint_dhs_screening_dust	inside_h2o_optical_constants	feature_shape_scored	jwst_mcfost/runs/h2o_3um_method2_screen_v3/tasks/full_h2o/t022_h2o_3um_v3_w005_n02_s52001	995d903e5b1d490759ff36e9b5d8166b6fa59a1beff61f3e065f2661e5431110
23	full_h2o	52001	logical_target	h2o_3um_v3_w005	h2o_3um_v3_w005		h2o_feature_optical_depth	jwst_mcfost/output/h2o_3um_observation_v3/stellar_center_h2o_target_lsf_nodes_R2400_v3.tsv	bc54da8f9e376921527db29400677e165b6e2f4aed158fd3aaa5162a66b325a7	7e31f5e47647dd3d80d70e02455d14a9878c5765732d9d789b3524df52914b6f			3.008775542271851	23	3	0.2220759220056126	Gaussian_in_log_lambda_constant_resolving_power	2400	3.0094973355933186	NIRSpec	G235H	G235H_run01	lambda_F_lambda_W_m-2	F_nu_Jy=lambda_F_lambda*lambda_um*1e20/c_m_s	F_nu_Jy	jwst_mcfost/runs/h2o_3um_method2_screen_v3/anchors/full_h2o/logical_target/h2o_3um_v3_w005/node03.lambda	12d4be248bbd36dacd0ab019520ab3b086a10ca66113e4f6404f41c911a20652		expanded_n2401	1.9975051980918284	2401	2401	3003.7468767198525	1.2510399319949406	2.4822220872915486e-06	False		stellar_center	0.0	0.0	0.35	1	m2p25_c17p5_a0p40_q2p75_i0p05	2.25	2.75	c17p5	17.5	317.159480236321	100	1.0	7.3011756855e-08	70.0	0.03	0.4	128000	2	1	16	h2o_selected	jwst_mcfost/runs/h2o_3um_method2_screen_v3/parameters/h2o_selected_rt.para	53e7d2af20d3803c95144bc0809885d44da2324ffb8e6800d228c85b67412cdc	jwst_mcfost/runs/strict_continuum_cavity_mass_q_v1/models/m2p25_c17p5_a0p40_q2p75_i0p05/temperature/seed=41001/data_th/Temperature.fits.gz	1bd212f2f54dd8c1701a6064e129ba7fdb5721cb3fe296472433bbdd3b79ec1c	reused_accepted_continuum_temperature_screening_only_not_self_consistent_for_changed_dust	selected_h2o_disjoint_dhs_screening_dust	inside_h2o_optical_constants	feature_shape_scored	jwst_mcfost/runs/h2o_3um_method2_screen_v3/tasks/full_h2o/t023_h2o_3um_v3_w005_n03_s52001	33c8860842d42545f68ac1e2e09e09cfaf97fc3170cab694987ed4f9de0f0c81
24	full_h2o	52001	logical_target	h2o_3um_v3_w005	h2o_3um_v3_w005		h2o_feature_optical_depth	jwst_mcfost/output/h2o_3um_observation_v3/stellar_center_h2o_target_lsf_nodes_R2400_v3.tsv	bc54da8f9e376921527db29400677e165b6e2f4aed158fd3aaa5162a66b325a7	0191e54eba320420adb5acf285d40c366402d3a2b58da4be66948e78d4fbbe40			3.008775542271851	24	4	0.011257411327720693	Gaussian_in_log_lambda_constant_resolving_power	2400	3.0102969172985246	NIRSpec	G235H	G235H_run01	lambda_F_lambda_W_m-2	F_nu_Jy=lambda_F_lambda*lambda_um*1e20/c_m_s	F_nu_Jy	jwst_mcfost/runs/h2o_3um_method2_screen_v3/anchors/full_h2o/logical_target/h2o_3um_v3_w005/node04.lambda	b780db8f022f3e86ab80f7ebc51b336fc6b11c8311461549cfdef7e65a510928		expanded_n2401	1.9975051980918284	2401	2401	3003.7468767198525	1.2510399319949406	2.4822220872915486e-06	False		stellar_center	0.0	0.0	0.35	1	m2p25_c17p5_a0p40_q2p75_i0p05	2.25	2.75	c17p5	17.5	317.159480236321	100	1.0	7.3011756855e-08	70.0	0.03	0.4	128000	2	1	16	h2o_selected	jwst_mcfost/runs/h2o_3um_method2_screen_v3/parameters/h2o_selected_rt.para	53e7d2af20d3803c95144bc0809885d44da2324ffb8e6800d228c85b67412cdc	jwst_mcfost/runs/strict_continuum_cavity_mass_q_v1/models/m2p25_c17p5_a0p40_q2p75_i0p05/temperature/seed=41001/data_th/Temperature.fits.gz	1bd212f2f54dd8c1701a6064e129ba7fdb5721cb3fe296472433bbdd3b79ec1c	reused_accepted_continuum_temperature_screening_only_not_self_consistent_for_changed_dust	selected_h2o_disjoint_dhs_screening_dust	inside_h2o_optical_constants	feature_shape_scored	jwst_mcfost/runs/h2o_3um_method2_screen_v3/tasks/full_h2o/t024_h2o_3um_v3_w005_n04_s52001	a6defcf390a804244edc91c7608371eaa32fe5db8143fa8f566912ce2d0ca5a4
25	full_h2o	52001	logical_target	h2o_3um_v3_w006	h2o_3um_v3_w006		h2o_feature_optical_depth	jwst_mcfost/output/h2o_3um_observation_v3/stellar_center_h2o_target_lsf_nodes_R2400_v3.tsv	bc54da8f9e376921527db29400677e165b6e2f4aed158fd3aaa5162a66b325a7	004a066982db005ca3a789c1e17279ca8be14991ce71a05934aff7de29e1becd			3.0764795490679795	25	0	0.011257411327720693	Gaussian_in_log_lambda_constant_resolving_power	2400	3.0749247259775636	NIRSpec	G395H	G395H_run00	lambda_F_lambda_W_m-2	F_nu_Jy=lambda_F_lambda*lambda_um*1e20/c_m_s	F_nu_Jy	jwst_mcfost/runs/h2o_3um_method2_screen_v3/anchors/full_h2o/logical_target/h2o_3um_v3_w006/node00.lambda	540aaf71ff5aa769254fdac60769cd5207d108bf03ac4bda30c107ea674e2694		expanded_n2401	1.9975051980918284	2401	2401	3003.7468767198525	1.2510399319949406	2.4822220872915486e-06	False		stellar_center	0.0	0.0	0.35	1	m2p25_c17p5_a0p40_q2p75_i0p05	2.25	2.75	c17p5	17.5	317.159480236321	100	1.0	7.3011756855e-08	70.0	0.03	0.4	128000	2	1	16	h2o_selected	jwst_mcfost/runs/h2o_3um_method2_screen_v3/parameters/h2o_selected_rt.para	53e7d2af20d3803c95144bc0809885d44da2324ffb8e6800d228c85b67412cdc	jwst_mcfost/runs/strict_continuum_cavity_mass_q_v1/models/m2p25_c17p5_a0p40_q2p75_i0p05/temperature/seed=41001/data_th/Temperature.fits.gz	1bd212f2f54dd8c1701a6064e129ba7fdb5721cb3fe296472433bbdd3b79ec1c	reused_accepted_continuum_temperature_screening_only_not_self_consistent_for_changed_dust	selected_h2o_disjoint_dhs_screening_dust	inside_h2o_optical_constants	feature_shape_scored	jwst_mcfost/runs/h2o_3um_method2_screen_v3/tasks/full_h2o/t025_h2o_3um_v3_w006_n00_s52001	1284ecf98782ab470febf6d855dcf362ed2e2896cd7df85a1f132d15fcddccd3
26	full_h2o	52001	logical_target	h2o_3um_v3_w006	h2o_3um_v3_w006		h2o_feature_optical_depth	jwst_mcfost/output/h2o_3um_observation_v3/stellar_center_h2o_target_lsf_nodes_R2400_v3.tsv	bc54da8f9e376921527db29400677e165b6e2f4aed158fd3aaa5162a66b325a7	a4793ff3fcd8d8e3fd0ada1e94a62ad97a68a0951dc172fdb6f9b1fdd1848872			3.0764795490679795	26	1	0.2220759220056126	Gaussian_in_log_lambda_constant_resolving_power	2400	3.0757416908330226	NIRSpec	G395H	G395H_run00	lambda_F_lambda_W_m-2	F_nu_Jy=lambda_F_lambda*lambda_um*1e20/c_m_s	F_nu_Jy	jwst_mcfost/runs/h2o_3um_method2_screen_v3/anchors/full_h2o/logical_target/h2o_3um_v3_w006/node01.lambda	a9ad385155cf7108cfe2826e50f4a79066a845fc381755296a3acbb5982b4e2b		expanded_n2401	1.9975051980918284	2401	2401	3003.7468767198525	1.2510399319949406	2.4822220872915486e-06	False		stellar_center	0.0	0.0	0.35	1	m2p25_c17p5_a0p40_q2p75_i0p05	2.25	2.75	c17p5	17.5	317.159480236321	100	1.0	7.3011756855e-08	70.0	0.03	0.4	128000	2	1	16	h2o_selected	jwst_mcfost/runs/h2o_3um_method2_screen_v3/parameters/h2o_selected_rt.para	53e7d2af20d3803c95144bc0809885d44da2324ffb8e6800d228c85b67412cdc	jwst_mcfost/runs/strict_continuum_cavity_mass_q_v1/models/m2p25_c17p5_a0p40_q2p75_i0p05/temperature/seed=41001/data_th/Temperature.fits.gz	1bd212f2f54dd8c1701a6064e129ba7fdb5721cb3fe296472433bbdd3b79ec1c	reused_accepted_continuum_temperature_screening_only_not_self_consistent_for_changed_dust	selected_h2o_disjoint_dhs_screening_dust	inside_h2o_optical_constants	feature_shape_scored	jwst_mcfost/runs/h2o_3um_method2_screen_v3/tasks/full_h2o/t026_h2o_3um_v3_w006_n01_s52001	62d1e447a8c1629d2d735d15839a342dfcb35fb4565a8acc47460a6b800c0598
27	full_h2o	52001	logical_target	h2o_3um_v3_w006	h2o_3um_v3_w006		h2o_feature_optical_depth	jwst_mcfost/output/h2o_3um_observation_v3/stellar_center_h2o_target_lsf_nodes_R2400_v3.tsv	bc54da8f9e376921527db29400677e165b6e2f4aed158fd3aaa5162a66b325a7	2cc093809e70c4e77232f365a7f4d89ee53d9c5dd9799984dc81bed364faca58			3.0764795490679795	27	2	0.53333333333333333	Gaussian_in_log_lambda_constant_resolving_power	2400	3.0764795490679795	NIRSpec	G395H	G395H_run00	lambda_F_lambda_W_m-2	F_nu_Jy=lambda_F_lambda*lambda_um*1e20/c_m_s	F_nu_Jy	jwst_mcfost/runs/h2o_3um_method2_screen_v3/anchors/full_h2o/logical_target/h2o_3um_v3_w006/node02.lambda	ccda11e0440c3d2374e801ae505d1627e1529bc086bd9713d80ef5869fa4f24e		expanded_n2401	1.9975051980918284	2401	2401	3003.7468767198525	1.2510399319949406	2.4822220872915486e-06	False		stellar_center	0.0	0.0	0.35	1	m2p25_c17p5_a0p40_q2p75_i0p05	2.25	2.75	c17p5	17.5	317.159480236321	100	1.0	7.3011756855e-08	70.0	0.03	0.4	128000	2	1	16	h2o_selected	jwst_mcfost/runs/h2o_3um_method2_screen_v3/parameters/h2o_selected_rt.para	53e7d2af20d3803c95144bc0809885d44da2324ffb8e6800d228c85b67412cdc	jwst_mcfost/runs/strict_continuum_cavity_mass_q_v1/models/m2p25_c17p5_a0p40_q2p75_i0p05/temperature/seed=41001/data_th/Temperature.fits.gz	1bd212f2f54dd8c1701a6064e129ba7fdb5721cb3fe296472433bbdd3b79ec1c	reused_accepted_continuum_temperature_screening_only_not_self_consistent_for_changed_dust	selected_h2o_disjoint_dhs_screening_dust	inside_h2o_optical_constants	feature_shape_scored	jwst_mcfost/runs/h2o_3um_method2_screen_v3/tasks/full_h2o/t027_h2o_3um_v3_w006_n02_s52001	8f7a1d0fd8a3a1aa74607c4dc85cc2c0bac0870db1a5433075b83362464030ac
28	full_h2o	52001	logical_target	h2o_3um_v3_w006	h2o_3um_v3_w006		h2o_feature_optical_depth	jwst_mcfost/output/h2o_3um_observation_v3/stellar_center_h2o_target_lsf_nodes_R2400_v3.tsv	bc54da8f9e376921527db29400677e165b6e2f4aed158fd3aaa5162a66b325a7	e459a139569d4ee8cb624870710d06b116b3c2e96cd7acd7ccb2bfc8524774aa			3.0764795490679795	28	3	0.2220759220056126	Gaussian_in_log_lambda_constant_resolving_power	2400	3.0772175843122009	NIRSpec	G395H	G395H_run00	lambda_F_lambda_W_m-2	F_nu_Jy=lambda_F_lambda*lambda_um*1e20/c_m_s	F_nu_Jy	jwst_mcfost/runs/h2o_3um_method2_screen_v3/anchors/full_h2o/logical_target/h2o_3um_v3_w006/node03.lambda	046a3feec39160659a011b17fa1ff833439b5ae55f1474bc49cc04a7e03b9ab5		expanded_n2401	1.9975051980918284	2401	2401	3003.7468767198525	1.2510399319949406	2.4822220872915486e-06	False		stellar_center	0.0	0.0	0.35	1	m2p25_c17p5_a0p40_q2p75_i0p05	2.25	2.75	c17p5	17.5	317.159480236321	100	1.0	7.3011756855e-08	70.0	0.03	0.4	128000	2	1	16	h2o_selected	jwst_mcfost/runs/h2o_3um_method2_screen_v3/parameters/h2o_selected_rt.para	53e7d2af20d3803c95144bc0809885d44da2324ffb8e6800d228c85b67412cdc	jwst_mcfost/runs/strict_continuum_cavity_mass_q_v1/models/m2p25_c17p5_a0p40_q2p75_i0p05/temperature/seed=41001/data_th/Temperature.fits.gz	1bd212f2f54dd8c1701a6064e129ba7fdb5721cb3fe296472433bbdd3b79ec1c	reused_accepted_continuum_temperature_screening_only_not_self_consistent_for_changed_dust	selected_h2o_disjoint_dhs_screening_dust	inside_h2o_optical_constants	feature_shape_scored	jwst_mcfost/runs/h2o_3um_method2_screen_v3/tasks/full_h2o/t028_h2o_3um_v3_w006_n03_s52001	333cd20633b11c94d32af69023f65777c3ba8f5db54aa4869629a2d62cded690
29	full_h2o	52001	logical_target	h2o_3um_v3_w006	h2o_3um_v3_w006		h2o_feature_optical_depth	jwst_mcfost/output/h2o_3um_observation_v3/stellar_center_h2o_target_lsf_nodes_R2400_v3.tsv	bc54da8f9e376921527db29400677e165b6e2f4aed158fd3aaa5162a66b325a7	67272680c0f1525635170018329acacc6fc62d5d179ab1b314a2213fa5732201			3.0764795490679795	29	4	0.011257411327720693	Gaussian_in_log_lambda_constant_resolving_power	2400	3.0780351583483214	NIRSpec	G395H	G395H_run00	lambda_F_lambda_W_m-2	F_nu_Jy=lambda_F_lambda*lambda_um*1e20/c_m_s	F_nu_Jy	jwst_mcfost/runs/h2o_3um_method2_screen_v3/anchors/full_h2o/logical_target/h2o_3um_v3_w006/node04.lambda	aca6087756645b6fb996c8799536f2e3d3c1900b5324313521836f7b13d8061e		expanded_n2401	1.9975051980918284	2401	2401	3003.7468767198525	1.2510399319949406	2.4822220872915486e-06	False		stellar_center	0.0	0.0	0.35	1	m2p25_c17p5_a0p40_q2p75_i0p05	2.25	2.75	c17p5	17.5	317.159480236321	100	1.0	7.3011756855e-08	70.0	0.03	0.4	128000	2	1	16	h2o_selected	jwst_mcfost/runs/h2o_3um_method2_screen_v3/parameters/h2o_selected_rt.para	53e7d2af20d3803c95144bc0809885d44da2324ffb8e6800d228c85b67412cdc	jwst_mcfost/runs/strict_continuum_cavity_mass_q_v1/models/m2p25_c17p5_a0p40_q2p75_i0p05/temperature/seed=41001/data_th/Temperature.fits.gz	1bd212f2f54dd8c1701a6064e129ba7fdb5721cb3fe296472433bbdd3b79ec1c	reused_accepted_continuum_temperature_screening_only_not_self_consistent_for_changed_dust	selected_h2o_disjoint_dhs_screening_dust	inside_h2o_optical_constants	feature_shape_scored	jwst_mcfost/runs/h2o_3um_method2_screen_v3/tasks/full_h2o/t029_h2o_3um_v3_w006_n04_s52001	dde022d19dd94a4f9ca25055fe308d672de4a217b6fde812534acd0fefe622ce
30	full_h2o	52001	logical_target	h2o_3um_v3_w007	h2o_3um_v3_w007		h2o_feature_optical_depth	jwst_mcfost/output/h2o_3um_observation_v3/stellar_center_h2o_target_lsf_nodes_R2400_v3.tsv	bc54da8f9e376921527db29400677e165b6e2f4aed158fd3aaa5162a66b325a7	3f7589c8f801fca885b3d7a28b088a9ce857edd8cb73a6bf860c3234676a4a0a			3.1192136084987556	30	0	0.011257411327720693	Gaussian_in_log_lambda_constant_resolving_power	2400	3.1176371880268876	NIRSpec	G395H	G395H_run00	lambda_F_lambda_W_m-2	F_nu_Jy=lambda_F_lambda*lambda_um*1e20/c_m_s	F_nu_Jy	jwst_mcfost/runs/h2o_3um_method2_screen_v3/anchors/full_h2o/logical_target/h2o_3um_v3_w007/node00.lambda	9c6ca9c5976d5f008675ddff138ed8e3fcbd17bfe8a2f5e7f2049a69220cc79c		expanded_n2401	1.9975051980918284	2401	2401	3003.7468767198525	1.2510399319949406	2.4822220872915486e-06	False		stellar_center	0.0	0.0	0.35	1	m2p25_c17p5_a0p40_q2p75_i0p05	2.25	2.75	c17p5	17.5	317.159480236321	100	1.0	7.3011756855e-08	70.0	0.03	0.4	128000	2	1	16	h2o_selected	jwst_mcfost/runs/h2o_3um_method2_screen_v3/parameters/h2o_selected_rt.para	53e7d2af20d3803c95144bc0809885d44da2324ffb8e6800d228c85b67412cdc	jwst_mcfost/runs/strict_continuum_cavity_mass_q_v1/models/m2p25_c17p5_a0p40_q2p75_i0p05/temperature/seed=41001/data_th/Temperature.fits.gz	1bd212f2f54dd8c1701a6064e129ba7fdb5721cb3fe296472433bbdd3b79ec1c	reused_accepted_continuum_temperature_screening_only_not_self_consistent_for_changed_dust	selected_h2o_disjoint_dhs_screening_dust	inside_h2o_optical_constants	feature_shape_scored	jwst_mcfost/runs/h2o_3um_method2_screen_v3/tasks/full_h2o/t030_h2o_3um_v3_w007_n00_s52001	791cf294329ebcae6082e880cc23667d9a397c6b870391ca01686499688232bd
31	full_h2o	52001	logical_target	h2o_3um_v3_w007	h2o_3um_v3_w007		h2o_feature_optical_depth	jwst_mcfost/output/h2o_3um_observation_v3/stellar_center_h2o_target_lsf_nodes_R2400_v3.tsv	bc54da8f9e376921527db29400677e165b6e2f4aed158fd3aaa5162a66b325a7	5241b454361065215253183ef40bf44ed0d6551df8da0cebb075d9ae451f9011			3.1192136084987556	31	1	0.2220759220056126	Gaussian_in_log_lambda_constant_resolving_power	2400	3.1184655009911606	NIRSpec	G395H	G395H_run00	lambda_F_lambda_W_m-2	F_nu_Jy=lambda_F_lambda*lambda_um*1e20/c_m_s	F_nu_Jy	jwst_mcfost/runs/h2o_3um_method2_screen_v3/anchors/full_h2o/logical_target/h2o_3um_v3_w007/node01.lambda	cdf74bfb064b55c30dc9ea67b007a8224cb2c137dcfcb03d55b8deb4e7c8f2ba		expanded_n2401	1.9975051980918284	2401	2401	3003.7468767198525	1.2510399319949406	2.4822220872915486e-06	False		stellar_center	0.0	0.0	0.35	1	m2p25_c17p5_a0p40_q2p75_i0p05	2.25	2.75	c17p5	17.5	317.159480236321	100	1.0	7.3011756855e-08	70.0	0.03	0.4	128000	2	1	16	h2o_selected	jwst_mcfost/runs/h2o_3um_method2_screen_v3/parameters/h2o_selected_rt.para	53e7d2af20d3803c95144bc0809885d44da2324ffb8e6800d228c85b67412cdc	jwst_mcfost/runs/strict_continuum_cavity_mass_q_v1/models/m2p25_c17p5_a0p40_q2p75_i0p05/temperature/seed=41001/data_th/Temperature.fits.gz	1bd212f2f54dd8c1701a6064e129ba7fdb5721cb3fe296472433bbdd3b79ec1c	reused_accepted_continuum_temperature_screening_only_not_self_consistent_for_changed_dust	selected_h2o_disjoint_dhs_screening_dust	inside_h2o_optical_constants	feature_shape_scored	jwst_mcfost/runs/h2o_3um_method2_screen_v3/tasks/full_h2o/t031_h2o_3um_v3_w007_n01_s52001	cee8ee9e9783ede674a3152cc2c28f48da9c7808c888c42c828f759ef1466533
32	full_h2o	52001	logical_target	h2o_3um_v3_w007	h2o_3um_v3_w007		h2o_feature_optical_depth	jwst_mcfost/output/h2o_3um_observation_v3/stellar_center_h2o_target_lsf_nodes_R2400_v3.tsv	bc54da8f9e376921527db29400677e165b6e2f4aed158fd3aaa5162a66b325a7	4fd107063f149800aa7c668dfe12dc16f4dd2bd990b23b977c6aff525573c326			3.1192136084987556	32	2	0.53333333333333333	Gaussian_in_log_lambda_constant_resolving_power	2400	3.1192136084987556	NIRSpec	G395H	G395H_run00	lambda_F_lambda_W_m-2	F_nu_Jy=lambda_F_lambda*lambda_um*1e20/c_m_s	F_nu_Jy	jwst_mcfost/runs/h2o_3um_method2_screen_v3/anchors/full_h2o/logical_target/h2o_3um_v3_w007/node02.lambda	2f0cc4061a98a8defbc37c26cbf096cc171d1d3c01c4865a971c12eb960ddc3b		expanded_n2401	1.9975051980918284	2401	2401	3003.7468767198525	1.2510399319949406	2.4822220872915486e-06	False		stellar_center	0.0	0.0	0.35	1	m2p25_c17p5_a0p40_q2p75_i0p05	2.25	2.75	c17p5	17.5	317.159480236321	100	1.0	7.3011756855e-08	70.0	0.03	0.4	128000	2	1	16	h2o_selected	jwst_mcfost/runs/h2o_3um_method2_screen_v3/parameters/h2o_selected_rt.para	53e7d2af20d3803c95144bc0809885d44da2324ffb8e6800d228c85b67412cdc	jwst_mcfost/runs/strict_continuum_cavity_mass_q_v1/models/m2p25_c17p5_a0p40_q2p75_i0p05/temperature/seed=41001/data_th/Temperature.fits.gz	1bd212f2f54dd8c1701a6064e129ba7fdb5721cb3fe296472433bbdd3b79ec1c	reused_accepted_continuum_temperature_screening_only_not_self_consistent_for_changed_dust	selected_h2o_disjoint_dhs_screening_dust	inside_h2o_optical_constants	feature_shape_scored	jwst_mcfost/runs/h2o_3um_method2_screen_v3/tasks/full_h2o/t032_h2o_3um_v3_w007_n02_s52001	6a9782b190ff558b9057b77e9d62ad973b7dd0d78b859db475e43dc1d9f470f2
33	full_h2o	52001	logical_target	h2o_3um_v3_w007	h2o_3um_v3_w007		h2o_feature_optical_depth	jwst_mcfost/output/h2o_3um_observation_v3/stellar_center_h2o_target_lsf_nodes_R2400_v3.tsv	bc54da8f9e376921527db29400677e165b6e2f4aed158fd3aaa5162a66b325a7	d46f8f7d7897957539e2922a5c66b8830eb9f288d3881e488c138b2b0f63fb75			3.1192136084987556	33	3	0.2220759220056126	Gaussian_in_log_lambda_constant_resolving_power	2400	3.1199618954743751	NIRSpec	G395H	G395H_run00	lambda_F_lambda_W_m-2	F_nu_Jy=lambda_F_lambda*lambda_um*1e20/c_m_s	F_nu_Jy	jwst_mcfost/runs/h2o_3um_method2_screen_v3/anchors/full_h2o/logical_target/h2o_3um_v3_w007/node03.lambda	bd836312f2f7a103d17822dd83cb21ee33ef61bc170b39accbd7180ea4a65c68		expanded_n2401	1.9975051980918284	2401	2401	3003.7468767198525	1.2510399319949406	2.4822220872915486e-06	False		stellar_center	0.0	0.0	0.35	1	m2p25_c17p5_a0p40_q2p75_i0p05	2.25	2.75	c17p5	17.5	317.159480236321	100	1.0	7.3011756855e-08	70.0	0.03	0.4	128000	2	1	16	h2o_selected	jwst_mcfost/runs/h2o_3um_method2_screen_v3/parameters/h2o_selected_rt.para	53e7d2af20d3803c95144bc0809885d44da2324ffb8e6800d228c85b67412cdc	jwst_mcfost/runs/strict_continuum_cavity_mass_q_v1/models/m2p25_c17p5_a0p40_q2p75_i0p05/temperature/seed=41001/data_th/Temperature.fits.gz	1bd212f2f54dd8c1701a6064e129ba7fdb5721cb3fe296472433bbdd3b79ec1c	reused_accepted_continuum_temperature_screening_only_not_self_consistent_for_changed_dust	selected_h2o_disjoint_dhs_screening_dust	inside_h2o_optical_constants	feature_shape_scored	jwst_mcfost/runs/h2o_3um_method2_screen_v3/tasks/full_h2o/t033_h2o_3um_v3_w007_n03_s52001	11747d4b889a6c222ef1889447fbdada7a74f6e8f0d9d5734fb076d0f50a4c7c
34	full_h2o	52001	logical_target	h2o_3um_v3_w007	h2o_3um_v3_w007		h2o_feature_optical_depth	jwst_mcfost/output/h2o_3um_observation_v3/stellar_center_h2o_target_lsf_nodes_R2400_v3.tsv	bc54da8f9e376921527db29400677e165b6e2f4aed158fd3aaa5162a66b325a7	d80c5d6aeb2f039b22917ec8c73f57f705998525a96ecde05ff410a39d971b90			3.1192136084987556	34	4	0.011257411327720693	Gaussian_in_log_lambda_constant_resolving_power	2400	3.1207908260811772	NIRSpec	G395H	G395H_run00	lambda_F_lambda_W_m-2	F_nu_Jy=lambda_F_lambda*lambda_um*1e20/c_m_s	F_nu_Jy	jwst_mcfost/runs/h2o_3um_method2_screen_v3/anchors/full_h2o/logical_target/h2o_3um_v3_w007/node04.lambda	277d2a0f864a1b5280fe67df42c47a1cde5b6f114917a18dbf630a01a3a18cbc		expanded_n2401	1.9975051980918284	2401	2401	3003.7468767198525	1.2510399319949406	2.4822220872915486e-06	False		stellar_center	0.0	0.0	0.35	1	m2p25_c17p5_a0p40_q2p75_i0p05	2.25	2.75	c17p5	17.5	317.159480236321	100	1.0	7.3011756855e-08	70.0	0.03	0.4	128000	2	1	16	h2o_selected	jwst_mcfost/runs/h2o_3um_method2_screen_v3/parameters/h2o_selected_rt.para	53e7d2af20d3803c95144bc0809885d44da2324ffb8e6800d228c85b67412cdc	jwst_mcfost/runs/strict_continuum_cavity_mass_q_v1/models/m2p25_c17p5_a0p40_q2p75_i0p05/temperature/seed=41001/data_th/Temperature.fits.gz	1bd212f2f54dd8c1701a6064e129ba7fdb5721cb3fe296472433bbdd3b79ec1c	reused_accepted_continuum_temperature_screening_only_not_self_consistent_for_changed_dust	selected_h2o_disjoint_dhs_screening_dust	inside_h2o_optical_constants	feature_shape_scored	jwst_mcfost/runs/h2o_3um_method2_screen_v3/tasks/full_h2o/t034_h2o_3um_v3_w007_n04_s52001	ad678e931d2e1b96d0e3b64478884713b13d49320c84047fbb90c1a6e01d6a3a
35	full_h2o	52001	logical_target	h2o_3um_v3_w008	h2o_3um_v3_w008		h2o_feature_optical_depth	jwst_mcfost/output/h2o_3um_observation_v3/stellar_center_h2o_target_lsf_nodes_R2400_v3.tsv	bc54da8f9e376921527db29400677e165b6e2f4aed158fd3aaa5162a66b325a7	73361524e31f88369781915b661095d61e2d763650d07928435085146cda9523			3.1583025782429441	35	0	0.011257411327720693	Gaussian_in_log_lambda_constant_resolving_power	2400	3.156706402582794	NIRSpec	G395H	G395H_run00	lambda_F_lambda_W_m-2	F_nu_Jy=lambda_F_lambda*lambda_um*1e20/c_m_s	F_nu_Jy	jwst_mcfost/runs/h2o_3um_method2_screen_v3/anchors/full_h2o/logical_target/h2o_3um_v3_w008/node00.lambda	a26aef8bd1a5deae634ac6488bffa33881609b301831f9213508359c4f140e43		expanded_n2401	1.9975051980918284	2401	2401	3003.7468767198525	1.2510399319949406	2.4822220872915486e-06	False		stellar_center	0.0	0.0	0.35	1	m2p25_c17p5_a0p40_q2p75_i0p05	2.25	2.75	c17p5	17.5	317.159480236321	100	1.0	7.3011756855e-08	70.0	0.03	0.4	128000	2	1	16	h2o_selected	jwst_mcfost/runs/h2o_3um_method2_screen_v3/parameters/h2o_selected_rt.para	53e7d2af20d3803c95144bc0809885d44da2324ffb8e6800d228c85b67412cdc	jwst_mcfost/runs/strict_continuum_cavity_mass_q_v1/models/m2p25_c17p5_a0p40_q2p75_i0p05/temperature/seed=41001/data_th/Temperature.fits.gz	1bd212f2f54dd8c1701a6064e129ba7fdb5721cb3fe296472433bbdd3b79ec1c	reused_accepted_continuum_temperature_screening_only_not_self_consistent_for_changed_dust	selected_h2o_disjoint_dhs_screening_dust	inside_h2o_optical_constants	feature_shape_scored	jwst_mcfost/runs/h2o_3um_method2_screen_v3/tasks/full_h2o/t035_h2o_3um_v3_w008_n00_s52001	94a051a0a4fbf6b38be3cffba0c008c2f7797df220cd7f6fb5b3dbe6411e364b
36	full_h2o	52001	logical_target	h2o_3um_v3_w008	h2o_3um_v3_w008		h2o_feature_optical_depth	jwst_mcfost/output/h2o_3um_observation_v3/stellar_center_h2o_target_lsf_nodes_R2400_v3.tsv	bc54da8f9e376921527db29400677e165b6e2f4aed158fd3aaa5162a66b325a7	630e4a6e135ea1862fac5ff760dcef0ab9303d3dfbd0c223387120b22de833f9			3.1583025782429441	36	1	0.2220759220056126	Gaussian_in_log_lambda_constant_resolving_power	2400	3.1575450956955473	NIRSpec	G395H	G395H_run00	lambda_F_lambda_W_m-2	F_nu_Jy=lambda_F_lambda*lambda_um*1e20/c_m_s	F_nu_Jy	jwst_mcfost/runs/h2o_3um_method2_screen_v3/anchors/full_h2o/logical_target/h2o_3um_v3_w008/node01.lambda	c7bed5ecc044321b32068d2006cbebbd5886bfb7753a360d27221b24981ce09f		expanded_n2401	1.9975051980918284	2401	2401	3003.7468767198525	1.2510399319949406	2.4822220872915486e-06	False		stellar_center	0.0	0.0	0.35	1	m2p25_c17p5_a0p40_q2p75_i0p05	2.25	2.75	c17p5	17.5	317.159480236321	100	1.0	7.3011756855e-08	70.0	0.03	0.4	128000	2	1	16	h2o_selected	jwst_mcfost/runs/h2o_3um_method2_screen_v3/parameters/h2o_selected_rt.para	53e7d2af20d3803c95144bc0809885d44da2324ffb8e6800d228c85b67412cdc	jwst_mcfost/runs/strict_continuum_cavity_mass_q_v1/models/m2p25_c17p5_a0p40_q2p75_i0p05/temperature/seed=41001/data_th/Temperature.fits.gz	1bd212f2f54dd8c1701a6064e129ba7fdb5721cb3fe296472433bbdd3b79ec1c	reused_accepted_continuum_temperature_screening_only_not_self_consistent_for_changed_dust	selected_h2o_disjoint_dhs_screening_dust	inside_h2o_optical_constants	feature_shape_scored	jwst_mcfost/runs/h2o_3um_method2_screen_v3/tasks/full_h2o/t036_h2o_3um_v3_w008_n01_s52001	f65c101f93dd2ef1fc8485e5792ded3e225844bafc52dd4193a88d2660c5fdbf
37	full_h2o	52001	logical_target	h2o_3um_v3_w008	h2o_3um_v3_w008		h2o_feature_optical_depth	jwst_mcfost/output/h2o_3um_observation_v3/stellar_center_h2o_target_lsf_nodes_R2400_v3.tsv	bc54da8f9e376921527db29400677e165b6e2f4aed158fd3aaa5162a66b325a7	e34ea7b53b5abf55caefee6fe6ccb15d3039a1710d06e636caf204ac7c2d747f			3.1583025782429441	37	2	0.53333333333333333	Gaussian_in_log_lambda_constant_resolving_power	2400	3.1583025782429441	NIRSpec	G395H	G395H_run00	lambda_F_lambda_W_m-2	F_nu_Jy=lambda_F_lambda*lambda_um*1e20/c_m_s	F_nu_Jy	jwst_mcfost/runs/h2o_3um_method2_screen_v3/anchors/full_h2o/logical_target/h2o_3um_v3_w008/node02.lambda	472ec98e3ea99ec7e776bf1c5e9215ef16ff568537014aa9016a415a135a3a5d		expanded_n2401	1.9975051980918284	2401	2401	3003.7468767198525	1.2510399319949406	2.4822220872915486e-06	False		stellar_center	0.0	0.0	0.35	1	m2p25_c17p5_a0p40_q2p75_i0p05	2.25	2.75	c17p5	17.5	317.159480236321	100	1.0	7.3011756855e-08	70.0	0.03	0.4	128000	2	1	16	h2o_selected	jwst_mcfost/runs/h2o_3um_method2_screen_v3/parameters/h2o_selected_rt.para	53e7d2af20d3803c95144bc0809885d44da2324ffb8e6800d228c85b67412cdc	jwst_mcfost/runs/strict_continuum_cavity_mass_q_v1/models/m2p25_c17p5_a0p40_q2p75_i0p05/temperature/seed=41001/data_th/Temperature.fits.gz	1bd212f2f54dd8c1701a6064e129ba7fdb5721cb3fe296472433bbdd3b79ec1c	reused_accepted_continuum_temperature_screening_only_not_self_consistent_for_changed_dust	selected_h2o_disjoint_dhs_screening_dust	inside_h2o_optical_constants	feature_shape_scored	jwst_mcfost/runs/h2o_3um_method2_screen_v3/tasks/full_h2o/t037_h2o_3um_v3_w008_n02_s52001	445f2766149f2abf4e1cf4711b2eba2aa5b93919d5246935d25e118a92b34f3e
38	full_h2o	52001	logical_target	h2o_3um_v3_w008	h2o_3um_v3_w008		h2o_feature_optical_depth	jwst_mcfost/output/h2o_3um_observation_v3/stellar_center_h2o_target_lsf_nodes_R2400_v3.tsv	bc54da8f9e376921527db29400677e165b6e2f4aed158fd3aaa5162a66b325a7	ec762f0620b58536a43e2be24f7a0d4fb603f454aa3f4f183e455dee764caa74			3.1583025782429441	38	3	0.2220759220056126	Gaussian_in_log_lambda_constant_resolving_power	2400	3.1590602425074001	NIRSpec	G395H	G395H_run00	lambda_F_lambda_W_m-2	F_nu_Jy=lambda_F_lambda*lambda_um*1e20/c_m_s	F_nu_Jy	jwst_mcfost/runs/h2o_3um_method2_screen_v3/anchors/full_h2o/logical_target/h2o_3um_v3_w008/node03.lambda	b8a2b16d6388856a7918c6f317b3c59b4d7e82bc0720188b7878ca527521695b		expanded_n2401	1.9975051980918284	2401	2401	3003.7468767198525	1.2510399319949406	2.4822220872915486e-06	False		stellar_center	0.0	0.0	0.35	1	m2p25_c17p5_a0p40_q2p75_i0p05	2.25	2.75	c17p5	17.5	317.159480236321	100	1.0	7.3011756855e-08	70.0	0.03	0.4	128000	2	1	16	h2o_selected	jwst_mcfost/runs/h2o_3um_method2_screen_v3/parameters/h2o_selected_rt.para	53e7d2af20d3803c95144bc0809885d44da2324ffb8e6800d228c85b67412cdc	jwst_mcfost/runs/strict_continuum_cavity_mass_q_v1/models/m2p25_c17p5_a0p40_q2p75_i0p05/temperature/seed=41001/data_th/Temperature.fits.gz	1bd212f2f54dd8c1701a6064e129ba7fdb5721cb3fe296472433bbdd3b79ec1c	reused_accepted_continuum_temperature_screening_only_not_self_consistent_for_changed_dust	selected_h2o_disjoint_dhs_screening_dust	inside_h2o_optical_constants	feature_shape_scored	jwst_mcfost/runs/h2o_3um_method2_screen_v3/tasks/full_h2o/t038_h2o_3um_v3_w008_n03_s52001	ad23618e7d68cc892f55e30a9d8814713b99b4be1fc89bea06b32da6dfa20644
39	full_h2o	52001	logical_target	h2o_3um_v3_w008	h2o_3um_v3_w008		h2o_feature_optical_depth	jwst_mcfost/output/h2o_3um_observation_v3/stellar_center_h2o_target_lsf_nodes_R2400_v3.tsv	bc54da8f9e376921527db29400677e165b6e2f4aed158fd3aaa5162a66b325a7	dd7174a2ed679855b8a80313d958bf88e48222be763650173e12d276db946149			3.1583025782429441	39	4	0.011257411327720693	Gaussian_in_log_lambda_constant_resolving_power	2400	3.1598995610027778	NIRSpec	G395H	G395H_run00	lambda_F_lambda_W_m-2	F_nu_Jy=lambda_F_lambda*lambda_um*1e20/c_m_s	F_nu_Jy	jwst_mcfost/runs/h2o_3um_method2_screen_v3/anchors/full_h2o/logical_target/h2o_3um_v3_w008/node04.lambda	eec10978988fe80b6b7dc2ae6e0e2a53ba338db86e833f2fad2f04b84c0c9d81		expanded_n2401	1.9975051980918284	2401	2401	3003.7468767198525	1.2510399319949406	2.4822220872915486e-06	False		stellar_center	0.0	0.0	0.35	1	m2p25_c17p5_a0p40_q2p75_i0p05	2.25	2.75	c17p5	17.5	317.159480236321	100	1.0	7.3011756855e-08	70.0	0.03	0.4	128000	2	1	16	h2o_selected	jwst_mcfost/runs/h2o_3um_method2_screen_v3/parameters/h2o_selected_rt.para	53e7d2af20d3803c95144bc0809885d44da2324ffb8e6800d228c85b67412cdc	jwst_mcfost/runs/strict_continuum_cavity_mass_q_v1/models/m2p25_c17p5_a0p40_q2p75_i0p05/temperature/seed=41001/data_th/Temperature.fits.gz	1bd212f2f54dd8c1701a6064e129ba7fdb5721cb3fe296472433bbdd3b79ec1c	reused_accepted_continuum_temperature_screening_only_not_self_consistent_for_changed_dust	selected_h2o_disjoint_dhs_screening_dust	inside_h2o_optical_constants	feature_shape_scored	jwst_mcfost/runs/h2o_3um_method2_screen_v3/tasks/full_h2o/t039_h2o_3um_v3_w008_n04_s52001	d9ece9b458737fda76b89c94508767643dbc6bf4ee8a2f6418a62b7c89a63999
40	full_h2o	52001	logical_target	h2o_3um_v3_w009	h2o_3um_v3_w009		h2o_feature_optical_depth	jwst_mcfost/output/h2o_3um_observation_v3/stellar_center_h2o_target_lsf_nodes_R2400_v3.tsv	bc54da8f9e376921527db29400677e165b6e2f4aed158fd3aaa5162a66b325a7	8479b3628d9417fdf46a1e94ec43353eaf4001e22fd1419455f0cd85f99cb274			3.2181646979389318	40	0	0.011257411327720693	Gaussian_in_log_lambda_constant_resolving_power	2400	3.2165382685408774	NIRSpec	G395H	G395H_run00	lambda_F_lambda_W_m-2	F_nu_Jy=lambda_F_lambda*lambda_um*1e20/c_m_s	F_nu_Jy	jwst_mcfost/runs/h2o_3um_method2_screen_v3/anchors/full_h2o/logical_target/h2o_3um_v3_w009/node00.lambda	e41f946e14f22d10a8881ff9a9aec3f8a4d4699bb40b023e00feb52932d7f6a3		expanded_n2401	1.9975051980918284	2401	2401	3003.7468767198525	1.2510399319949406	2.4822220872915486e-06	False		stellar_center	0.0	0.0	0.35	1	m2p25_c17p5_a0p40_q2p75_i0p05	2.25	2.75	c17p5	17.5	317.159480236321	100	1.0	7.3011756855e-08	70.0	0.03	0.4	128000	2	1	16	h2o_selected	jwst_mcfost/runs/h2o_3um_method2_screen_v3/parameters/h2o_selected_rt.para	53e7d2af20d3803c95144bc0809885d44da2324ffb8e6800d228c85b67412cdc	jwst_mcfost/runs/strict_continuum_cavity_mass_q_v1/models/m2p25_c17p5_a0p40_q2p75_i0p05/temperature/seed=41001/data_th/Temperature.fits.gz	1bd212f2f54dd8c1701a6064e129ba7fdb5721cb3fe296472433bbdd3b79ec1c	reused_accepted_continuum_temperature_screening_only_not_self_consistent_for_changed_dust	selected_h2o_disjoint_dhs_screening_dust	inside_h2o_optical_constants	feature_shape_scored	jwst_mcfost/runs/h2o_3um_method2_screen_v3/tasks/full_h2o/t040_h2o_3um_v3_w009_n00_s52001	9e7c9875f11886f0cc5498340c644e4582a74f61f2e543f83a91bb21e079b32d
41	full_h2o	52001	logical_target	h2o_3um_v3_w009	h2o_3um_v3_w009		h2o_feature_optical_depth	jwst_mcfost/output/h2o_3um_observation_v3/stellar_center_h2o_target_lsf_nodes_R2400_v3.tsv	bc54da8f9e376921527db29400677e165b6e2f4aed158fd3aaa5162a66b325a7	355c4174639a91297982170c3e76c9e57a0839c3838a3eb94836b359e9799e8e			3.2181646979389318	41	1	0.2220759220056126	Gaussian_in_log_lambda_constant_resolving_power	2400	3.2173928581506446	NIRSpec	G395H	G395H_run00	lambda_F_lambda_W_m-2	F_nu_Jy=lambda_F_lambda*lambda_um*1e20/c_m_s	F_nu_Jy	jwst_mcfost/runs/h2o_3um_method2_screen_v3/anchors/full_h2o/logical_target/h2o_3um_v3_w009/node01.lambda	2dc4b8a40177fb304ce53dad5cd7517d70837c255bdc0c552595790f5fa1e8a8		expanded_n2401	1.9975051980918284	2401	2401	3003.7468767198525	1.2510399319949406	2.4822220872915486e-06	False		stellar_center	0.0	0.0	0.35	1	m2p25_c17p5_a0p40_q2p75_i0p05	2.25	2.75	c17p5	17.5	317.159480236321	100	1.0	7.3011756855e-08	70.0	0.03	0.4	128000	2	1	16	h2o_selected	jwst_mcfost/runs/h2o_3um_method2_screen_v3/parameters/h2o_selected_rt.para	53e7d2af20d3803c95144bc0809885d44da2324ffb8e6800d228c85b67412cdc	jwst_mcfost/runs/strict_continuum_cavity_mass_q_v1/models/m2p25_c17p5_a0p40_q2p75_i0p05/temperature/seed=41001/data_th/Temperature.fits.gz	1bd212f2f54dd8c1701a6064e129ba7fdb5721cb3fe296472433bbdd3b79ec1c	reused_accepted_continuum_temperature_screening_only_not_self_consistent_for_changed_dust	selected_h2o_disjoint_dhs_screening_dust	inside_h2o_optical_constants	feature_shape_scored	jwst_mcfost/runs/h2o_3um_method2_screen_v3/tasks/full_h2o/t041_h2o_3um_v3_w009_n01_s52001	c117d7c7224d8350964cd5681a4af50bf9fa7cb24a02383dece4dc4ba38844b0
42	full_h2o	52001	logical_target	h2o_3um_v3_w009	h2o_3um_v3_w009		h2o_feature_optical_depth	jwst_mcfost/output/h2o_3um_observation_v3/stellar_center_h2o_target_lsf_nodes_R2400_v3.tsv	bc54da8f9e376921527db29400677e165b6e2f4aed158fd3aaa5162a66b325a7	1d36308d24a14e68b1b6ff42879e2db215e7ce4e819ae523fb9b8e43e202a2a1			3.2181646979389318	42	2	0.53333333333333333	Gaussian_in_log_lambda_constant_resolving_power	2400	3.2181646979389318	NIRSpec	G395H	G395H_run00	lambda_F_lambda_W_m-2	F_nu_Jy=lambda_F_lambda*lambda_um*1e20/c_m_s	F_nu_Jy	jwst_mcfost/runs/h2o_3um_method2_screen_v3/anchors/full_h2o/logical_target/h2o_3um_v3_w009/node02.lambda	d51a0f04b8f2d4ff4db044a954980259b4dda2b544d5e29683c084b881fdeebd		expanded_n2401	1.9975051980918284	2401	2401	3003.7468767198525	1.2510399319949406	2.4822220872915486e-06	False		stellar_center	0.0	0.0	0.35	1	m2p25_c17p5_a0p40_q2p75_i0p05	2.25	2.75	c17p5	17.5	317.159480236321	100	1.0	7.3011756855e-08	70.0	0.03	0.4	128000	2	1	16	h2o_selected	jwst_mcfost/runs/h2o_3um_method2_screen_v3/parameters/h2o_selected_rt.para	53e7d2af20d3803c95144bc0809885d44da2324ffb8e6800d228c85b67412cdc	jwst_mcfost/runs/strict_continuum_cavity_mass_q_v1/models/m2p25_c17p5_a0p40_q2p75_i0p05/temperature/seed=41001/data_th/Temperature.fits.gz	1bd212f2f54dd8c1701a6064e129ba7fdb5721cb3fe296472433bbdd3b79ec1c	reused_accepted_continuum_temperature_screening_only_not_self_consistent_for_changed_dust	selected_h2o_disjoint_dhs_screening_dust	inside_h2o_optical_constants	feature_shape_scored	jwst_mcfost/runs/h2o_3um_method2_screen_v3/tasks/full_h2o/t042_h2o_3um_v3_w009_n02_s52001	628e171baff79e43322f7a3c2564c0c31a2bc1a92ef164e19b1b5fbf67f644a2
43	full_h2o	52001	logical_target	h2o_3um_v3_w009	h2o_3um_v3_w009		h2o_feature_optical_depth	jwst_mcfost/output/h2o_3um_observation_v3/stellar_center_h2o_target_lsf_nodes_R2400_v3.tsv	bc54da8f9e376921527db29400677e165b6e2f4aed158fd3aaa5162a66b325a7	65bc288e591708e5bd3d4895856f85871facfdb807a7e4e90170726022a83961			3.2181646979389318	43	3	0.2220759220056126	Gaussian_in_log_lambda_constant_resolving_power	2400	3.2189367228885231	NIRSpec	G395H	G395H_run00	lambda_F_lambda_W_m-2	F_nu_Jy=lambda_F_lambda*lambda_um*1e20/c_m_s	F_nu_Jy	jwst_mcfost/runs/h2o_3um_method2_screen_v3/anchors/full_h2o/logical_target/h2o_3um_v3_w009/node03.lambda	18be5eb524d3d5370c50dc2e1de1cb0de77cf870e2a15b2f718dd1efa4f2011d		expanded_n2401	1.9975051980918284	2401	2401	3003.7468767198525	1.2510399319949406	2.4822220872915486e-06	False		stellar_center	0.0	0.0	0.35	1	m2p25_c17p5_a0p40_q2p75_i0p05	2.25	2.75	c17p5	17.5	317.159480236321	100	1.0	7.3011756855e-08	70.0	0.03	0.4	128000	2	1	16	h2o_selected	jwst_mcfost/runs/h2o_3um_method2_screen_v3/parameters/h2o_selected_rt.para	53e7d2af20d3803c95144bc0809885d44da2324ffb8e6800d228c85b67412cdc	jwst_mcfost/runs/strict_continuum_cavity_mass_q_v1/models/m2p25_c17p5_a0p40_q2p75_i0p05/temperature/seed=41001/data_th/Temperature.fits.gz	1bd212f2f54dd8c1701a6064e129ba7fdb5721cb3fe296472433bbdd3b79ec1c	reused_accepted_continuum_temperature_screening_only_not_self_consistent_for_changed_dust	selected_h2o_disjoint_dhs_screening_dust	inside_h2o_optical_constants	feature_shape_scored	jwst_mcfost/runs/h2o_3um_method2_screen_v3/tasks/full_h2o/t043_h2o_3um_v3_w009_n03_s52001	fd9fb5e99c8437ce2987fe94f2819c59add991a675c7027edb03dc6c310a2ee2
44	full_h2o	52001	logical_target	h2o_3um_v3_w009	h2o_3um_v3_w009		h2o_feature_optical_depth	jwst_mcfost/output/h2o_3um_observation_v3/stellar_center_h2o_target_lsf_nodes_R2400_v3.tsv	bc54da8f9e376921527db29400677e165b6e2f4aed158fd3aaa5162a66b325a7	829de0f4ca8071bc3809d2d0a498a9b111a1be57db5ba5553fb10499e1249174			3.2181646979389318	44	4	0.011257411327720693	Gaussian_in_log_lambda_constant_resolving_power	2400	3.2197919497343483	NIRSpec	G395H	G395H_run00	lambda_F_lambda_W_m-2	F_nu_Jy=lambda_F_lambda*lambda_um*1e20/c_m_s	F_nu_Jy	jwst_mcfost/runs/h2o_3um_method2_screen_v3/anchors/full_h2o/logical_target/h2o_3um_v3_w009/node04.lambda	9fed9201c6445aa51cf58a3af97ef00c5933459669ce387a3432548a86cb0ef4		expanded_n2401	1.9975051980918284	2401	2401	3003.7468767198525	1.2510399319949406	2.4822220872915486e-06	False		stellar_center	0.0	0.0	0.35	1	m2p25_c17p5_a0p40_q2p75_i0p05	2.25	2.75	c17p5	17.5	317.159480236321	100	1.0	7.3011756855e-08	70.0	0.03	0.4	128000	2	1	16	h2o_selected	jwst_mcfost/runs/h2o_3um_method2_screen_v3/parameters/h2o_selected_rt.para	53e7d2af20d3803c95144bc0809885d44da2324ffb8e6800d228c85b67412cdc	jwst_mcfost/runs/strict_continuum_cavity_mass_q_v1/models/m2p25_c17p5_a0p40_q2p75_i0p05/temperature/seed=41001/data_th/Temperature.fits.gz	1bd212f2f54dd8c1701a6064e129ba7fdb5721cb3fe296472433bbdd3b79ec1c	reused_accepted_continuum_temperature_screening_only_not_self_consistent_for_changed_dust	selected_h2o_disjoint_dhs_screening_dust	inside_h2o_optical_constants	feature_shape_scored	jwst_mcfost/runs/h2o_3um_method2_screen_v3/tasks/full_h2o/t044_h2o_3um_v3_w009_n04_s52001	4fa9ed03c994bee695dc7a728f51091c62943ed49aad7554fae976b909dd9a94
45	full_h2o	52001	logical_target	h2o_3um_v3_w010	h2o_3um_v3_w010		h2o_feature_optical_depth	jwst_mcfost/output/h2o_3um_observation_v3/stellar_center_h2o_target_lsf_nodes_R2400_v3.tsv	bc54da8f9e376921527db29400677e165b6e2f4aed158fd3aaa5162a66b325a7	e4e3e7b745bb2cc66c48bf5848ccaf477eb92ed36fe9394da7e897874a3b75cd			3.2961688801068254	45	0	0.011257411327720693	Gaussian_in_log_lambda_constant_resolving_power	2400	3.2945030281474801	NIRSpec	G395H	G395H_run00	lambda_F_lambda_W_m-2	F_nu_Jy=lambda_F_lambda*lambda_um*1e20/c_m_s	F_nu_Jy	jwst_mcfost/runs/h2o_3um_method2_screen_v3/anchors/full_h2o/logical_target/h2o_3um_v3_w010/node00.lambda	e2ddbd618c2c3a79c6e938d188d633981b31e62465d62cb52c4e349f6654e9cb		expanded_n2401	1.9975051980918284	2401	2401	3003.7468767198525	1.2510399319949406	2.4822220872915486e-06	False		stellar_center	0.0	0.0	0.35	1	m2p25_c17p5_a0p40_q2p75_i0p05	2.25	2.75	c17p5	17.5	317.159480236321	100	1.0	7.3011756855e-08	70.0	0.03	0.4	128000	2	1	16	h2o_selected	jwst_mcfost/runs/h2o_3um_method2_screen_v3/parameters/h2o_selected_rt.para	53e7d2af20d3803c95144bc0809885d44da2324ffb8e6800d228c85b67412cdc	jwst_mcfost/runs/strict_continuum_cavity_mass_q_v1/models/m2p25_c17p5_a0p40_q2p75_i0p05/temperature/seed=41001/data_th/Temperature.fits.gz	1bd212f2f54dd8c1701a6064e129ba7fdb5721cb3fe296472433bbdd3b79ec1c	reused_accepted_continuum_temperature_screening_only_not_self_consistent_for_changed_dust	selected_h2o_disjoint_dhs_screening_dust	inside_h2o_optical_constants	feature_shape_scored	jwst_mcfost/runs/h2o_3um_method2_screen_v3/tasks/full_h2o/t045_h2o_3um_v3_w010_n00_s52001	ba043cfe124065594244cf942d7f6cd42cd5ca130b037b2289e0cb0e0b668cbd
46	full_h2o	52001	logical_target	h2o_3um_v3_w010	h2o_3um_v3_w010		h2o_feature_optical_depth	jwst_mcfost/output/h2o_3um_observation_v3/stellar_center_h2o_target_lsf_nodes_R2400_v3.tsv	bc54da8f9e376921527db29400677e165b6e2f4aed158fd3aaa5162a66b325a7	f794598e03a9a230745449239c50f51a9a50d022f4c651cd36716e3fc718d794			3.2961688801068254	46	1	0.2220759220056126	Gaussian_in_log_lambda_constant_resolving_power	2400	3.2953783319126297	NIRSpec	G395H	G395H_run00	lambda_F_lambda_W_m-2	F_nu_Jy=lambda_F_lambda*lambda_um*1e20/c_m_s	F_nu_Jy	jwst_mcfost/runs/h2o_3um_method2_screen_v3/anchors/full_h2o/logical_target/h2o_3um_v3_w010/node01.lambda	08be09f83ed4b9ef484fdde363c98b19d1ecc53afad79a1efec604a72b296edd		expanded_n2401	1.9975051980918284	2401	2401	3003.7468767198525	1.2510399319949406	2.4822220872915486e-06	False		stellar_center	0.0	0.0	0.35	1	m2p25_c17p5_a0p40_q2p75_i0p05	2.25	2.75	c17p5	17.5	317.159480236321	100	1.0	7.3011756855e-08	70.0	0.03	0.4	128000	2	1	16	h2o_selected	jwst_mcfost/runs/h2o_3um_method2_screen_v3/parameters/h2o_selected_rt.para	53e7d2af20d3803c95144bc0809885d44da2324ffb8e6800d228c85b67412cdc	jwst_mcfost/runs/strict_continuum_cavity_mass_q_v1/models/m2p25_c17p5_a0p40_q2p75_i0p05/temperature/seed=41001/data_th/Temperature.fits.gz	1bd212f2f54dd8c1701a6064e129ba7fdb5721cb3fe296472433bbdd3b79ec1c	reused_accepted_continuum_temperature_screening_only_not_self_consistent_for_changed_dust	selected_h2o_disjoint_dhs_screening_dust	inside_h2o_optical_constants	feature_shape_scored	jwst_mcfost/runs/h2o_3um_method2_screen_v3/tasks/full_h2o/t046_h2o_3um_v3_w010_n01_s52001	3f069d85315de7046e94f7f8732773d84d222b02873050cf5964db4e711d2828
47	full_h2o	52001	logical_target	h2o_3um_v3_w010	h2o_3um_v3_w010		h2o_feature_optical_depth	jwst_mcfost/output/h2o_3um_observation_v3/stellar_center_h2o_target_lsf_nodes_R2400_v3.tsv	bc54da8f9e376921527db29400677e165b6e2f4aed158fd3aaa5162a66b325a7	35e59b25dde0679fe1f4cadaa37cd22a468a1e036bb9b30d9c5eeda3711e6cf1			3.2961688801068254	47	2	0.53333333333333333	Gaussian_in_log_lambda_constant_resolving_power	2400	3.2961688801068254	NIRSpec	G395H	G395H_run00	lambda_F_lambda_W_m-2	F_nu_Jy=lambda_F_lambda*lambda_um*1e20/c_m_s	F_nu_Jy	jwst_mcfost/runs/h2o_3um_method2_screen_v3/anchors/full_h2o/logical_target/h2o_3um_v3_w010/node02.lambda	c16844f6196b6a30d76ef41da199c1ad35170cafa57e1a5b0f201ee14a68c71b		expanded_n2401	1.9975051980918284	2401	2401	3003.7468767198525	1.2510399319949406	2.4822220872915486e-06	False		stellar_center	0.0	0.0	0.35	1	m2p25_c17p5_a0p40_q2p75_i0p05	2.25	2.75	c17p5	17.5	317.159480236321	100	1.0	7.3011756855e-08	70.0	0.03	0.4	128000	2	1	16	h2o_selected	jwst_mcfost/runs/h2o_3um_method2_screen_v3/parameters/h2o_selected_rt.para	53e7d2af20d3803c95144bc0809885d44da2324ffb8e6800d228c85b67412cdc	jwst_mcfost/runs/strict_continuum_cavity_mass_q_v1/models/m2p25_c17p5_a0p40_q2p75_i0p05/temperature/seed=41001/data_th/Temperature.fits.gz	1bd212f2f54dd8c1701a6064e129ba7fdb5721cb3fe296472433bbdd3b79ec1c	reused_accepted_continuum_temperature_screening_only_not_self_consistent_for_changed_dust	selected_h2o_disjoint_dhs_screening_dust	inside_h2o_optical_constants	feature_shape_scored	jwst_mcfost/runs/h2o_3um_method2_screen_v3/tasks/full_h2o/t047_h2o_3um_v3_w010_n02_s52001	519c6dac30597d3d12ceaebd1089a1d2e72975857a26507696e50977f1337614
48	full_h2o	52001	logical_target	h2o_3um_v3_w010	h2o_3um_v3_w010		h2o_feature_optical_depth	jwst_mcfost/output/h2o_3um_observation_v3/stellar_center_h2o_target_lsf_nodes_R2400_v3.tsv	bc54da8f9e376921527db29400677e165b6e2f4aed158fd3aaa5162a66b325a7	145194528fff639ca7d592adbf9206633648460676308ec60d98f20916cef9c6			3.2961688801068254	48	3	0.2220759220056126	Gaussian_in_log_lambda_constant_resolving_power	2400	3.2969596179503977	NIRSpec	G395H	G395H_run00	lambda_F_lambda_W_m-2	F_nu_Jy=lambda_F_lambda*lambda_um*1e20/c_m_s	F_nu_Jy	jwst_mcfost/runs/h2o_3um_method2_screen_v3/anchors/full_h2o/logical_target/h2o_3um_v3_w010/node03.lambda	4bb6f4e975708a5648c155bdc3d2727c6533f5f4aa5a0148eb20bb6fde17d830		expanded_n2401	1.9975051980918284	2401	2401	3003.7468767198525	1.2510399319949406	2.4822220872915486e-06	False		stellar_center	0.0	0.0	0.35	1	m2p25_c17p5_a0p40_q2p75_i0p05	2.25	2.75	c17p5	17.5	317.159480236321	100	1.0	7.3011756855e-08	70.0	0.03	0.4	128000	2	1	16	h2o_selected	jwst_mcfost/runs/h2o_3um_method2_screen_v3/parameters/h2o_selected_rt.para	53e7d2af20d3803c95144bc0809885d44da2324ffb8e6800d228c85b67412cdc	jwst_mcfost/runs/strict_continuum_cavity_mass_q_v1/models/m2p25_c17p5_a0p40_q2p75_i0p05/temperature/seed=41001/data_th/Temperature.fits.gz	1bd212f2f54dd8c1701a6064e129ba7fdb5721cb3fe296472433bbdd3b79ec1c	reused_accepted_continuum_temperature_screening_only_not_self_consistent_for_changed_dust	selected_h2o_disjoint_dhs_screening_dust	inside_h2o_optical_constants	feature_shape_scored	jwst_mcfost/runs/h2o_3um_method2_screen_v3/tasks/full_h2o/t048_h2o_3um_v3_w010_n03_s52001	667412a6c255a21f3dfc10b8d9d4e762e3633c188f28b902d6c7a54443d1e5ce
49	full_h2o	52001	logical_target	h2o_3um_v3_w010	h2o_3um_v3_w010		h2o_feature_optical_depth	jwst_mcfost/output/h2o_3um_observation_v3/stellar_center_h2o_target_lsf_nodes_R2400_v3.tsv	bc54da8f9e376921527db29400677e165b6e2f4aed158fd3aaa5162a66b325a7	aa7b63886376e45069c3a5194d73e1c6e589b7ef46a8d1c5df39e17830366770			3.2961688801068254	49	4	0.011257411327720693	Gaussian_in_log_lambda_constant_resolving_power	2400	3.2978355743973897	NIRSpec	G395H	G395H_run00	lambda_F_lambda_W_m-2	F_nu_Jy=lambda_F_lambda*lambda_um*1e20/c_m_s	F_nu_Jy	jwst_mcfost/runs/h2o_3um_method2_screen_v3/anchors/full_h2o/logical_target/h2o_3um_v3_w010/node04.lambda	8ef66117ab8d7f5ff2c12c2ba91efe90e0ca1d9afc38ff7e333d1535668f307b		expanded_n2401	1.9975051980918284	2401	2401	3003.7468767198525	1.2510399319949406	2.4822220872915486e-06	False		stellar_center	0.0	0.0	0.35	1	m2p25_c17p5_a0p40_q2p75_i0p05	2.25	2.75	c17p5	17.5	317.159480236321	100	1.0	7.3011756855e-08	70.0	0.03	0.4	128000	2	1	16	h2o_selected	jwst_mcfost/runs/h2o_3um_method2_screen_v3/parameters/h2o_selected_rt.para	53e7d2af20d3803c95144bc0809885d44da2324ffb8e6800d228c85b67412cdc	jwst_mcfost/runs/strict_continuum_cavity_mass_q_v1/models/m2p25_c17p5_a0p40_q2p75_i0p05/temperature/seed=41001/data_th/Temperature.fits.gz	1bd212f2f54dd8c1701a6064e129ba7fdb5721cb3fe296472433bbdd3b79ec1c	reused_accepted_continuum_temperature_screening_only_not_self_consistent_for_changed_dust	selected_h2o_disjoint_dhs_screening_dust	inside_h2o_optical_constants	feature_shape_scored	jwst_mcfost/runs/h2o_3um_method2_screen_v3/tasks/full_h2o/t049_h2o_3um_v3_w010_n04_s52001	59f6e700b50aa86732a9de00a667f6ad3755472ffbf0c8dad457f314a5ee3b3c
50	full_h2o	52001	logical_target	h2o_3um_v3_w011	h2o_3um_v3_w011		h2o_feature_optical_depth	jwst_mcfost/output/h2o_3um_observation_v3/stellar_center_h2o_target_lsf_nodes_R2400_v3.tsv	bc54da8f9e376921527db29400677e165b6e2f4aed158fd3aaa5162a66b325a7	f77e1ee269084a22dd808cdda1873c865bdb7b3194ea98e0a11cb35f6355cdb2			3.5744323010028149	50	0	0.011257411327720693	Gaussian_in_log_lambda_constant_resolving_power	2400	3.5726258173944934	NIRSpec	G395H	G395H_run00	lambda_F_lambda_W_m-2	F_nu_Jy=lambda_F_lambda*lambda_um*1e20/c_m_s	F_nu_Jy	jwst_mcfost/runs/h2o_3um_method2_screen_v3/anchors/full_h2o/logical_target/h2o_3um_v3_w011/node00.lambda	056d085f2250246eda617755302a06563ff339f5a0859cd1f7c37d52fe9e89b1		expanded_n2401	1.9975051980918284	2401	2401	3003.7468767198525	1.2510399319949406	2.4822220872915486e-06	False		stellar_center	0.0	0.0	0.35	1	m2p25_c17p5_a0p40_q2p75_i0p05	2.25	2.75	c17p5	17.5	317.159480236321	100	1.0	7.3011756855e-08	70.0	0.03	0.4	128000	2	1	16	h2o_selected	jwst_mcfost/runs/h2o_3um_method2_screen_v3/parameters/h2o_selected_rt.para	53e7d2af20d3803c95144bc0809885d44da2324ffb8e6800d228c85b67412cdc	jwst_mcfost/runs/strict_continuum_cavity_mass_q_v1/models/m2p25_c17p5_a0p40_q2p75_i0p05/temperature/seed=41001/data_th/Temperature.fits.gz	1bd212f2f54dd8c1701a6064e129ba7fdb5721cb3fe296472433bbdd3b79ec1c	reused_accepted_continuum_temperature_screening_only_not_self_consistent_for_changed_dust	selected_h2o_disjoint_dhs_screening_dust	inside_h2o_optical_constants	continuum_wing_nuisance_not_scored	jwst_mcfost/runs/h2o_3um_method2_screen_v3/tasks/full_h2o/t050_h2o_3um_v3_w011_n00_s52001	825f06a33c696efcdb0680a6cada7917cde39eaf510294ad250c0d317e7f63a5
51	full_h2o	52001	logical_target	h2o_3um_v3_w011	h2o_3um_v3_w011		h2o_feature_optical_depth	jwst_mcfost/output/h2o_3um_observation_v3/stellar_center_h2o_target_lsf_nodes_R2400_v3.tsv	bc54da8f9e376921527db29400677e165b6e2f4aed158fd3aaa5162a66b325a7	896bb17127e4315e28c714b23705363a98a26132560e1059867ede44b0bc9efc			3.5744323010028149	51	1	0.2220759220056126	Gaussian_in_log_lambda_constant_resolving_power	2400	3.5735750145276324	NIRSpec	G395H	G395H_run00	lambda_F_lambda_W_m-2	F_nu_Jy=lambda_F_lambda*lambda_um*1e20/c_m_s	F_nu_Jy	jwst_mcfost/runs/h2o_3um_method2_screen_v3/anchors/full_h2o/logical_target/h2o_3um_v3_w011/node01.lambda	8662342337a6bec65683e86fa2b2a979225e52abf507e242e1025ff10420b635		expanded_n2401	1.9975051980918284	2401	2401	3003.7468767198525	1.2510399319949406	2.4822220872915486e-06	False		stellar_center	0.0	0.0	0.35	1	m2p25_c17p5_a0p40_q2p75_i0p05	2.25	2.75	c17p5	17.5	317.159480236321	100	1.0	7.3011756855e-08	70.0	0.03	0.4	128000	2	1	16	h2o_selected	jwst_mcfost/runs/h2o_3um_method2_screen_v3/parameters/h2o_selected_rt.para	53e7d2af20d3803c95144bc0809885d44da2324ffb8e6800d228c85b67412cdc	jwst_mcfost/runs/strict_continuum_cavity_mass_q_v1/models/m2p25_c17p5_a0p40_q2p75_i0p05/temperature/seed=41001/data_th/Temperature.fits.gz	1bd212f2f54dd8c1701a6064e129ba7fdb5721cb3fe296472433bbdd3b79ec1c	reused_accepted_continuum_temperature_screening_only_not_self_consistent_for_changed_dust	selected_h2o_disjoint_dhs_screening_dust	inside_h2o_optical_constants	continuum_wing_nuisance_not_scored	jwst_mcfost/runs/h2o_3um_method2_screen_v3/tasks/full_h2o/t051_h2o_3um_v3_w011_n01_s52001	3028a7fccad64a9a347b01c11213fc74d5a7c9eb80e3b813aa7b400d7e369294
52	full_h2o	52001	logical_target	h2o_3um_v3_w011	h2o_3um_v3_w011		h2o_feature_optical_depth	jwst_mcfost/output/h2o_3um_observation_v3/stellar_center_h2o_target_lsf_nodes_R2400_v3.tsv	bc54da8f9e376921527db29400677e165b6e2f4aed158fd3aaa5162a66b325a7	2a3a0cdefb7019c2fe3f0a0bacbeb9f2e9fff72138c73be340e09afd0ab39104			3.5744323010028149	52	2	0.53333333333333333	Gaussian_in_log_lambda_constant_resolving_power	2400	3.5744323010028149	NIRSpec	G395H	G395H_run00	lambda_F_lambda_W_m-2	F_nu_Jy=lambda_F_lambda*lambda_um*1e20/c_m_s	F_nu_Jy	jwst_mcfost/runs/h2o_3um_method2_screen_v3/anchors/full_h2o/logical_target/h2o_3um_v3_w011/node02.lambda	6e1d7a4449544f7c599611a3f686861c29391687e12a2d6688b12a50c3dd67df		expanded_n2401	1.9975051980918284	2401	2401	3003.7468767198525	1.2510399319949406	2.4822220872915486e-06	False		stellar_center	0.0	0.0	0.35	1	m2p25_c17p5_a0p40_q2p75_i0p05	2.25	2.75	c17p5	17.5	317.159480236321	100	1.0	7.3011756855e-08	70.0	0.03	0.4	128000	2	1	16	h2o_selected	jwst_mcfost/runs/h2o_3um_method2_screen_v3/parameters/h2o_selected_rt.para	53e7d2af20d3803c95144bc0809885d44da2324ffb8e6800d228c85b67412cdc	jwst_mcfost/runs/strict_continuum_cavity_mass_q_v1/models/m2p25_c17p5_a0p40_q2p75_i0p05/temperature/seed=41001/data_th/Temperature.fits.gz	1bd212f2f54dd8c1701a6064e129ba7fdb5721cb3fe296472433bbdd3b79ec1c	reused_accepted_continuum_temperature_screening_only_not_self_consistent_for_changed_dust	selected_h2o_disjoint_dhs_screening_dust	inside_h2o_optical_constants	continuum_wing_nuisance_not_scored	jwst_mcfost/runs/h2o_3um_method2_screen_v3/tasks/full_h2o/t052_h2o_3um_v3_w011_n02_s52001	0c43fb61db1eec068a54a0b745cfe280ff4417d9fb9e2704079a9d961da56940
53	full_h2o	52001	logical_target	h2o_3um_v3_w011	h2o_3um_v3_w011		h2o_feature_optical_depth	jwst_mcfost/output/h2o_3um_observation_v3/stellar_center_h2o_target_lsf_nodes_R2400_v3.tsv	bc54da8f9e376921527db29400677e165b6e2f4aed158fd3aaa5162a66b325a7	513ae13dc1c458a2063b52f299ad22b6ea530aa6ef26db5c058b4e33383778e6			3.5744323010028149	53	3	0.2220759220056126	Gaussian_in_log_lambda_constant_resolving_power	2400	3.5752897931376233	NIRSpec	G395H	G395H_run00	lambda_F_lambda_W_m-2	F_nu_Jy=lambda_F_lambda*lambda_um*1e20/c_m_s	F_nu_Jy	jwst_mcfost/runs/h2o_3um_method2_screen_v3/anchors/full_h2o/logical_target/h2o_3um_v3_w011/node03.lambda	09fe7051a3c425ef2a877f74c26ad7cfb24edc8806b961ec97ebd988f5e0a5b8		expanded_n2401	1.9975051980918284	2401	2401	3003.7468767198525	1.2510399319949406	2.4822220872915486e-06	False		stellar_center	0.0	0.0	0.35	1	m2p25_c17p5_a0p40_q2p75_i0p05	2.25	2.75	c17p5	17.5	317.159480236321	100	1.0	7.3011756855e-08	70.0	0.03	0.4	128000	2	1	16	h2o_selected	jwst_mcfost/runs/h2o_3um_method2_screen_v3/parameters/h2o_selected_rt.para	53e7d2af20d3803c95144bc0809885d44da2324ffb8e6800d228c85b67412cdc	jwst_mcfost/runs/strict_continuum_cavity_mass_q_v1/models/m2p25_c17p5_a0p40_q2p75_i0p05/temperature/seed=41001/data_th/Temperature.fits.gz	1bd212f2f54dd8c1701a6064e129ba7fdb5721cb3fe296472433bbdd3b79ec1c	reused_accepted_continuum_temperature_screening_only_not_self_consistent_for_changed_dust	selected_h2o_disjoint_dhs_screening_dust	inside_h2o_optical_constants	continuum_wing_nuisance_not_scored	jwst_mcfost/runs/h2o_3um_method2_screen_v3/tasks/full_h2o/t053_h2o_3um_v3_w011_n03_s52001	d3cfd06551501d4b634762e941056bfb27146a6141ae3b5698a64591025825cb
54	full_h2o	52001	logical_target	h2o_3um_v3_w011	h2o_3um_v3_w011		h2o_feature_optical_depth	jwst_mcfost/output/h2o_3um_observation_v3/stellar_center_h2o_target_lsf_nodes_R2400_v3.tsv	bc54da8f9e376921527db29400677e165b6e2f4aed158fd3aaa5162a66b325a7	505dedecfc8e371a55ce5c7dfbf643b07266d2f3fd013727d3ce4b994ebfb089			3.5744323010028149	54	4	0.011257411327720693	Gaussian_in_log_lambda_constant_resolving_power	2400	3.5762396980521727	NIRSpec	G395H	G395H_run00	lambda_F_lambda_W_m-2	F_nu_Jy=lambda_F_lambda*lambda_um*1e20/c_m_s	F_nu_Jy	jwst_mcfost/runs/h2o_3um_method2_screen_v3/anchors/full_h2o/logical_target/h2o_3um_v3_w011/node04.lambda	f71150b37566b5185b79f6734bd1a71f7bd353245af44633b159b157e95eaadc		expanded_n2401	1.9975051980918284	2401	2401	3003.7468767198525	1.2510399319949406	2.4822220872915486e-06	False		stellar_center	0.0	0.0	0.35	1	m2p25_c17p5_a0p40_q2p75_i0p05	2.25	2.75	c17p5	17.5	317.159480236321	100	1.0	7.3011756855e-08	70.0	0.03	0.4	128000	2	1	16	h2o_selected	jwst_mcfost/runs/h2o_3um_method2_screen_v3/parameters/h2o_selected_rt.para	53e7d2af20d3803c95144bc0809885d44da2324ffb8e6800d228c85b67412cdc	jwst_mcfost/runs/strict_continuum_cavity_mass_q_v1/models/m2p25_c17p5_a0p40_q2p75_i0p05/temperature/seed=41001/data_th/Temperature.fits.gz	1bd212f2f54dd8c1701a6064e129ba7fdb5721cb3fe296472433bbdd3b79ec1c	reused_accepted_continuum_temperature_screening_only_not_self_consistent_for_changed_dust	selected_h2o_disjoint_dhs_screening_dust	inside_h2o_optical_constants	continuum_wing_nuisance_not_scored	jwst_mcfost/runs/h2o_3um_method2_screen_v3/tasks/full_h2o/t054_h2o_3um_v3_w011_n04_s52001	de9dc2c01d5503eeeb76c78301bb1b6607dd9e581378d93a60b7babd175361ea
55	full_h2o	52001	continuum_support	h2o_continuum_blue_q20		h2o_continuum_blue_q20	h2o_feature_optical_depth	jwst_mcfost/output/h2o_3um_observation_v3/stellar_center_h2o_continuum_lsf_nodes_R2400_v3.tsv	07f25fef793bf100873ab1f963bc44c55e49b0f171865ef57da62eb4db1d56d2	78ec238b138658dbb2f02c7ad960a0ccd3e1964c1497590c0ea6e6300d20d9cf			2.5747747777204344	0	0	0.011257411327720693	Gaussian_in_log_lambda_constant_resolving_power	2400	2.5734735113823457	NIRSpec	G235H	G235H_run01	lambda_F_lambda_W_m-2	F_nu_Jy=lambda_F_lambda*lambda_um*1e20/c_m_s	F_nu_Jy	jwst_mcfost/runs/h2o_3um_method2_screen_v3/anchors/full_h2o/continuum_support/h2o_continuum_blue_q20/node00.lambda	bb5006a85014df8b9af1bfb8a5920ae7f25f6c3f60c60f2daf5e2cef5179f3da		expanded_n2401	1.9975051980918284	2401	2401	3003.7468767198525	1.2510399319949406	2.4822220872915486e-06	False		stellar_center	0.0	0.0	0.35	1	m2p25_c17p5_a0p40_q2p75_i0p05	2.25	2.75	c17p5	17.5	317.159480236321	100	1.0	7.3011756855e-08	70.0	0.03	0.4	128000	2	1	16	h2o_selected	jwst_mcfost/runs/h2o_3um_method2_screen_v3/parameters/h2o_selected_rt.para	53e7d2af20d3803c95144bc0809885d44da2324ffb8e6800d228c85b67412cdc	jwst_mcfost/runs/strict_continuum_cavity_mass_q_v1/models/m2p25_c17p5_a0p40_q2p75_i0p05/temperature/seed=41001/data_th/Temperature.fits.gz	1bd212f2f54dd8c1701a6064e129ba7fdb5721cb3fe296472433bbdd3b79ec1c	reused_accepted_continuum_temperature_screening_only_not_self_consistent_for_changed_dust	selected_h2o_disjoint_dhs_screening_dust	inside_h2o_optical_constants	continuum_reconstruction_not_scored	jwst_mcfost/runs/h2o_3um_method2_screen_v3/tasks/full_h2o/t055_h2o_continuum_blue_q20_n00_s52001	696527eb2adf40d24b90495854bb3428723841404261bb51cf25567e3922e1ef
56	full_h2o	52001	continuum_support	h2o_continuum_blue_q20		h2o_continuum_blue_q20	h2o_feature_optical_depth	jwst_mcfost/output/h2o_3um_observation_v3/stellar_center_h2o_continuum_lsf_nodes_R2400_v3.tsv	07f25fef793bf100873ab1f963bc44c55e49b0f171865ef57da62eb4db1d56d2	54fe5355ee40d66760ed195791ec0cc4a4448eb2b8d1f4b3ca1bd43ef7fb4fb6			2.5747747777204344	1	1	0.2220759220056126	Gaussian_in_log_lambda_constant_resolving_power	2400	2.5741572476044041	NIRSpec	G235H	G235H_run01	lambda_F_lambda_W_m-2	F_nu_Jy=lambda_F_lambda*lambda_um*1e20/c_m_s	F_nu_Jy	jwst_mcfost/runs/h2o_3um_method2_screen_v3/anchors/full_h2o/continuum_support/h2o_continuum_blue_q20/node01.lambda	c06eafeb605e5e51ed5019a58e632d5373e3602a43712428652fced45d904658		expanded_n2401	1.9975051980918284	2401	2401	3003.7468767198525	1.2510399319949406	2.4822220872915486e-06	False		stellar_center	0.0	0.0	0.35	1	m2p25_c17p5_a0p40_q2p75_i0p05	2.25	2.75	c17p5	17.5	317.159480236321	100	1.0	7.3011756855e-08	70.0	0.03	0.4	128000	2	1	16	h2o_selected	jwst_mcfost/runs/h2o_3um_method2_screen_v3/parameters/h2o_selected_rt.para	53e7d2af20d3803c95144bc0809885d44da2324ffb8e6800d228c85b67412cdc	jwst_mcfost/runs/strict_continuum_cavity_mass_q_v1/models/m2p25_c17p5_a0p40_q2p75_i0p05/temperature/seed=41001/data_th/Temperature.fits.gz	1bd212f2f54dd8c1701a6064e129ba7fdb5721cb3fe296472433bbdd3b79ec1c	reused_accepted_continuum_temperature_screening_only_not_self_consistent_for_changed_dust	selected_h2o_disjoint_dhs_screening_dust	inside_h2o_optical_constants	continuum_reconstruction_not_scored	jwst_mcfost/runs/h2o_3um_method2_screen_v3/tasks/full_h2o/t056_h2o_continuum_blue_q20_n01_s52001	be3acceadb710001700d9c7b17531fd20fb035fc7407cb7adc69b8a29496ea66
57	full_h2o	52001	continuum_support	h2o_continuum_blue_q20		h2o_continuum_blue_q20	h2o_feature_optical_depth	jwst_mcfost/output/h2o_3um_observation_v3/stellar_center_h2o_continuum_lsf_nodes_R2400_v3.tsv	07f25fef793bf100873ab1f963bc44c55e49b0f171865ef57da62eb4db1d56d2	cf78524a52bff46c783b6daa34e429ecc7b565780603d8706b22ff47608426cc			2.5747747777204344	2	2	0.53333333333333333	Gaussian_in_log_lambda_constant_resolving_power	2400	2.5747747777204344	NIRSpec	G235H	G235H_run01	lambda_F_lambda_W_m-2	F_nu_Jy=lambda_F_lambda*lambda_um*1e20/c_m_s	F_nu_Jy	jwst_mcfost/runs/h2o_3um_method2_screen_v3/anchors/full_h2o/continuum_support/h2o_continuum_blue_q20/node02.lambda	3f2e21b1cee344aa246cbd4a5236c60c2d928c11e1bae94709d4cc6a5fab49c3		expanded_n2401	1.9975051980918284	2401	2401	3003.7468767198525	1.2510399319949406	2.4822220872915486e-06	False		stellar_center	0.0	0.0	0.35	1	m2p25_c17p5_a0p40_q2p75_i0p05	2.25	2.75	c17p5	17.5	317.159480236321	100	1.0	7.3011756855e-08	70.0	0.03	0.4	128000	2	1	16	h2o_selected	jwst_mcfost/runs/h2o_3um_method2_screen_v3/parameters/h2o_selected_rt.para	53e7d2af20d3803c95144bc0809885d44da2324ffb8e6800d228c85b67412cdc	jwst_mcfost/runs/strict_continuum_cavity_mass_q_v1/models/m2p25_c17p5_a0p40_q2p75_i0p05/temperature/seed=41001/data_th/Temperature.fits.gz	1bd212f2f54dd8c1701a6064e129ba7fdb5721cb3fe296472433bbdd3b79ec1c	reused_accepted_continuum_temperature_screening_only_not_self_consistent_for_changed_dust	selected_h2o_disjoint_dhs_screening_dust	inside_h2o_optical_constants	continuum_reconstruction_not_scored	jwst_mcfost/runs/h2o_3um_method2_screen_v3/tasks/full_h2o/t057_h2o_continuum_blue_q20_n02_s52001	e866b9c09f2009fb01f765516012d06c16ab42890f219471f73ec276a387fefe
58	full_h2o	52001	continuum_support	h2o_continuum_blue_q20		h2o_continuum_blue_q20	h2o_feature_optical_depth	jwst_mcfost/output/h2o_3um_observation_v3/stellar_center_h2o_continuum_lsf_nodes_R2400_v3.tsv	07f25fef793bf100873ab1f963bc44c55e49b0f171865ef57da62eb4db1d56d2	f5cc37844bbaa03a52bf002773012d4500409ea57892ff2a100b7619aa7482dc			2.5747747777204344	3	3	0.2220759220056126	Gaussian_in_log_lambda_constant_resolving_power	2400	2.5753924559794905	NIRSpec	G235H	G235H_run01	lambda_F_lambda_W_m-2	F_nu_Jy=lambda_F_lambda*lambda_um*1e20/c_m_s	F_nu_Jy	jwst_mcfost/runs/h2o_3um_method2_screen_v3/anchors/full_h2o/continuum_support/h2o_continuum_blue_q20/node03.lambda	5ab38611785e6df1bde74f9050dabc19c9c9ab0cc51551264fc3fce150e2173e		expanded_n2401	1.9975051980918284	2401	2401	3003.7468767198525	1.2510399319949406	2.4822220872915486e-06	False		stellar_center	0.0	0.0	0.35	1	m2p25_c17p5_a0p40_q2p75_i0p05	2.25	2.75	c17p5	17.5	317.159480236321	100	1.0	7.3011756855e-08	70.0	0.03	0.4	128000	2	1	16	h2o_selected	jwst_mcfost/runs/h2o_3um_method2_screen_v3/parameters/h2o_selected_rt.para	53e7d2af20d3803c95144bc0809885d44da2324ffb8e6800d228c85b67412cdc	jwst_mcfost/runs/strict_continuum_cavity_mass_q_v1/models/m2p25_c17p5_a0p40_q2p75_i0p05/temperature/seed=41001/data_th/Temperature.fits.gz	1bd212f2f54dd8c1701a6064e129ba7fdb5721cb3fe296472433bbdd3b79ec1c	reused_accepted_continuum_temperature_screening_only_not_self_consistent_for_changed_dust	selected_h2o_disjoint_dhs_screening_dust	inside_h2o_optical_constants	continuum_reconstruction_not_scored	jwst_mcfost/runs/h2o_3um_method2_screen_v3/tasks/full_h2o/t058_h2o_continuum_blue_q20_n03_s52001	724d232002d4b25417e93268d32ca81a76782ac95a3e5f6ade14aa48984ac0ce
59	full_h2o	52001	continuum_support	h2o_continuum_blue_q20		h2o_continuum_blue_q20	h2o_feature_optical_depth	jwst_mcfost/output/h2o_3um_observation_v3/stellar_center_h2o_continuum_lsf_nodes_R2400_v3.tsv	07f25fef793bf100873ab1f963bc44c55e49b0f171865ef57da62eb4db1d56d2	b44ef7ed0150a6fdd805472ca2d1c1ea0b66d0a5d0d66ea71f6bb85840639c58			2.5747747777204344	4	4	0.011257411327720693	Gaussian_in_log_lambda_constant_resolving_power	2400	2.5760767020385162	NIRSpec	G235H	G235H_run01	lambda_F_lambda_W_m-2	F_nu_Jy=lambda_F_lambda*lambda_um*1e20/c_m_s	F_nu_Jy	jwst_mcfost/runs/h2o_3um_method2_screen_v3/anchors/full_h2o/continuum_support/h2o_continuum_blue_q20/node04.lambda	510277276b54bc7f781872f1f42ff91112187ef46de65259ac3af63d03618dce		expanded_n2401	1.9975051980918284	2401	2401	3003.7468767198525	1.2510399319949406	2.4822220872915486e-06	False		stellar_center	0.0	0.0	0.35	1	m2p25_c17p5_a0p40_q2p75_i0p05	2.25	2.75	c17p5	17.5	317.159480236321	100	1.0	7.3011756855e-08	70.0	0.03	0.4	128000	2	1	16	h2o_selected	jwst_mcfost/runs/h2o_3um_method2_screen_v3/parameters/h2o_selected_rt.para	53e7d2af20d3803c95144bc0809885d44da2324ffb8e6800d228c85b67412cdc	jwst_mcfost/runs/strict_continuum_cavity_mass_q_v1/models/m2p25_c17p5_a0p40_q2p75_i0p05/temperature/seed=41001/data_th/Temperature.fits.gz	1bd212f2f54dd8c1701a6064e129ba7fdb5721cb3fe296472433bbdd3b79ec1c	reused_accepted_continuum_temperature_screening_only_not_self_consistent_for_changed_dust	selected_h2o_disjoint_dhs_screening_dust	inside_h2o_optical_constants	continuum_reconstruction_not_scored	jwst_mcfost/runs/h2o_3um_method2_screen_v3/tasks/full_h2o/t059_h2o_continuum_blue_q20_n04_s52001	54a84271e3666b61a8365177a5adb5618a119b3423df015e4f568dfdbd7a8f3e
60	full_h2o	52001	continuum_support	h2o_continuum_blue_q50		h2o_continuum_blue_q50	h2o_feature_optical_depth	jwst_mcfost/output/h2o_3um_observation_v3/stellar_center_h2o_continuum_lsf_nodes_R2400_v3.tsv	07f25fef793bf100873ab1f963bc44c55e49b0f171865ef57da62eb4db1d56d2	84a7854dfe22ecef7018b4c91b6b3a7bd32798c8f8bd9a4c2cf6a272bd3a4231			2.6122960249124896	5	0	0.011257411327720693	Gaussian_in_log_lambda_constant_resolving_power	2400	2.6109757956979753	NIRSpec	G235H	G235H_run01	lambda_F_lambda_W_m-2	F_nu_Jy=lambda_F_lambda*lambda_um*1e20/c_m_s	F_nu_Jy	jwst_mcfost/runs/h2o_3um_method2_screen_v3/anchors/full_h2o/continuum_support/h2o_continuum_blue_q50/node00.lambda	f837effd132adde9de61efe712fb2649b30ffb3cf07b53647d3868fe89548263		expanded_n2401	1.9975051980918284	2401	2401	3003.7468767198525	1.2510399319949406	2.4822220872915486e-06	False		stellar_center	0.0	0.0	0.35	1	m2p25_c17p5_a0p40_q2p75_i0p05	2.25	2.75	c17p5	17.5	317.159480236321	100	1.0	7.3011756855e-08	70.0	0.03	0.4	128000	2	1	16	h2o_selected	jwst_mcfost/runs/h2o_3um_method2_screen_v3/parameters/h2o_selected_rt.para	53e7d2af20d3803c95144bc0809885d44da2324ffb8e6800d228c85b67412cdc	jwst_mcfost/runs/strict_continuum_cavity_mass_q_v1/models/m2p25_c17p5_a0p40_q2p75_i0p05/temperature/seed=41001/data_th/Temperature.fits.gz	1bd212f2f54dd8c1701a6064e129ba7fdb5721cb3fe296472433bbdd3b79ec1c	reused_accepted_continuum_temperature_screening_only_not_self_consistent_for_changed_dust	selected_h2o_disjoint_dhs_screening_dust	inside_h2o_optical_constants	continuum_reconstruction_not_scored	jwst_mcfost/runs/h2o_3um_method2_screen_v3/tasks/full_h2o/t060_h2o_continuum_blue_q50_n00_s52001	7c58350ce253b47dd111eeceabb8d4da75022d40cf7a84e01e3f513eb1fc5f8d
61	full_h2o	52001	continuum_support	h2o_continuum_blue_q50		h2o_continuum_blue_q50	h2o_feature_optical_depth	jwst_mcfost/output/h2o_3um_observation_v3/stellar_center_h2o_continuum_lsf_nodes_R2400_v3.tsv	07f25fef793bf100873ab1f963bc44c55e49b0f171865ef57da62eb4db1d56d2	a7173d8233a1ffabea214c47eda74399158f06bd457e07b56bac54e58c9637fb			2.6122960249124896	6	1	0.2220759220056126	Gaussian_in_log_lambda_constant_resolving_power	2400	2.61166949575688	NIRSpec	G235H	G235H_run01	lambda_F_lambda_W_m-2	F_nu_Jy=lambda_F_lambda*lambda_um*1e20/c_m_s	F_nu_Jy	jwst_mcfost/runs/h2o_3um_method2_screen_v3/anchors/full_h2o/continuum_support/h2o_continuum_blue_q50/node01.lambda	c84d8d33dd33b6245a9793c7a03efa56538693ddd1e350f12834b20d0e870101		expanded_n2401	1.9975051980918284	2401	2401	3003.7468767198525	1.2510399319949406	2.4822220872915486e-06	False		stellar_center	0.0	0.0	0.35	1	m2p25_c17p5_a0p40_q2p75_i0p05	2.25	2.75	c17p5	17.5	317.159480236321	100	1.0	7.3011756855e-08	70.0	0.03	0.4	128000	2	1	16	h2o_selected	jwst_mcfost/runs/h2o_3um_method2_screen_v3/parameters/h2o_selected_rt.para	53e7d2af20d3803c95144bc0809885d44da2324ffb8e6800d228c85b67412cdc	jwst_mcfost/runs/strict_continuum_cavity_mass_q_v1/models/m2p25_c17p5_a0p40_q2p75_i0p05/temperature/seed=41001/data_th/Temperature.fits.gz	1bd212f2f54dd8c1701a6064e129ba7fdb5721cb3fe296472433bbdd3b79ec1c	reused_accepted_continuum_temperature_screening_only_not_self_consistent_for_changed_dust	selected_h2o_disjoint_dhs_screening_dust	inside_h2o_optical_constants	continuum_reconstruction_not_scored	jwst_mcfost/runs/h2o_3um_method2_screen_v3/tasks/full_h2o/t061_h2o_continuum_blue_q50_n01_s52001	af823a730dbdb9b2f630f2e1d5309598f16f9dd5e7c1c7b59cd10406064e9660
62	full_h2o	52001	continuum_support	h2o_continuum_blue_q50		h2o_continuum_blue_q50	h2o_feature_optical_depth	jwst_mcfost/output/h2o_3um_observation_v3/stellar_center_h2o_continuum_lsf_nodes_R2400_v3.tsv	07f25fef793bf100873ab1f963bc44c55e49b0f171865ef57da62eb4db1d56d2	805de01f55f335c3c38b14f88d0bbdc3abbf81db2fc5cf90b9f3cdcee3efef45			2.6122960249124896	7	2	0.53333333333333333	Gaussian_in_log_lambda_constant_resolving_power	2400	2.6122960249124896	NIRSpec	G235H	G235H_run01	lambda_F_lambda_W_m-2	F_nu_Jy=lambda_F_lambda*lambda_um*1e20/c_m_s	F_nu_Jy	jwst_mcfost/runs/h2o_3um_method2_screen_v3/anchors/full_h2o/continuum_support/h2o_continuum_blue_q50/node02.lambda	0e84cf42d019b3ce7e6fc4b3a1dcf0b0a714d3cf2c881c3522bad8daa6144c6a		expanded_n2401	1.9975051980918284	2401	2401	3003.7468767198525	1.2510399319949406	2.4822220872915486e-06	False		stellar_center	0.0	0.0	0.35	1	m2p25_c17p5_a0p40_q2p75_i0p05	2.25	2.75	c17p5	17.5	317.159480236321	100	1.0	7.3011756855e-08	70.0	0.03	0.4	128000	2	1	16	h2o_selected	jwst_mcfost/runs/h2o_3um_method2_screen_v3/parameters/h2o_selected_rt.para	53e7d2af20d3803c95144bc0809885d44da2324ffb8e6800d228c85b67412cdc	jwst_mcfost/runs/strict_continuum_cavity_mass_q_v1/models/m2p25_c17p5_a0p40_q2p75_i0p05/temperature/seed=41001/data_th/Temperature.fits.gz	1bd212f2f54dd8c1701a6064e129ba7fdb5721cb3fe296472433bbdd3b79ec1c	reused_accepted_continuum_temperature_screening_only_not_self_consistent_for_changed_dust	selected_h2o_disjoint_dhs_screening_dust	inside_h2o_optical_constants	continuum_reconstruction_not_scored	jwst_mcfost/runs/h2o_3um_method2_screen_v3/tasks/full_h2o/t062_h2o_continuum_blue_q50_n02_s52001	72b56f694228e925cf9cccc445e1355f16efd41c19c2e8f4be021b408ac58cc6
63	full_h2o	52001	continuum_support	h2o_continuum_blue_q50		h2o_continuum_blue_q50	h2o_feature_optical_depth	jwst_mcfost/output/h2o_3um_observation_v3/stellar_center_h2o_continuum_lsf_nodes_R2400_v3.tsv	07f25fef793bf100873ab1f963bc44c55e49b0f171865ef57da62eb4db1d56d2	89062deafffa8728a6242efe2aed717900c9ab8e2d31ac17cbca6ab5d0114e59			2.6122960249124896	8	3	0.2220759220056126	Gaussian_in_log_lambda_constant_resolving_power	2400	2.612922704369959	NIRSpec	G235H	G235H_run01	lambda_F_lambda_W_m-2	F_nu_Jy=lambda_F_lambda*lambda_um*1e20/c_m_s	F_nu_Jy	jwst_mcfost/runs/h2o_3um_method2_screen_v3/anchors/full_h2o/continuum_support/h2o_continuum_blue_q50/node03.lambda	1cbbaebe9d60c3234b25e42d2e2ac549ab540ac4a9e3a3de23d4d7cc5cfc1d19		expanded_n2401	1.9975051980918284	2401	2401	3003.7468767198525	1.2510399319949406	2.4822220872915486e-06	False		stellar_center	0.0	0.0	0.35	1	m2p25_c17p5_a0p40_q2p75_i0p05	2.25	2.75	c17p5	17.5	317.159480236321	100	1.0	7.3011756855e-08	70.0	0.03	0.4	128000	2	1	16	h2o_selected	jwst_mcfost/runs/h2o_3um_method2_screen_v3/parameters/h2o_selected_rt.para	53e7d2af20d3803c95144bc0809885d44da2324ffb8e6800d228c85b67412cdc	jwst_mcfost/runs/strict_continuum_cavity_mass_q_v1/models/m2p25_c17p5_a0p40_q2p75_i0p05/temperature/seed=41001/data_th/Temperature.fits.gz	1bd212f2f54dd8c1701a6064e129ba7fdb5721cb3fe296472433bbdd3b79ec1c	reused_accepted_continuum_temperature_screening_only_not_self_consistent_for_changed_dust	selected_h2o_disjoint_dhs_screening_dust	inside_h2o_optical_constants	continuum_reconstruction_not_scored	jwst_mcfost/runs/h2o_3um_method2_screen_v3/tasks/full_h2o/t063_h2o_continuum_blue_q50_n03_s52001	648d7f655b0622122baa3401738da39ae9d83e2d21ceb91ce61b3a350f8c6466
64	full_h2o	52001	continuum_support	h2o_continuum_blue_q50		h2o_continuum_blue_q50	h2o_feature_optical_depth	jwst_mcfost/output/h2o_3um_observation_v3/stellar_center_h2o_continuum_lsf_nodes_R2400_v3.tsv	07f25fef793bf100873ab1f963bc44c55e49b0f171865ef57da62eb4db1d56d2	4fa9d76bddadb976fb008ba77b17f440ca69d36a5d00cf0c958e3bc6a8f564fd			2.6122960249124896	9	4	0.011257411327720693	Gaussian_in_log_lambda_constant_resolving_power	2400	2.6136169216954976	NIRSpec	G235H	G235H_run01	lambda_F_lambda_W_m-2	F_nu_Jy=lambda_F_lambda*lambda_um*1e20/c_m_s	F_nu_Jy	jwst_mcfost/runs/h2o_3um_method2_screen_v3/anchors/full_h2o/continuum_support/h2o_continuum_blue_q50/node04.lambda	34a619220145b1a7f32812f3f95f6037fbd3cbbbcc5687882aa35c347ad44da8		expanded_n2401	1.9975051980918284	2401	2401	3003.7468767198525	1.2510399319949406	2.4822220872915486e-06	False		stellar_center	0.0	0.0	0.35	1	m2p25_c17p5_a0p40_q2p75_i0p05	2.25	2.75	c17p5	17.5	317.159480236321	100	1.0	7.3011756855e-08	70.0	0.03	0.4	128000	2	1	16	h2o_selected	jwst_mcfost/runs/h2o_3um_method2_screen_v3/parameters/h2o_selected_rt.para	53e7d2af20d3803c95144bc0809885d44da2324ffb8e6800d228c85b67412cdc	jwst_mcfost/runs/strict_continuum_cavity_mass_q_v1/models/m2p25_c17p5_a0p40_q2p75_i0p05/temperature/seed=41001/data_th/Temperature.fits.gz	1bd212f2f54dd8c1701a6064e129ba7fdb5721cb3fe296472433bbdd3b79ec1c	reused_accepted_continuum_temperature_screening_only_not_self_consistent_for_changed_dust	selected_h2o_disjoint_dhs_screening_dust	inside_h2o_optical_constants	continuum_reconstruction_not_scored	jwst_mcfost/runs/h2o_3um_method2_screen_v3/tasks/full_h2o/t064_h2o_continuum_blue_q50_n04_s52001	ac450a3d5c977eeb84536480e22818dd7aba84958dd163a3186d3d0f1bac3fc4
65	full_h2o	52001	continuum_support	h2o_continuum_blue_q80		h2o_continuum_blue_q80	h2o_feature_optical_depth	jwst_mcfost/output/h2o_3um_observation_v3/stellar_center_h2o_continuum_lsf_nodes_R2400_v3.tsv	07f25fef793bf100873ab1f963bc44c55e49b0f171865ef57da62eb4db1d56d2	c6f9cd11f9e2002ddbeade7d6456810a273ffb7352bf0b493f1f85e3e15e3c76			2.649991809092044	10	0	0.011257411327720693	Gaussian_in_log_lambda_constant_resolving_power	2400	2.6486525287917937	NIRSpec	G235H	G235H_run01	lambda_F_lambda_W_m-2	F_nu_Jy=lambda_F_lambda*lambda_um*1e20/c_m_s	F_nu_Jy	jwst_mcfost/runs/h2o_3um_method2_screen_v3/anchors/full_h2o/continuum_support/h2o_continuum_blue_q80/node00.lambda	9d18f09890f36c21fecfc44ae15d1fe88b062c99ffe69bd1ae4daefb1696b782		expanded_n2401	1.9975051980918284	2401	2401	3003.7468767198525	1.2510399319949406	2.4822220872915486e-06	False		stellar_center	0.0	0.0	0.35	1	m2p25_c17p5_a0p40_q2p75_i0p05	2.25	2.75	c17p5	17.5	317.159480236321	100	1.0	7.3011756855e-08	70.0	0.03	0.4	128000	2	1	16	h2o_selected	jwst_mcfost/runs/h2o_3um_method2_screen_v3/parameters/h2o_selected_rt.para	53e7d2af20d3803c95144bc0809885d44da2324ffb8e6800d228c85b67412cdc	jwst_mcfost/runs/strict_continuum_cavity_mass_q_v1/models/m2p25_c17p5_a0p40_q2p75_i0p05/temperature/seed=41001/data_th/Temperature.fits.gz	1bd212f2f54dd8c1701a6064e129ba7fdb5721cb3fe296472433bbdd3b79ec1c	reused_accepted_continuum_temperature_screening_only_not_self_consistent_for_changed_dust	selected_h2o_disjoint_dhs_screening_dust	inside_h2o_optical_constants	continuum_reconstruction_not_scored	jwst_mcfost/runs/h2o_3um_method2_screen_v3/tasks/full_h2o/t065_h2o_continuum_blue_q80_n00_s52001	bad525d1f6361a490eb7cf4ab863fd1d472e4a126685ca5f87524cf6d10608a7
66	full_h2o	52001	continuum_support	h2o_continuum_blue_q80		h2o_continuum_blue_q80	h2o_feature_optical_depth	jwst_mcfost/output/h2o_3um_observation_v3/stellar_center_h2o_continuum_lsf_nodes_R2400_v3.tsv	07f25fef793bf100873ab1f963bc44c55e49b0f171865ef57da62eb4db1d56d2	49b3302a9f1bd3eecfc082937cb918be850f6d981dc395d74fe4964b1ee93ace			2.649991809092044	11	1	0.2220759220056126	Gaussian_in_log_lambda_constant_resolving_power	2400	2.6493562390361665	NIRSpec	G235H	G235H_run01	lambda_F_lambda_W_m-2	F_nu_Jy=lambda_F_lambda*lambda_um*1e20/c_m_s	F_nu_Jy	jwst_mcfost/runs/h2o_3um_method2_screen_v3/anchors/full_h2o/continuum_support/h2o_continuum_blue_q80/node01.lambda	08f026c5c305288a8d8d83aae112d3bc1e74ef2b40fb8796ee604c1f9bd956d8		expanded_n2401	1.9975051980918284	2401	2401	3003.7468767198525	1.2510399319949406	2.4822220872915486e-06	False		stellar_center	0.0	0.0	0.35	1	m2p25_c17p5_a0p40_q2p75_i0p05	2.25	2.75	c17p5	17.5	317.159480236321	100	1.0	7.3011756855e-08	70.0	0.03	0.4	128000	2	1	16	h2o_selected	jwst_mcfost/runs/h2o_3um_method2_screen_v3/parameters/h2o_selected_rt.para	53e7d2af20d3803c95144bc0809885d44da2324ffb8e6800d228c85b67412cdc	jwst_mcfost/runs/strict_continuum_cavity_mass_q_v1/models/m2p25_c17p5_a0p40_q2p75_i0p05/temperature/seed=41001/data_th/Temperature.fits.gz	1bd212f2f54dd8c1701a6064e129ba7fdb5721cb3fe296472433bbdd3b79ec1c	reused_accepted_continuum_temperature_screening_only_not_self_consistent_for_changed_dust	selected_h2o_disjoint_dhs_screening_dust	inside_h2o_optical_constants	continuum_reconstruction_not_scored	jwst_mcfost/runs/h2o_3um_method2_screen_v3/tasks/full_h2o/t066_h2o_continuum_blue_q80_n01_s52001	93131890230888e10638d1e65a87d39b9c9aa2fa5efa31cbbbf3cf7e578971a8
67	full_h2o	52001	continuum_support	h2o_continuum_blue_q80		h2o_continuum_blue_q80	h2o_feature_optical_depth	jwst_mcfost/output/h2o_3um_observation_v3/stellar_center_h2o_continuum_lsf_nodes_R2400_v3.tsv	07f25fef793bf100873ab1f963bc44c55e49b0f171865ef57da62eb4db1d56d2	893bb333938fd1da7d2a260030fba579f5baa119dcd31caf5c803dadb4573796			2.649991809092044	12	2	0.53333333333333333	Gaussian_in_log_lambda_constant_resolving_power	2400	2.649991809092044	NIRSpec	G235H	G235H_run01	lambda_F_lambda_W_m-2	F_nu_Jy=lambda_F_lambda*lambda_um*1e20/c_m_s	F_nu_Jy	jwst_mcfost/runs/h2o_3um_method2_screen_v3/anchors/full_h2o/continuum_support/h2o_continuum_blue_q80/node02.lambda	e1c7b3832787a15afc6d4999881341ec18cfc666e70d3224d5b183584b95f689		expanded_n2401	1.9975051980918284	2401	2401	3003.7468767198525	1.2510399319949406	2.4822220872915486e-06	False		stellar_center	0.0	0.0	0.35	1	m2p25_c17p5_a0p40_q2p75_i0p05	2.25	2.75	c17p5	17.5	317.159480236321	100	1.0	7.3011756855e-08	70.0	0.03	0.4	128000	2	1	16	h2o_selected	jwst_mcfost/runs/h2o_3um_method2_screen_v3/parameters/h2o_selected_rt.para	53e7d2af20d3803c95144bc0809885d44da2324ffb8e6800d228c85b67412cdc	jwst_mcfost/runs/strict_continuum_cavity_mass_q_v1/models/m2p25_c17p5_a0p40_q2p75_i0p05/temperature/seed=41001/data_th/Temperature.fits.gz	1bd212f2f54dd8c1701a6064e129ba7fdb5721cb3fe296472433bbdd3b79ec1c	reused_accepted_continuum_temperature_screening_only_not_self_consistent_for_changed_dust	selected_h2o_disjoint_dhs_screening_dust	inside_h2o_optical_constants	continuum_reconstruction_not_scored	jwst_mcfost/runs/h2o_3um_method2_screen_v3/tasks/full_h2o/t067_h2o_continuum_blue_q80_n02_s52001	b82439170e5f4ceec87337cc747c1a4f62743dc3dce3dbe09b177ec990a8af91
68	full_h2o	52001	continuum_support	h2o_continuum_blue_q80		h2o_continuum_blue_q80	h2o_feature_optical_depth	jwst_mcfost/output/h2o_3um_observation_v3/stellar_center_h2o_continuum_lsf_nodes_R2400_v3.tsv	07f25fef793bf100873ab1f963bc44c55e49b0f171865ef57da62eb4db1d56d2	68d39365e9c88df020529999ad310dee94114967340df38ec254814551feed76			2.649991809092044	13	3	0.2220759220056126	Gaussian_in_log_lambda_constant_resolving_power	2400	2.6506275316186576	NIRSpec	G235H	G235H_run01	lambda_F_lambda_W_m-2	F_nu_Jy=lambda_F_lambda*lambda_um*1e20/c_m_s	F_nu_Jy	jwst_mcfost/runs/h2o_3um_method2_screen_v3/anchors/full_h2o/continuum_support/h2o_continuum_blue_q80/node03.lambda	fea3f351722c59071cda3888e41ff6d833ab17625a17cd80168d786db328dcc0		expanded_n2401	1.9975051980918284	2401	2401	3003.7468767198525	1.2510399319949406	2.4822220872915486e-06	False		stellar_center	0.0	0.0	0.35	1	m2p25_c17p5_a0p40_q2p75_i0p05	2.25	2.75	c17p5	17.5	317.159480236321	100	1.0	7.3011756855e-08	70.0	0.03	0.4	128000	2	1	16	h2o_selected	jwst_mcfost/runs/h2o_3um_method2_screen_v3/parameters/h2o_selected_rt.para	53e7d2af20d3803c95144bc0809885d44da2324ffb8e6800d228c85b67412cdc	jwst_mcfost/runs/strict_continuum_cavity_mass_q_v1/models/m2p25_c17p5_a0p40_q2p75_i0p05/temperature/seed=41001/data_th/Temperature.fits.gz	1bd212f2f54dd8c1701a6064e129ba7fdb5721cb3fe296472433bbdd3b79ec1c	reused_accepted_continuum_temperature_screening_only_not_self_consistent_for_changed_dust	selected_h2o_disjoint_dhs_screening_dust	inside_h2o_optical_constants	continuum_reconstruction_not_scored	jwst_mcfost/runs/h2o_3um_method2_screen_v3/tasks/full_h2o/t068_h2o_continuum_blue_q80_n03_s52001	2d57526a282c35b640abacb42ab4c762d7db8bff6a86684e71c0e0ccec752528
69	full_h2o	52001	continuum_support	h2o_continuum_blue_q80		h2o_continuum_blue_q80	h2o_feature_optical_depth	jwst_mcfost/output/h2o_3um_observation_v3/stellar_center_h2o_continuum_lsf_nodes_R2400_v3.tsv	07f25fef793bf100873ab1f963bc44c55e49b0f171865ef57da62eb4db1d56d2	f23d4d12c62f5797076d63362fbd65c06c34d9ebd3507487b8d7825116f521f6			2.649991809092044	14	4	0.011257411327720693	Gaussian_in_log_lambda_constant_resolving_power	2400	2.6513317665938914	NIRSpec	G235H	G235H_run01	lambda_F_lambda_W_m-2	F_nu_Jy=lambda_F_lambda*lambda_um*1e20/c_m_s	F_nu_Jy	jwst_mcfost/runs/h2o_3um_method2_screen_v3/anchors/full_h2o/continuum_support/h2o_continuum_blue_q80/node04.lambda	acc1b26bf00f5ec96326cf2bdbf0e14c37f1f7c563dbd3fdd9d4ac592ef2d570		expanded_n2401	1.9975051980918284	2401	2401	3003.7468767198525	1.2510399319949406	2.4822220872915486e-06	False		stellar_center	0.0	0.0	0.35	1	m2p25_c17p5_a0p40_q2p75_i0p05	2.25	2.75	c17p5	17.5	317.159480236321	100	1.0	7.3011756855e-08	70.0	0.03	0.4	128000	2	1	16	h2o_selected	jwst_mcfost/runs/h2o_3um_method2_screen_v3/parameters/h2o_selected_rt.para	53e7d2af20d3803c95144bc0809885d44da2324ffb8e6800d228c85b67412cdc	jwst_mcfost/runs/strict_continuum_cavity_mass_q_v1/models/m2p25_c17p5_a0p40_q2p75_i0p05/temperature/seed=41001/data_th/Temperature.fits.gz	1bd212f2f54dd8c1701a6064e129ba7fdb5721cb3fe296472433bbdd3b79ec1c	reused_accepted_continuum_temperature_screening_only_not_self_consistent_for_changed_dust	selected_h2o_disjoint_dhs_screening_dust	inside_h2o_optical_constants	continuum_reconstruction_not_scored	jwst_mcfost/runs/h2o_3um_method2_screen_v3/tasks/full_h2o/t069_h2o_continuum_blue_q80_n04_s52001	af883f14653c6729bde1876a362178fbf9b6958231eaa64d7be57935e59f2d37
70	full_h2o	52001	continuum_support	h2o_continuum_red_q20		h2o_continuum_red_q20	h2o_feature_optical_depth	jwst_mcfost/output/h2o_3um_observation_v3/stellar_center_h2o_continuum_lsf_nodes_R2400_v3.tsv	07f25fef793bf100873ab1f963bc44c55e49b0f171865ef57da62eb4db1d56d2	384dcae0e9fa6a6629717ba395d8b6b7103b993f408c2882f73cf3590833f026			3.549182441347746	15	0	0.011257411327720693	Gaussian_in_log_lambda_constant_resolving_power	2400	3.5473887187749509	NIRSpec	G395H	G395H_run00	lambda_F_lambda_W_m-2	F_nu_Jy=lambda_F_lambda*lambda_um*1e20/c_m_s	F_nu_Jy	jwst_mcfost/runs/h2o_3um_method2_screen_v3/anchors/full_h2o/continuum_support/h2o_continuum_red_q20/node00.lambda	547f75c04262e6b2ae7b8cd968e6f07d218d3529d82fe4c5ace5720b4a1f0076		expanded_n2401	1.9975051980918284	2401	2401	3003.7468767198525	1.2510399319949406	2.4822220872915486e-06	False		stellar_center	0.0	0.0	0.35	1	m2p25_c17p5_a0p40_q2p75_i0p05	2.25	2.75	c17p5	17.5	317.159480236321	100	1.0	7.3011756855e-08	70.0	0.03	0.4	128000	2	1	16	h2o_selected	jwst_mcfost/runs/h2o_3um_method2_screen_v3/parameters/h2o_selected_rt.para	53e7d2af20d3803c95144bc0809885d44da2324ffb8e6800d228c85b67412cdc	jwst_mcfost/runs/strict_continuum_cavity_mass_q_v1/models/m2p25_c17p5_a0p40_q2p75_i0p05/temperature/seed=41001/data_th/Temperature.fits.gz	1bd212f2f54dd8c1701a6064e129ba7fdb5721cb3fe296472433bbdd3b79ec1c	reused_accepted_continuum_temperature_screening_only_not_self_consistent_for_changed_dust	selected_h2o_disjoint_dhs_screening_dust	inside_h2o_optical_constants	continuum_reconstruction_not_scored	jwst_mcfost/runs/h2o_3um_method2_screen_v3/tasks/full_h2o/t070_h2o_continuum_red_q20_n00_s52001	bc6f2a106db76ae728db9368621566d3e888323a870476c5455a6926a14a5176
71	full_h2o	52001	continuum_support	h2o_continuum_red_q20		h2o_continuum_red_q20	h2o_feature_optical_depth	jwst_mcfost/output/h2o_3um_observation_v3/stellar_center_h2o_continuum_lsf_nodes_R2400_v3.tsv	07f25fef793bf100873ab1f963bc44c55e49b0f171865ef57da62eb4db1d56d2	c43196ba2e6cd5e60309458a2418767efcfedf050a9f6b4f237b700b4d3db65f			3.549182441347746	16	1	0.2220759220056126	Gaussian_in_log_lambda_constant_resolving_power	2400	3.5483312107609843	NIRSpec	G395H	G395H_run00	lambda_F_lambda_W_m-2	F_nu_Jy=lambda_F_lambda*lambda_um*1e20/c_m_s	F_nu_Jy	jwst_mcfost/runs/h2o_3um_method2_screen_v3/anchors/full_h2o/continuum_support/h2o_continuum_red_q20/node01.lambda	bfd5fd80b017167f7032355f954eca74c7db08bf049d32191a1c6a895c1e76db		expanded_n2401	1.9975051980918284	2401	2401	3003.7468767198525	1.2510399319949406	2.4822220872915486e-06	False		stellar_center	0.0	0.0	0.35	1	m2p25_c17p5_a0p40_q2p75_i0p05	2.25	2.75	c17p5	17.5	317.159480236321	100	1.0	7.3011756855e-08	70.0	0.03	0.4	128000	2	1	16	h2o_selected	jwst_mcfost/runs/h2o_3um_method2_screen_v3/parameters/h2o_selected_rt.para	53e7d2af20d3803c95144bc0809885d44da2324ffb8e6800d228c85b67412cdc	jwst_mcfost/runs/strict_continuum_cavity_mass_q_v1/models/m2p25_c17p5_a0p40_q2p75_i0p05/temperature/seed=41001/data_th/Temperature.fits.gz	1bd212f2f54dd8c1701a6064e129ba7fdb5721cb3fe296472433bbdd3b79ec1c	reused_accepted_continuum_temperature_screening_only_not_self_consistent_for_changed_dust	selected_h2o_disjoint_dhs_screening_dust	inside_h2o_optical_constants	continuum_reconstruction_not_scored	jwst_mcfost/runs/h2o_3um_method2_screen_v3/tasks/full_h2o/t071_h2o_continuum_red_q20_n01_s52001	680c4735cd8bd92357de8d8e4dfedd3dd634d6e23d8742b2d89e30fb049a85f2
72	full_h2o	52001	continuum_support	h2o_continuum_red_q20		h2o_continuum_red_q20	h2o_feature_optical_depth	jwst_mcfost/output/h2o_3um_observation_v3/stellar_center_h2o_continuum_lsf_nodes_R2400_v3.tsv	07f25fef793bf100873ab1f963bc44c55e49b0f171865ef57da62eb4db1d56d2	d187e663a6dde07bff9f6652e8498f09c0dff8f6b02d93bb44b01a4a963bfa3f			3.549182441347746	17	2	0.53333333333333333	Gaussian_in_log_lambda_constant_resolving_power	2400	3.549182441347746	NIRSpec	G395H	G395H_run00	lambda_F_lambda_W_m-2	F_nu_Jy=lambda_F_lambda*lambda_um*1e20/c_m_s	F_nu_Jy	jwst_mcfost/runs/h2o_3um_method2_screen_v3/anchors/full_h2o/continuum_support/h2o_continuum_red_q20/node02.lambda	8357429de9ad63cd1f793ad6f75351717c66ee992861eebebcddda0c2e0e0c6c		expanded_n2401	1.9975051980918284	2401	2401	3003.7468767198525	1.2510399319949406	2.4822220872915486e-06	False		stellar_center	0.0	0.0	0.35	1	m2p25_c17p5_a0p40_q2p75_i0p05	2.25	2.75	c17p5	17.5	317.159480236321	100	1.0	7.3011756855e-08	70.0	0.03	0.4	128000	2	1	16	h2o_selected	jwst_mcfost/runs/h2o_3um_method2_screen_v3/parameters/h2o_selected_rt.para	53e7d2af20d3803c95144bc0809885d44da2324ffb8e6800d228c85b67412cdc	jwst_mcfost/runs/strict_continuum_cavity_mass_q_v1/models/m2p25_c17p5_a0p40_q2p75_i0p05/temperature/seed=41001/data_th/Temperature.fits.gz	1bd212f2f54dd8c1701a6064e129ba7fdb5721cb3fe296472433bbdd3b79ec1c	reused_accepted_continuum_temperature_screening_only_not_self_consistent_for_changed_dust	selected_h2o_disjoint_dhs_screening_dust	inside_h2o_optical_constants	continuum_reconstruction_not_scored	jwst_mcfost/runs/h2o_3um_method2_screen_v3/tasks/full_h2o/t072_h2o_continuum_red_q20_n02_s52001	d940bf11af4293cb7dd43610890de87f2b57f3dae235fa18419c4c7e2ed76b24
73	full_h2o	52001	continuum_support	h2o_continuum_red_q20		h2o_continuum_red_q20	h2o_feature_optical_depth	jwst_mcfost/output/h2o_3um_observation_v3/stellar_center_h2o_continuum_lsf_nodes_R2400_v3.tsv	07f25fef793bf100873ab1f963bc44c55e49b0f171865ef57da62eb4db1d56d2	2901320e44664d37a6d4a76dddc133232c662e0b418d73f4e5ab24d64b4f514e			3.549182441347746	18	3	0.2220759220056126	Gaussian_in_log_lambda_constant_resolving_power	2400	3.5500338761413497	NIRSpec	G395H	G395H_run00	lambda_F_lambda_W_m-2	F_nu_Jy=lambda_F_lambda*lambda_um*1e20/c_m_s	F_nu_Jy	jwst_mcfost/runs/h2o_3um_method2_screen_v3/anchors/full_h2o/continuum_support/h2o_continuum_red_q20/node03.lambda	a693775c3051c6c8566f00577ba031040c6af5a3755f76c748eac79b22d155f3		expanded_n2401	1.9975051980918284	2401	2401	3003.7468767198525	1.2510399319949406	2.4822220872915486e-06	False		stellar_center	0.0	0.0	0.35	1	m2p25_c17p5_a0p40_q2p75_i0p05	2.25	2.75	c17p5	17.5	317.159480236321	100	1.0	7.3011756855e-08	70.0	0.03	0.4	128000	2	1	16	h2o_selected	jwst_mcfost/runs/h2o_3um_method2_screen_v3/parameters/h2o_selected_rt.para	53e7d2af20d3803c95144bc0809885d44da2324ffb8e6800d228c85b67412cdc	jwst_mcfost/runs/strict_continuum_cavity_mass_q_v1/models/m2p25_c17p5_a0p40_q2p75_i0p05/temperature/seed=41001/data_th/Temperature.fits.gz	1bd212f2f54dd8c1701a6064e129ba7fdb5721cb3fe296472433bbdd3b79ec1c	reused_accepted_continuum_temperature_screening_only_not_self_consistent_for_changed_dust	selected_h2o_disjoint_dhs_screening_dust	inside_h2o_optical_constants	continuum_reconstruction_not_scored	jwst_mcfost/runs/h2o_3um_method2_screen_v3/tasks/full_h2o/t073_h2o_continuum_red_q20_n03_s52001	a79c62ff15fd8c7f25c8219dce902430023136e02fe7c47a04c1314a25ed676c
74	full_h2o	52001	continuum_support	h2o_continuum_red_q20		h2o_continuum_red_q20	h2o_feature_optical_depth	jwst_mcfost/output/h2o_3um_observation_v3/stellar_center_h2o_continuum_lsf_nodes_R2400_v3.tsv	07f25fef793bf100873ab1f963bc44c55e49b0f171865ef57da62eb4db1d56d2	65ed4be81c375a9572cece9084376a70face3d0c69eb0ae67b48a8d90ecbd4fe			3.549182441347746	19	4	0.011257411327720693	Gaussian_in_log_lambda_constant_resolving_power	2400	3.550977070909012	NIRSpec	G395H	G395H_run00	lambda_F_lambda_W_m-2	F_nu_Jy=lambda_F_lambda*lambda_um*1e20/c_m_s	F_nu_Jy	jwst_mcfost/runs/h2o_3um_method2_screen_v3/anchors/full_h2o/continuum_support/h2o_continuum_red_q20/node04.lambda	5125f5fb9a4e7f9e49be883c313263dfdbd3819595c48403dfae31ea65b66031		expanded_n2401	1.9975051980918284	2401	2401	3003.7468767198525	1.2510399319949406	2.4822220872915486e-06	False		stellar_center	0.0	0.0	0.35	1	m2p25_c17p5_a0p40_q2p75_i0p05	2.25	2.75	c17p5	17.5	317.159480236321	100	1.0	7.3011756855e-08	70.0	0.03	0.4	128000	2	1	16	h2o_selected	jwst_mcfost/runs/h2o_3um_method2_screen_v3/parameters/h2o_selected_rt.para	53e7d2af20d3803c95144bc0809885d44da2324ffb8e6800d228c85b67412cdc	jwst_mcfost/runs/strict_continuum_cavity_mass_q_v1/models/m2p25_c17p5_a0p40_q2p75_i0p05/temperature/seed=41001/data_th/Temperature.fits.gz	1bd212f2f54dd8c1701a6064e129ba7fdb5721cb3fe296472433bbdd3b79ec1c	reused_accepted_continuum_temperature_screening_only_not_self_consistent_for_changed_dust	selected_h2o_disjoint_dhs_screening_dust	inside_h2o_optical_constants	continuum_reconstruction_not_scored	jwst_mcfost/runs/h2o_3um_method2_screen_v3/tasks/full_h2o/t074_h2o_continuum_red_q20_n04_s52001	fb322f25db916d2dd0370f5a41319b606222020d96a566ccb803f25eb90e153c
75	full_h2o	52001	continuum_support	h2o_continuum_red_q50		h2o_continuum_red_q50	h2o_feature_optical_depth	jwst_mcfost/output/h2o_3um_observation_v3/stellar_center_h2o_continuum_lsf_nodes_R2400_v3.tsv	07f25fef793bf100873ab1f963bc44c55e49b0f171865ef57da62eb4db1d56d2	3e6ad4a49e70e366230d387244898131aaf6dae1d946be761f0ada5397bd3464			3.5744323010028149	20	0	0.011257411327720693	Gaussian_in_log_lambda_constant_resolving_power	2400	3.5726258173944934	NIRSpec	G395H	G395H_run00	lambda_F_lambda_W_m-2	F_nu_Jy=lambda_F_lambda*lambda_um*1e20/c_m_s	F_nu_Jy	jwst_mcfost/runs/h2o_3um_method2_screen_v3/anchors/full_h2o/continuum_support/h2o_continuum_red_q50/node00.lambda	056d085f2250246eda617755302a06563ff339f5a0859cd1f7c37d52fe9e89b1		expanded_n2401	1.9975051980918284	2401	2401	3003.7468767198525	1.2510399319949406	2.4822220872915486e-06	False		stellar_center	0.0	0.0	0.35	1	m2p25_c17p5_a0p40_q2p75_i0p05	2.25	2.75	c17p5	17.5	317.159480236321	100	1.0	7.3011756855e-08	70.0	0.03	0.4	128000	2	1	16	h2o_selected	jwst_mcfost/runs/h2o_3um_method2_screen_v3/parameters/h2o_selected_rt.para	53e7d2af20d3803c95144bc0809885d44da2324ffb8e6800d228c85b67412cdc	jwst_mcfost/runs/strict_continuum_cavity_mass_q_v1/models/m2p25_c17p5_a0p40_q2p75_i0p05/temperature/seed=41001/data_th/Temperature.fits.gz	1bd212f2f54dd8c1701a6064e129ba7fdb5721cb3fe296472433bbdd3b79ec1c	reused_accepted_continuum_temperature_screening_only_not_self_consistent_for_changed_dust	selected_h2o_disjoint_dhs_screening_dust	inside_h2o_optical_constants	continuum_reconstruction_not_scored	jwst_mcfost/runs/h2o_3um_method2_screen_v3/tasks/full_h2o/t075_h2o_continuum_red_q50_n00_s52001	188931530bd7276533d5d54b2ba034eb03d62c355bbcaa9fadca2b24365f525b
76	full_h2o	52001	continuum_support	h2o_continuum_red_q50		h2o_continuum_red_q50	h2o_feature_optical_depth	jwst_mcfost/output/h2o_3um_observation_v3/stellar_center_h2o_continuum_lsf_nodes_R2400_v3.tsv	07f25fef793bf100873ab1f963bc44c55e49b0f171865ef57da62eb4db1d56d2	9b9ec480202ec5154923505ed6383d434d12c2fff379606a9c0024b93ebae87f			3.5744323010028149	21	1	0.2220759220056126	Gaussian_in_log_lambda_constant_resolving_power	2400	3.5735750145276324	NIRSpec	G395H	G395H_run00	lambda_F_lambda_W_m-2	F_nu_Jy=lambda_F_lambda*lambda_um*1e20/c_m_s	F_nu_Jy	jwst_mcfost/runs/h2o_3um_method2_screen_v3/anchors/full_h2o/continuum_support/h2o_continuum_red_q50/node01.lambda	8662342337a6bec65683e86fa2b2a979225e52abf507e242e1025ff10420b635		expanded_n2401	1.9975051980918284	2401	2401	3003.7468767198525	1.2510399319949406	2.4822220872915486e-06	False		stellar_center	0.0	0.0	0.35	1	m2p25_c17p5_a0p40_q2p75_i0p05	2.25	2.75	c17p5	17.5	317.159480236321	100	1.0	7.3011756855e-08	70.0	0.03	0.4	128000	2	1	16	h2o_selected	jwst_mcfost/runs/h2o_3um_method2_screen_v3/parameters/h2o_selected_rt.para	53e7d2af20d3803c95144bc0809885d44da2324ffb8e6800d228c85b67412cdc	jwst_mcfost/runs/strict_continuum_cavity_mass_q_v1/models/m2p25_c17p5_a0p40_q2p75_i0p05/temperature/seed=41001/data_th/Temperature.fits.gz	1bd212f2f54dd8c1701a6064e129ba7fdb5721cb3fe296472433bbdd3b79ec1c	reused_accepted_continuum_temperature_screening_only_not_self_consistent_for_changed_dust	selected_h2o_disjoint_dhs_screening_dust	inside_h2o_optical_constants	continuum_reconstruction_not_scored	jwst_mcfost/runs/h2o_3um_method2_screen_v3/tasks/full_h2o/t076_h2o_continuum_red_q50_n01_s52001	3c87e5ee6a641af81158d79dff2f641e1695874da27ecedd782dcaa6e775a9dd
77	full_h2o	52001	continuum_support	h2o_continuum_red_q50		h2o_continuum_red_q50	h2o_feature_optical_depth	jwst_mcfost/output/h2o_3um_observation_v3/stellar_center_h2o_continuum_lsf_nodes_R2400_v3.tsv	07f25fef793bf100873ab1f963bc44c55e49b0f171865ef57da62eb4db1d56d2	0c12ceff0a9cceec18551b835b18d1efb88f1220a11c5efa034c826745f3ce84			3.5744323010028149	22	2	0.53333333333333333	Gaussian_in_log_lambda_constant_resolving_power	2400	3.5744323010028149	NIRSpec	G395H	G395H_run00	lambda_F_lambda_W_m-2	F_nu_Jy=lambda_F_lambda*lambda_um*1e20/c_m_s	F_nu_Jy	jwst_mcfost/runs/h2o_3um_method2_screen_v3/anchors/full_h2o/continuum_support/h2o_continuum_red_q50/node02.lambda	6e1d7a4449544f7c599611a3f686861c29391687e12a2d6688b12a50c3dd67df		expanded_n2401	1.9975051980918284	2401	2401	3003.7468767198525	1.2510399319949406	2.4822220872915486e-06	False		stellar_center	0.0	0.0	0.35	1	m2p25_c17p5_a0p40_q2p75_i0p05	2.25	2.75	c17p5	17.5	317.159480236321	100	1.0	7.3011756855e-08	70.0	0.03	0.4	128000	2	1	16	h2o_selected	jwst_mcfost/runs/h2o_3um_method2_screen_v3/parameters/h2o_selected_rt.para	53e7d2af20d3803c95144bc0809885d44da2324ffb8e6800d228c85b67412cdc	jwst_mcfost/runs/strict_continuum_cavity_mass_q_v1/models/m2p25_c17p5_a0p40_q2p75_i0p05/temperature/seed=41001/data_th/Temperature.fits.gz	1bd212f2f54dd8c1701a6064e129ba7fdb5721cb3fe296472433bbdd3b79ec1c	reused_accepted_continuum_temperature_screening_only_not_self_consistent_for_changed_dust	selected_h2o_disjoint_dhs_screening_dust	inside_h2o_optical_constants	continuum_reconstruction_not_scored	jwst_mcfost/runs/h2o_3um_method2_screen_v3/tasks/full_h2o/t077_h2o_continuum_red_q50_n02_s52001	f95ca514e77b48a2e2e33ce2da4e9bc28ce8cafae09445e8b0ff9c66fb8d8ad4
78	full_h2o	52001	continuum_support	h2o_continuum_red_q50		h2o_continuum_red_q50	h2o_feature_optical_depth	jwst_mcfost/output/h2o_3um_observation_v3/stellar_center_h2o_continuum_lsf_nodes_R2400_v3.tsv	07f25fef793bf100873ab1f963bc44c55e49b0f171865ef57da62eb4db1d56d2	bcfedd1102a24c210bea917faa428d662e661ce5fdfeac992bcff83a34207d1d			3.5744323010028149	23	3	0.2220759220056126	Gaussian_in_log_lambda_constant_resolving_power	2400	3.5752897931376233	NIRSpec	G395H	G395H_run00	lambda_F_lambda_W_m-2	F_nu_Jy=lambda_F_lambda*lambda_um*1e20/c_m_s	F_nu_Jy	jwst_mcfost/runs/h2o_3um_method2_screen_v3/anchors/full_h2o/continuum_support/h2o_continuum_red_q50/node03.lambda	09fe7051a3c425ef2a877f74c26ad7cfb24edc8806b961ec97ebd988f5e0a5b8		expanded_n2401	1.9975051980918284	2401	2401	3003.7468767198525	1.2510399319949406	2.4822220872915486e-06	False		stellar_center	0.0	0.0	0.35	1	m2p25_c17p5_a0p40_q2p75_i0p05	2.25	2.75	c17p5	17.5	317.159480236321	100	1.0	7.3011756855e-08	70.0	0.03	0.4	128000	2	1	16	h2o_selected	jwst_mcfost/runs/h2o_3um_method2_screen_v3/parameters/h2o_selected_rt.para	53e7d2af20d3803c95144bc0809885d44da2324ffb8e6800d228c85b67412cdc	jwst_mcfost/runs/strict_continuum_cavity_mass_q_v1/models/m2p25_c17p5_a0p40_q2p75_i0p05/temperature/seed=41001/data_th/Temperature.fits.gz	1bd212f2f54dd8c1701a6064e129ba7fdb5721cb3fe296472433bbdd3b79ec1c	reused_accepted_continuum_temperature_screening_only_not_self_consistent_for_changed_dust	selected_h2o_disjoint_dhs_screening_dust	inside_h2o_optical_constants	continuum_reconstruction_not_scored	jwst_mcfost/runs/h2o_3um_method2_screen_v3/tasks/full_h2o/t078_h2o_continuum_red_q50_n03_s52001	af962128b5b115f4f7c49ecd49f5375cefef85811fe722b0834a1356d295c08d
79	full_h2o	52001	continuum_support	h2o_continuum_red_q50		h2o_continuum_red_q50	h2o_feature_optical_depth	jwst_mcfost/output/h2o_3um_observation_v3/stellar_center_h2o_continuum_lsf_nodes_R2400_v3.tsv	07f25fef793bf100873ab1f963bc44c55e49b0f171865ef57da62eb4db1d56d2	e1bacb70151dfbbef937eb34a233b6d941142b9eafcf7cb86efa34a5c2a68e1e			3.5744323010028149	24	4	0.011257411327720693	Gaussian_in_log_lambda_constant_resolving_power	2400	3.5762396980521727	NIRSpec	G395H	G395H_run00	lambda_F_lambda_W_m-2	F_nu_Jy=lambda_F_lambda*lambda_um*1e20/c_m_s	F_nu_Jy	jwst_mcfost/runs/h2o_3um_method2_screen_v3/anchors/full_h2o/continuum_support/h2o_continuum_red_q50/node04.lambda	f71150b37566b5185b79f6734bd1a71f7bd353245af44633b159b157e95eaadc		expanded_n2401	1.9975051980918284	2401	2401	3003.7468767198525	1.2510399319949406	2.4822220872915486e-06	False		stellar_center	0.0	0.0	0.35	1	m2p25_c17p5_a0p40_q2p75_i0p05	2.25	2.75	c17p5	17.5	317.159480236321	100	1.0	7.3011756855e-08	70.0	0.03	0.4	128000	2	1	16	h2o_selected	jwst_mcfost/runs/h2o_3um_method2_screen_v3/parameters/h2o_selected_rt.para	53e7d2af20d3803c95144bc0809885d44da2324ffb8e6800d228c85b67412cdc	jwst_mcfost/runs/strict_continuum_cavity_mass_q_v1/models/m2p25_c17p5_a0p40_q2p75_i0p05/temperature/seed=41001/data_th/Temperature.fits.gz	1bd212f2f54dd8c1701a6064e129ba7fdb5721cb3fe296472433bbdd3b79ec1c	reused_accepted_continuum_temperature_screening_only_not_self_consistent_for_changed_dust	selected_h2o_disjoint_dhs_screening_dust	inside_h2o_optical_constants	continuum_reconstruction_not_scored	jwst_mcfost/runs/h2o_3um_method2_screen_v3/tasks/full_h2o/t079_h2o_continuum_red_q50_n04_s52001	3505ac40319887f52ed28ca5d4153c53e02187fd33592708239b3bee1de51184
80	full_h2o	52001	continuum_support	h2o_continuum_red_q80		h2o_continuum_red_q80	h2o_feature_optical_depth	jwst_mcfost/output/h2o_3um_observation_v3/stellar_center_h2o_continuum_lsf_nodes_R2400_v3.tsv	07f25fef793bf100873ab1f963bc44c55e49b0f171865ef57da62eb4db1d56d2	d70aa29fb4ea21d5908761d82bea4d3e1da4c77fef1b24169f8a444de963ab64			3.5984826141459596	25	0	0.011257411327720693	Gaussian_in_log_lambda_constant_resolving_power	2400	3.596663975741349	NIRSpec	G395H	G395H_run00	lambda_F_lambda_W_m-2	F_nu_Jy=lambda_F_lambda*lambda_um*1e20/c_m_s	F_nu_Jy	jwst_mcfost/runs/h2o_3um_method2_screen_v3/anchors/full_h2o/continuum_support/h2o_continuum_red_q80/node00.lambda	29d9c513b9896376024c9b0c5295a25dc2b1db15db1a3f43b7d80138d7a95697		expanded_n2401	1.9975051980918284	2401	2401	3003.7468767198525	1.2510399319949406	2.4822220872915486e-06	False		stellar_center	0.0	0.0	0.35	1	m2p25_c17p5_a0p40_q2p75_i0p05	2.25	2.75	c17p5	17.5	317.159480236321	100	1.0	7.3011756855e-08	70.0	0.03	0.4	128000	2	1	16	h2o_selected	jwst_mcfost/runs/h2o_3um_method2_screen_v3/parameters/h2o_selected_rt.para	53e7d2af20d3803c95144bc0809885d44da2324ffb8e6800d228c85b67412cdc	jwst_mcfost/runs/strict_continuum_cavity_mass_q_v1/models/m2p25_c17p5_a0p40_q2p75_i0p05/temperature/seed=41001/data_th/Temperature.fits.gz	1bd212f2f54dd8c1701a6064e129ba7fdb5721cb3fe296472433bbdd3b79ec1c	reused_accepted_continuum_temperature_screening_only_not_self_consistent_for_changed_dust	selected_h2o_disjoint_dhs_screening_dust	inside_h2o_optical_constants	continuum_reconstruction_not_scored	jwst_mcfost/runs/h2o_3um_method2_screen_v3/tasks/full_h2o/t080_h2o_continuum_red_q80_n00_s52001	12a7c08612fea913a6c7da100718388b0d88b48d3e9fb470ebedd416d95f543e
81	full_h2o	52001	continuum_support	h2o_continuum_red_q80		h2o_continuum_red_q80	h2o_feature_optical_depth	jwst_mcfost/output/h2o_3um_observation_v3/stellar_center_h2o_continuum_lsf_nodes_R2400_v3.tsv	07f25fef793bf100873ab1f963bc44c55e49b0f171865ef57da62eb4db1d56d2	51845001fd052f77ff131bfe5add583f0808dced08ad985ecc074ad4b114128d			3.5984826141459596	26	1	0.2220759220056126	Gaussian_in_log_lambda_constant_resolving_power	2400	3.5976195594797904	NIRSpec	G395H	G395H_run00	lambda_F_lambda_W_m-2	F_nu_Jy=lambda_F_lambda*lambda_um*1e20/c_m_s	F_nu_Jy	jwst_mcfost/runs/h2o_3um_method2_screen_v3/anchors/full_h2o/continuum_support/h2o_continuum_red_q80/node01.lambda	0e21ecea7300de0a014e435084d59b3f5937d8af1dfa03a7fec15b5ff98e8ef0		expanded_n2401	1.9975051980918284	2401	2401	3003.7468767198525	1.2510399319949406	2.4822220872915486e-06	False		stellar_center	0.0	0.0	0.35	1	m2p25_c17p5_a0p40_q2p75_i0p05	2.25	2.75	c17p5	17.5	317.159480236321	100	1.0	7.3011756855e-08	70.0	0.03	0.4	128000	2	1	16	h2o_selected	jwst_mcfost/runs/h2o_3um_method2_screen_v3/parameters/h2o_selected_rt.para	53e7d2af20d3803c95144bc0809885d44da2324ffb8e6800d228c85b67412cdc	jwst_mcfost/runs/strict_continuum_cavity_mass_q_v1/models/m2p25_c17p5_a0p40_q2p75_i0p05/temperature/seed=41001/data_th/Temperature.fits.gz	1bd212f2f54dd8c1701a6064e129ba7fdb5721cb3fe296472433bbdd3b79ec1c	reused_accepted_continuum_temperature_screening_only_not_self_consistent_for_changed_dust	selected_h2o_disjoint_dhs_screening_dust	inside_h2o_optical_constants	continuum_reconstruction_not_scored	jwst_mcfost/runs/h2o_3um_method2_screen_v3/tasks/full_h2o/t081_h2o_continuum_red_q80_n01_s52001	1ed0b204dacb4abb88e74347d54abea79a62386c71a69eb7246a1b35572b9a83
82	full_h2o	52001	continuum_support	h2o_continuum_red_q80		h2o_continuum_red_q80	h2o_feature_optical_depth	jwst_mcfost/output/h2o_3um_observation_v3/stellar_center_h2o_continuum_lsf_nodes_R2400_v3.tsv	07f25fef793bf100873ab1f963bc44c55e49b0f171865ef57da62eb4db1d56d2	c9ffa67f5fdea62a3080b12357ed271905801e50652d17765e53b184c008c766			3.5984826141459596	27	2	0.53333333333333333	Gaussian_in_log_lambda_constant_resolving_power	2400	3.5984826141459596	NIRSpec	G395H	G395H_run00	lambda_F_lambda_W_m-2	F_nu_Jy=lambda_F_lambda*lambda_um*1e20/c_m_s	F_nu_Jy	jwst_mcfost/runs/h2o_3um_method2_screen_v3/anchors/full_h2o/continuum_support/h2o_continuum_red_q80/node02.lambda	645496d95c1925661b52f0374a539587284eeb93f2c69c6c91d5d1d4f0d9c2cf		expanded_n2401	1.9975051980918284	2401	2401	3003.7468767198525	1.2510399319949406	2.4822220872915486e-06	False		stellar_center	0.0	0.0	0.35	1	m2p25_c17p5_a0p40_q2p75_i0p05	2.25	2.75	c17p5	17.5	317.159480236321	100	1.0	7.3011756855e-08	70.0	0.03	0.4	128000	2	1	16	h2o_selected	jwst_mcfost/runs/h2o_3um_method2_screen_v3/parameters/h2o_selected_rt.para	53e7d2af20d3803c95144bc0809885d44da2324ffb8e6800d228c85b67412cdc	jwst_mcfost/runs/strict_continuum_cavity_mass_q_v1/models/m2p25_c17p5_a0p40_q2p75_i0p05/temperature/seed=41001/data_th/Temperature.fits.gz	1bd212f2f54dd8c1701a6064e129ba7fdb5721cb3fe296472433bbdd3b79ec1c	reused_accepted_continuum_temperature_screening_only_not_self_consistent_for_changed_dust	selected_h2o_disjoint_dhs_screening_dust	inside_h2o_optical_constants	continuum_reconstruction_not_scored	jwst_mcfost/runs/h2o_3um_method2_screen_v3/tasks/full_h2o/t082_h2o_continuum_red_q80_n02_s52001	f8d73a37c3df07ae3f321c41fbec3489876882927cda07aa45f293cd692143dd
83	full_h2o	52001	continuum_support	h2o_continuum_red_q80		h2o_continuum_red_q80	h2o_feature_optical_depth	jwst_mcfost/output/h2o_3um_observation_v3/stellar_center_h2o_continuum_lsf_nodes_R2400_v3.tsv	07f25fef793bf100873ab1f963bc44c55e49b0f171865ef57da62eb4db1d56d2	4d6395b508bb2923581e7ceefd63e994572bbd6e0812da5003d9e3efc8f54ca0			3.5984826141459596	28	3	0.2220759220056126	Gaussian_in_log_lambda_constant_resolving_power	2400	3.5993458758555206	NIRSpec	G395H	G395H_run00	lambda_F_lambda_W_m-2	F_nu_Jy=lambda_F_lambda*lambda_um*1e20/c_m_s	F_nu_Jy	jwst_mcfost/runs/h2o_3um_method2_screen_v3/anchors/full_h2o/continuum_support/h2o_continuum_red_q80/node03.lambda	3af4bfff9a84ef76c34dfdc2ad0eea14e8479083aa824fb25a82cc5d8979175d		expanded_n2401	1.9975051980918284	2401	2401	3003.7468767198525	1.2510399319949406	2.4822220872915486e-06	False		stellar_center	0.0	0.0	0.35	1	m2p25_c17p5_a0p40_q2p75_i0p05	2.25	2.75	c17p5	17.5	317.159480236321	100	1.0	7.3011756855e-08	70.0	0.03	0.4	128000	2	1	16	h2o_selected	jwst_mcfost/runs/h2o_3um_method2_screen_v3/parameters/h2o_selected_rt.para	53e7d2af20d3803c95144bc0809885d44da2324ffb8e6800d228c85b67412cdc	jwst_mcfost/runs/strict_continuum_cavity_mass_q_v1/models/m2p25_c17p5_a0p40_q2p75_i0p05/temperature/seed=41001/data_th/Temperature.fits.gz	1bd212f2f54dd8c1701a6064e129ba7fdb5721cb3fe296472433bbdd3b79ec1c	reused_accepted_continuum_temperature_screening_only_not_self_consistent_for_changed_dust	selected_h2o_disjoint_dhs_screening_dust	inside_h2o_optical_constants	continuum_reconstruction_not_scored	jwst_mcfost/runs/h2o_3um_method2_screen_v3/tasks/full_h2o/t083_h2o_continuum_red_q80_n03_s52001	00b0a3367939835b58d0e7c623ac9336e5d664b8077782883606c8853efb0af9
84	full_h2o	52001	continuum_support	h2o_continuum_red_q80		h2o_continuum_red_q80	h2o_feature_optical_depth	jwst_mcfost/output/h2o_3um_observation_v3/stellar_center_h2o_continuum_lsf_nodes_R2400_v3.tsv	07f25fef793bf100873ab1f963bc44c55e49b0f171865ef57da62eb4db1d56d2	944b3625e5b28c41cf067339e6589d98d585703f993dd15a7bf9dd81613f7567			3.5984826141459596	29	4	0.011257411327720693	Gaussian_in_log_lambda_constant_resolving_power	2400	3.6003021721376292	NIRSpec	G395H	G395H_run00	lambda_F_lambda_W_m-2	F_nu_Jy=lambda_F_lambda*lambda_um*1e20/c_m_s	F_nu_Jy	jwst_mcfost/runs/h2o_3um_method2_screen_v3/anchors/full_h2o/continuum_support/h2o_continuum_red_q80/node04.lambda	7306526a9120d9f85cdca7a169480487744e22e787e2a0a6e237e3a7ba47f942		expanded_n2401	1.9975051980918284	2401	2401	3003.7468767198525	1.2510399319949406	2.4822220872915486e-06	False		stellar_center	0.0	0.0	0.35	1	m2p25_c17p5_a0p40_q2p75_i0p05	2.25	2.75	c17p5	17.5	317.159480236321	100	1.0	7.3011756855e-08	70.0	0.03	0.4	128000	2	1	16	h2o_selected	jwst_mcfost/runs/h2o_3um_method2_screen_v3/parameters/h2o_selected_rt.para	53e7d2af20d3803c95144bc0809885d44da2324ffb8e6800d228c85b67412cdc	jwst_mcfost/runs/strict_continuum_cavity_mass_q_v1/models/m2p25_c17p5_a0p40_q2p75_i0p05/temperature/seed=41001/data_th/Temperature.fits.gz	1bd212f2f54dd8c1701a6064e129ba7fdb5721cb3fe296472433bbdd3b79ec1c	reused_accepted_continuum_temperature_screening_only_not_self_consistent_for_changed_dust	selected_h2o_disjoint_dhs_screening_dust	inside_h2o_optical_constants	continuum_reconstruction_not_scored	jwst_mcfost/runs/h2o_3um_method2_screen_v3/tasks/full_h2o/t084_h2o_continuum_red_q80_n04_s52001	1c92908b538ecf407f78c6f395020ded58eeae5ccf9efdccbd432e5af4f50cc8
