path,bytes,category
.DS_Store,49156,regenerable_cache
.mplconfig/fontlist-v390.json,125096,review_before_moving
CMQ_HIGHN_CONVERGENCE_V2.md,1617,historical_documentation
CMQ_TECHNICAL_RECOVERY_V1.md,5057,historical_documentation
CONTINUE_HERE.md,103610,historical_documentation
H2O_3UM_ABUNDANCE_GRID_V1.md,9667,historical_documentation
H2O_3UM_DUST_AXIS_GRID_V1.md,18741,historical_documentation
H2O_3UM_METHOD2_CANCELLED_CONVERGENCE_ARCHIVE_V1.md,5112,historical_documentation
H2O_3UM_METHOD2_FIELD_PILOT_V3_RESULT.md,5097,historical_documentation
H2O_3UM_METHOD2_POSTPILOT_GUARD_FIELD_RECOVERY_V1.md,8556,historical_documentation
H2O_3UM_METHOD2_POSTPILOT_V1.md,4079,historical_documentation
H2O_3UM_METHOD2_SCREEN_V1.md,7183,historical_documentation
H2O_3UM_METHOD2_SCREEN_V1_SUPPLEMENT.md,5209,historical_documentation
H2O_3UM_METHOD2_SCREEN_V3.md,6263,historical_documentation
H2O_3UM_OBSERVATION_V2.md,3639,historical_documentation
H2O_3UM_OBSERVATION_V2_FAILED_PREFLIGHT.md,1864,historical_documentation
H2O_3UM_OBSERVATION_V3.md,5557,historical_documentation
H2O_3UM_OPACITY_RESCORE_V2.md,4757,historical_documentation
H2O_3UM_OPACITY_SCREEN_V1.md,3073,historical_documentation
HIGH_PHOTON_ARRAY_RECOVERY.md,4430,historical_documentation
ICE_ANALYSIS_REANALYSIS_REQUEST.md,14032,historical_documentation
ICE_FEATURE_METHOD2_PILOT_V1.md,6593,historical_documentation
ICE_FEATURE_METHOD2_PILOT_V2.md,10604,historical_documentation
ICE_INPUTS_INTEGRATION_PLAN.md,12990,historical_documentation
LITERATURE_BOUNDARY_CLUSTER.md,3600,historical_documentation
LITERATURE_SCREEN_CLUSTER.md,3383,historical_documentation
README.md,27298,historical_documentation
SOURCE128K_UNIFORM_V2_V1_REPROCESSING.md,7394,historical_documentation
STRICT_CONTINUUM_CAVITY_MASS_Q_TASK371_HIGHN_CONVERGENCE_V1.md,2623,historical_documentation
STRICT_CONTINUUM_CAVITY_MASS_Q_TASK371_HIGHN_CONVERGENCE_V2.md,4809,historical_documentation
UNIFORM_V2_REPROCESSING.md,2071,historical_documentation
UNIFORM_V2_V2_REPROCESSING.md,5274,historical_documentation
__pycache__/adjudicate_cmq_highn_convergence_v2.cpython-312.pyc,8829,regenerable_cache
__pycache__/adjudicate_h2o_3um_method2_postpilot_guard_field_recovery_v1.cpython-312.pyc,30189,regenerable_cache
__pycache__/adjudicate_strict_continuum_cavity_mass_q_task371_highn_convergence_v1.cpython-312.pyc,12612,regenerable_cache
__pycache__/adjudicate_strict_continuum_cavity_mass_q_task371_highn_convergence_v2.cpython-312.pyc,23290,regenerable_cache
__pycache__/adjudicate_strict_continuum_task22_recovery.cpython-312.pyc,26923,regenerable_cache
__pycache__/analyze_aperture_normalization_convergence.cpython-312.pyc,51263,regenerable_cache
__pycache__/analyze_aperture_spatial_convergence.cpython-312.pyc,23040,regenerable_cache
__pycache__/analyze_aperture_spatial_convergence_stage2.cpython-312.pyc,20083,regenerable_cache
__pycache__/analyze_aperture_spatial_convergence_stage3.cpython-312.pyc,20358,regenerable_cache
__pycache__/analyze_aperture_spatial_convergence_stage4.cpython-312.pyc,46340,regenerable_cache
__pycache__/analyze_aperture_spatial_convergence_stage4b.cpython-312.pyc,80255,regenerable_cache
__pycache__/analyze_cavity_opening_test.cpython-312.pyc,14525,regenerable_cache
__pycache__/analyze_component_rt2_pilot.cpython-312.pyc,40446,regenerable_cache
__pycache__/analyze_dust_grid_screen.cpython-312.pyc,27823,regenerable_cache
__pycache__/analyze_dust_refinement_screen.cpython-312.pyc,36463,regenerable_cache
__pycache__/analyze_envelope_mass_test.cpython-312.pyc,13562,regenerable_cache
__pycache__/analyze_feature_grid_screen.cpython-312.pyc,103622,regenerable_cache
__pycache__/analyze_h2o_3um_abundance_grid_v1.cpython-312.pyc,19914,regenerable_cache
__pycache__/analyze_h2o_3um_dust_axis_band_v1.cpython-312.pyc,7466,regenerable_cache
__pycache__/analyze_h2o_3um_dust_axis_grid_v1.cpython-312.pyc,18801,regenerable_cache
__pycache__/analyze_h2o_3um_method2_postpilot_v1.cpython-312.pyc,74863,regenerable_cache
__pycache__/analyze_h2o_3um_method2_screen_v1.cpython-312.pyc,31171,regenerable_cache
__pycache__/analyze_h2o_3um_method2_screen_v1.cpython-39.pyc,21521,regenerable_cache
__pycache__/analyze_high_photon_feature_sed.cpython-312.pyc,55039,regenerable_cache
__pycache__/analyze_ice_feature_method2_pilot_v2_convergence.cpython-312.pyc,26040,regenerable_cache
__pycache__/analyze_ice_feature_method2_pilot_v2_wider.cpython-312.pyc,48423,regenerable_cache
__pycache__/analyze_inclination_test.cpython-312.pyc,10895,regenerable_cache
__pycache__/analyze_literature_boundary.cpython-312.pyc,51983,regenerable_cache
__pycache__/analyze_literature_screen.cpython-312.pyc,49452,regenerable_cache
__pycache__/analyze_strict_continuum_3d_q_v1.cpython-312.pyc,84159,regenerable_cache
__pycache__/analyze_strict_continuum_3d_q_v1.cpython-39.pyc,52427,regenerable_cache
__pycache__/analyze_strict_continuum_3d_q_v1_task024_seed41002_recovery_v1.cpython-312.pyc,22502,regenerable_cache
__pycache__/analyze_strict_continuum_3d_q_v1_task024_seed41002_recovery_v1.cpython-39.pyc,13702,regenerable_cache
__pycache__/analyze_strict_continuum_cavity_mass_q_source128k_uniform_v2_v1.cpython-312.pyc,66447,regenerable_cache
__pycache__/analyze_strict_continuum_cavity_mass_q_source128k_uniform_v2_v1.cpython-39.pyc,41113,regenerable_cache
__pycache__/analyze_strict_continuum_cavity_mass_q_uniform_v2_v1.cpython-312.pyc,75321,regenerable_cache
__pycache__/analyze_strict_continuum_cavity_mass_q_uniform_v2_v1.cpython-39.pyc,48040,regenerable_cache
__pycache__/analyze_strict_continuum_cavity_mass_q_uniform_v2_v2.cpython-312.pyc,40737,regenerable_cache
__pycache__/analyze_strict_continuum_cavity_mass_q_v1.cpython-312.pyc,86158,regenerable_cache
__pycache__/analyze_strict_continuum_cavity_mass_q_v1.cpython-39.pyc,53567,regenerable_cache
__pycache__/analyze_strict_continuum_cavity_mass_q_v1_task002_seed41002_recovered_v1.cpython-312.pyc,38401,regenerable_cache
__pycache__/analyze_strict_continuum_cavity_mass_q_v1_terminal_recoveries_v1.cpython-312.pyc,36530,regenerable_cache
__pycache__/analyze_strict_continuum_cavity_mass_v1.cpython-312.pyc,82112,regenerable_cache
__pycache__/analyze_strict_continuum_refinement_v1.cpython-312.pyc,118894,regenerable_cache
__pycache__/analyze_strict_continuum_refinement_v1.cpython-39.pyc,71699,regenerable_cache
__pycache__/analyze_strict_continuum_refinement_v1_support_v1.cpython-312.pyc,70485,regenerable_cache
__pycache__/analyze_strict_continuum_screen.cpython-312.pyc,47801,regenerable_cache
__pycache__/analyze_strict_continuum_screen_amended_v1.cpython-312.pyc,44089,regenerable_cache
__pycache__/analyze_strict_continuum_screen_polarized_plane0_v2.cpython-312.pyc,31265,regenerable_cache
__pycache__/analyze_strict_continuum_screen_polarized_plane0_v3.cpython-312.pyc,36181,regenerable_cache
__pycache__/analyze_strict_continuum_screen_recovery_v2.cpython-312.pyc,22570,regenerable_cache
__pycache__/archive_h2o_3um_method2_screen_v1_convergence_attempt.cpython-312.pyc,69905,regenerable_cache
__pycache__/assess_component_rt2_pilot_benchmark.cpython-312.pyc,18189,regenerable_cache
__pycache__/assess_matched_method2_nearir_benchmark.cpython-312.pyc,5119,regenerable_cache
__pycache__/audit_ice_input_package.cpython-312.pyc,21892,regenerable_cache
__pycache__/audit_strict_continuum_cavity_mass_q_task371_source_v1.cpython-312.pyc,12574,regenerable_cache
__pycache__/audit_strict_continuum_cavity_mass_q_task371_source_v2.cpython-312.pyc,13135,regenerable_cache
__pycache__/audit_strict_continuum_partial.cpython-312.pyc,12767,regenerable_cache
__pycache__/authorize_h2o_3um_abundance_grid_v1.cpython-312.pyc,5404,regenerable_cache
__pycache__/authorize_h2o_3um_dust_axis_band_v1.cpython-312.pyc,6219,regenerable_cache
__pycache__/authorize_h2o_3um_dust_axis_grid_v1.cpython-312.pyc,6215,regenerable_cache
__pycache__/authorize_h2o_3um_method2_postpilot_guard_field_recovery_v1.cpython-312.pyc,7668,regenerable_cache
__pycache__/authorize_h2o_3um_method2_postpilot_v1.cpython-312.pyc,9740,regenerable_cache
__pycache__/build_h2o_3um_abundance_grid_v1_inputs.cpython-312.pyc,4242,regenerable_cache
__pycache__/build_h2o_3um_dust_axis_band_v1_inputs.cpython-312.pyc,5391,regenerable_cache
__pycache__/build_h2o_3um_dust_axis_grid_v1_inputs.cpython-312.pyc,5391,regenerable_cache
__pycache__/build_h2o_3um_method2_postpilot_guard_field_recovery_v1_inventory.cpython-312.pyc,39834,regenerable_cache
__pycache__/build_h2o_3um_opacity_screen_v1.cpython-312.pyc,30412,regenerable_cache
__pycache__/build_h2o_3um_opacity_screen_v1.cpython-39.pyc,19865,regenerable_cache
__pycache__/build_ice_feature_anchor_contract.cpython-312.pyc,33168,regenerable_cache
__pycache__/build_ice_feature_method2_pilot_v2_completion_index.cpython-312.pyc,48413,regenerable_cache
__pycache__/build_ice_feature_method2_pilot_v2_wider_completion_index.cpython-312.pyc,23932,regenerable_cache
__pycache__/build_reproducible_ice_h2o_audit_v1.cpython-312.pyc,67155,regenerable_cache
__pycache__/build_reproducible_ice_h2o_audit_v1.cpython-39.pyc,37966,regenerable_cache
__pycache__/build_strict_continuum_cavity_mass_q_v1_task002_seed41002_recovered_v1_index.cpython-312.pyc,35094,regenerable_cache
__pycache__/build_strict_continuum_cavity_mass_q_v1_terminal_recoveries_v1_completion_index.cpython-312.pyc,13691,regenerable_cache
__pycache__/build_strict_continuum_cavity_mass_q_v1_terminal_recoveries_v1_recovery_map.cpython-312.pyc,45598,regenerable_cache
__pycache__/build_strict_continuum_cavity_mass_q_v1_terminal_recoveries_v1_registry.cpython-312.pyc,21708,regenerable_cache
__pycache__/build_strict_continuum_cavity_mass_q_v1_terminal_recoveries_v1_terminal_accounting.cpython-312.pyc,11323,regenerable_cache
__pycache__/capture_strict_continuum_cavity_mass_q_v1_terminal_recoveries_v1_accounting.cpython-312.pyc,6348,regenerable_cache
__pycache__/cluster_parity_strict_continuum_measurement_kernel_v1.cpython-312.pyc,12773,regenerable_cache
__pycache__/cluster_parity_strict_continuum_measurement_kernel_v1.cpython-39.pyc,7995,regenerable_cache
__pycache__/cmq_highn_convergence_v2_common.cpython-312.pyc,16722,regenerable_cache
__pycache__/cmq_technical_recovery_v1.cpython-312.pyc,42126,regenerable_cache
__pycache__/collect_h2o_silicate_demo_anchors_v1.cpython-312.pyc,8127,regenerable_cache
__pycache__/compare_baseline_mcfost.cpython-312.pyc,23656,regenerable_cache
__pycache__/compare_full_r100_aperture_finalists.cpython-312.pyc,70367,regenerable_cache
__pycache__/compare_full_r100_finalists.cpython-312.pyc,47280,regenerable_cache
__pycache__/compare_tmc1a_rgb_grid_2um.cpython-312.pyc,4906,regenerable_cache
__pycache__/diagnose_cmq_task371_v2.cpython-312.pyc,4595,regenerable_cache
__pycache__/diagnose_strict3d_task024_recovery_v1.cpython-312.pyc,2739,regenerable_cache
__pycache__/diagnose_strict3d_task_quality.cpython-312.pyc,5136,regenerable_cache
__pycache__/extract_tmc1a_sed.cpython-312.pyc,15927,regenerable_cache
__pycache__/extract_tmc1a_sed.cpython-39.pyc,9584,regenerable_cache
__pycache__/finalize_h2o_3um_abundance_grid_v1.cpython-312.pyc,9828,regenerable_cache
__pycache__/finalize_h2o_3um_dust_axis_band_v1.cpython-312.pyc,11254,regenerable_cache
__pycache__/finalize_h2o_3um_dust_axis_grid_v1.cpython-312.pyc,11250,regenerable_cache
__pycache__/finalize_h2o_3um_method2_postpilot_guard_field_recovery_v1.cpython-312.pyc,35781,regenerable_cache
__pycache__/finalize_h2o_3um_method2_postpilot_recovered_v1.cpython-312.pyc,41900,regenerable_cache
__pycache__/finalize_h2o_3um_method2_postpilot_v1.cpython-312.pyc,30733,regenerable_cache
__pycache__/finalize_h2o_3um_method2_screen_v1_convergence.cpython-312.pyc,16877,regenerable_cache
__pycache__/finalize_h2o_3um_method2_screen_v1_convergence.cpython-39.pyc,10444,regenerable_cache
__pycache__/finalize_h2o_3um_method2_screen_v3_field_pilot.cpython-312.pyc,35015,regenerable_cache
__pycache__/fit_strict_continuum_method2_v1.cpython-312.pyc,41926,regenerable_cache
__pycache__/freeze_h2o_3um_method2_postpilot_guard_field_recovery_v1.cpython-312.pyc,12930,regenerable_cache
__pycache__/freeze_h2o_3um_method2_postpilot_v1.cpython-312.pyc,11097,regenerable_cache
__pycache__/freeze_h2o_3um_method2_screen_v1.cpython-312.pyc,34458,regenerable_cache
__pycache__/freeze_h2o_3um_method2_screen_v1.cpython-39.pyc,20834,regenerable_cache
__pycache__/freeze_h2o_3um_method2_screen_v3.cpython-312.pyc,39719,regenerable_cache
__pycache__/freeze_h2o_3um_observation_v2.cpython-312.pyc,57488,regenerable_cache
__pycache__/freeze_h2o_3um_observation_v3.cpython-312.pyc,75852,regenerable_cache
__pycache__/freeze_ice_feature_method2_pilot_v1.cpython-312.pyc,34958,regenerable_cache
__pycache__/freeze_ice_feature_method2_pilot_v1.cpython-39.pyc,20614,regenerable_cache
__pycache__/freeze_ice_feature_method2_pilot_v2.cpython-312.pyc,24043,regenerable_cache
__pycache__/freeze_strict_continuum_3d_q_task024_recovery_v1_workflow.cpython-312.pyc,2754,regenerable_cache
__pycache__/freeze_strict_continuum_3d_q_task024_recovery_v1_workflow.cpython-39.pyc,1931,regenerable_cache
__pycache__/freeze_strict_continuum_3d_q_v1_task024_seed41002_recovery_primary9_v1_policy.cpython-312.pyc,1848,regenerable_cache
__pycache__/freeze_strict_continuum_3d_q_v1_task024_seed41002_recovery_primary9_v1_policy.cpython-39.pyc,1313,regenerable_cache
__pycache__/freeze_strict_continuum_amendment_v1.cpython-312.pyc,5394,regenerable_cache
__pycache__/freeze_strict_continuum_cavity_mass_q_source128k_uniform_v2_v1.cpython-312.pyc,12497,regenerable_cache
__pycache__/freeze_strict_continuum_cavity_mass_q_task002_failed_recovery_audit_job15165201.cpython-312.pyc,21583,regenerable_cache
__pycache__/freeze_strict_continuum_cavity_mass_q_task002_recovery_v1_policy.cpython-312.pyc,8426,regenerable_cache
__pycache__/freeze_strict_continuum_cavity_mass_q_task002_recovery_v1_policy.cpython-39.pyc,5528,regenerable_cache
__pycache__/freeze_strict_continuum_cavity_mass_q_task002_recovery_v1_workflow.cpython-312.pyc,4339,regenerable_cache
__pycache__/freeze_strict_continuum_cavity_mass_q_task002_recovery_v1_workflow.cpython-39.pyc,2669,regenerable_cache
__pycache__/freeze_strict_continuum_cavity_mass_q_task046_recovery_v1_policy.cpython-312.pyc,9472,regenerable_cache
__pycache__/freeze_strict_continuum_cavity_mass_q_task046_recovery_v1_policy.cpython-39.pyc,5921,regenerable_cache
__pycache__/freeze_strict_continuum_cavity_mass_q_task046_recovery_v1_workflow.cpython-312.pyc,5482,regenerable_cache
__pycache__/freeze_strict_continuum_cavity_mass_q_task046_recovery_v1_workflow.cpython-39.pyc,3301,regenerable_cache
__pycache__/freeze_strict_continuum_cavity_mass_q_task046_recovery_v2_policy.cpython-312.pyc,10995,regenerable_cache
__pycache__/freeze_strict_continuum_cavity_mass_q_task046_recovery_v2_policy.cpython-39.pyc,6931,regenerable_cache
__pycache__/freeze_strict_continuum_cavity_mass_q_task046_recovery_v2_workflow.cpython-312.pyc,5857,regenerable_cache
__pycache__/freeze_strict_continuum_cavity_mass_q_task046_recovery_v2_workflow.cpython-39.pyc,3531,regenerable_cache
__pycache__/freeze_strict_continuum_cavity_mass_q_task046_recovery_v3_policy.cpython-312.pyc,11055,regenerable_cache
__pycache__/freeze_strict_continuum_cavity_mass_q_task046_recovery_v3_policy.cpython-39.pyc,7002,regenerable_cache
__pycache__/freeze_strict_continuum_cavity_mass_q_task046_recovery_v3_workflow.cpython-312.pyc,5845,regenerable_cache
__pycache__/freeze_strict_continuum_cavity_mass_q_task046_recovery_v3_workflow.cpython-39.pyc,3531,regenerable_cache
__pycache__/freeze_strict_continuum_cavity_mass_q_uniform_v2_v1.cpython-312.pyc,12169,regenerable_cache
__pycache__/freeze_strict_continuum_cavity_mass_q_uniform_v2_v1_analysis_policy.cpython-312.pyc,1572,regenerable_cache
__pycache__/freeze_strict_continuum_cavity_mass_q_uniform_v2_v2.cpython-312.pyc,11262,regenerable_cache
__pycache__/freeze_strict_continuum_cavity_mass_q_v1_analysis_policy.cpython-312.pyc,1653,regenerable_cache
__pycache__/freeze_strict_continuum_cavity_mass_q_v1_analysis_policy.cpython-39.pyc,1086,regenerable_cache
__pycache__/freeze_strict_continuum_cavity_mass_q_v1_task002_seed41002_recovered_v1_policy.cpython-312.pyc,2744,regenerable_cache
__pycache__/freeze_strict_continuum_cavity_mass_q_v1_task002_seed41002_recovered_v1_workflow.cpython-312.pyc,3088,regenerable_cache
__pycache__/freeze_strict_continuum_cavity_mass_q_v1_terminal_recoveries_v1_aggregation_policy.cpython-312.pyc,16042,regenerable_cache
__pycache__/freeze_strict_continuum_cavity_mass_q_v1_terminal_recoveries_v1_analysis_policy.cpython-312.pyc,10698,regenerable_cache
__pycache__/freeze_strict_continuum_cavity_mass_q_v1_terminal_recoveries_v1_workflow.cpython-312.pyc,5927,regenerable_cache
__pycache__/freeze_strict_continuum_cavity_mass_v1_analysis_policy.cpython-312.pyc,1850,regenerable_cache
__pycache__/freeze_strict_continuum_polarized_plane0_v2.cpython-312.pyc,7885,regenerable_cache
__pycache__/freeze_strict_continuum_polarized_plane0_v3.cpython-312.pyc,8095,regenerable_cache
__pycache__/freeze_strict_continuum_task114_plane0_recovery_workflow.cpython-312.pyc,3810,regenerable_cache
__pycache__/freeze_strict_continuum_task22_recovery_policy.cpython-312.pyc,10001,regenerable_cache
__pycache__/freeze_strict_continuum_task22_recovery_workflow.cpython-312.pyc,3471,regenerable_cache
__pycache__/freeze_strict_continuum_workflow.cpython-312.pyc,3486,regenerable_cache
__pycache__/h2o_3um_abundance_grid_v1_common.cpython-312.pyc,31321,regenerable_cache
__pycache__/h2o_3um_dust_axis_band_v1_common.cpython-312.pyc,46762,regenerable_cache
__pycache__/h2o_3um_dust_axis_grid_v1_common.cpython-312.pyc,48469,regenerable_cache
__pycache__/h2o_3um_method2_measurement_kernel_v3.cpython-312.pyc,48032,regenerable_cache
__pycache__/h2o_3um_method2_postpilot_guard_field_recovery_v1_common.cpython-312.pyc,49554,regenerable_cache
__pycache__/h2o_3um_method2_postpilot_v1_common.cpython-312.pyc,18625,regenerable_cache
__pycache__/h2o_3um_method2_screen_v1_common.cpython-312.pyc,43465,regenerable_cache
__pycache__/h2o_3um_method2_screen_v1_common.cpython-39.pyc,30040,regenerable_cache
__pycache__/h2o_3um_method2_screen_v3_common.cpython-312.pyc,65070,regenerable_cache
__pycache__/h2o_3um_selfconsistent_grid_v1_common.cpython-312.pyc,48670,regenerable_cache
__pycache__/h2o_observation_measurement_kernel_v3.cpython-312.pyc,22349,regenerable_cache
__pycache__/h2o_sparse_continuum_kernel_v2.cpython-312.pyc,11352,regenerable_cache
__pycache__/ice_feature_measurement_kernel_v1.cpython-312.pyc,26950,regenerable_cache
__pycache__/ice_feature_measurement_kernel_v1.cpython-39.pyc,16615,regenerable_cache
__pycache__/ice_feature_measurement_kernel_v2.cpython-312.pyc,12272,regenerable_cache
__pycache__/ice_feature_measurement_kernel_v2.cpython-39.pyc,6790,regenerable_cache
__pycache__/ice_feature_method2_pilot_v1_common.cpython-312.pyc,26670,regenerable_cache
__pycache__/ice_feature_method2_pilot_v1_common.cpython-39.pyc,18476,regenerable_cache
__pycache__/ice_feature_method2_pilot_v2_common.cpython-312.pyc,57650,regenerable_cache
__pycache__/ice_feature_method2_pilot_v2_common.cpython-39.pyc,35925,regenerable_cache
__pycache__/inspect_aperture_background.cpython-312.pyc,24628,regenerable_cache
__pycache__/launch_h2o_3um_abundance_grid_v1.cpython-312.pyc,17278,regenerable_cache
__pycache__/launch_h2o_3um_dust_axis_band_v1.cpython-312.pyc,17220,regenerable_cache
__pycache__/launch_h2o_3um_dust_axis_grid_v1.cpython-312.pyc,17216,regenerable_cache
__pycache__/launch_h2o_3um_method2_postpilot_guard_field_recovery_v1.cpython-312.pyc,20736,regenerable_cache
__pycache__/launch_h2o_3um_method2_postpilot_v1.cpython-312.pyc,17383,regenerable_cache
__pycache__/launch_h2o_3um_method2_screen_v1.cpython-312.pyc,11145,regenerable_cache
__pycache__/launch_h2o_3um_method2_screen_v1.cpython-39.pyc,6665,regenerable_cache
__pycache__/launch_h2o_3um_method2_screen_v3.cpython-312.pyc,11242,regenerable_cache
__pycache__/launch_ice_feature_method2_pilot_v1.cpython-312.pyc,12444,regenerable_cache
__pycache__/launch_ice_feature_method2_pilot_v2.cpython-312.pyc,21807,regenerable_cache
__pycache__/make_aperture_normalization_convergence_inputs.cpython-312.pyc,21527,regenerable_cache
__pycache__/make_aperture_normalization_rt2_split_inputs.cpython-312.pyc,20916,regenerable_cache
__pycache__/make_aperture_spatial_convergence_inputs.cpython-312.pyc,13503,regenerable_cache
__pycache__/make_aperture_spatial_convergence_stage2_inputs.cpython-312.pyc,14522,regenerable_cache
__pycache__/make_aperture_spatial_convergence_stage3_inputs.cpython-312.pyc,14256,regenerable_cache
__pycache__/make_aperture_spatial_convergence_stage4_inputs.cpython-312.pyc,23954,regenerable_cache
__pycache__/make_aperture_spatial_convergence_stage4b_inputs.cpython-312.pyc,48677,regenerable_cache
__pycache__/make_cavity_inputs.cpython-312.pyc,6382,regenerable_cache
__pycache__/make_cmq_highn_convergence_v2.cpython-312.pyc,22188,regenerable_cache
__pycache__/make_cmq_technical_recovery_package_v1.cpython-312.pyc,18732,regenerable_cache
__pycache__/make_component_rt2_pilot_inputs.cpython-312.pyc,27794,regenerable_cache
__pycache__/make_continuum_fit_mask_diagnostic.cpython-312.pyc,26808,regenerable_cache
__pycache__/make_dust_grid_inputs.cpython-312.pyc,15689,regenerable_cache
__pycache__/make_dust_refinement_inputs.cpython-312.pyc,8928,regenerable_cache
__pycache__/make_envelope_mass_inputs.cpython-312.pyc,7224,regenerable_cache
__pycache__/make_feature_grid_inputs.cpython-312.pyc,33930,regenerable_cache
__pycache__/make_full_r100_aperture_inputs.cpython-312.pyc,19754,regenerable_cache
__pycache__/make_full_r100_finalist_inputs.cpython-312.pyc,12934,regenerable_cache
__pycache__/make_h2o_silicate_demo_anchors_v1.cpython-312.pyc,6439,regenerable_cache
__pycache__/make_h2o_silicate_demo_image_anchors_v1.cpython-312.pyc,5799,regenerable_cache
__pycache__/make_high_photon_feature_sed_inputs.cpython-312.pyc,23221,regenerable_cache
__pycache__/make_ice_feature_anchor_contract_v1.cpython-312.pyc,40027,regenerable_cache
__pycache__/make_ice_feature_anchor_contract_v2.cpython-312.pyc,7347,regenerable_cache
__pycache__/make_inclination_inputs.cpython-312.pyc,4852,regenerable_cache
__pycache__/make_literature_boundary_inputs.cpython-312.pyc,35803,regenerable_cache
__pycache__/make_literature_screen_inputs.cpython-312.pyc,33880,regenerable_cache
__pycache__/make_matched_method2_closure_inputs.cpython-312.pyc,17800,regenerable_cache
__pycache__/make_matched_method2_nearir_inputs.cpython-312.pyc,14913,regenerable_cache
__pycache__/make_r100_model_inputs.cpython-312.pyc,8707,regenerable_cache
__pycache__/make_strict_continuum_3d_q_task024_recovery_v1_inputs.cpython-312.pyc,9965,regenerable_cache
__pycache__/make_strict_continuum_3d_q_task024_recovery_v1_inputs.cpython-39.pyc,5624,regenerable_cache
__pycache__/make_strict_continuum_cavity_mass_q_task002_recovery_v1_inputs.cpython-312.pyc,16106,regenerable_cache
__pycache__/make_strict_continuum_cavity_mass_q_task002_recovery_v1_inputs.cpython-39.pyc,8808,regenerable_cache
__pycache__/make_strict_continuum_cavity_mass_q_task046_recovery_v1_inputs.cpython-312.pyc,19755,regenerable_cache
__pycache__/make_strict_continuum_cavity_mass_q_task046_recovery_v1_inputs.cpython-39.pyc,11019,regenerable_cache
__pycache__/make_strict_continuum_cavity_mass_q_task046_recovery_v2_inputs.cpython-312.pyc,22588,regenerable_cache
__pycache__/make_strict_continuum_cavity_mass_q_task046_recovery_v2_inputs.cpython-39.pyc,12830,regenerable_cache
__pycache__/make_strict_continuum_cavity_mass_q_task046_recovery_v3_inputs.cpython-312.pyc,23089,regenerable_cache
__pycache__/make_strict_continuum_cavity_mass_q_task046_recovery_v3_inputs.cpython-39.pyc,13208,regenerable_cache
__pycache__/make_strict_continuum_cavity_mass_q_task371_highn_convergence_v1.cpython-312.pyc,16148,regenerable_cache
__pycache__/make_strict_continuum_cavity_mass_q_task371_highn_convergence_v2.cpython-312.pyc,18858,regenerable_cache
__pycache__/make_strict_continuum_screen_inputs.cpython-312.pyc,30365,regenerable_cache
__pycache__/make_strict_continuum_task114_plane0_recovery_inputs.cpython-312.pyc,13100,regenerable_cache
__pycache__/make_strict_continuum_task22_recovery_inputs.cpython-312.pyc,11152,regenerable_cache
__pycache__/make_tmc1a_literature_rgb_v1.cpython-312.pyc,10958,regenerable_cache
__pycache__/measure_aperture_images.cpython-312.pyc,28299,regenerable_cache
__pycache__/parity_strict_continuum_measurement_kernel_v1.cpython-312.pyc,26883,regenerable_cache
__pycache__/parity_strict_continuum_measurement_kernel_v1.cpython-39.pyc,16072,regenerable_cache
__pycache__/pin_matched_method2_closure_binary.cpython-312.pyc,17431,regenerable_cache
__pycache__/pin_strict_continuum_cavity_mass_q_task002_source_v1.cpython-312.pyc,19481,regenerable_cache
__pycache__/pin_strict_continuum_cavity_mass_q_task002_source_v1.cpython-39.pyc,10915,regenerable_cache
__pycache__/pin_strict_continuum_cavity_mass_q_task046_source_v1.cpython-312.pyc,26916,regenerable_cache
__pycache__/pin_strict_continuum_cavity_mass_q_task046_source_v1.cpython-39.pyc,14750,regenerable_cache
__pycache__/pin_strict_continuum_cavity_mass_q_task046_source_v2.cpython-312.pyc,29144,regenerable_cache
__pycache__/pin_strict_continuum_cavity_mass_q_task046_source_v2.cpython-39.pyc,16035,regenerable_cache
__pycache__/pin_strict_continuum_cavity_mass_q_task046_source_v3.cpython-312.pyc,30414,regenerable_cache
__pycache__/pin_strict_continuum_cavity_mass_q_task046_source_v3.cpython-39.pyc,16804,regenerable_cache
__pycache__/pin_strict_continuum_task114_plane0_source.cpython-312.pyc,1626,regenerable_cache
__pycache__/pin_strict_continuum_task22_source.cpython-312.pyc,1592,regenerable_cache
__pycache__/plot_aperture_sed_image_example.cpython-312.pyc,28638,regenerable_cache
__pycache__/plot_extent_closure_correlation.cpython-312.pyc,8210,regenerable_cache
__pycache__/plot_h2o_3um_method2_field_pilot_v3.cpython-312.pyc,16930,regenerable_cache
__pycache__/plot_h2o_best_model_vs_jwst_full_spectrum.cpython-312.pyc,24666,regenerable_cache
__pycache__/plot_h2o_stage1_opacity_shape_presentation.cpython-312.pyc,17224,regenerable_cache
__pycache__/plot_ice_opacity_vs_observed.cpython-312.pyc,17908,regenerable_cache
__pycache__/plot_strict_continuum_all_wavelength_validation.cpython-312.pyc,15996,regenerable_cache
__pycache__/plot_strict_continuum_refinement_v1_support_v1_with_jwst.cpython-312.pyc,17727,regenerable_cache
__pycache__/plot_task114_plane0_convergence.cpython-312.pyc,12761,regenerable_cache
__pycache__/plot_tmc1a_literature_rgb.cpython-312.pyc,19843,regenerable_cache
__pycache__/plot_tmc1a_literature_rgb_v1.cpython-312.pyc,14279,regenerable_cache
__pycache__/prepare_continuum_sed.cpython-312.pyc,27443,regenerable_cache
__pycache__/prepare_tmc1a_literature_rgb.cpython-312.pyc,12909,regenerable_cache
__pycache__/prepare_tmc1a_literature_rgb_v2.cpython-312.pyc,2967,regenerable_cache
__pycache__/prepare_tmc1a_literature_rgb_v5.cpython-312.pyc,2560,regenerable_cache
__pycache__/remeasure_h2o_abundance_grid_1arcsec_v1.cpython-312.pyc,8857,regenerable_cache
__pycache__/remeasure_h2o_band_1arcsec_v1.cpython-312.pyc,7275,regenerable_cache
__pycache__/remeasure_h2o_dust_axis_band_1arcsec_v1.cpython-312.pyc,9450,regenerable_cache
__pycache__/reprocess_strict_continuum_cavity_mass_q_source128k_uniform_v2_v1.cpython-312.pyc,48960,regenerable_cache
__pycache__/reprocess_strict_continuum_cavity_mass_q_uniform_v2_v1.cpython-312.pyc,33328,regenerable_cache
__pycache__/reprocess_strict_continuum_cavity_mass_q_uniform_v2_v2.cpython-312.pyc,47707,regenerable_cache
__pycache__/rerank_normalization_AB.cpython-312.pyc,18688,regenerable_cache
__pycache__/rescore_h2o_3um_opacity_screen_v2.cpython-312.pyc,84491,regenerable_cache
__pycache__/rescore_strict_continuum_3d_q_v1_primary9_v1.cpython-312.pyc,75496,regenerable_cache
__pycache__/rescore_strict_continuum_3d_q_v1_task024_seed41002_recovery_primary9_v1.cpython-312.pyc,44758,regenerable_cache
__pycache__/rescore_strict_continuum_3d_q_v1_task024_seed41002_recovery_primary9_v1.cpython-39.pyc,26972,regenerable_cache
__pycache__/run_cmq_highn_convergence_v2.cpython-312.pyc,16988,regenerable_cache
__pycache__/run_cmq_technical_recovery_v1.cpython-312.pyc,26382,regenerable_cache
__pycache__/run_h2o_3um_abundance_grid_v1_task.cpython-312.pyc,16324,regenerable_cache
__pycache__/run_h2o_3um_dust_axis_band_v1_task.cpython-312.pyc,20420,regenerable_cache
__pycache__/run_h2o_3um_dust_axis_grid_v1_task.cpython-312.pyc,20478,regenerable_cache
__pycache__/run_h2o_3um_method2_postpilot_guard_field_recovery_v1_task.cpython-312.pyc,30153,regenerable_cache
__pycache__/run_h2o_3um_method2_postpilot_v1_task.cpython-312.pyc,9297,regenerable_cache
__pycache__/run_h2o_3um_method2_screen_v1_affinity_smoke.cpython-312.pyc,3124,regenerable_cache
__pycache__/run_h2o_3um_method2_screen_v1_affinity_smoke.cpython-39.pyc,1825,regenerable_cache
__pycache__/run_h2o_3um_method2_screen_v1_lambda_contract_smoke.cpython-312.pyc,22351,regenerable_cache
__pycache__/run_h2o_3um_method2_screen_v1_lambda_contract_smoke.cpython-39.pyc,8919,regenerable_cache
__pycache__/run_h2o_3um_method2_screen_v1_task.cpython-312.pyc,36598,regenerable_cache
__pycache__/run_h2o_3um_method2_screen_v1_task.cpython-39.pyc,21026,regenerable_cache
__pycache__/run_h2o_3um_method2_screen_v3_affinity_smoke.cpython-312.pyc,3569,regenerable_cache
__pycache__/run_h2o_3um_method2_screen_v3_lambda_contract_smoke.cpython-312.pyc,24428,regenerable_cache
__pycache__/run_h2o_3um_method2_screen_v3_task.cpython-312.pyc,44907,regenerable_cache
__pycache__/run_h2o_silicate_demo_anchor_v1.cpython-312.pyc,11400,regenerable_cache
__pycache__/run_h2o_silicate_demo_image_anchor_v1.cpython-312.pyc,15906,regenerable_cache
__pycache__/run_ice_feature_method2_pilot_v1_task.cpython-312.pyc,22300,regenerable_cache
__pycache__/run_ice_feature_method2_pilot_v2_task.cpython-312.pyc,40838,regenerable_cache
__pycache__/run_strict_continuum_3d_q_task024_recovery_v1.cpython-312.pyc,25141,regenerable_cache
__pycache__/run_strict_continuum_3d_q_task024_recovery_v1.cpython-39.pyc,13456,regenerable_cache
__pycache__/run_strict_continuum_cavity_mass_q_task002_recovery_v1.cpython-312.pyc,28618,regenerable_cache
__pycache__/run_strict_continuum_cavity_mass_q_task002_recovery_v1.cpython-39.pyc,15174,regenerable_cache
__pycache__/run_strict_continuum_cavity_mass_q_task046_recovery_v1.cpython-312.pyc,30319,regenerable_cache
__pycache__/run_strict_continuum_cavity_mass_q_task046_recovery_v1.cpython-39.pyc,16088,regenerable_cache
__pycache__/run_strict_continuum_cavity_mass_q_task046_recovery_v2.cpython-312.pyc,32227,regenerable_cache
__pycache__/run_strict_continuum_cavity_mass_q_task046_recovery_v2.cpython-39.pyc,17235,regenerable_cache
__pycache__/run_strict_continuum_cavity_mass_q_task046_recovery_v3.cpython-312.pyc,32812,regenerable_cache
__pycache__/run_strict_continuum_cavity_mass_q_task046_recovery_v3.cpython-39.pyc,17585,regenerable_cache
__pycache__/run_strict_continuum_cavity_mass_q_task371_highn_convergence_v1.cpython-312.pyc,17577,regenerable_cache
__pycache__/run_strict_continuum_cavity_mass_q_task371_highn_convergence_v2.cpython-312.pyc,22737,regenerable_cache
__pycache__/run_tmc1a_literature_rgb_v1.cpython-312.pyc,13906,regenerable_cache
__pycache__/score_component_rt2_pilot.cpython-312.pyc,49461,regenerable_cache
__pycache__/seal_h2o_3um_continuum_handoff_v1.cpython-312.pyc,41919,regenerable_cache
__pycache__/seal_h2o_3um_continuum_handoff_v1.cpython-39.pyc,25563,regenerable_cache
__pycache__/seal_h2o_3um_opacity_choice_v1.cpython-312.pyc,41506,regenerable_cache
__pycache__/seal_h2o_3um_opacity_choice_v1.cpython-39.pyc,24444,regenerable_cache
__pycache__/seal_ice_feature_continuum_winner_v2.cpython-312.pyc,31009,regenerable_cache
__pycache__/seal_ice_feature_method2_pilot_v2_convergence.cpython-312.pyc,9807,regenerable_cache
__pycache__/seal_ice_feature_opacity_choice_v2.cpython-312.pyc,24658,regenerable_cache
__pycache__/seal_strict_continuum_cavity_mass_q_source128k_uniform_v2_v1.cpython-312.pyc,15513,regenerable_cache
__pycache__/seal_strict_continuum_cavity_mass_q_uniform_v2_v1.cpython-312.pyc,17460,regenerable_cache
__pycache__/seal_strict_continuum_cavity_mass_q_uniform_v2_v2.cpython-312.pyc,20185,regenerable_cache
__pycache__/strict_continuum_3d_q_task024_recovery_v1_common.cpython-312.pyc,12114,regenerable_cache
__pycache__/strict_continuum_3d_q_task024_recovery_v1_common.cpython-39.pyc,8676,regenerable_cache
__pycache__/strict_continuum_amendment_v1_common.cpython-312.pyc,15891,regenerable_cache
__pycache__/strict_continuum_cavity_mass_q_source128k_uniform_v2_v1_common.cpython-312.pyc,61068,regenerable_cache
__pycache__/strict_continuum_cavity_mass_q_source128k_uniform_v2_v1_common.cpython-39.pyc,38213,regenerable_cache
__pycache__/strict_continuum_cavity_mass_q_task002_recovery_v1_common.cpython-312.pyc,23055,regenerable_cache
__pycache__/strict_continuum_cavity_mass_q_task002_recovery_v1_common.cpython-39.pyc,16140,regenerable_cache
__pycache__/strict_continuum_cavity_mass_q_task046_recovery_v1_common.cpython-312.pyc,25096,regenerable_cache
__pycache__/strict_continuum_cavity_mass_q_task046_recovery_v1_common.cpython-39.pyc,17968,regenerable_cache
__pycache__/strict_continuum_cavity_mass_q_task046_recovery_v2_common.cpython-312.pyc,26436,regenerable_cache
__pycache__/strict_continuum_cavity_mass_q_task046_recovery_v2_common.cpython-39.pyc,19208,regenerable_cache
__pycache__/strict_continuum_cavity_mass_q_task046_recovery_v3_common.cpython-312.pyc,26585,regenerable_cache
__pycache__/strict_continuum_cavity_mass_q_task046_recovery_v3_common.cpython-39.pyc,19357,regenerable_cache
__pycache__/strict_continuum_cavity_mass_q_task371_highn_convergence_v1_common.cpython-312.pyc,21002,regenerable_cache
__pycache__/strict_continuum_cavity_mass_q_task371_highn_convergence_v2_common.cpython-312.pyc,24763,regenerable_cache
__pycache__/strict_continuum_cavity_mass_q_uniform_v2_v1_common.cpython-312.pyc,44563,regenerable_cache
__pycache__/strict_continuum_cavity_mass_q_uniform_v2_v1_common.cpython-39.pyc,26851,regenerable_cache
__pycache__/strict_continuum_cavity_mass_q_uniform_v2_v2_common.cpython-312.pyc,52344,regenerable_cache
__pycache__/strict_continuum_cavity_mass_q_v1_task002_recovered_v1_common.cpython-312.pyc,24398,regenerable_cache
__pycache__/strict_continuum_cavity_mass_q_v1_terminal_recoveries_v1_common.cpython-312.pyc,24769,regenerable_cache
__pycache__/strict_continuum_measurement_kernel_v1.cpython-312.pyc,55374,regenerable_cache
__pycache__/strict_continuum_measurement_kernel_v1.cpython-39.pyc,30407,regenerable_cache
__pycache__/strict_continuum_measurement_kernel_v2.cpython-312.pyc,23987,regenerable_cache
__pycache__/strict_continuum_measurement_kernel_v2.cpython-39.pyc,13964,regenerable_cache
__pycache__/strict_continuum_measurement_kernel_v3.cpython-312.pyc,49310,regenerable_cache
__pycache__/strict_continuum_measurement_kernel_v3.cpython-39.pyc,29874,regenerable_cache
__pycache__/strict_continuum_polarized_plane0_v2_common.cpython-312.pyc,18977,regenerable_cache
__pycache__/strict_continuum_polarized_plane0_v3_common.cpython-312.pyc,17052,regenerable_cache
__pycache__/strict_continuum_screen_common.cpython-312.pyc,11964,regenerable_cache
__pycache__/strict_continuum_task114_plane0_recovery_common.cpython-312.pyc,13238,regenerable_cache
__pycache__/strict_continuum_task22_recovery_common.cpython-312.pyc,13143,regenerable_cache
__pycache__/strict_continuum_task22_recovery_policy_common.cpython-312.pyc,20608,regenerable_cache
__pycache__/submit_strict_continuum_cavity_mass_q_task371_highn_convergence_v2.cpython-312.pyc,14697,regenerable_cache
__pycache__/submit_strict_continuum_cavity_mass_q_v1_terminal_recoveries_v1.cpython-312.pyc,11953,regenerable_cache
__pycache__/submit_strict_continuum_cavity_mass_q_v1_terminal_recoveries_v1_analysis.cpython-312.pyc,12189,regenerable_cache
__pycache__/supplement_h2o_3um_method2_screen_v1.cpython-312.pyc,157331,regenerable_cache
__pycache__/supplement_h2o_3um_method2_screen_v1.cpython-39.pyc,96952,regenerable_cache
__pycache__/sync_h2o_3um_method2_screen_v1_compact.cpython-312.pyc,64760,regenerable_cache
__pycache__/sync_h2o_3um_method2_screen_v1_compact.cpython-39.pyc,46332,regenerable_cache
__pycache__/test_archive_h2o_3um_method2_screen_v1_convergence_attempt.cpython-312.pyc,18160,regenerable_cache
__pycache__/test_cmq_highn_convergence_v2.cpython-312.pyc,17099,regenerable_cache
__pycache__/test_cmq_technical_recovery_v1.cpython-312.pyc,17384,regenerable_cache
__pycache__/test_current_model_against_mrt.cpython-312.pyc,40608,regenerable_cache
__pycache__/test_freeze_h2o_3um_method2_postpilot_guard_field_recovery_v1.cpython-312.pyc,6309,regenerable_cache
__pycache__/test_freeze_h2o_3um_method2_postpilot_v1.cpython-312.pyc,4192,regenerable_cache
__pycache__/test_freeze_h2o_3um_method2_screen_v3.cpython-312.pyc,20745,regenerable_cache
__pycache__/test_h2o_3um_abundance_grid_v1.cpython-312.pyc,16636,regenerable_cache
__pycache__/test_h2o_3um_continuum_handoff_v1.cpython-312.pyc,20841,regenerable_cache
__pycache__/test_h2o_3um_continuum_handoff_v1.cpython-39.pyc,12567,regenerable_cache
__pycache__/test_h2o_3um_dust_axis_band_v1.cpython-312.pyc,29903,regenerable_cache
__pycache__/test_h2o_3um_dust_axis_grid_v1.cpython-312.pyc,32880,regenerable_cache
__pycache__/test_h2o_3um_method2_measurement_v3.cpython-312.pyc,30360,regenerable_cache
__pycache__/test_h2o_3um_method2_postpilot_guard_field_recovery_v1_analysis.cpython-312.pyc,26654,regenerable_cache
__pycache__/test_h2o_3um_method2_postpilot_guard_field_recovery_v1_execution.cpython-312.pyc,21486,regenerable_cache
__pycache__/test_h2o_3um_method2_postpilot_v1_analysis.cpython-312.pyc,17897,regenerable_cache
__pycache__/test_h2o_3um_method2_postpilot_v1_execution.cpython-312.pyc,10792,regenerable_cache
__pycache__/test_h2o_3um_method2_screen_v1.cpython-312.pyc,58249,regenerable_cache
__pycache__/test_h2o_3um_method2_screen_v1.cpython-39.pyc,30176,regenerable_cache
__pycache__/test_h2o_3um_method2_screen_v3_runner.cpython-312.pyc,21916,regenerable_cache
__pycache__/test_h2o_3um_observation_v2.cpython-312.pyc,20643,regenerable_cache
__pycache__/test_h2o_3um_observation_v3.cpython-312.pyc,32450,regenerable_cache
__pycache__/test_h2o_3um_opacity_rescore_v2.cpython-312.pyc,16485,regenerable_cache
__pycache__/test_h2o_3um_opacity_screen_v1.cpython-312.pyc,28485,regenerable_cache
__pycache__/test_h2o_3um_opacity_screen_v1.cpython-39.pyc,16873,regenerable_cache
__pycache__/test_h2o_sparse_continuum_kernel_v2.cpython-312.pyc,12748,regenerable_cache
__pycache__/test_ice_feature_anchor_contract.cpython-312.pyc,11979,regenerable_cache
__pycache__/test_ice_feature_method2_pilot_v1.cpython-312.pyc,24161,regenerable_cache
__pycache__/test_ice_feature_method2_pilot_v2.cpython-312.pyc,154831,regenerable_cache
__pycache__/test_launch_h2o_3um_method2_postpilot_guard_field_recovery_v1.cpython-312.pyc,11240,regenerable_cache
__pycache__/test_launch_h2o_3um_method2_postpilot_v1.cpython-312.pyc,7104,regenerable_cache
__pycache__/test_launch_h2o_3um_method2_screen_v3.cpython-312.pyc,5344,regenerable_cache
__pycache__/test_miri_registration.cpython-312.pyc,15605,regenerable_cache
__pycache__/test_reproducible_ice_h2o_audit_v1.cpython-312.pyc,16308,regenerable_cache
__pycache__/test_strict_continuum_amendment_v1.cpython-312.pyc,20943,regenerable_cache
__pycache__/test_strict_continuum_cavity_mass_q_source128k_uniform_v2_v1.cpython-312.pyc,47278,regenerable_cache
__pycache__/test_strict_continuum_cavity_mass_q_source128k_uniform_v2_v1_analysis.cpython-312.pyc,24069,regenerable_cache
__pycache__/test_strict_continuum_cavity_mass_q_task002_recovery_v1.cpython-312.pyc,14987,regenerable_cache
__pycache__/test_strict_continuum_cavity_mass_q_task002_recovery_v1.cpython-39.pyc,9100,regenerable_cache
__pycache__/test_strict_continuum_cavity_mass_q_task046_recovery_v1.cpython-312.pyc,16165,regenerable_cache
__pycache__/test_strict_continuum_cavity_mass_q_task046_recovery_v1.cpython-39.pyc,9695,regenerable_cache
__pycache__/test_strict_continuum_cavity_mass_q_task046_recovery_v2.cpython-312.pyc,18897,regenerable_cache
__pycache__/test_strict_continuum_cavity_mass_q_task046_recovery_v2.cpython-39.pyc,11242,regenerable_cache
__pycache__/test_strict_continuum_cavity_mass_q_task046_recovery_v3.cpython-312.pyc,19515,regenerable_cache
__pycache__/test_strict_continuum_cavity_mass_q_task046_recovery_v3.cpython-39.pyc,11523,regenerable_cache
__pycache__/test_strict_continuum_cavity_mass_q_task371_highn_convergence_v1.cpython-312.pyc,13820,regenerable_cache
__pycache__/test_strict_continuum_cavity_mass_q_task371_highn_convergence_v2.cpython-312.pyc,23779,regenerable_cache
__pycache__/test_strict_continuum_cavity_mass_q_uniform_v2_v1.cpython-312.pyc,13362,regenerable_cache
__pycache__/test_strict_continuum_cavity_mass_q_uniform_v2_v1_analysis.cpython-312.pyc,12061,regenerable_cache
__pycache__/test_strict_continuum_cavity_mass_q_uniform_v2_v2.cpython-312.pyc,35536,regenerable_cache
__pycache__/test_strict_continuum_cavity_mass_q_uniform_v2_v2_analysis.cpython-312.pyc,17867,regenerable_cache
__pycache__/test_strict_continuum_cavity_mass_q_v1_analysis.cpython-312.pyc,11091,regenerable_cache
__pycache__/test_strict_continuum_cavity_mass_q_v1_analysis.cpython-39.pyc,7325,regenerable_cache
__pycache__/test_strict_continuum_cavity_mass_q_v1_terminal_recoveries_v1.cpython-312.pyc,32067,regenerable_cache
__pycache__/test_strict_continuum_cavity_mass_v1_analysis.cpython-312.pyc,10582,regenerable_cache
__pycache__/test_strict_continuum_measurement_kernel_v1.cpython-312.pyc,16691,regenerable_cache
__pycache__/test_strict_continuum_measurement_kernel_v1.cpython-39.pyc,9836,regenerable_cache
__pycache__/test_strict_continuum_measurement_kernel_v3.cpython-312.pyc,38143,regenerable_cache
__pycache__/test_strict_continuum_measurement_kernel_v3.cpython-39.pyc,21818,regenerable_cache
__pycache__/test_strict_continuum_polarized_plane0_v2.cpython-312.pyc,11125,regenerable_cache
__pycache__/test_strict_continuum_polarized_plane0_v3.cpython-312.pyc,13385,regenerable_cache
__pycache__/test_strict_continuum_task114_plane0_recovery.cpython-312.pyc,10831,regenerable_cache
__pycache__/test_strict_continuum_task22_recovery.cpython-312.pyc,10069,regenerable_cache
__pycache__/test_strict_continuum_task22_recovery_policy.cpython-312.pyc,32147,regenerable_cache
__pycache__/test_strict_continuum_workflow.cpython-312.pyc,13778,regenerable_cache
__pycache__/test_supplement_h2o_3um_method2_screen_v1.cpython-312.pyc,42275,regenerable_cache
__pycache__/test_supplement_h2o_3um_method2_screen_v1.cpython-39.pyc,24428,regenerable_cache
__pycache__/test_sync_h2o_3um_method2_screen_v1_compact.cpython-312.pyc,37630,regenerable_cache
__pycache__/test_sync_h2o_3um_method2_screen_v1_compact.cpython-39.pyc,21868,regenerable_cache
__pycache__/validate_aperture_normalization_convergence.cpython-312.pyc,64372,regenerable_cache
__pycache__/validate_aperture_spatial_convergence.cpython-312.pyc,42042,regenerable_cache
__pycache__/validate_aperture_spatial_convergence_stage2.cpython-312.pyc,28187,regenerable_cache
__pycache__/validate_aperture_spatial_convergence_stage3.cpython-312.pyc,28686,regenerable_cache
__pycache__/validate_aperture_spatial_convergence_stage4.cpython-312.pyc,40584,regenerable_cache
__pycache__/validate_aperture_spatial_convergence_stage4b.cpython-312.pyc,65309,regenerable_cache
__pycache__/validate_component_rt2_pilot.cpython-312.pyc,28207,regenerable_cache
__pycache__/validate_dust_grid_screen.cpython-312.pyc,32132,regenerable_cache
__pycache__/validate_dust_refinement_screen.cpython-312.pyc,54342,regenerable_cache
__pycache__/validate_feature_grid_screen.cpython-312.pyc,98687,regenerable_cache
__pycache__/validate_full_r100_aperture_images.cpython-312.pyc,58281,regenerable_cache
__pycache__/validate_full_r100_finalists.cpython-312.pyc,57556,regenerable_cache
__pycache__/validate_h2o_3um_method2_screen_v1_affinity_smoke.cpython-312.pyc,4102,regenerable_cache
__pycache__/validate_h2o_3um_method2_screen_v1_affinity_smoke.cpython-39.pyc,2574,regenerable_cache
__pycache__/validate_h2o_3um_method2_screen_v1_lambda_contract_smoke.cpython-312.pyc,7817,regenerable_cache
__pycache__/validate_h2o_3um_method2_screen_v1_lambda_contract_smoke.cpython-39.pyc,4589,regenerable_cache
__pycache__/validate_h2o_3um_method2_screen_v3_affinity_smoke.cpython-312.pyc,5334,regenerable_cache
__pycache__/validate_h2o_3um_method2_screen_v3_lambda_contract_smoke.cpython-312.pyc,8209,regenerable_cache
__pycache__/validate_high_photon_feature_sed.cpython-312.pyc,40053,regenerable_cache
__pycache__/validate_literature_boundary.cpython-312.pyc,40733,regenerable_cache
__pycache__/validate_literature_screen.cpython-312.pyc,38878,regenerable_cache
__pycache__/validate_matched_method2_closure.cpython-312.pyc,57974,regenerable_cache
__pycache__/validate_matched_method2_nearir.cpython-312.pyc,38263,regenerable_cache
__pycache__/validate_rt_sed_spatial_sampler.cpython-312.pyc,11590,regenerable_cache
__pycache__/validate_rt_sed_spatial_sampler.cpython-39.pyc,6468,regenerable_cache
__pycache__/validate_strict_continuum_rt.cpython-312.pyc,33070,regenerable_cache
__pycache__/validate_strict_continuum_rt_amended_v1.cpython-312.pyc,24958,regenerable_cache
__pycache__/validate_strict_continuum_rt_polarized_plane0_v2.cpython-312.pyc,27602,regenerable_cache
__pycache__/validate_strict_continuum_rt_polarized_plane0_v3.cpython-312.pyc,41050,regenerable_cache
__pycache__/validate_strict_continuum_screen_recovery_v2.cpython-312.pyc,24265,regenerable_cache
__pycache__/validate_strict_continuum_submission_gate.cpython-312.pyc,7780,regenerable_cache
__pycache__/validate_strict_continuum_task114_plane0_recovery.cpython-312.pyc,48402,regenerable_cache
__pycache__/validate_strict_continuum_task22_recovery.cpython-312.pyc,55568,regenerable_cache
__pycache__/validate_strict_continuum_temperature.cpython-312.pyc,14107,regenerable_cache
__pycache__/verify_cmq_technical_recovery_source_v1.cpython-312.pyc,16634,regenerable_cache
adjudicate_cmq_highn_convergence_v2.py,7160,path_sensitive_legacy_source
adjudicate_h2o_3um_method2_postpilot_guard_field_recovery_v1.py,26934,path_sensitive_legacy_source
adjudicate_strict_continuum_cavity_mass_q_task371_highn_convergence_v1.py,9799,path_sensitive_legacy_source
adjudicate_strict_continuum_cavity_mass_q_task371_highn_convergence_v2.py,17756,path_sensitive_legacy_source
adjudicate_strict_continuum_task22_recovery.py,25296,path_sensitive_legacy_source
analyze_aperture_normalization_convergence.py,45558,path_sensitive_legacy_source
analyze_aperture_spatial_convergence.py,15574,path_sensitive_legacy_source
analyze_aperture_spatial_convergence_stage2.py,12439,path_sensitive_legacy_source
analyze_aperture_spatial_convergence_stage3.py,9750,path_sensitive_legacy_source
analyze_aperture_spatial_convergence_stage4.py,37826,path_sensitive_legacy_source
analyze_aperture_spatial_convergence_stage4b.py,64655,path_sensitive_legacy_source
analyze_cavity_opening_test.py,12798,path_sensitive_legacy_source
analyze_component_rt2_pilot.py,30908,path_sensitive_legacy_source
analyze_dust_grid_screen.py,22107,path_sensitive_legacy_source
analyze_dust_refinement_screen.py,29401,path_sensitive_legacy_source
analyze_envelope_mass_test.py,11983,path_sensitive_legacy_source
analyze_feature_grid_screen.py,81584,path_sensitive_legacy_source
analyze_h2o_3um_abundance_grid_v1.py,13702,path_sensitive_legacy_source
analyze_h2o_3um_dust_axis_band_v1.py,5028,path_sensitive_legacy_source
analyze_h2o_3um_dust_axis_grid_v1.py,13297,path_sensitive_legacy_source
analyze_h2o_3um_method2_postpilot_v1.py,60437,path_sensitive_legacy_source
analyze_h2o_3um_method2_screen_v1.py,23195,path_sensitive_legacy_source
analyze_high_photon_feature_sed.py,46870,path_sensitive_legacy_source
analyze_ice_feature_method2_pilot_v2_convergence.py,20875,path_sensitive_legacy_source
analyze_ice_feature_method2_pilot_v2_wider.py,38670,path_sensitive_legacy_source
analyze_inclination_test.py,8876,path_sensitive_legacy_source
analyze_literature_boundary.py,41385,path_sensitive_legacy_source
analyze_literature_screen.py,39047,path_sensitive_legacy_source
analyze_strict_continuum_3d_q_v1.py,74165,path_sensitive_legacy_source
analyze_strict_continuum_3d_q_v1_task024_seed41002_recovery_v1.py,18841,path_sensitive_legacy_source
analyze_strict_continuum_cavity_mass_q_source128k_uniform_v2_v1.py,57268,path_sensitive_legacy_source
analyze_strict_continuum_cavity_mass_q_uniform_v2_v1.py,62800,path_sensitive_legacy_source
analyze_strict_continuum_cavity_mass_q_uniform_v2_v2.py,34836,path_sensitive_legacy_source
analyze_strict_continuum_cavity_mass_q_v1.py,66867,path_sensitive_legacy_source
analyze_strict_continuum_cavity_mass_q_v1_task002_seed41002_recovered_v1.py,32029,path_sensitive_legacy_source
analyze_strict_continuum_cavity_mass_q_v1_terminal_recoveries_v1.py,29875,path_sensitive_legacy_source
analyze_strict_continuum_cavity_mass_v1.py,67741,path_sensitive_legacy_source
analyze_strict_continuum_refinement_v1.py,102537,path_sensitive_legacy_source
analyze_strict_continuum_refinement_v1_support_v1.py,57720,path_sensitive_legacy_source
analyze_strict_continuum_screen.py,39335,path_sensitive_legacy_source
analyze_strict_continuum_screen_amended_v1.py,40932,path_sensitive_legacy_source
analyze_strict_continuum_screen_polarized_plane0_v2.py,26940,path_sensitive_legacy_source
analyze_strict_continuum_screen_polarized_plane0_v3.py,30759,path_sensitive_legacy_source
analyze_strict_continuum_screen_recovery_v2.py,19711,path_sensitive_legacy_source
archive_h2o_3um_lambda_smoke_attempt.sh,20708,path_sensitive_legacy_source
archive_h2o_3um_method2_screen_v1_attempt.sh,18767,path_sensitive_legacy_source
archive_h2o_3um_method2_screen_v1_convergence_attempt.py,51845,path_sensitive_legacy_source
archive_high_photon_partial.sh,10520,path_sensitive_legacy_source
assess_component_rt2_pilot_benchmark.py,12030,path_sensitive_legacy_source
assess_matched_method2_nearir_benchmark.py,4919,path_sensitive_legacy_source
audit_ice_input_package.py,14914,path_sensitive_legacy_source
audit_strict_continuum_cavity_mass_q_task371_source_v1.py,9498,path_sensitive_legacy_source
audit_strict_continuum_cavity_mass_q_task371_source_v2.py,9975,path_sensitive_legacy_source
audit_strict_continuum_partial.py,9355,path_sensitive_legacy_source
authorize_h2o_3um_abundance_grid_v1.py,3776,path_sensitive_legacy_source
authorize_h2o_3um_dust_axis_band_v1.py,4485,path_sensitive_legacy_source
authorize_h2o_3um_dust_axis_grid_v1.py,4481,path_sensitive_legacy_source
authorize_h2o_3um_method2_postpilot_guard_field_recovery_v1.py,6328,path_sensitive_legacy_source
authorize_h2o_3um_method2_postpilot_v1.py,7829,path_sensitive_legacy_source
authorize_h2o_3um_selfconsistent_grid_v1.py,4492,path_sensitive_legacy_source
build_h2o_3um_abundance_grid_v1_inputs.py,2811,path_sensitive_legacy_source
build_h2o_3um_dust_axis_band_v1_inputs.py,3573,path_sensitive_legacy_source
build_h2o_3um_dust_axis_grid_v1_inputs.py,3573,path_sensitive_legacy_source
build_h2o_3um_method2_postpilot_guard_field_recovery_v1_inventory.py,32017,path_sensitive_legacy_source
build_h2o_3um_opacity_screen_v1.py,26570,path_sensitive_legacy_source
build_h2o_3um_selfconsistent_grid_v1_inputs.py,3593,path_sensitive_legacy_source
build_ice_feature_anchor_contract.py,28795,path_sensitive_legacy_source
build_ice_feature_method2_pilot_v2_completion_index.py,48266,path_sensitive_legacy_source
build_ice_feature_method2_pilot_v2_wider_completion_index.py,18825,path_sensitive_legacy_source
build_reproducible_ice_h2o_audit_v1.py,50616,path_sensitive_legacy_source
build_strict_continuum_cavity_mass_q_v1_task002_seed41002_recovered_v1_index.py,28767,path_sensitive_legacy_source
build_strict_continuum_cavity_mass_q_v1_terminal_recoveries_v1_completion_index.py,10890,path_sensitive_legacy_source
build_strict_continuum_cavity_mass_q_v1_terminal_recoveries_v1_recovery_map.py,36698,path_sensitive_legacy_source
build_strict_continuum_cavity_mass_q_v1_terminal_recoveries_v1_registry.py,19600,path_sensitive_legacy_source
build_strict_continuum_cavity_mass_q_v1_terminal_recoveries_v1_terminal_accounting.py,7497,path_sensitive_legacy_source
capture_strict_continuum_cavity_mass_q_v1_terminal_recoveries_v1_accounting.py,3990,path_sensitive_legacy_source
cluster_bundle_files.txt,4501,review_before_moving
cluster_parity_strict_continuum_measurement_kernel_v1.py,9036,path_sensitive_legacy_source
cmq_highn_convergence_v2_common.py,10873,path_sensitive_legacy_source
cmq_technical_recovery_v1.py,32187,path_sensitive_legacy_source
collect_h2o_silicate_demo_anchors_v1.py,5448,path_sensitive_legacy_source
compare_baseline_mcfost.py,19082,path_sensitive_legacy_source
compare_full_r100_aperture_finalists.py,56814,path_sensitive_legacy_source
compare_full_r100_finalists.py,36418,path_sensitive_legacy_source
compare_tmc1a_rgb_grid_2um.py,2851,path_sensitive_legacy_source
compare_tmc1a_rgb_packets_1p5um.py,2660,path_sensitive_legacy_source
demonstrate/__pycache__/make_method_demos.cpython-312.pyc,17720,regenerable_cache
demonstrate/make_method_demos.py,11902,path_sensitive_legacy_source
demonstrate/overshoot_undershoot.png,135449,review_before_moving
demonstrate/real_convergence.png,133344,review_before_moving
demonstrate/sampling_methods.png,371528,review_before_moving
demonstrate/subpixel_refinement.png,353857,review_before_moving
diagnose_cmq_task371_v2.py,3574,path_sensitive_legacy_source
diagnose_strict3d_task024_recovery_v1.py,2256,path_sensitive_legacy_source
diagnose_strict3d_task_quality.py,4148,path_sensitive_legacy_source
extract_tmc1a_sed.py,12902,path_sensitive_legacy_source
finalize_h2o_3um_abundance_grid_v1.py,6562,path_sensitive_legacy_source
finalize_h2o_3um_dust_axis_band_v1.py,8137,path_sensitive_legacy_source
finalize_h2o_3um_dust_axis_grid_v1.py,8133,path_sensitive_legacy_source
finalize_h2o_3um_method2_postpilot_guard_field_recovery_v1.py,29133,path_sensitive_legacy_source
finalize_h2o_3um_method2_postpilot_recovered_v1.py,37828,path_sensitive_legacy_source
finalize_h2o_3um_method2_postpilot_v1.py,25785,path_sensitive_legacy_source
finalize_h2o_3um_method2_screen_v1_convergence.py,13731,path_sensitive_legacy_source
finalize_h2o_3um_method2_screen_v3_field_pilot.py,29962,path_sensitive_legacy_source
finalize_h2o_3um_selfconsistent_grid_v1.py,8144,path_sensitive_legacy_source
fit_strict_continuum_method2_v1.py,32826,path_sensitive_legacy_source
freeze_h2o_3um_method2_postpilot_guard_field_recovery_v1.py,11220,path_sensitive_legacy_source
freeze_h2o_3um_method2_postpilot_v1.py,8658,path_sensitive_legacy_source
freeze_h2o_3um_method2_screen_v1.py,30313,path_sensitive_legacy_source
freeze_h2o_3um_method2_screen_v3.py,37114,path_sensitive_legacy_source
freeze_h2o_3um_observation_v2.py,47132,path_sensitive_legacy_source
freeze_h2o_3um_observation_v3.py,62172,path_sensitive_legacy_source
freeze_ice_feature_method2_pilot_v1.py,28623,path_sensitive_legacy_source
freeze_ice_feature_method2_pilot_v2.py,22722,path_sensitive_legacy_source
freeze_strict_continuum_3d_q_task024_recovery_v1_workflow.py,1694,path_sensitive_legacy_source
freeze_strict_continuum_3d_q_v1_task024_seed41002_recovery_primary9_v1_policy.py,1213,path_sensitive_legacy_source
freeze_strict_continuum_amendment_v1.py,4137,path_sensitive_legacy_source
freeze_strict_continuum_cavity_mass_q_source128k_uniform_v2_v1.py,10451,path_sensitive_legacy_source
freeze_strict_continuum_cavity_mass_q_task002_failed_recovery_audit_job15165201.py,24278,path_sensitive_legacy_source
freeze_strict_continuum_cavity_mass_q_task002_recovery_v1_policy.py,6531,path_sensitive_legacy_source
freeze_strict_continuum_cavity_mass_q_task002_recovery_v1_workflow.py,2620,path_sensitive_legacy_source
freeze_strict_continuum_cavity_mass_q_task046_recovery_v1_policy.py,7405,path_sensitive_legacy_source
freeze_strict_continuum_cavity_mass_q_task046_recovery_v1_workflow.py,3609,path_sensitive_legacy_source
freeze_strict_continuum_cavity_mass_q_task046_recovery_v2_policy.py,8775,path_sensitive_legacy_source
freeze_strict_continuum_cavity_mass_q_task046_recovery_v2_workflow.py,3941,path_sensitive_legacy_source
freeze_strict_continuum_cavity_mass_q_task046_recovery_v3_policy.py,8862,path_sensitive_legacy_source
freeze_strict_continuum_cavity_mass_q_task046_recovery_v3_workflow.py,3941,path_sensitive_legacy_source
freeze_strict_continuum_cavity_mass_q_uniform_v2_v1.py,10564,path_sensitive_legacy_source
freeze_strict_continuum_cavity_mass_q_uniform_v2_v1_analysis_policy.py,893,path_sensitive_legacy_source
freeze_strict_continuum_cavity_mass_q_uniform_v2_v2.py,9300,path_sensitive_legacy_source
freeze_strict_continuum_cavity_mass_q_v1_analysis_policy.py,962,path_sensitive_legacy_source
freeze_strict_continuum_cavity_mass_q_v1_task002_seed41002_recovered_v1_policy.py,1563,path_sensitive_legacy_source
freeze_strict_continuum_cavity_mass_q_v1_task002_seed41002_recovered_v1_workflow.py,1779,path_sensitive_legacy_source
freeze_strict_continuum_cavity_mass_q_v1_terminal_recoveries_v1_aggregation_policy.py,13429,path_sensitive_legacy_source
freeze_strict_continuum_cavity_mass_q_v1_terminal_recoveries_v1_analysis_policy.py,8236,path_sensitive_legacy_source
freeze_strict_continuum_cavity_mass_q_v1_terminal_recoveries_v1_workflow.py,4503,path_sensitive_legacy_source
freeze_strict_continuum_cavity_mass_v1_analysis_policy.py,1216,path_sensitive_legacy_source
freeze_strict_continuum_polarized_plane0_v2.py,5803,path_sensitive_legacy_source
freeze_strict_continuum_polarized_plane0_v3.py,5552,path_sensitive_legacy_source
freeze_strict_continuum_task114_plane0_recovery_workflow.py,2452,path_sensitive_legacy_source
freeze_strict_continuum_task22_recovery_policy.py,7533,path_sensitive_legacy_source
freeze_strict_continuum_task22_recovery_workflow.py,2166,path_sensitive_legacy_source
freeze_strict_continuum_workflow.py,2616,path_sensitive_legacy_source
h2o_3um_abundance_grid_v1_common.py,26777,path_sensitive_legacy_source
h2o_3um_dust_axis_band_v1_common.py,43871,path_sensitive_legacy_source
h2o_3um_dust_axis_grid_v1_common.py,45389,path_sensitive_legacy_source
h2o_3um_method2_measurement_kernel_v3.py,38808,path_sensitive_legacy_source
h2o_3um_method2_postpilot_guard_field_recovery_v1_common.py,43617,path_sensitive_legacy_source
h2o_3um_method2_postpilot_v1_common.py,17674,path_sensitive_legacy_source
h2o_3um_method2_screen_v1_common.py,36788,path_sensitive_legacy_source
h2o_3um_method2_screen_v1_opacity_handoff.template.json,643,review_before_moving
h2o_3um_method2_screen_v3_common.py,54725,path_sensitive_legacy_source
h2o_3um_selfconsistent_grid_v1_common.py,46410,path_sensitive_legacy_source
h2o_observation_measurement_kernel_v3.py,17749,path_sensitive_legacy_source
h2o_sparse_continuum_kernel_v2.py,8528,path_sensitive_legacy_source
ice_feature_measurement_kernel_v1.py,20034,path_sensitive_legacy_source
ice_feature_measurement_kernel_v2.py,8738,path_sensitive_legacy_source
ice_feature_method2_pilot_v1_common.py,22303,path_sensitive_legacy_source
ice_feature_method2_pilot_v2_common.py,46505,path_sensitive_legacy_source
inspect_aperture_background.py,19536,path_sensitive_legacy_source
job.sh,5261,path_sensitive_legacy_source
job_analyze_strict_continuum_cavity_mass_q_source128k_uniform_v2_v1.sh,2255,path_sensitive_legacy_source
job_analyze_strict_continuum_cavity_mass_q_uniform_v2_v1.sh,1961,path_sensitive_legacy_source
job_analyze_strict_continuum_cavity_mass_q_uniform_v2_v2.sh,1723,path_sensitive_legacy_source
job_aperture_normalization_convergence_array.sh,4105,path_sensitive_legacy_source
job_aperture_normalization_convergence_post.sh,2299,path_sensitive_legacy_source
job_aperture_spatial_convergence_array.sh,3640,path_sensitive_legacy_source
job_aperture_spatial_convergence_post.sh,2405,path_sensitive_legacy_source
job_aperture_spatial_convergence_stage2_array.sh,2625,path_sensitive_legacy_source
job_aperture_spatial_convergence_stage2_post.sh,1845,path_sensitive_legacy_source
job_aperture_spatial_convergence_stage3_array.sh,2254,path_sensitive_legacy_source
job_aperture_spatial_convergence_stage3_post.sh,1713,path_sensitive_legacy_source
job_aperture_spatial_convergence_stage4_array.sh,2569,path_sensitive_legacy_source
job_aperture_spatial_convergence_stage4_post.sh,1774,path_sensitive_legacy_source
job_aperture_spatial_convergence_stage4b_array.sh,2784,path_sensitive_legacy_source
job_aperture_spatial_convergence_stage4b_post.sh,2190,path_sensitive_legacy_source
job_build_mcfost_rt_sed2.sh,6973,path_sensitive_legacy_source
job_cluster_kernel_parity.sh,707,path_sensitive_legacy_source
job_cmq_highn_convergence_v2_adjudicate.sh,1327,path_sensitive_legacy_source
job_cmq_highn_convergence_v2_array.sh,1998,path_sensitive_legacy_source
job_cmq_technical_recovery_source_v1.sh,2295,path_sensitive_legacy_source
job_cmq_technical_recovery_v1.sh,2353,path_sensitive_legacy_source
job_component_rt2_pilot_array.sh,4720,path_sensitive_legacy_source
job_component_rt2_pilot_benchmark_post.sh,1739,path_sensitive_legacy_source
job_component_rt2_pilot_post.sh,2229,path_sensitive_legacy_source
job_h2o_3um_abundance_grid_v1_array.sh,1870,path_sensitive_legacy_source
job_h2o_3um_abundance_grid_v1_authorize.sh,1449,path_sensitive_legacy_source
job_h2o_3um_abundance_grid_v1_finalize.sh,2002,path_sensitive_legacy_source
job_h2o_3um_dust_axis_band_v1_array.sh,1875,path_sensitive_legacy_source
job_h2o_3um_dust_axis_band_v1_authorize.sh,1454,path_sensitive_legacy_source
job_h2o_3um_dust_axis_band_v1_finalize.sh,2007,path_sensitive_legacy_source
job_h2o_3um_dust_axis_grid_v1_array.sh,1871,path_sensitive_legacy_source
job_h2o_3um_dust_axis_grid_v1_authorize.sh,1450,path_sensitive_legacy_source
job_h2o_3um_dust_axis_grid_v1_finalize.sh,2003,path_sensitive_legacy_source
job_h2o_3um_method2_postpilot_guard_field_recovery_v1_array.sh,2277,path_sensitive_legacy_source
job_h2o_3um_method2_postpilot_guard_field_recovery_v1_authorize.sh,1788,path_sensitive_legacy_source
job_h2o_3um_method2_postpilot_guard_field_recovery_v1_finalize.sh,2890,path_sensitive_legacy_source
job_h2o_3um_method2_postpilot_guard_field_recovery_v1_inventory.sh,1811,path_sensitive_legacy_source
job_h2o_3um_method2_postpilot_recovered_v1_finalize.sh,4213,path_sensitive_legacy_source
job_h2o_3um_method2_postpilot_v1_array.sh,3498,path_sensitive_legacy_source
job_h2o_3um_method2_postpilot_v1_authorize.sh,3055,path_sensitive_legacy_source
job_h2o_3um_method2_postpilot_v1_finalize.sh,3892,path_sensitive_legacy_source
job_h2o_3um_method2_screen_v1_affinity_smoke.sh,1012,path_sensitive_legacy_source
job_h2o_3um_method2_screen_v1_analyze.sh,1338,path_sensitive_legacy_source
job_h2o_3um_method2_screen_v1_array.sh,1541,path_sensitive_legacy_source
job_h2o_3um_method2_screen_v1_finalize_convergence.sh,1194,path_sensitive_legacy_source
job_h2o_3um_method2_screen_v1_lambda_contract_smoke.sh,1287,path_sensitive_legacy_source
job_h2o_3um_method2_screen_v3_affinity_smoke.sh,1677,path_sensitive_legacy_source
job_h2o_3um_method2_screen_v3_field_pilot_array.sh,2781,path_sensitive_legacy_source
job_h2o_3um_method2_screen_v3_field_pilot_finalize.sh,2720,path_sensitive_legacy_source
job_h2o_3um_method2_screen_v3_lambda_contract_smoke.sh,2227,path_sensitive_legacy_source
job_h2o_3um_opacity_screen_v1_array.sh,2149,path_sensitive_legacy_source
job_h2o_3um_opacity_screen_v1_finalize.sh,3329,path_sensitive_legacy_source
job_h2o_3um_selfconsistent_grid_v1_array.sh,1916,path_sensitive_legacy_source
job_h2o_3um_selfconsistent_grid_v1_authorize.sh,1475,path_sensitive_legacy_source
job_h2o_3um_selfconsistent_grid_v1_finalize.sh,2063,path_sensitive_legacy_source
job_h2o_silicate_demo_anchors_v1.sh,1188,path_sensitive_legacy_source
job_h2o_silicate_demo_image_anchors_v1.sh,990,path_sensitive_legacy_source
job_high_photon_feature_sed_array.sh,5676,path_sensitive_legacy_source
job_high_photon_feature_sed_postprocess.sh,5311,path_sensitive_legacy_source
job_ice_feature_method2_pilot_v1_array.sh,1962,path_sensitive_legacy_source
job_ice_feature_method2_pilot_v2_array.sh,2592,path_sensitive_legacy_source
job_ice_feature_method2_pilot_v2_finalize_convergence.sh,2045,path_sensitive_legacy_source
job_ice_feature_method2_pilot_v2_finalize_wider.sh,2229,path_sensitive_legacy_source
job_literature_boundary_array.sh,3458,path_sensitive_legacy_source
job_literature_boundary_post.sh,2280,path_sensitive_legacy_source
job_literature_screen_array.sh,3456,path_sensitive_legacy_source
job_literature_screen_post.sh,2250,path_sensitive_legacy_source
job_matched_method2_closure_array.sh,2548,path_sensitive_legacy_source
job_matched_method2_closure_post.sh,2904,path_sensitive_legacy_source
job_matched_method2_nearir_benchmark.sh,2654,path_sensitive_legacy_source
job_matched_method2_nearir_post.sh,1470,path_sensitive_legacy_source
job_matched_method2_nearir_refinement.sh,2219,path_sensitive_legacy_source
job_strict3d_task024_recovery_diagnostic.sh,864,path_sensitive_legacy_source
job_strict_continuum_3d_q_task024_recovery_v1.sh,1910,path_sensitive_legacy_source
job_strict_continuum_cavity_mass_q_source128k_uniform_v2_v1_array.sh,1869,path_sensitive_legacy_source
job_strict_continuum_cavity_mass_q_source128k_uniform_v2_v1_inventory.sh,1557,path_sensitive_legacy_source
job_strict_continuum_cavity_mass_q_source128k_uniform_v2_v1_seal.sh,1728,path_sensitive_legacy_source
job_strict_continuum_cavity_mass_q_task002_recovery_v1.sh,2230,path_sensitive_legacy_source
job_strict_continuum_cavity_mass_q_task002_source_v1.sh,2056,path_sensitive_legacy_source
job_strict_continuum_cavity_mass_q_task046_recovery_v1.sh,2230,path_sensitive_legacy_source
job_strict_continuum_cavity_mass_q_task046_recovery_v2.sh,2232,path_sensitive_legacy_source
job_strict_continuum_cavity_mass_q_task046_recovery_v3.sh,2232,path_sensitive_legacy_source
job_strict_continuum_cavity_mass_q_task046_source_v1.sh,2056,path_sensitive_legacy_source
job_strict_continuum_cavity_mass_q_task046_source_v2.sh,2054,path_sensitive_legacy_source
job_strict_continuum_cavity_mass_q_task046_source_v3.sh,2054,path_sensitive_legacy_source
job_strict_continuum_cavity_mass_q_task371_highn_convergence_v1_adjudicate.sh,1787,path_sensitive_legacy_source
job_strict_continuum_cavity_mass_q_task371_highn_convergence_v1_array.sh,2129,path_sensitive_legacy_source
job_strict_continuum_cavity_mass_q_task371_highn_convergence_v2_adjudicate.sh,2261,path_sensitive_legacy_source
job_strict_continuum_cavity_mass_q_task371_highn_convergence_v2_array.sh,2391,path_sensitive_legacy_source
job_strict_continuum_cavity_mass_q_uniform_v2_v1_array.sh,2099,path_sensitive_legacy_source
job_strict_continuum_cavity_mass_q_uniform_v2_v1_inventory.sh,1615,path_sensitive_legacy_source
job_strict_continuum_cavity_mass_q_uniform_v2_v1_seal.sh,1889,path_sensitive_legacy_source
job_strict_continuum_cavity_mass_q_uniform_v2_v2_array.sh,1894,path_sensitive_legacy_source
job_strict_continuum_cavity_mass_q_uniform_v2_v2_inventory.sh,1582,path_sensitive_legacy_source
job_strict_continuum_cavity_mass_q_uniform_v2_v2_seal.sh,1731,path_sensitive_legacy_source
job_strict_continuum_plane0_v3_smoke.sh,1448,path_sensitive_legacy_source
job_strict_continuum_plane0_v3_smoke_task90.sh,1059,path_sensitive_legacy_source
job_strict_continuum_postprocess.sh,2545,path_sensitive_legacy_source
job_strict_continuum_postprocess_amended_v1.sh,2432,path_sensitive_legacy_source
job_strict_continuum_postprocess_polarized_plane0_v2.sh,2486,path_sensitive_legacy_source
job_strict_continuum_postprocess_polarized_plane0_v3.sh,2378,path_sensitive_legacy_source
job_strict_continuum_rt_array.sh,3050,path_sensitive_legacy_source
job_strict_continuum_task114_plane0_recovery_128k.sh,2475,path_sensitive_legacy_source
job_strict_continuum_task114_plane0_recovery_512k.sh,2481,path_sensitive_legacy_source
job_strict_continuum_task22_recovery.sh,2406,path_sensitive_legacy_source
job_strict_continuum_temperature_array.sh,3101,path_sensitive_legacy_source
launch_h2o_3um_abundance_grid_v1.py,11540,path_sensitive_legacy_source
launch_h2o_3um_dust_axis_band_v1.py,11544,path_sensitive_legacy_source
launch_h2o_3um_dust_axis_grid_v1.py,11540,path_sensitive_legacy_source
launch_h2o_3um_method2_postpilot_guard_field_recovery_v1.py,15758,path_sensitive_legacy_source
launch_h2o_3um_method2_postpilot_v1.py,13228,path_sensitive_legacy_source
launch_h2o_3um_method2_screen_v1.py,8661,path_sensitive_legacy_source
launch_h2o_3um_method2_screen_v3.py,8554,path_sensitive_legacy_source
launch_h2o_3um_selfconsistent_grid_v1.py,11566,path_sensitive_legacy_source
launch_ice_feature_method2_pilot_v1.py,8359,path_sensitive_legacy_source
launch_ice_feature_method2_pilot_v2.py,21438,path_sensitive_legacy_source
local_opacity_screen/README.md,2960,historical_documentation
local_opacity_screen/bandshape.py,7325,path_sensitive_legacy_source
local_opacity_screen/baseline.para,6191,review_before_moving
local_opacity_screen/decompose.py,7262,path_sensitive_legacy_source
local_opacity_screen/screen.py,6659,path_sensitive_legacy_source
make_aperture_normalization_convergence_inputs.py,17467,path_sensitive_legacy_source
make_aperture_normalization_rt2_split_inputs.py,18852,path_sensitive_legacy_source
make_aperture_spatial_convergence_inputs.py,10625,path_sensitive_legacy_source
make_aperture_spatial_convergence_stage2_inputs.py,10936,path_sensitive_legacy_source
make_aperture_spatial_convergence_stage3_inputs.py,9222,path_sensitive_legacy_source
make_aperture_spatial_convergence_stage4_inputs.py,18286,path_sensitive_legacy_source
make_aperture_spatial_convergence_stage4b_inputs.py,37487,path_sensitive_legacy_source
make_cavity_inputs.py,4531,path_sensitive_legacy_source
make_cmq_highn_convergence_v2.py,19618,path_sensitive_legacy_source
make_cmq_technical_recovery_package_v1.py,16268,path_sensitive_legacy_source
make_component_rt2_pilot_inputs.py,21308,path_sensitive_legacy_source
make_continuum_fit_mask_diagnostic.py,19219,path_sensitive_legacy_source
make_dust_grid_inputs.py,13486,path_sensitive_legacy_source
make_dust_refinement_inputs.py,8637,path_sensitive_legacy_source
make_envelope_mass_inputs.py,5247,path_sensitive_legacy_source
make_feature_grid_inputs.py,30799,path_sensitive_legacy_source
make_full_r100_aperture_inputs.py,15632,path_sensitive_legacy_source
make_full_r100_finalist_inputs.py,10370,path_sensitive_legacy_source
make_h2o_silicate_demo_anchors_v1.py,5119,path_sensitive_legacy_source
make_h2o_silicate_demo_image_anchors_v1.py,4417,path_sensitive_legacy_source
make_high_photon_feature_sed_inputs.py,19721,path_sensitive_legacy_source
make_ice_feature_anchor_contract_v1.py,36496,path_sensitive_legacy_source
make_ice_feature_anchor_contract_v2.py,6617,path_sensitive_legacy_source
make_inclination_inputs.py,3253,path_sensitive_legacy_source
make_literature_boundary_inputs.py,32148,path_sensitive_legacy_source
make_literature_screen_inputs.py,30814,path_sensitive_legacy_source
make_matched_method2_closure_inputs.py,14191,path_sensitive_legacy_source
make_matched_method2_nearir_inputs.py,11462,path_sensitive_legacy_source
make_r100_model_inputs.py,5940,path_sensitive_legacy_source
make_strict_continuum_3d_q_task024_recovery_v1_inputs.py,7155,path_sensitive_legacy_source
make_strict_continuum_cavity_mass_q_task002_recovery_v1_inputs.py,13409,path_sensitive_legacy_source
make_strict_continuum_cavity_mass_q_task046_recovery_v1_inputs.py,16628,path_sensitive_legacy_source
make_strict_continuum_cavity_mass_q_task046_recovery_v2_inputs.py,19169,path_sensitive_legacy_source
make_strict_continuum_cavity_mass_q_task046_recovery_v3_inputs.py,19623,path_sensitive_legacy_source
make_strict_continuum_cavity_mass_q_task371_highn_convergence_v1.py,12530,path_sensitive_legacy_source
make_strict_continuum_cavity_mass_q_task371_highn_convergence_v2.py,15123,path_sensitive_legacy_source
make_strict_continuum_screen_inputs.py,26607,path_sensitive_legacy_source
make_strict_continuum_task114_plane0_recovery_inputs.py,9708,path_sensitive_legacy_source
make_strict_continuum_task22_recovery_inputs.py,7661,path_sensitive_legacy_source
mcfost_v4.1.13_build_dependency_lock.patch,2714,path_sensitive_legacy_source
mcfost_v4.1.13_rt_sed_spatial_method.patch,6978,path_sensitive_legacy_source
measure_aperture_images.py,22544,path_sensitive_legacy_source
model_inputs/baseline_R100/disk_envelope_baseline_R100.para,6030,review_before_moving
model_inputs/baseline_R100/input_manifest.json,910,review_before_moving
model_inputs/baseline_R100/tmc1a_continuum_R100.lambda,4381,review_before_moving
output/.DS_Store,22532,regenerable_cache
output/aperture_fractions_1arcsec.ecsv,10425,preserve_compact_science_products
output/aperture_fractions_1arcsec.png,275282,preserve_compact_science_products
output/aperture_images_1arcsec.png,337121,preserve_compact_science_products
output/aperture_normalization_convergence.png,416844,preserve_compact_science_products
output/aperture_normalization_convergence_analysis_manifest.json,6766,preserve_compact_science_products
output/aperture_normalization_convergence_measurements.ecsv,13450,preserve_compact_science_products
output/aperture_normalization_convergence_repeat_summary.ecsv,5514,preserve_compact_science_products
output/aperture_normalization_convergence_summary.json,7789,preserve_compact_science_products
output/aperture_normalization_convergence_validation.json,42501,preserve_compact_science_products
output/aperture_sed_image_example.json,6742,preserve_compact_science_products
output/aperture_sed_image_example.pdf,101626,preserve_compact_science_products
output/aperture_sed_image_example.png,674961,preserve_compact_science_products
output/aperture_spatial_convergence.png,210276,preserve_compact_science_products
output/aperture_spatial_convergence_analysis_manifest.json,880,preserve_compact_science_products
output/aperture_spatial_convergence_measurements.ecsv,3858,preserve_compact_science_products
output/aperture_spatial_convergence_stage2.png,175936,preserve_compact_science_products
output/aperture_spatial_convergence_stage2_analysis_manifest.json,514,preserve_compact_science_products
output/aperture_spatial_convergence_stage2_measurements.ecsv,3922,preserve_compact_science_products
output/aperture_spatial_convergence_stage2_summary.json,1981,preserve_compact_science_products
output/aperture_spatial_convergence_stage2_validation.json,14837,preserve_compact_science_products
output/aperture_spatial_convergence_stage3.png,169623,preserve_compact_science_products
output/aperture_spatial_convergence_stage3_analysis_manifest.json,528,preserve_compact_science_products
output/aperture_spatial_convergence_stage3_measurements.ecsv,3942,preserve_compact_science_products
output/aperture_spatial_convergence_stage3_summary.json,1967,preserve_compact_science_products
output/aperture_spatial_convergence_stage3_validation.json,14890,preserve_compact_science_products
output/aperture_spatial_convergence_stage4.png,296600,preserve_compact_science_products
output/aperture_spatial_convergence_stage4_analysis_manifest.json,892,preserve_compact_science_products
output/aperture_spatial_convergence_stage4_anchored_predictions.ecsv,17198,preserve_compact_science_products
output/aperture_spatial_convergence_stage4_comparisons.ecsv,17728,preserve_compact_science_products
output/aperture_spatial_convergence_stage4_component_measurements.ecsv,78235,preserve_compact_science_products
output/aperture_spatial_convergence_stage4_summary.json,3929,preserve_compact_science_products
output/aperture_spatial_convergence_stage4_validation.json,62150,preserve_compact_science_products
output/aperture_spatial_convergence_stage4b.png,130694,preserve_compact_science_products
output/aperture_spatial_convergence_stage4b_analysis_manifest.json,1853,preserve_compact_science_products
output/aperture_spatial_convergence_stage4b_anchored_predictions.ecsv,5719,preserve_compact_science_products
output/aperture_spatial_convergence_stage4b_comparisons.ecsv,8786,preserve_compact_science_products
output/aperture_spatial_convergence_stage4b_component_measurements.ecsv,23898,preserve_compact_science_products
output/aperture_spatial_convergence_stage4b_old_grid_photon_transfer.ecsv,26976,preserve_compact_science_products
output/aperture_spatial_convergence_stage4b_summary.json,18411,preserve_compact_science_products
output/aperture_spatial_convergence_stage4b_validation.json,50253,preserve_compact_science_products
output/aperture_spatial_convergence_summary.json,1821,preserve_compact_science_products
output/aperture_spatial_convergence_validation.json,14094,preserve_compact_science_products
output/baseline_R100_mcfost_comparison.ecsv,77225,preserve_compact_science_products
output/baseline_R100_mcfost_comparison.png,512519,preserve_compact_science_products
output/baseline_R100_mcfost_regions.ecsv,1955,preserve_compact_science_products
output/baseline_mcfost_comparison.ecsv,77190,preserve_compact_science_products
output/baseline_mcfost_comparison.png,453563,preserve_compact_science_products
output/baseline_mcfost_regions.ecsv,1969,preserve_compact_science_products
output/cavity_opening_nearir_test.ecsv,18192,preserve_compact_science_products
output/cavity_opening_nearir_test.png,280718,preserve_compact_science_products
output/component_rt2_pilot_benchmark_validation.json,3316,preserve_compact_science_products
output/continuum_fit_mask_v1.png,246734,preserve_compact_science_products
output/continuum_fit_mask_v1_audit.ecsv,137007,preserve_compact_science_products
output/continuum_fit_mask_v1_major_ice_9p7_silicate_retained.ecsv,57802,preserve_compact_science_products
output/continuum_fit_mask_v1_major_ice_both_silicates_retained.ecsv,39950,preserve_compact_science_products
output/continuum_fit_mask_v1_manifest.json,6258,preserve_compact_science_products
output/continuum_mask_R100.ecsv,4638894,preserve_compact_science_products
output/continuum_mask_diagnostic_R100.png,215664,preserve_compact_science_products
output/continuum_overlap_R100.png,103818,preserve_compact_science_products
output/continuum_sed_R100.ecsv,100036,preserve_compact_science_products
output/continuum_sed_R100.png,181251,preserve_compact_science_products
output/current_model_vs_JWST_ver196_center.png,287231,preserve_compact_science_products
output/current_model_vs_JWST_ver196_center_anchors.ecsv,11882,preserve_compact_science_products
output/current_model_vs_JWST_ver196_center_summary.ecsv,5099,preserve_compact_science_products
output/dust_grid_screen.png,347266,preserve_compact_science_products
output/dust_grid_screen_anchors.ecsv,90443,preserve_compact_science_products
output/dust_grid_screen_shortlist.ecsv,4834,preserve_compact_science_products
output/dust_grid_screen_summary.ecsv,11985,preserve_compact_science_products
output/dust_grid_screen_validation.json,662,preserve_compact_science_products
output/dust_refinement_screen.png,449965,preserve_compact_science_products
output/dust_refinement_screen_anchors.ecsv,59130,preserve_compact_science_products
output/dust_refinement_screen_finalists.ecsv,5520,preserve_compact_science_products
output/dust_refinement_screen_summary.ecsv,10200,preserve_compact_science_products
output/dust_refinement_screen_validation.json,27107,preserve_compact_science_products
output/envelope_mass_nearir_test.ecsv,17578,preserve_compact_science_products
output/envelope_mass_nearir_test.png,344054,preserve_compact_science_products
output/extent_closure_correlation.json,1255,preserve_compact_science_products
output/extent_closure_correlation.png,338304,preserve_compact_science_products
output/feature_grid_screen.png,457326,preserve_compact_science_products
output/feature_grid_screen_aperture_fractions.ecsv,634286,preserve_compact_science_products
output/feature_grid_screen_bins.ecsv,420835,preserve_compact_science_products
output/feature_grid_screen_regions.ecsv,93211,preserve_compact_science_products
output/feature_grid_screen_rows.ecsv,850016,preserve_compact_science_products
output/feature_grid_screen_shortlist.ecsv,12708,preserve_compact_science_products
output/feature_grid_screen_summary.ecsv,35716,preserve_compact_science_products
output/feature_grid_screen_validation.json,490679,preserve_compact_science_products
output/full_R100_aperture_finalists_aperture_fractions.ecsv,553347,preserve_compact_science_products
output/full_R100_aperture_finalists_bins.ecsv,318401,preserve_compact_science_products
output/full_R100_aperture_finalists_comparison.png,643589,preserve_compact_science_products
output/full_R100_aperture_finalists_regions.ecsv,8704,preserve_compact_science_products
output/full_R100_aperture_finalists_rows.ecsv,722794,preserve_compact_science_products
output/full_R100_aperture_finalists_summary.ecsv,7534,preserve_compact_science_products
output/full_R100_aperture_images_validation.json,242090,preserve_compact_science_products
output/full_R100_finalists_bins.ecsv,283786,preserve_compact_science_products
output/full_R100_finalists_comparison.png,674851,preserve_compact_science_products
output/full_R100_finalists_regions.ecsv,9076,preserve_compact_science_products
output/full_R100_finalists_summary.ecsv,7475,preserve_compact_science_products
output/full_R100_finalists_validation.json,4351,preserve_compact_science_products
output/h2o_3um_method2_postpilot_guard_field_recovery_v1/guard_field_recovery_comparison_v1.ecsv,7443,preserve_compact_science_products
output/h2o_3um_method2_postpilot_guard_field_recovery_v1/guard_field_recovery_comparison_v1.ecsv.sha256,106,preserve_compact_science_products
output/h2o_3um_method2_postpilot_guard_field_recovery_v1/guard_field_recovery_comparison_v1.png,153080,preserve_compact_science_products
output/h2o_3um_method2_postpilot_guard_field_recovery_v1/guard_field_recovery_comparison_v1.png.sha256,105,preserve_compact_science_products
output/h2o_3um_method2_postpilot_guard_field_recovery_v1/guard_field_recovery_seal_v1.json,7751,preserve_compact_science_products
output/h2o_3um_method2_postpilot_guard_field_recovery_v1/guard_field_recovery_seal_v1.json.sha256,100,preserve_compact_science_products
output/h2o_3um_method2_postpilot_guard_field_recovery_v1/product_manifest_v1.json,1170,preserve_compact_science_products
output/h2o_3um_method2_postpilot_guard_field_recovery_v1/product_manifest_v1.json.sha256,91,preserve_compact_science_products
output/h2o_3um_method2_postpilot_recovered_v1/broadband_guardrails_v3.ecsv,10152,preserve_compact_science_products
output/h2o_3um_method2_postpilot_recovered_v1/broadband_guardrails_v3.ecsv.sha256,95,preserve_compact_science_products
output/h2o_3um_method2_postpilot_recovered_v1/broadband_guardrails_v3.png,182979,preserve_compact_science_products
output/h2o_3um_method2_postpilot_recovered_v1/broadband_guardrails_v3.png.sha256,94,preserve_compact_science_products
output/h2o_3um_method2_postpilot_recovered_v1/full_h2o_node_ledger_v3.ecsv,48360,preserve_compact_science_products
output/h2o_3um_method2_postpilot_recovered_v1/full_h2o_node_ledger_v3.ecsv.sha256,95,preserve_compact_science_products
output/h2o_3um_method2_postpilot_recovered_v1/h2o_gain_sensitivity_v3.png,212359,preserve_compact_science_products
output/h2o_3um_method2_postpilot_recovered_v1/h2o_gain_sensitivity_v3.png.sha256,94,preserve_compact_science_products
output/h2o_3um_method2_postpilot_recovered_v1/h2o_profile_scores_v3.json,60813,preserve_compact_science_products
output/h2o_3um_method2_postpilot_recovered_v1/h2o_profile_scores_v3.json.sha256,93,preserve_compact_science_products
output/h2o_3um_method2_postpilot_recovered_v1/h2o_profile_targets_v3.ecsv,4904,preserve_compact_science_products
output/h2o_3um_method2_postpilot_recovered_v1/h2o_profile_targets_v3.ecsv.sha256,94,preserve_compact_science_products
output/h2o_3um_method2_postpilot_recovered_v1/h2o_profile_vs_jwst_v3.png,309131,preserve_compact_science_products
output/h2o_3um_method2_postpilot_recovered_v1/h2o_profile_vs_jwst_v3.png.sha256,93,preserve_compact_science_products
output/h2o_3um_method2_postpilot_recovered_v1/product_manifest_v3.json,2444,preserve_compact_science_products
output/h2o_3um_method2_postpilot_recovered_v1/product_manifest_v3.json.sha256,91,preserve_compact_science_products
output/h2o_3um_method2_postpilot_recovered_v1/screen_complete_seal_v3.json,76659,preserve_compact_science_products
output/h2o_3um_method2_postpilot_recovered_v1/screen_complete_seal_v3.json.sha256,95,preserve_compact_science_products
output/h2o_3um_method2_postpilot_recovered_v1/stage1_to_stage2_lineage_v3.json,47487,preserve_compact_science_products
output/h2o_3um_method2_postpilot_recovered_v1/stage1_to_stage2_lineage_v3.json.sha256,99,preserve_compact_science_products
output/h2o_3um_method2_screen_v3_field_pilot/affinity_smoke.json,1613,preserve_compact_science_products
output/h2o_3um_method2_screen_v3_field_pilot/affinity_smoke.json.sha256,86,preserve_compact_science_products
output/h2o_3um_method2_screen_v3_field_pilot/field_pilot_green_seal.json,28386,preserve_compact_science_products
output/h2o_3um_method2_screen_v3_field_pilot/field_pilot_green_seal.json.sha256,94,preserve_compact_science_products
output/h2o_3um_method2_screen_v3_field_pilot/h2o_method2_field_pilot_v3_convergence.png,246738,preserve_compact_science_products
output/h2o_3um_method2_screen_v3_field_pilot/h2o_method2_field_pilot_v3_convergence.png.sha256,109,preserve_compact_science_products
output/h2o_3um_method2_screen_v3_field_pilot/h2o_method2_field_pilot_v3_summary.json,1869,preserve_compact_science_products
output/h2o_3um_method2_screen_v3_field_pilot/h2o_method2_field_pilot_v3_summary.json.sha256,106,preserve_compact_science_products
output/h2o_3um_method2_screen_v3_field_pilot/lambda_contract_smoke.json,6568,preserve_compact_science_products
output/h2o_3um_method2_screen_v3_field_pilot/lambda_contract_smoke.json.sha256,93,preserve_compact_science_products
output/h2o_3um_method2_screen_v3_field_pilot/slurm-tmc1a_h2o_v3_gate-15171295.err,207,preserve_compact_science_products
output/h2o_3um_method2_screen_v3_field_pilot/slurm-tmc1a_h2o_v3_gate-15171295.out,230,preserve_compact_science_products
output/h2o_3um_method2_screen_v3_field_pilot/task_records/t000_legacy_n1201_h2o_3um_v3_w006_n00_s52001/complete.json,6147,preserve_compact_science_products
output/h2o_3um_method2_screen_v3_field_pilot/task_records/t000_legacy_n1201_h2o_3um_v3_w006_n00_s52001/measurement.json,15270,preserve_compact_science_products
output/h2o_3um_method2_screen_v3_field_pilot/task_records/t001_legacy_n1201_h2o_3um_v3_w006_n01_s52001/complete.json,6137,preserve_compact_science_products
output/h2o_3um_method2_screen_v3_field_pilot/task_records/t001_legacy_n1201_h2o_3um_v3_w006_n01_s52001/measurement.json,15511,preserve_compact_science_products
output/h2o_3um_method2_screen_v3_field_pilot/task_records/t002_legacy_n1201_h2o_3um_v3_w006_n02_s52001/complete.json,6147,preserve_compact_science_products
output/h2o_3um_method2_screen_v3_field_pilot/task_records/t002_legacy_n1201_h2o_3um_v3_w006_n02_s52001/measurement.json,15551,preserve_compact_science_products
output/h2o_3um_method2_screen_v3_field_pilot/task_records/t003_legacy_n1201_h2o_3um_v3_w006_n03_s52001/complete.json,6146,preserve_compact_science_products
output/h2o_3um_method2_screen_v3_field_pilot/task_records/t003_legacy_n1201_h2o_3um_v3_w006_n03_s52001/measurement.json,15261,preserve_compact_science_products
output/h2o_3um_method2_screen_v3_field_pilot/task_records/t004_legacy_n1201_h2o_3um_v3_w006_n04_s52001/complete.json,6146,preserve_compact_science_products
output/h2o_3um_method2_screen_v3_field_pilot/task_records/t004_legacy_n1201_h2o_3um_v3_w006_n04_s52001/measurement.json,15271,preserve_compact_science_products
output/h2o_3um_method2_screen_v3_field_pilot/task_records/t005_legacy_n1201_h2o_continuum_blue_q20_n02_s52001/complete.json,6225,preserve_compact_science_products
output/h2o_3um_method2_screen_v3_field_pilot/task_records/t005_legacy_n1201_h2o_continuum_blue_q20_n02_s52001/measurement.json,15248,preserve_compact_science_products
output/h2o_3um_method2_screen_v3_field_pilot/task_records/t006_legacy_n1201_h2o_continuum_blue_q50_n02_s52001/complete.json,6225,preserve_compact_science_products
output/h2o_3um_method2_screen_v3_field_pilot/task_records/t006_legacy_n1201_h2o_continuum_blue_q50_n02_s52001/measurement.json,15268,preserve_compact_science_products
output/h2o_3um_method2_screen_v3_field_pilot/task_records/t007_legacy_n1201_h2o_continuum_blue_q80_n02_s52001/complete.json,6225,preserve_compact_science_products
output/h2o_3um_method2_screen_v3_field_pilot/task_records/t007_legacy_n1201_h2o_continuum_blue_q80_n02_s52001/measurement.json,15300,preserve_compact_science_products
output/h2o_3um_method2_screen_v3_field_pilot/task_records/t008_legacy_n1201_h2o_continuum_red_q20_n02_s52001/complete.json,6215,preserve_compact_science_products
output/h2o_3um_method2_screen_v3_field_pilot/task_records/t008_legacy_n1201_h2o_continuum_red_q20_n02_s52001/measurement.json,15350,preserve_compact_science_products
output/h2o_3um_method2_screen_v3_field_pilot/task_records/t009_legacy_n1201_h2o_continuum_red_q50_n02_s52001/complete.json,6215,preserve_compact_science_products
output/h2o_3um_method2_screen_v3_field_pilot/task_records/t009_legacy_n1201_h2o_continuum_red_q50_n02_s52001/measurement.json,15343,preserve_compact_science_products
output/h2o_3um_method2_screen_v3_field_pilot/task_records/t010_legacy_n1201_h2o_continuum_red_q80_n02_s52001/complete.json,6219,preserve_compact_science_products
output/h2o_3um_method2_screen_v3_field_pilot/task_records/t010_legacy_n1201_h2o_continuum_red_q80_n02_s52001/measurement.json,15314,preserve_compact_science_products
output/h2o_3um_method2_screen_v3_field_pilot/task_records/t011_legacy_n1201_h2o_3um_v3_w006_n00_s52002/complete.json,6150,preserve_compact_science_products
output/h2o_3um_method2_screen_v3_field_pilot/task_records/t011_legacy_n1201_h2o_3um_v3_w006_n00_s52002/measurement.json,15281,preserve_compact_science_products
output/h2o_3um_method2_screen_v3_field_pilot/task_records/t012_legacy_n1201_h2o_3um_v3_w006_n01_s52002/complete.json,6150,preserve_compact_science_products
output/h2o_3um_method2_screen_v3_field_pilot/task_records/t012_legacy_n1201_h2o_3um_v3_w006_n01_s52002/measurement.json,15263,preserve_compact_science_products
output/h2o_3um_method2_screen_v3_field_pilot/task_records/t013_legacy_n1201_h2o_3um_v3_w006_n02_s52002/complete.json,6150,preserve_compact_science_products
output/h2o_3um_method2_screen_v3_field_pilot/task_records/t013_legacy_n1201_h2o_3um_v3_w006_n02_s52002/measurement.json,15281,preserve_compact_science_products
output/h2o_3um_method2_screen_v3_field_pilot/task_records/t014_legacy_n1201_h2o_3um_v3_w006_n03_s52002/complete.json,6149,preserve_compact_science_products
output/h2o_3um_method2_screen_v3_field_pilot/task_records/t014_legacy_n1201_h2o_3um_v3_w006_n03_s52002/measurement.json,15503,preserve_compact_science_products
output/h2o_3um_method2_screen_v3_field_pilot/task_records/t015_legacy_n1201_h2o_3um_v3_w006_n04_s52002/complete.json,6150,preserve_compact_science_products
output/h2o_3um_method2_screen_v3_field_pilot/task_records/t015_legacy_n1201_h2o_3um_v3_w006_n04_s52002/measurement.json,15524,preserve_compact_science_products
output/h2o_3um_method2_screen_v3_field_pilot/task_records/t016_legacy_n1201_h2o_continuum_blue_q20_n02_s52002/complete.json,6228,preserve_compact_science_products
output/h2o_3um_method2_screen_v3_field_pilot/task_records/t016_legacy_n1201_h2o_continuum_blue_q20_n02_s52002/measurement.json,15212,preserve_compact_science_products
output/h2o_3um_method2_screen_v3_field_pilot/task_records/t017_legacy_n1201_h2o_continuum_blue_q50_n02_s52002/complete.json,6228,preserve_compact_science_products
output/h2o_3um_method2_screen_v3_field_pilot/task_records/t017_legacy_n1201_h2o_continuum_blue_q50_n02_s52002/measurement.json,15313,preserve_compact_science_products
output/h2o_3um_method2_screen_v3_field_pilot/task_records/t018_legacy_n1201_h2o_continuum_blue_q80_n02_s52002/complete.json,6228,preserve_compact_science_products
output/h2o_3um_method2_screen_v3_field_pilot/task_records/t018_legacy_n1201_h2o_continuum_blue_q80_n02_s52002/measurement.json,15347,preserve_compact_science_products
output/h2o_3um_method2_screen_v3_field_pilot/task_records/t019_legacy_n1201_h2o_continuum_red_q20_n02_s52002/complete.json,6208,preserve_compact_science_products
output/h2o_3um_method2_screen_v3_field_pilot/task_records/t019_legacy_n1201_h2o_continuum_red_q20_n02_s52002/measurement.json,15346,preserve_compact_science_products
output/h2o_3um_method2_screen_v3_field_pilot/task_records/t020_legacy_n1201_h2o_continuum_red_q50_n02_s52002/complete.json,6218,preserve_compact_science_products
output/h2o_3um_method2_screen_v3_field_pilot/task_records/t020_legacy_n1201_h2o_continuum_red_q50_n02_s52002/measurement.json,15324,preserve_compact_science_products
output/h2o_3um_method2_screen_v3_field_pilot/task_records/t021_legacy_n1201_h2o_continuum_red_q80_n02_s52002/complete.json,6218,preserve_compact_science_products
output/h2o_3um_method2_screen_v3_field_pilot/task_records/t021_legacy_n1201_h2o_continuum_red_q80_n02_s52002/measurement.json,15330,preserve_compact_science_products
output/h2o_3um_method2_screen_v3_field_pilot/task_records/t022_expanded_n2401_h2o_3um_v3_w006_n00_s52001/complete.json,6117,preserve_compact_science_products
output/h2o_3um_method2_screen_v3_field_pilot/task_records/t022_expanded_n2401_h2o_3um_v3_w006_n00_s52001/measurement.json,15296,preserve_compact_science_products
output/h2o_3um_method2_screen_v3_field_pilot/task_records/t023_expanded_n2401_h2o_3um_v3_w006_n01_s52001/complete.json,6117,preserve_compact_science_products
output/h2o_3um_method2_screen_v3_field_pilot/task_records/t023_expanded_n2401_h2o_3um_v3_w006_n01_s52001/measurement.json,15283,preserve_compact_science_products
output/h2o_3um_method2_screen_v3_field_pilot/task_records/t024_expanded_n2401_h2o_3um_v3_w006_n02_s52001/complete.json,6117,preserve_compact_science_products
output/h2o_3um_method2_screen_v3_field_pilot/task_records/t024_expanded_n2401_h2o_3um_v3_w006_n02_s52001/measurement.json,15327,preserve_compact_science_products
output/h2o_3um_method2_screen_v3_field_pilot/task_records/t025_expanded_n2401_h2o_3um_v3_w006_n03_s52001/complete.json,6116,preserve_compact_science_products
output/h2o_3um_method2_screen_v3_field_pilot/task_records/t025_expanded_n2401_h2o_3um_v3_w006_n03_s52001/measurement.json,15274,preserve_compact_science_products
output/h2o_3um_method2_screen_v3_field_pilot/task_records/t026_expanded_n2401_h2o_3um_v3_w006_n04_s52001/complete.json,6117,preserve_compact_science_products
output/h2o_3um_method2_screen_v3_field_pilot/task_records/t026_expanded_n2401_h2o_3um_v3_w006_n04_s52001/measurement.json,15284,preserve_compact_science_products
output/h2o_3um_method2_screen_v3_field_pilot/task_records/t027_expanded_n2401_h2o_continuum_blue_q20_n02_s52001/complete.json,6195,preserve_compact_science_products
output/h2o_3um_method2_screen_v3_field_pilot/task_records/t027_expanded_n2401_h2o_continuum_blue_q20_n02_s52001/measurement.json,15296,preserve_compact_science_products
output/h2o_3um_method2_screen_v3_field_pilot/task_records/t028_expanded_n2401_h2o_continuum_blue_q50_n02_s52001/complete.json,6195,preserve_compact_science_products
output/h2o_3um_method2_screen_v3_field_pilot/task_records/t028_expanded_n2401_h2o_continuum_blue_q50_n02_s52001/measurement.json,15325,preserve_compact_science_products
output/h2o_3um_method2_screen_v3_field_pilot/task_records/t029_expanded_n2401_h2o_continuum_blue_q80_n02_s52001/complete.json,6185,preserve_compact_science_products
output/h2o_3um_method2_screen_v3_field_pilot/task_records/t029_expanded_n2401_h2o_continuum_blue_q80_n02_s52001/measurement.json,15292,preserve_compact_science_products
output/h2o_3um_method2_screen_v3_field_pilot/task_records/t030_expanded_n2401_h2o_continuum_red_q20_n02_s52001/complete.json,6185,preserve_compact_science_products
output/h2o_3um_method2_screen_v3_field_pilot/task_records/t030_expanded_n2401_h2o_continuum_red_q20_n02_s52001/measurement.json,15345,preserve_compact_science_products
output/h2o_3um_method2_screen_v3_field_pilot/task_records/t031_expanded_n2401_h2o_continuum_red_q50_n02_s52001/complete.json,6185,preserve_compact_science_products
output/h2o_3um_method2_screen_v3_field_pilot/task_records/t031_expanded_n2401_h2o_continuum_red_q50_n02_s52001/measurement.json,15335,preserve_compact_science_products
output/h2o_3um_method2_screen_v3_field_pilot/task_records/t032_expanded_n2401_h2o_continuum_red_q80_n02_s52001/complete.json,6185,preserve_compact_science_products
output/h2o_3um_method2_screen_v3_field_pilot/task_records/t032_expanded_n2401_h2o_continuum_red_q80_n02_s52001/measurement.json,15318,preserve_compact_science_products
output/h2o_3um_method2_screen_v3_field_pilot/task_records/t033_expanded_n2401_h2o_3um_v3_w006_n00_s52002/complete.json,6117,preserve_compact_science_products
output/h2o_3um_method2_screen_v3_field_pilot/task_records/t033_expanded_n2401_h2o_3um_v3_w006_n00_s52002/measurement.json,15305,preserve_compact_science_products
output/h2o_3um_method2_screen_v3_field_pilot/task_records/t034_expanded_n2401_h2o_3um_v3_w006_n01_s52002/complete.json,6117,preserve_compact_science_products
output/h2o_3um_method2_screen_v3_field_pilot/task_records/t034_expanded_n2401_h2o_3um_v3_w006_n01_s52002/measurement.json,15303,preserve_compact_science_products
output/h2o_3um_method2_screen_v3_field_pilot/task_records/t035_expanded_n2401_h2o_3um_v3_w006_n02_s52002/complete.json,6107,preserve_compact_science_products
output/h2o_3um_method2_screen_v3_field_pilot/task_records/t035_expanded_n2401_h2o_3um_v3_w006_n02_s52002/measurement.json,15310,preserve_compact_science_products
output/h2o_3um_method2_screen_v3_field_pilot/task_records/t036_expanded_n2401_h2o_3um_v3_w006_n03_s52002/complete.json,6116,preserve_compact_science_products
output/h2o_3um_method2_screen_v3_field_pilot/task_records/t036_expanded_n2401_h2o_3um_v3_w006_n03_s52002/measurement.json,15282,preserve_compact_science_products
output/h2o_3um_method2_screen_v3_field_pilot/task_records/t037_expanded_n2401_h2o_3um_v3_w006_n04_s52002/complete.json,6117,preserve_compact_science_products
output/h2o_3um_method2_screen_v3_field_pilot/task_records/t037_expanded_n2401_h2o_3um_v3_w006_n04_s52002/measurement.json,15302,preserve_compact_science_products
output/h2o_3um_method2_screen_v3_field_pilot/task_records/t038_expanded_n2401_h2o_continuum_blue_q20_n02_s52002/complete.json,6195,preserve_compact_science_products
output/h2o_3um_method2_screen_v3_field_pilot/task_records/t038_expanded_n2401_h2o_continuum_blue_q20_n02_s52002/measurement.json,15257,preserve_compact_science_products
output/h2o_3um_method2_screen_v3_field_pilot/task_records/t039_expanded_n2401_h2o_continuum_blue_q50_n02_s52002/complete.json,6195,preserve_compact_science_products
output/h2o_3um_method2_screen_v3_field_pilot/task_records/t039_expanded_n2401_h2o_continuum_blue_q50_n02_s52002/measurement.json,15323,preserve_compact_science_products
output/h2o_3um_method2_screen_v3_field_pilot/task_records/t040_expanded_n2401_h2o_continuum_blue_q80_n02_s52002/complete.json,6195,preserve_compact_science_products
output/h2o_3um_method2_screen_v3_field_pilot/task_records/t040_expanded_n2401_h2o_continuum_blue_q80_n02_s52002/measurement.json,15358,preserve_compact_science_products
output/h2o_3um_method2_screen_v3_field_pilot/task_records/t041_expanded_n2401_h2o_continuum_red_q20_n02_s52002/complete.json,6185,preserve_compact_science_products
output/h2o_3um_method2_screen_v3_field_pilot/task_records/t041_expanded_n2401_h2o_continuum_red_q20_n02_s52002/measurement.json,15338,preserve_compact_science_products
output/h2o_3um_method2_screen_v3_field_pilot/task_records/t042_expanded_n2401_h2o_continuum_red_q50_n02_s52002/complete.json,6185,preserve_compact_science_products
output/h2o_3um_method2_screen_v3_field_pilot/task_records/t042_expanded_n2401_h2o_continuum_red_q50_n02_s52002/measurement.json,15330,preserve_compact_science_products
output/h2o_3um_method2_screen_v3_field_pilot/task_records/t043_expanded_n2401_h2o_continuum_red_q80_n02_s52002/complete.json,6185,preserve_compact_science_products
output/h2o_3um_method2_screen_v3_field_pilot/task_records/t043_expanded_n2401_h2o_continuum_red_q80_n02_s52002/measurement.json,15307,preserve_compact_science_products
output/h2o_3um_observation_v2/h2o_3um_observation_contract_v2.json,14278,preserve_compact_science_products
output/h2o_3um_observation_v2/h2o_3um_observation_contract_v2.json.sha256,103,preserve_compact_science_products
output/h2o_3um_observation_v2/h2o_3um_observation_contract_v2.png,316963,preserve_compact_science_products
output/h2o_3um_observation_v2/h2o_3um_observation_contract_v2.png.sha256,102,preserve_compact_science_products
output/h2o_3um_observation_v2/stellar_center_h2o_continuum_lsf_nodes_R2400_v2.tsv,5600,preserve_compact_science_products
output/h2o_3um_observation_v2/stellar_center_h2o_continuum_lsf_nodes_R2400_v2.tsv.sha256,118,preserve_compact_science_products
output/h2o_3um_observation_v2/stellar_center_h2o_continuum_supports_v2.tsv,2373,preserve_compact_science_products
output/h2o_3um_observation_v2/stellar_center_h2o_continuum_supports_v2.tsv.sha256,111,preserve_compact_science_products
output/h2o_3um_observation_v2/stellar_center_h2o_dense_R2400_v2.csv,935378,preserve_compact_science_products
output/h2o_3um_observation_v2/stellar_center_h2o_dense_R2400_v2.csv.sha256,104,preserve_compact_science_products
output/h2o_3um_observation_v2/stellar_center_h2o_logical_targets_v2.tsv,5538,preserve_compact_science_products
output/h2o_3um_observation_v2/stellar_center_h2o_logical_targets_v2.tsv.sha256,108,preserve_compact_science_products
output/h2o_3um_observation_v2/stellar_center_h2o_target_lsf_nodes_R2400_v2.tsv,9590,preserve_compact_science_products
output/h2o_3um_observation_v2/stellar_center_h2o_target_lsf_nodes_R2400_v2.tsv.sha256,115,preserve_compact_science_products
output/h2o_3um_observation_v3/h2o_3um_observation_contract_v3.json,30588,preserve_compact_science_products
output/h2o_3um_observation_v3/h2o_3um_observation_contract_v3.json.sha256,103,preserve_compact_science_products
output/h2o_3um_observation_v3/h2o_3um_observation_contract_v3.png,277092,preserve_compact_science_products
output/h2o_3um_observation_v3/h2o_3um_observation_contract_v3.png.sha256,102,preserve_compact_science_products
output/h2o_3um_observation_v3/stellar_center_h2o_continuum_lsf_nodes_R2400_v3.tsv,8345,preserve_compact_science_products
output/h2o_3um_observation_v3/stellar_center_h2o_continuum_lsf_nodes_R2400_v3.tsv.sha256,118,preserve_compact_science_products
output/h2o_3um_observation_v3/stellar_center_h2o_continuum_supports_v3.tsv,2530,preserve_compact_science_products
output/h2o_3um_observation_v3/stellar_center_h2o_continuum_supports_v3.tsv.sha256,111,preserve_compact_science_products
output/h2o_3um_observation_v3/stellar_center_h2o_dense_R2400_v3.csv,1047920,preserve_compact_science_products
output/h2o_3um_observation_v3/stellar_center_h2o_dense_R2400_v3.csv.sha256,104,preserve_compact_science_products
output/h2o_3um_observation_v3/stellar_center_h2o_logical_targets_v3.tsv,5196,preserve_compact_science_products
output/h2o_3um_observation_v3/stellar_center_h2o_logical_targets_v3.tsv.sha256,108,preserve_compact_science_products
output/h2o_3um_observation_v3/stellar_center_h2o_target_lsf_nodes_R2400_v3.tsv,14514,preserve_compact_science_products
output/h2o_3um_observation_v3/stellar_center_h2o_target_lsf_nodes_R2400_v3.tsv.sha256,115,preserve_compact_science_products
output/h2o_abundance_grid_v1_curve.json,3640,preserve_compact_science_products
output/h2o_abundance_grid_v1_curve.png,238150,preserve_compact_science_products
output/h2o_abundance_grid_v1_curve.provenance.json,473,preserve_compact_science_products
output/h2o_band_1arcsec_dust_axis_v02_vmax0p1_amax0p4_v1.ecsv,21869,preserve_compact_science_products
output/h2o_band_1arcsec_dust_axis_v02_vmax0p1_amax0p4_v1.provenance.json,1083,preserve_compact_science_products
output/h2o_band_1arcsec_grid_x0p04_v1.ecsv,19306,preserve_compact_science_products
output/h2o_band_1arcsec_grid_x0p04_v1.provenance.json,956,preserve_compact_science_products
output/h2o_band_1arcsec_remeasurement_v1.ecsv,18725,preserve_compact_science_products
output/h2o_band_1arcsec_remeasurement_v1.provenance.json,759,preserve_compact_science_products
output/h2o_best_model_vs_jwst_full_spectrum.png,513447,preserve_compact_science_products
output/h2o_best_model_vs_jwst_full_spectrum.provenance.json,1998,preserve_compact_science_products
output/h2o_dust_axis_band_v1_tau.json,2232,preserve_compact_science_products
output/h2o_dust_axis_grid_v1_scores.json,42261,preserve_compact_science_products
output/h2o_dust_axis_grid_v1_scores.png,302683,preserve_compact_science_products
output/h2o_dust_axis_grid_v1_scores.provenance.json,675,preserve_compact_science_products
output/h2o_grid_x0p04_vs_jwst_full_spectrum.png,521028,preserve_compact_science_products
output/h2o_grid_x0p04_vs_jwst_full_spectrum.provenance.json,2191,preserve_compact_science_products
output/h2o_screen_vs_jwst_full_spectrum.png,453320,preserve_compact_science_products
output/h2o_screen_vs_jwst_full_spectrum.provenance.json,1455,preserve_compact_science_products
output/h2o_silicate_demo_anchors_v1.ecsv,3083,preserve_compact_science_products
output/h2o_silicate_demo_anchors_v1.provenance.json,1991,preserve_compact_science_products
output/h2o_stage1_six_opacity_shapes_vs_observed.png,518718,preserve_compact_science_products
output/h2o_stage1_six_opacity_shapes_vs_observed.provenance.json,6135,preserve_compact_science_products
output/handoff/README_tmc1a_jwst_spectrum.txt,2460,preserve_compact_science_products
output/handoff/tmc1a_jwst_continuum_R100.csv,52509,preserve_compact_science_products
output/handoff/tmc1a_jwst_native_continuum_points.csv,2266237,preserve_compact_science_products
output/handoff/tmc1a_jwst_native_full_unfiltered.csv,2968618,preserve_compact_science_products
output/high_photon_feature_sed.png,441080,preserve_compact_science_products
output/high_photon_feature_sed_bins.ecsv,72982,preserve_compact_science_products
output/high_photon_feature_sed_drift.ecsv,37127,preserve_compact_science_products
output/high_photon_feature_sed_regions.ecsv,19816,preserve_compact_science_products
output/high_photon_feature_sed_rows.ecsv,88196,preserve_compact_science_products
output/high_photon_feature_sed_summary.ecsv,11351,preserve_compact_science_products
output/high_photon_feature_sed_validation.json,4758,preserve_compact_science_products
output/ice_feature_anchor_contract_v1.ecsv,23573,preserve_compact_science_products
output/ice_feature_anchor_contract_v1.json,13392,preserve_compact_science_products
output/ice_feature_anchor_contract_v1.png,322202,preserve_compact_science_products
output/ice_opacity_vs_observed_diagnostic.json,6986,preserve_compact_science_products
output/ice_opacity_vs_observed_diagnostic.png,386729,preserve_compact_science_products
output/inclination_nearir_test.ecsv,5087,preserve_compact_science_products
output/inclination_nearir_test.png,229334,preserve_compact_science_products
output/literature_boundary.png,303930,preserve_compact_science_products
output/literature_boundary_analysis_manifest.json,1776,preserve_compact_science_products
output/literature_boundary_aperture_fractions.ecsv,126462,preserve_compact_science_products
output/literature_boundary_bins.ecsv,87709,preserve_compact_science_products
output/literature_boundary_regions.ecsv,16491,preserve_compact_science_products
output/literature_boundary_summary.ecsv,9393,preserve_compact_science_products
output/literature_boundary_validation.json,54757,preserve_compact_science_products
output/literature_screen.png,309598,preserve_compact_science_products
output/literature_screen_analysis_manifest.json,1571,preserve_compact_science_products
output/literature_screen_aperture_fractions.ecsv,168270,preserve_compact_science_products
output/literature_screen_bins.ecsv,114832,preserve_compact_science_products
output/literature_screen_regions.ecsv,20359,preserve_compact_science_products
output/literature_screen_summary.ecsv,9419,preserve_compact_science_products
output/literature_screen_validation.json,71232,preserve_compact_science_products
output/mapsize_vs_pixelscale_4p5um.png,140766,preserve_compact_science_products
output/matched_method2_closure_4p5um_validation.json,31105,preserve_compact_science_products
output/matched_method2_nearir_validation.json,16609,preserve_compact_science_products
output/mcfost_ice_inputs_audit.json,47303,preserve_compact_science_products
output/provenance/strict_continuum_3d_q_v1_failed_job15161574/README.md,1458,preserve_compact_science_products
output/provenance/strict_continuum_3d_q_v1_failed_job15161574/slurm-tmc1a_3dq_diag-15163094.err,207,preserve_compact_science_products
output/provenance/strict_continuum_3d_q_v1_failed_job15161574/slurm-tmc1a_3dq_diag-15163094.out,7336,preserve_compact_science_products
output/provenance/strict_continuum_3d_q_v1_failed_job15161574/slurm-tmc1a_3dq_post-15161574.err,589,preserve_compact_science_products
output/provenance/strict_continuum_3d_q_v1_failed_job15161574/slurm-tmc1a_3dq_post-15161574.out,210,preserve_compact_science_products
output/provenance/strict_continuum_3d_q_v1_failed_job15161574/strict_continuum_3d_q_v1_validation.json,3971,preserve_compact_science_products
output/provenance/strict_continuum_3d_q_v1_task024_recovery_preflight_job15163096/slurm-tmc1a_3dq_t024r-15163096.err,1389,preserve_compact_science_products
output/provenance/strict_continuum_3d_q_v1_task024_recovery_preflight_job15163096/slurm-tmc1a_3dq_t024r-15163096.out,118,preserve_compact_science_products
output/reproducible_ice_h2o_audit_v1/reproducible_ice_h2o_audit_v1.json,24521,preserve_compact_science_products
output/reproducible_ice_h2o_audit_v1/reproducible_ice_h2o_audit_v1.json.sha256,101,preserve_compact_science_products
output/reproducible_ice_h2o_audit_v1/reproducible_ice_h2o_audit_v1.png,239915,preserve_compact_science_products
output/reproducible_ice_h2o_audit_v1/reproducible_ice_h2o_audit_v1.png.sha256,100,preserve_compact_science_products
output/reproducible_ice_h2o_audit_v1/stellar_center_h2o_profile_R2400_v1.csv,910409,preserve_compact_science_products
output/reproducible_ice_h2o_audit_v1/stellar_center_h2o_profile_R2400_v1.csv.sha256,106,preserve_compact_science_products
output/rerank_normalization_AB.ecsv,805,preserve_compact_science_products
output/step2_aperture_diagnostics.ecsv,8586,preserve_compact_science_products
output/step2_aperture_growth.png,238804,preserve_compact_science_products
output/step2_centroid_offsets.png,103152,preserve_compact_science_products
output/step2_position_diagnostics.ecsv,5223,preserve_compact_science_products
output/step2_source_apertures.png,1028970,preserve_compact_science_products
output/step3_miri_shift_comparison.ecsv,6182826,preserve_compact_science_products
output/step3_miri_shift_summary.ecsv,2008,preserve_compact_science_products
output/step3_miri_shift_test.png,441155,preserve_compact_science_products
output/strict_continuum_3d_q_v1_task024_seed41002_recovery_primary9_v1_w000_diagnostic.png,535358,preserve_compact_science_products
output/strict_continuum_3d_q_v1_task024_seed41002_recovery_primary9_v1_w000_diagnostic_anchor_policy.ecsv,3459,preserve_compact_science_products
output/strict_continuum_3d_q_v1_task024_seed41002_recovery_primary9_v1_w000_diagnostic_predictions.ecsv,295896,preserve_compact_science_products
output/strict_continuum_3d_q_v1_task024_seed41002_recovery_primary9_v1_w000_diagnostic_regions.ecsv,91077,preserve_compact_science_products
output/strict_continuum_3d_q_v1_task024_seed41002_recovery_primary9_v1_w000_diagnostic_scores.ecsv,49913,preserve_compact_science_products
output/strict_continuum_3d_q_v1_task024_seed41002_recovery_primary9_v1_w000_diagnostic_summary.json,6071,preserve_compact_science_products
output/strict_continuum_3d_q_v1_task024_seed41002_recovery_primary9_v1_w000_diagnostic_validation.json,1896,preserve_compact_science_products
output/strict_continuum_3d_q_v1_task024_seed41002_recovery_v1.png,519727,preserve_compact_science_products
output/strict_continuum_3d_q_v1_task024_seed41002_recovery_v1_predictions.ecsv,279304,preserve_compact_science_products
output/strict_continuum_3d_q_v1_task024_seed41002_recovery_v1_regions.ecsv,83067,preserve_compact_science_products
output/strict_continuum_3d_q_v1_task024_seed41002_recovery_v1_scores.ecsv,34576,preserve_compact_science_products
output/strict_continuum_3d_q_v1_task024_seed41002_recovery_v1_summary.json,8081,preserve_compact_science_products
output/strict_continuum_3d_q_v1_task024_seed41002_recovery_v1_validation.json,5132,preserve_compact_science_products
output/strict_continuum_all_wavelength_validation.png,509600,preserve_compact_science_products
output/strict_continuum_cavity_mass_q_source128k_uniform_v2_v1.png,547379,preserve_compact_science_products
output/strict_continuum_cavity_mass_q_source128k_uniform_v2_v1_highn_sensitivity.json,739524,preserve_compact_science_products
output/strict_continuum_cavity_mass_q_source128k_uniform_v2_v1_predictions.ecsv,295624,preserve_compact_science_products
output/strict_continuum_cavity_mass_q_source128k_uniform_v2_v1_regions.ecsv,111657,preserve_compact_science_products
output/strict_continuum_cavity_mass_q_source128k_uniform_v2_v1_scores.ecsv,42502,preserve_compact_science_products
output/strict_continuum_cavity_mass_q_source128k_uniform_v2_v1_summary.json,999,preserve_compact_science_products
output/strict_continuum_cavity_mass_q_source128k_uniform_v2_v1_validation.json,1081,preserve_compact_science_products
output/strict_continuum_measurement_kernel_v1_cluster_parity.json,3253,preserve_compact_science_products
output/strict_continuum_measurement_kernel_v1_parity.json,3703,preserve_compact_science_products
output/strict_continuum_method2_fit_v1.png,430546,preserve_compact_science_products
output/strict_continuum_method2_fit_v1_predictions.ecsv,99385,preserve_compact_science_products
output/strict_continuum_method2_fit_v1_regions.ecsv,33377,preserve_compact_science_products
output/strict_continuum_method2_fit_v1_scores.ecsv,15149,preserve_compact_science_products
output/strict_continuum_method2_fit_v1_summary.json,5369,preserve_compact_science_products
output/strict_continuum_method2_fit_v1_validation.json,100985,preserve_compact_science_products
output/strict_continuum_plane0_v3_smoke_task_10.json,10379,preserve_compact_science_products
output/strict_continuum_plane0_v3_smoke_task_33.json,10349,preserve_compact_science_products
output/strict_continuum_plane0_v3_smoke_task_50.json,10370,preserve_compact_science_products
output/strict_continuum_plane0_v3_smoke_task_90.json,10374,preserve_compact_science_products
output/strict_continuum_refinement_v1_support_v1.png,553058,preserve_compact_science_products
output/strict_continuum_refinement_v1_support_v1_predictions.ecsv,74532,preserve_compact_science_products
output/strict_continuum_refinement_v1_support_v1_regions.ecsv,20216,preserve_compact_science_products
output/strict_continuum_refinement_v1_support_v1_scores.ecsv,10574,preserve_compact_science_products
output/strict_continuum_refinement_v1_support_v1_summary.json,4478,preserve_compact_science_products
output/strict_continuum_refinement_v1_support_v1_validation.json,186999,preserve_compact_science_products
output/strict_continuum_refinement_v1_support_v1_with_jwst.png,549525,preserve_compact_science_products
output/strict_continuum_refinement_v1_validation.json,643534,preserve_compact_science_products
output/strict_continuum_screen_validation_polarized_plane0_v3.json,1373353,preserve_compact_science_products
output/strict_continuum_task114_seed41002_128k.json,7526,preserve_compact_science_products
output/strict_continuum_task114_seed41002_512k.json,10624,preserve_compact_science_products
output/task114_plane0_convergence.png,258485,preserve_compact_science_products
output/tmc1a_literature_rgb_grid_comparison_2um.png,1735718,preserve_compact_science_products
output/tmc1a_literature_rgb_packet_comparison_1p5um.png,1443352,preserve_compact_science_products
output/tmc1a_literature_rgb_v1/tmc1a_literature_rgb_channels.png,2666662,preserve_compact_science_products
output/tmc1a_literature_rgb_v1/tmc1a_literature_rgb_morphology.png,2101029,preserve_compact_science_products
output/tmc1a_literature_rgb_v1/tmc1a_literature_rgb_overview.png,1415450,preserve_compact_science_products
output/tmc1a_literature_rgb_v1/tmc1a_literature_rgb_summary.json,4501,preserve_compact_science_products
output/tmc1a_literature_rgb_v1_psf/tmc1a_literature_rgb_channels.png,1942291,preserve_compact_science_products
output/tmc1a_literature_rgb_v1_psf/tmc1a_literature_rgb_morphology.png,1553008,preserve_compact_science_products
output/tmc1a_literature_rgb_v1_psf/tmc1a_literature_rgb_overview.png,944505,preserve_compact_science_products
output/tmc1a_literature_rgb_v1_psf/tmc1a_literature_rgb_summary.json,4981,preserve_compact_science_products
output/tmc1a_literature_rgb_v4/README.md,2241,preserve_compact_science_products
output/tmc1a_literature_rgb_v4/tmc1a_literature_rgb_channels.png,1924256,preserve_compact_science_products
output/tmc1a_literature_rgb_v4/tmc1a_literature_rgb_channels_raw.png,2526896,preserve_compact_science_products
output/tmc1a_literature_rgb_v4/tmc1a_literature_rgb_morphology.png,1461333,preserve_compact_science_products
output/tmc1a_literature_rgb_v4/tmc1a_literature_rgb_overview.png,935400,preserve_compact_science_products
output/tmc1a_literature_rgb_v4/tmc1a_literature_rgb_overview_raw.png,1375258,preserve_compact_science_products
output/tmc1a_literature_rgb_v4/tmc1a_literature_rgb_summary.json,5072,preserve_compact_science_products
output/tmc1a_literature_rgb_v5/README.md,1586,preserve_compact_science_products
output/tmc1a_literature_rgb_v5/tmc1a_literature_rgb_channels.png,1946080,preserve_compact_science_products
output/tmc1a_literature_rgb_v5/tmc1a_literature_rgb_channels_raw.png,2455218,preserve_compact_science_products
output/tmc1a_literature_rgb_v5/tmc1a_literature_rgb_morphology.png,1596090,preserve_compact_science_products
output/tmc1a_literature_rgb_v5/tmc1a_literature_rgb_overview.png,982959,preserve_compact_science_products
output/tmc1a_literature_rgb_v5/tmc1a_literature_rgb_overview_raw.png,1298144,preserve_compact_science_products
output/tmc1a_literature_rgb_v5/tmc1a_literature_rgb_summary.json,5081,preserve_compact_science_products
output/tmc1a_sed_unstitched.ecsv,4042143,preserve_compact_science_products
output/tmc1a_sed_unstitched.png,155563,preserve_compact_science_products
parity_strict_continuum_measurement_kernel_v1.py,21310,path_sensitive_legacy_source
pin_matched_method2_closure_binary.py,14202,path_sensitive_legacy_source
pin_strict_continuum_cavity_mass_q_task002_source_v1.py,14457,path_sensitive_legacy_source
pin_strict_continuum_cavity_mass_q_task046_source_v1.py,20704,path_sensitive_legacy_source
pin_strict_continuum_cavity_mass_q_task046_source_v2.py,22598,path_sensitive_legacy_source
pin_strict_continuum_cavity_mass_q_task046_source_v3.py,23558,path_sensitive_legacy_source
pin_strict_continuum_task114_plane0_source.py,888,path_sensitive_legacy_source
pin_strict_continuum_task22_source.py,862,path_sensitive_legacy_source
plot_aperture_sed_image_example.py,23378,path_sensitive_legacy_source
plot_extent_closure_correlation.py,5983,path_sensitive_legacy_source
plot_h2o_3um_method2_field_pilot_v3.py,11444,path_sensitive_legacy_source
plot_h2o_abundance_grid_v1_curve.py,7370,path_sensitive_legacy_source
plot_h2o_best_model_vs_jwst_full_spectrum.py,19080,path_sensitive_legacy_source
plot_h2o_dust_axis_grid_v1_scores.py,12265,path_sensitive_legacy_source
plot_h2o_grid_x0p04_vs_jwst_full_spectrum.py,17211,path_sensitive_legacy_source
plot_h2o_screen_vs_jwst_full_spectrum.py,14417,path_sensitive_legacy_source
plot_h2o_stage1_opacity_shape_presentation.py,13123,path_sensitive_legacy_source
plot_ice_opacity_vs_observed.py,13358,path_sensitive_legacy_source
plot_strict_continuum_all_wavelength_validation.py,12780,path_sensitive_legacy_source
plot_strict_continuum_refinement_v1_support_v1_with_jwst.py,11335,path_sensitive_legacy_source
plot_task114_plane0_convergence.py,9768,path_sensitive_legacy_source
plot_tmc1a_literature_rgb.py,14678,path_sensitive_legacy_source
prepare_continuum_sed.py,23334,path_sensitive_legacy_source
prepare_high_photon_feature_sed_array.sh,6037,path_sensitive_legacy_source
prepare_tmc1a_literature_rgb.py,11774,path_sensitive_legacy_source
prepare_tmc1a_literature_rgb_v2.py,1947,path_sensitive_legacy_source
prepare_tmc1a_literature_rgb_v5.py,1628,path_sensitive_legacy_source
remeasure_h2o_abundance_grid_1arcsec_v1.py,7307,path_sensitive_legacy_source
remeasure_h2o_band_1arcsec_v1.py,6234,path_sensitive_legacy_source
remeasure_h2o_dust_axis_band_1arcsec_v1.py,7737,path_sensitive_legacy_source
reprocess_strict_continuum_cavity_mass_q_source128k_uniform_v2_v1.py,38523,path_sensitive_legacy_source
reprocess_strict_continuum_cavity_mass_q_uniform_v2_v1.py,23900,path_sensitive_legacy_source
reprocess_strict_continuum_cavity_mass_q_uniform_v2_v2.py,36184,path_sensitive_legacy_source
rerank_normalization_AB.py,14409,path_sensitive_legacy_source
rescore_h2o_3um_opacity_screen_v2.py,75697,path_sensitive_legacy_source
rescore_strict_continuum_3d_q_v1_primary9_v1.py,65003,path_sensitive_legacy_source
rescore_strict_continuum_3d_q_v1_task024_seed41002_recovery_primary9_v1.py,37630,path_sensitive_legacy_source
run_aperture_images.sh,2325,path_sensitive_legacy_source
run_aperture_normalization_convergence_array_task.sh,33218,path_sensitive_legacy_source
run_aperture_spatial_convergence_array_task.sh,15393,path_sensitive_legacy_source
run_aperture_spatial_convergence_stage2_array_task.sh,13220,path_sensitive_legacy_source
run_aperture_spatial_convergence_stage3_array_task.sh,11102,path_sensitive_legacy_source
run_aperture_spatial_convergence_stage4_array_task.sh,13942,path_sensitive_legacy_source
run_aperture_spatial_convergence_stage4b_array_task.sh,13239,path_sensitive_legacy_source
run_baseline_R100.sh,2185,path_sensitive_legacy_source
run_cavity_opening_test.sh,3012,path_sensitive_legacy_source
run_cmq_highn_convergence_v2.py,12525,path_sensitive_legacy_source
run_cmq_technical_recovery_v1.py,20994,path_sensitive_legacy_source
run_component_rt2_pilot_array_task.sh,13615,path_sensitive_legacy_source
run_dust_grid_screen.sh,3382,path_sensitive_legacy_source
run_dust_refinement_screen.sh,10511,path_sensitive_legacy_source
run_envelope_mass_test.sh,2661,path_sensitive_legacy_source
run_feature_grid_screen.sh,19590,path_sensitive_legacy_source
run_full_r100_aperture_images.sh,8988,path_sensitive_legacy_source
run_full_r100_finalists.sh,5768,path_sensitive_legacy_source
run_h2o_3um_abundance_grid_v1_task.py,11419,path_sensitive_legacy_source
run_h2o_3um_dust_axis_band_v1_task.py,15482,path_sensitive_legacy_source
run_h2o_3um_dust_axis_grid_v1_task.py,15478,path_sensitive_legacy_source
run_h2o_3um_method2_postpilot_guard_field_recovery_v1_task.py,22919,path_sensitive_legacy_source
run_h2o_3um_method2_postpilot_v1_task.py,6748,path_sensitive_legacy_source
run_h2o_3um_method2_screen_v1_affinity_smoke.py,2057,path_sensitive_legacy_source
run_h2o_3um_method2_screen_v1_lambda_contract_smoke.py,17440,path_sensitive_legacy_source
run_h2o_3um_method2_screen_v1_task.py,32058,path_sensitive_legacy_source
run_h2o_3um_method2_screen_v3_affinity_smoke.py,2382,path_sensitive_legacy_source
run_h2o_3um_method2_screen_v3_lambda_contract_smoke.py,18197,path_sensitive_legacy_source
run_h2o_3um_method2_screen_v3_task.py,36657,path_sensitive_legacy_source
run_h2o_3um_selfconsistent_grid_v1_task.py,15489,path_sensitive_legacy_source
run_h2o_silicate_demo_anchor_v1.py,7882,path_sensitive_legacy_source
run_h2o_silicate_demo_image_anchor_v1.py,10503,path_sensitive_legacy_source
run_high_photon_feature_sed.sh,10578,path_sensitive_legacy_source
run_high_photon_feature_sed_array_task.sh,14550,path_sensitive_legacy_source
run_ice_feature_method2_pilot_v1_task.py,16518,path_sensitive_legacy_source
run_ice_feature_method2_pilot_v2_task.py,34935,path_sensitive_legacy_source
run_inclination_test.sh,2195,path_sensitive_legacy_source
run_literature_boundary_array_task.sh,14221,path_sensitive_legacy_source
run_literature_screen_array_task.sh,14200,path_sensitive_legacy_source
run_matched_method2_closure_task.sh,14213,path_sensitive_legacy_source
run_matched_method2_nearir_task.sh,12577,path_sensitive_legacy_source
run_strict_continuum_3d_q_task024_recovery_v1.py,17109,path_sensitive_legacy_source
run_strict_continuum_cavity_mass_q_task002_recovery_v1.py,22482,path_sensitive_legacy_source
run_strict_continuum_cavity_mass_q_task046_recovery_v1.py,23968,path_sensitive_legacy_source
run_strict_continuum_cavity_mass_q_task046_recovery_v2.py,25368,path_sensitive_legacy_source
run_strict_continuum_cavity_mass_q_task046_recovery_v3.py,25808,path_sensitive_legacy_source
run_strict_continuum_cavity_mass_q_task371_highn_convergence_v1.py,12704,path_sensitive_legacy_source
run_strict_continuum_cavity_mass_q_task371_highn_convergence_v2.py,16275,path_sensitive_legacy_source
run_strict_continuum_rt_task.sh,11264,path_sensitive_legacy_source
run_strict_continuum_task114_plane0_recovery.sh,12674,path_sensitive_legacy_source
run_strict_continuum_task22_recovery.sh,12283,path_sensitive_legacy_source
run_strict_continuum_temperature_task.sh,8305,path_sensitive_legacy_source
run_tmc1a_literature_rgb.sh,3854,path_sensitive_legacy_source
runs/aperture_normalization_convergence/anchors.tsv,533,preserve_run_inputs_products_and_provenance
runs/aperture_normalization_convergence/convergence_wavelengths.lambda,111,preserve_run_inputs_products_and_provenance
runs/aperture_normalization_convergence/disk_envelope_L1p9_i70_apnorm.para,6039,preserve_run_inputs_products_and_provenance
runs/aperture_normalization_convergence/input_manifest.json,4683,preserve_run_inputs_products_and_provenance
runs/aperture_normalization_convergence/rt2_sed_split.tsv,1564,preserve_run_inputs_products_and_provenance
runs/aperture_normalization_convergence/rt2_sed_split_inputs/w000/convergence_wavelengths.lambda,72,preserve_run_inputs_products_and_provenance
runs/aperture_normalization_convergence/rt2_sed_split_inputs/w000/disk_envelope_L1p9_i70_apnorm.para,6039,preserve_run_inputs_products_and_provenance
runs/aperture_normalization_convergence/rt2_sed_split_inputs/w001/convergence_wavelengths.lambda,72,preserve_run_inputs_products_and_provenance
runs/aperture_normalization_convergence/rt2_sed_split_inputs/w001/disk_envelope_L1p9_i70_apnorm.para,6039,preserve_run_inputs_products_and_provenance
runs/aperture_normalization_convergence/rt2_sed_split_inputs/w002/convergence_wavelengths.lambda,72,preserve_run_inputs_products_and_provenance
runs/aperture_normalization_convergence/rt2_sed_split_inputs/w002/disk_envelope_L1p9_i70_apnorm.para,6039,preserve_run_inputs_products_and_provenance
runs/aperture_normalization_convergence/rt2_sed_split_manifest.json,8999,preserve_run_inputs_products_and_provenance
runs/aperture_normalization_convergence/seeds/seed41001/input/_dust_prop_SED.tmp,2310348,preserve_run_inputs_products_and_provenance
runs/aperture_normalization_convergence/seeds/seed41001/input/convergence_wavelengths.lambda,111,preserve_run_inputs_products_and_provenance
runs/aperture_normalization_convergence/seeds/seed41001/input/disk_envelope_L1p9_i70_apnorm.para,6039,preserve_run_inputs_products_and_provenance
runs/aperture_normalization_convergence/seeds/seed41001/input/rt2_sed_singlewave/w000/_dust_prop_SED.tmp,782748,preserve_run_inputs_products_and_provenance
runs/aperture_normalization_convergence/seeds/seed41001/input/rt2_sed_singlewave/w000/convergence_wavelengths.lambda,72,preserve_run_inputs_products_and_provenance
runs/aperture_normalization_convergence/seeds/seed41001/input/rt2_sed_singlewave/w000/disk_envelope_L1p9_i70_apnorm.para,6039,preserve_run_inputs_products_and_provenance
runs/aperture_normalization_convergence/seeds/seed41001/input/rt2_sed_singlewave/w001/_dust_prop_SED.tmp,782748,preserve_run_inputs_products_and_provenance
runs/aperture_normalization_convergence/seeds/seed41001/input/rt2_sed_singlewave/w001/convergence_wavelengths.lambda,72,preserve_run_inputs_products_and_provenance
runs/aperture_normalization_convergence/seeds/seed41001/input/rt2_sed_singlewave/w001/disk_envelope_L1p9_i70_apnorm.para,6039,preserve_run_inputs_products_and_provenance
runs/aperture_normalization_convergence/seeds/seed41001/input/rt2_sed_singlewave/w002/_dust_prop_SED.tmp,782748,preserve_run_inputs_products_and_provenance
runs/aperture_normalization_convergence/seeds/seed41001/input/rt2_sed_singlewave/w002/convergence_wavelengths.lambda,72,preserve_run_inputs_products_and_provenance
runs/aperture_normalization_convergence/seeds/seed41001/input/rt2_sed_singlewave/w002/disk_envelope_L1p9_i70_apnorm.para,6039,preserve_run_inputs_products_and_provenance
runs/aperture_normalization_convergence/seeds/seed41001/logs/rt1_sed.log,3008,preserve_run_inputs_products_and_provenance
runs/aperture_normalization_convergence/seeds/seed41001/logs/w000_rt2_image.log,6054,preserve_run_inputs_products_and_provenance
runs/aperture_normalization_convergence/seeds/seed41001/logs/w000_rt2_sed.complete,578,preserve_run_inputs_products_and_provenance
runs/aperture_normalization_convergence/seeds/seed41001/logs/w000_rt2_sed.log,3515,preserve_run_inputs_products_and_provenance
runs/aperture_normalization_convergence/seeds/seed41001/logs/w001_rt2_image.log,6054,preserve_run_inputs_products_and_provenance
runs/aperture_normalization_convergence/seeds/seed41001/logs/w001_rt2_sed.complete,578,preserve_run_inputs_products_and_provenance
runs/aperture_normalization_convergence/seeds/seed41001/logs/w001_rt2_sed.log,3515,preserve_run_inputs_products_and_provenance
runs/aperture_normalization_convergence/seeds/seed41001/logs/w002_rt2_image.log,6048,preserve_run_inputs_products_and_provenance
runs/aperture_normalization_convergence/seeds/seed41001/logs/w002_rt2_sed.complete,578,preserve_run_inputs_products_and_provenance
runs/aperture_normalization_convergence/seeds/seed41001/logs/w002_rt2_sed.log,3515,preserve_run_inputs_products_and_provenance
runs/aperture_normalization_convergence/seeds/seed41001/rt1_sed/Temperature.fits.gz,24277,preserve_run_inputs_products_and_provenance
runs/aperture_normalization_convergence/seeds/seed41001/rt1_sed/seed=41001/data_th/convergence_wavelengths.lambda,111,preserve_run_inputs_products_and_provenance
runs/aperture_normalization_convergence/seeds/seed41001/rt1_sed/seed=41001/data_th/disk_envelope_L1p9_i70_apnorm.para,6039,preserve_run_inputs_products_and_provenance
runs/aperture_normalization_convergence/seeds/seed41001/rt1_sed/seed=41001/data_th/sed_mc.fits.gz,1425,preserve_run_inputs_products_and_provenance
runs/aperture_normalization_convergence/seeds/seed41001/rt1_sed/seed=41001/data_th/sed_rt.fits.gz,663,preserve_run_inputs_products_and_provenance
runs/aperture_normalization_convergence/seeds/seed41001/rt2_images/Temperature.fits.gz,24277,preserve_run_inputs_products_and_provenance
runs/aperture_normalization_convergence/seeds/seed41001/rt2_images/seed=41001/data_1.0046728324804879/RT.fits.gz,5248482,preserve_run_inputs_products_and_provenance
runs/aperture_normalization_convergence/seeds/seed41001/rt2_images/seed=41001/data_1.0046728324804879/disk_envelope_L1p9_i70_apnorm.para,6486,preserve_run_inputs_products_and_provenance
runs/aperture_normalization_convergence/seeds/seed41001/rt2_images/seed=41001/data_12.486673413753987/RT.fits.gz,5314395,preserve_run_inputs_products_and_provenance
runs/aperture_normalization_convergence/seeds/seed41001/rt2_images/seed=41001/data_12.486673413753987/disk_envelope_L1p9_i70_apnorm.para,6486,preserve_run_inputs_products_and_provenance
runs/aperture_normalization_convergence/seeds/seed41001/rt2_images/seed=41001/data_4.5026312525933871/RT.fits.gz,5231719,preserve_run_inputs_products_and_provenance
runs/aperture_normalization_convergence/seeds/seed41001/rt2_images/seed=41001/data_4.5026312525933871/disk_envelope_L1p9_i70_apnorm.para,6486,preserve_run_inputs_products_and_provenance
runs/aperture_normalization_convergence/seeds/seed41001/rt2_sed_singlewave/w000/Temperature.fits.gz,24277,preserve_run_inputs_products_and_provenance
runs/aperture_normalization_convergence/seeds/seed41001/rt2_sed_singlewave/w000/seed=41001/data_th/convergence_wavelengths.lambda,72,preserve_run_inputs_products_and_provenance
runs/aperture_normalization_convergence/seeds/seed41001/rt2_sed_singlewave/w000/seed=41001/data_th/disk_envelope_L1p9_i70_apnorm.para,6039,preserve_run_inputs_products_and_provenance
runs/aperture_normalization_convergence/seeds/seed41001/rt2_sed_singlewave/w000/seed=41001/data_th/sed_mc.fits.gz,1061,preserve_run_inputs_products_and_provenance
runs/aperture_normalization_convergence/seeds/seed41001/rt2_sed_singlewave/w000/seed=41001/data_th/sed_rt.fits.gz,608,preserve_run_inputs_products_and_provenance
runs/aperture_normalization_convergence/seeds/seed41001/rt2_sed_singlewave/w001/Temperature.fits.gz,24277,preserve_run_inputs_products_and_provenance
runs/aperture_normalization_convergence/seeds/seed41001/rt2_sed_singlewave/w001/seed=41001/data_th/convergence_wavelengths.lambda,72,preserve_run_inputs_products_and_provenance
runs/aperture_normalization_convergence/seeds/seed41001/rt2_sed_singlewave/w001/seed=41001/data_th/disk_envelope_L1p9_i70_apnorm.para,6039,preserve_run_inputs_products_and_provenance
runs/aperture_normalization_convergence/seeds/seed41001/rt2_sed_singlewave/w001/seed=41001/data_th/sed_mc.fits.gz,1125,preserve_run_inputs_products_and_provenance
runs/aperture_normalization_convergence/seeds/seed41001/rt2_sed_singlewave/w001/seed=41001/data_th/sed_rt.fits.gz,613,preserve_run_inputs_products_and_provenance
runs/aperture_normalization_convergence/seeds/seed41001/rt2_sed_singlewave/w002/Temperature.fits.gz,24277,preserve_run_inputs_products_and_provenance
runs/aperture_normalization_convergence/seeds/seed41001/rt2_sed_singlewave/w002/seed=41001/data_th/convergence_wavelengths.lambda,72,preserve_run_inputs_products_and_provenance
runs/aperture_normalization_convergence/seeds/seed41001/rt2_sed_singlewave/w002/seed=41001/data_th/disk_envelope_L1p9_i70_apnorm.para,6039,preserve_run_inputs_products_and_provenance
runs/aperture_normalization_convergence/seeds/seed41001/rt2_sed_singlewave/w002/seed=41001/data_th/sed_mc.fits.gz,1126,preserve_run_inputs_products_and_provenance
runs/aperture_normalization_convergence/seeds/seed41001/rt2_sed_singlewave/w002/seed=41001/data_th/sed_rt.fits.gz,607,preserve_run_inputs_products_and_provenance
runs/aperture_normalization_convergence/seeds/seed41002/input/_dust_prop_SED.tmp,2310348,preserve_run_inputs_products_and_provenance
runs/aperture_normalization_convergence/seeds/seed41002/input/convergence_wavelengths.lambda,111,preserve_run_inputs_products_and_provenance
runs/aperture_normalization_convergence/seeds/seed41002/input/disk_envelope_L1p9_i70_apnorm.para,6039,preserve_run_inputs_products_and_provenance
runs/aperture_normalization_convergence/seeds/seed41002/input/rt2_sed_singlewave/w000/_dust_prop_SED.tmp,782748,preserve_run_inputs_products_and_provenance
runs/aperture_normalization_convergence/seeds/seed41002/input/rt2_sed_singlewave/w000/convergence_wavelengths.lambda,72,preserve_run_inputs_products_and_provenance
runs/aperture_normalization_convergence/seeds/seed41002/input/rt2_sed_singlewave/w000/disk_envelope_L1p9_i70_apnorm.para,6039,preserve_run_inputs_products_and_provenance
runs/aperture_normalization_convergence/seeds/seed41002/input/rt2_sed_singlewave/w001/_dust_prop_SED.tmp,782748,preserve_run_inputs_products_and_provenance
runs/aperture_normalization_convergence/seeds/seed41002/input/rt2_sed_singlewave/w001/convergence_wavelengths.lambda,72,preserve_run_inputs_products_and_provenance
runs/aperture_normalization_convergence/seeds/seed41002/input/rt2_sed_singlewave/w001/disk_envelope_L1p9_i70_apnorm.para,6039,preserve_run_inputs_products_and_provenance
runs/aperture_normalization_convergence/seeds/seed41002/input/rt2_sed_singlewave/w002/_dust_prop_SED.tmp,782748,preserve_run_inputs_products_and_provenance
runs/aperture_normalization_convergence/seeds/seed41002/input/rt2_sed_singlewave/w002/convergence_wavelengths.lambda,72,preserve_run_inputs_products_and_provenance
runs/aperture_normalization_convergence/seeds/seed41002/input/rt2_sed_singlewave/w002/disk_envelope_L1p9_i70_apnorm.para,6039,preserve_run_inputs_products_and_provenance
runs/aperture_normalization_convergence/seeds/seed41002/logs/rt1_sed.log,3008,preserve_run_inputs_products_and_provenance
runs/aperture_normalization_convergence/seeds/seed41002/logs/w000_rt2_image.log,6054,preserve_run_inputs_products_and_provenance
runs/aperture_normalization_convergence/seeds/seed41002/logs/w000_rt2_sed.complete,578,preserve_run_inputs_products_and_provenance
runs/aperture_normalization_convergence/seeds/seed41002/logs/w000_rt2_sed.log,3515,preserve_run_inputs_products_and_provenance
runs/aperture_normalization_convergence/seeds/seed41002/logs/w001_rt2_image.log,6054,preserve_run_inputs_products_and_provenance
runs/aperture_normalization_convergence/seeds/seed41002/logs/w001_rt2_sed.complete,578,preserve_run_inputs_products_and_provenance
runs/aperture_normalization_convergence/seeds/seed41002/logs/w001_rt2_sed.log,3515,preserve_run_inputs_products_and_provenance
runs/aperture_normalization_convergence/seeds/seed41002/logs/w002_rt2_image.log,6048,preserve_run_inputs_products_and_provenance
runs/aperture_normalization_convergence/seeds/seed41002/logs/w002_rt2_sed.complete,578,preserve_run_inputs_products_and_provenance
runs/aperture_normalization_convergence/seeds/seed41002/logs/w002_rt2_sed.log,3515,preserve_run_inputs_products_and_provenance
runs/aperture_normalization_convergence/seeds/seed41002/rt1_sed/Temperature.fits.gz,24277,preserve_run_inputs_products_and_provenance
runs/aperture_normalization_convergence/seeds/seed41002/rt1_sed/seed=41002/data_th/convergence_wavelengths.lambda,111,preserve_run_inputs_products_and_provenance
runs/aperture_normalization_convergence/seeds/seed41002/rt1_sed/seed=41002/data_th/disk_envelope_L1p9_i70_apnorm.para,6039,preserve_run_inputs_products_and_provenance
runs/aperture_normalization_convergence/seeds/seed41002/rt1_sed/seed=41002/data_th/sed_mc.fits.gz,1411,preserve_run_inputs_products_and_provenance
runs/aperture_normalization_convergence/seeds/seed41002/rt1_sed/seed=41002/data_th/sed_rt.fits.gz,664,preserve_run_inputs_products_and_provenance
runs/aperture_normalization_convergence/seeds/seed41002/rt2_images/Temperature.fits.gz,24277,preserve_run_inputs_products_and_provenance
runs/aperture_normalization_convergence/seeds/seed41002/rt2_images/seed=41002/data_1.0046728324804879/RT.fits.gz,5230384,preserve_run_inputs_products_and_provenance
runs/aperture_normalization_convergence/seeds/seed41002/rt2_images/seed=41002/data_1.0046728324804879/disk_envelope_L1p9_i70_apnorm.para,6486,preserve_run_inputs_products_and_provenance
runs/aperture_normalization_convergence/seeds/seed41002/rt2_images/seed=41002/data_12.486673413753987/RT.fits.gz,5322046,preserve_run_inputs_products_and_provenance
runs/aperture_normalization_convergence/seeds/seed41002/rt2_images/seed=41002/data_12.486673413753987/disk_envelope_L1p9_i70_apnorm.para,6486,preserve_run_inputs_products_and_provenance
runs/aperture_normalization_convergence/seeds/seed41002/rt2_images/seed=41002/data_4.5026312525933871/RT.fits.gz,5232381,preserve_run_inputs_products_and_provenance
runs/aperture_normalization_convergence/seeds/seed41002/rt2_images/seed=41002/data_4.5026312525933871/disk_envelope_L1p9_i70_apnorm.para,6486,preserve_run_inputs_products_and_provenance
runs/aperture_normalization_convergence/seeds/seed41002/rt2_sed_singlewave/w000/Temperature.fits.gz,24277,preserve_run_inputs_products_and_provenance
runs/aperture_normalization_convergence/seeds/seed41002/rt2_sed_singlewave/w000/seed=41002/data_th/convergence_wavelengths.lambda,72,preserve_run_inputs_products_and_provenance
runs/aperture_normalization_convergence/seeds/seed41002/rt2_sed_singlewave/w000/seed=41002/data_th/disk_envelope_L1p9_i70_apnorm.para,6039,preserve_run_inputs_products_and_provenance
runs/aperture_normalization_convergence/seeds/seed41002/rt2_sed_singlewave/w000/seed=41002/data_th/sed_mc.fits.gz,1073,preserve_run_inputs_products_and_provenance
runs/aperture_normalization_convergence/seeds/seed41002/rt2_sed_singlewave/w000/seed=41002/data_th/sed_rt.fits.gz,606,preserve_run_inputs_products_and_provenance
runs/aperture_normalization_convergence/seeds/seed41002/rt2_sed_singlewave/w001/Temperature.fits.gz,24277,preserve_run_inputs_products_and_provenance
runs/aperture_normalization_convergence/seeds/seed41002/rt2_sed_singlewave/w001/seed=41002/data_th/convergence_wavelengths.lambda,72,preserve_run_inputs_products_and_provenance
runs/aperture_normalization_convergence/seeds/seed41002/rt2_sed_singlewave/w001/seed=41002/data_th/disk_envelope_L1p9_i70_apnorm.para,6039,preserve_run_inputs_products_and_provenance
runs/aperture_normalization_convergence/seeds/seed41002/rt2_sed_singlewave/w001/seed=41002/data_th/sed_mc.fits.gz,1122,preserve_run_inputs_products_and_provenance
runs/aperture_normalization_convergence/seeds/seed41002/rt2_sed_singlewave/w001/seed=41002/data_th/sed_rt.fits.gz,608,preserve_run_inputs_products_and_provenance
runs/aperture_normalization_convergence/seeds/seed41002/rt2_sed_singlewave/w002/Temperature.fits.gz,24277,preserve_run_inputs_products_and_provenance
runs/aperture_normalization_convergence/seeds/seed41002/rt2_sed_singlewave/w002/seed=41002/data_th/convergence_wavelengths.lambda,72,preserve_run_inputs_products_and_provenance
runs/aperture_normalization_convergence/seeds/seed41002/rt2_sed_singlewave/w002/seed=41002/data_th/disk_envelope_L1p9_i70_apnorm.para,6039,preserve_run_inputs_products_and_provenance
runs/aperture_normalization_convergence/seeds/seed41002/rt2_sed_singlewave/w002/seed=41002/data_th/sed_mc.fits.gz,1122,preserve_run_inputs_products_and_provenance
runs/aperture_normalization_convergence/seeds/seed41002/rt2_sed_singlewave/w002/seed=41002/data_th/sed_rt.fits.gz,608,preserve_run_inputs_products_and_provenance
runs/aperture_normalization_convergence/seeds.tsv,213,preserve_run_inputs_products_and_provenance
runs/aperture_spatial_convergence/configs/B_z1_n1201/complete.txt,793,preserve_run_inputs_products_and_provenance
runs/aperture_spatial_convergence/configs/B_z1_n1201/image/Temperature.fits.gz,24277,preserve_run_inputs_products_and_provenance
runs/aperture_spatial_convergence/configs/B_z1_n1201/image/seed=41001/data_4.5026312525933871/RT.fits.gz,20857619,preserve_run_inputs_products_and_provenance
runs/aperture_spatial_convergence/configs/B_z1_n1201/image/seed=41001/data_4.5026312525933871/disk_envelope_L1p9_i70_apnorm.para,6491,preserve_run_inputs_products_and_provenance
runs/aperture_spatial_convergence/configs/B_z1_n1201/input/convergence_wavelengths.lambda,111,preserve_run_inputs_products_and_provenance
runs/aperture_spatial_convergence/configs/B_z1_n1201/input/disk_envelope_L1p9_i70_apnorm.para,6039,preserve_run_inputs_products_and_provenance
runs/aperture_spatial_convergence/configs/B_z1_n1201/logs/rt2_image.log,6658,preserve_run_inputs_products_and_provenance
runs/aperture_spatial_convergence/configs/C_z1p9983361065_n601/complete.txt,803,preserve_run_inputs_products_and_provenance
runs/aperture_spatial_convergence/configs/C_z1p9983361065_n601/image/Temperature.fits.gz,24277,preserve_run_inputs_products_and_provenance
runs/aperture_spatial_convergence/configs/C_z1p9983361065_n601/image/seed=41001/data_4.5026312525933871/RT.fits.gz,6506953,preserve_run_inputs_products_and_provenance
runs/aperture_spatial_convergence/configs/C_z1p9983361065_n601/image/seed=41001/data_4.5026312525933871/disk_envelope_L1p9_i70_apnorm.para,6500,preserve_run_inputs_products_and_provenance
runs/aperture_spatial_convergence/configs/C_z1p9983361065_n601/input/convergence_wavelengths.lambda,111,preserve_run_inputs_products_and_provenance
runs/aperture_spatial_convergence/configs/C_z1p9983361065_n601/input/disk_envelope_L1p9_i70_apnorm.para,6039,preserve_run_inputs_products_and_provenance
runs/aperture_spatial_convergence/configs/C_z1p9983361065_n601/logs/rt2_image.log,6677,preserve_run_inputs_products_and_provenance
runs/aperture_spatial_convergence/configs.tsv,472,preserve_run_inputs_products_and_provenance
runs/aperture_spatial_convergence/convergence_wavelengths.lambda,111,preserve_run_inputs_products_and_provenance
runs/aperture_spatial_convergence/disk_envelope_L1p9_i70_apnorm.para,6039,preserve_run_inputs_products_and_provenance
runs/aperture_spatial_convergence/input_manifest.json,2977,preserve_run_inputs_products_and_provenance
runs/aperture_spatial_convergence_stage2/configs/D_z1p9983361065_n1201/complete.txt,886,preserve_run_inputs_products_and_provenance
runs/aperture_spatial_convergence_stage2/configs/D_z1p9983361065_n1201/image/Temperature.fits.gz,24277,preserve_run_inputs_products_and_provenance
runs/aperture_spatial_convergence_stage2/configs/D_z1p9983361065_n1201/image/seed=41001/data_4.5026312525933871/RT.fits.gz,25962246,preserve_run_inputs_products_and_provenance
runs/aperture_spatial_convergence_stage2/configs/D_z1p9983361065_n1201/image/seed=41001/data_4.5026312525933871/disk_envelope_L1p9_i70_apnorm.para,6502,preserve_run_inputs_products_and_provenance
runs/aperture_spatial_convergence_stage2/configs/D_z1p9983361065_n1201/input/convergence_wavelengths.lambda,111,preserve_run_inputs_products_and_provenance
runs/aperture_spatial_convergence_stage2/configs/D_z1p9983361065_n1201/input/disk_envelope_L1p9_i70_apnorm.para,6039,preserve_run_inputs_products_and_provenance
runs/aperture_spatial_convergence_stage2/configs/D_z1p9983361065_n1201/logs/rt2_image.log,6778,preserve_run_inputs_products_and_provenance
runs/aperture_spatial_convergence_stage2/configs/E_z3p9933471945199667_n601/complete.txt,891,preserve_run_inputs_products_and_provenance
runs/aperture_spatial_convergence_stage2/configs/E_z3p9933471945199667_n601/image/Temperature.fits.gz,24277,preserve_run_inputs_products_and_provenance
runs/aperture_spatial_convergence_stage2/configs/E_z3p9933471945199667_n601/image/seed=41001/data_4.5026312525933871/RT.fits.gz,6512972,preserve_run_inputs_products_and_provenance
runs/aperture_spatial_convergence_stage2/configs/E_z3p9933471945199667_n601/image/seed=41001/data_4.5026312525933871/disk_envelope_L1p9_i70_apnorm.para,6506,preserve_run_inputs_products_and_provenance
runs/aperture_spatial_convergence_stage2/configs/E_z3p9933471945199667_n601/input/convergence_wavelengths.lambda,111,preserve_run_inputs_products_and_provenance
runs/aperture_spatial_convergence_stage2/configs/E_z3p9933471945199667_n601/input/disk_envelope_L1p9_i70_apnorm.para,6039,preserve_run_inputs_products_and_provenance
runs/aperture_spatial_convergence_stage2/configs/E_z3p9933471945199667_n601/logs/rt2_image.log,6787,preserve_run_inputs_products_and_provenance
runs/aperture_spatial_convergence_stage2/configs.tsv,571,preserve_run_inputs_products_and_provenance
runs/aperture_spatial_convergence_stage2/convergence_wavelengths.lambda,111,preserve_run_inputs_products_and_provenance
runs/aperture_spatial_convergence_stage2/disk_envelope_L1p9_i70_apnorm.para,6039,preserve_run_inputs_products_and_provenance
runs/aperture_spatial_convergence_stage2/input_manifest.json,3590,preserve_run_inputs_products_and_provenance
runs/aperture_spatial_convergence_stage3/configs/F_z3p9933471945199667_n1201/complete.txt,892,preserve_run_inputs_products_and_provenance
runs/aperture_spatial_convergence_stage3/configs/F_z3p9933471945199667_n1201/image/Temperature.fits.gz,24277,preserve_run_inputs_products_and_provenance
runs/aperture_spatial_convergence_stage3/configs/F_z3p9933471945199667_n1201/image/seed=41001/data_4.5026312525933871/RT.fits.gz,25977091,preserve_run_inputs_products_and_provenance
runs/aperture_spatial_convergence_stage3/configs/F_z3p9933471945199667_n1201/image/seed=41001/data_4.5026312525933871/disk_envelope_L1p9_i70_apnorm.para,6508,preserve_run_inputs_products_and_provenance
runs/aperture_spatial_convergence_stage3/configs/F_z3p9933471945199667_n1201/input/convergence_wavelengths.lambda,111,preserve_run_inputs_products_and_provenance
runs/aperture_spatial_convergence_stage3/configs/F_z3p9933471945199667_n1201/input/disk_envelope_L1p9_i70_apnorm.para,6039,preserve_run_inputs_products_and_provenance
runs/aperture_spatial_convergence_stage3/configs/F_z3p9933471945199667_n1201/logs/rt2_image.log,6790,preserve_run_inputs_products_and_provenance
runs/aperture_spatial_convergence_stage3/configs/G_z7p9800498845565391_n601/complete.txt,891,preserve_run_inputs_products_and_provenance
runs/aperture_spatial_convergence_stage3/configs/G_z7p9800498845565391_n601/image/Temperature.fits.gz,24277,preserve_run_inputs_products_and_provenance
runs/aperture_spatial_convergence_stage3/configs/G_z7p9800498845565391_n601/image/seed=41001/data_4.5026312525933871/RT.fits.gz,6535338,preserve_run_inputs_products_and_provenance
runs/aperture_spatial_convergence_stage3/configs/G_z7p9800498845565391_n601/image/seed=41001/data_4.5026312525933871/disk_envelope_L1p9_i70_apnorm.para,6506,preserve_run_inputs_products_and_provenance
runs/aperture_spatial_convergence_stage3/configs/G_z7p9800498845565391_n601/input/convergence_wavelengths.lambda,111,preserve_run_inputs_products_and_provenance
runs/aperture_spatial_convergence_stage3/configs/G_z7p9800498845565391_n601/input/disk_envelope_L1p9_i70_apnorm.para,6039,preserve_run_inputs_products_and_provenance
runs/aperture_spatial_convergence_stage3/configs/G_z7p9800498845565391_n601/logs/rt2_image.log,6787,preserve_run_inputs_products_and_provenance
runs/aperture_spatial_convergence_stage3/configs.tsv,588,preserve_run_inputs_products_and_provenance
runs/aperture_spatial_convergence_stage3/convergence_wavelengths.lambda,111,preserve_run_inputs_products_and_provenance
runs/aperture_spatial_convergence_stage3/disk_envelope_L1p9_i70_apnorm.para,6039,preserve_run_inputs_products_and_provenance
runs/aperture_spatial_convergence_stage3/input_manifest.json,3599,preserve_run_inputs_products_and_provenance
runs/aperture_spatial_convergence_stage4/configs.tsv,9454,preserve_run_inputs_products_and_provenance
runs/aperture_spatial_convergence_stage4/disk_envelope_L1p9_i70_apnorm.para,6039,preserve_run_inputs_products_and_provenance
runs/aperture_spatial_convergence_stage4/input_manifest.json,13939,preserve_run_inputs_products_and_provenance
runs/aperture_spatial_convergence_stage4/inputs/w000/convergence_wavelengths.lambda,72,preserve_run_inputs_products_and_provenance
runs/aperture_spatial_convergence_stage4/inputs/w001/convergence_wavelengths.lambda,72,preserve_run_inputs_products_and_provenance
runs/aperture_spatial_convergence_stage4/inputs/w002/convergence_wavelengths.lambda,72,preserve_run_inputs_products_and_provenance
runs/aperture_spatial_convergence_stage4/tasks/t000_E_w000_seed41001_z3p9933471945199667_n601/complete.txt,1012,preserve_run_inputs_products_and_provenance
runs/aperture_spatial_convergence_stage4/tasks/t000_E_w000_seed41001_z3p9933471945199667_n601/image/Temperature.fits.gz,24277,preserve_run_inputs_products_and_provenance
runs/aperture_spatial_convergence_stage4/tasks/t000_E_w000_seed41001_z3p9933471945199667_n601/image/seed=41001/data_1.0046728324804879/RT.fits.gz,6516578,preserve_run_inputs_products_and_provenance
runs/aperture_spatial_convergence_stage4/tasks/t000_E_w000_seed41001_z3p9933471945199667_n601/image/seed=41001/data_1.0046728324804879/disk_envelope_L1p9_i70_apnorm.para,6506,preserve_run_inputs_products_and_provenance
runs/aperture_spatial_convergence_stage4/tasks/t000_E_w000_seed41001_z3p9933471945199667_n601/input/convergence_wavelengths.lambda,72,preserve_run_inputs_products_and_provenance
runs/aperture_spatial_convergence_stage4/tasks/t000_E_w000_seed41001_z3p9933471945199667_n601/input/disk_envelope_L1p9_i70_apnorm.para,6039,preserve_run_inputs_products_and_provenance
runs/aperture_spatial_convergence_stage4/tasks/t000_E_w000_seed41001_z3p9933471945199667_n601/logs/rt2_image.log,7204,preserve_run_inputs_products_and_provenance
runs/aperture_spatial_convergence_stage4/tasks/t001_F_w000_seed41001_z3p9933471945199667_n1201/complete.txt,1013,preserve_run_inputs_products_and_provenance
runs/aperture_spatial_convergence_stage4/tasks/t001_F_w000_seed41001_z3p9933471945199667_n1201/image/Temperature.fits.gz,24277,preserve_run_inputs_products_and_provenance
runs/aperture_spatial_convergence_stage4/tasks/t001_F_w000_seed41001_z3p9933471945199667_n1201/image/seed=41001/data_1.0046728324804879/RT.fits.gz,25948546,preserve_run_inputs_products_and_provenance
runs/aperture_spatial_convergence_stage4/tasks/t001_F_w000_seed41001_z3p9933471945199667_n1201/image/seed=41001/data_1.0046728324804879/disk_envelope_L1p9_i70_apnorm.para,6508,preserve_run_inputs_products_and_provenance
runs/aperture_spatial_convergence_stage4/tasks/t001_F_w000_seed41001_z3p9933471945199667_n1201/input/convergence_wavelengths.lambda,72,preserve_run_inputs_products_and_provenance
runs/aperture_spatial_convergence_stage4/tasks/t001_F_w000_seed41001_z3p9933471945199667_n1201/input/disk_envelope_L1p9_i70_apnorm.para,6039,preserve_run_inputs_products_and_provenance
runs/aperture_spatial_convergence_stage4/tasks/t001_F_w000_seed41001_z3p9933471945199667_n1201/logs/rt2_image.log,7207,preserve_run_inputs_products_and_provenance
runs/aperture_spatial_convergence_stage4/tasks/t002_G_w000_seed41001_z7p9800498845565391_n601/complete.txt,1012,preserve_run_inputs_products_and_provenance
runs/aperture_spatial_convergence_stage4/tasks/t002_G_w000_seed41001_z7p9800498845565391_n601/image/Temperature.fits.gz,24277,preserve_run_inputs_products_and_provenance
runs/aperture_spatial_convergence_stage4/tasks/t002_G_w000_seed41001_z7p9800498845565391_n601/image/seed=41001/data_1.0046728324804879/RT.fits.gz,6487052,preserve_run_inputs_products_and_provenance
runs/aperture_spatial_convergence_stage4/tasks/t002_G_w000_seed41001_z7p9800498845565391_n601/image/seed=41001/data_1.0046728324804879/disk_envelope_L1p9_i70_apnorm.para,6506,preserve_run_inputs_products_and_provenance
runs/aperture_spatial_convergence_stage4/tasks/t002_G_w000_seed41001_z7p9800498845565391_n601/input/convergence_wavelengths.lambda,72,preserve_run_inputs_products_and_provenance
runs/aperture_spatial_convergence_stage4/tasks/t002_G_w000_seed41001_z7p9800498845565391_n601/input/disk_envelope_L1p9_i70_apnorm.para,6039,preserve_run_inputs_products_and_provenance
runs/aperture_spatial_convergence_stage4/tasks/t002_G_w000_seed41001_z7p9800498845565391_n601/logs/rt2_image.log,7204,preserve_run_inputs_products_and_provenance
runs/aperture_spatial_convergence_stage4/tasks/t003_E_w001_seed41001_z3p9933471945199667_n601/complete.txt,1012,preserve_run_inputs_products_and_provenance
runs/aperture_spatial_convergence_stage4/tasks/t003_E_w001_seed41001_z3p9933471945199667_n601/image/Temperature.fits.gz,24277,preserve_run_inputs_products_and_provenance
runs/aperture_spatial_convergence_stage4/tasks/t003_E_w001_seed41001_z3p9933471945199667_n601/image/seed=41001/data_4.5026312525933871/RT.fits.gz,6511901,preserve_run_inputs_products_and_provenance
runs/aperture_spatial_convergence_stage4/tasks/t003_E_w001_seed41001_z3p9933471945199667_n601/image/seed=41001/data_4.5026312525933871/disk_envelope_L1p9_i70_apnorm.para,6506,preserve_run_inputs_products_and_provenance
runs/aperture_spatial_convergence_stage4/tasks/t003_E_w001_seed41001_z3p9933471945199667_n601/input/convergence_wavelengths.lambda,72,preserve_run_inputs_products_and_provenance
runs/aperture_spatial_convergence_stage4/tasks/t003_E_w001_seed41001_z3p9933471945199667_n601/input/disk_envelope_L1p9_i70_apnorm.para,6039,preserve_run_inputs_products_and_provenance
runs/aperture_spatial_convergence_stage4/tasks/t003_E_w001_seed41001_z3p9933471945199667_n601/logs/rt2_image.log,7204,preserve_run_inputs_products_and_provenance
runs/aperture_spatial_convergence_stage4/tasks/t004_F_w001_seed41001_z3p9933471945199667_n1201/complete.txt,1013,preserve_run_inputs_products_and_provenance
runs/aperture_spatial_convergence_stage4/tasks/t004_F_w001_seed41001_z3p9933471945199667_n1201/image/Temperature.fits.gz,24277,preserve_run_inputs_products_and_provenance
runs/aperture_spatial_convergence_stage4/tasks/t004_F_w001_seed41001_z3p9933471945199667_n1201/image/seed=41001/data_4.5026312525933871/RT.fits.gz,25968967,preserve_run_inputs_products_and_provenance
runs/aperture_spatial_convergence_stage4/tasks/t004_F_w001_seed41001_z3p9933471945199667_n1201/image/seed=41001/data_4.5026312525933871/disk_envelope_L1p9_i70_apnorm.para,6508,preserve_run_inputs_products_and_provenance
runs/aperture_spatial_convergence_stage4/tasks/t004_F_w001_seed41001_z3p9933471945199667_n1201/input/convergence_wavelengths.lambda,72,preserve_run_inputs_products_and_provenance
runs/aperture_spatial_convergence_stage4/tasks/t004_F_w001_seed41001_z3p9933471945199667_n1201/input/disk_envelope_L1p9_i70_apnorm.para,6039,preserve_run_inputs_products_and_provenance
runs/aperture_spatial_convergence_stage4/tasks/t004_F_w001_seed41001_z3p9933471945199667_n1201/logs/rt2_image.log,7207,preserve_run_inputs_products_and_provenance
runs/aperture_spatial_convergence_stage4/tasks/t005_G_w001_seed41001_z7p9800498845565391_n601/complete.txt,1012,preserve_run_inputs_products_and_provenance
runs/aperture_spatial_convergence_stage4/tasks/t005_G_w001_seed41001_z7p9800498845565391_n601/image/Temperature.fits.gz,24277,preserve_run_inputs_products_and_provenance
runs/aperture_spatial_convergence_stage4/tasks/t005_G_w001_seed41001_z7p9800498845565391_n601/image/seed=41001/data_4.5026312525933871/RT.fits.gz,6532980,preserve_run_inputs_products_and_provenance
runs/aperture_spatial_convergence_stage4/tasks/t005_G_w001_seed41001_z7p9800498845565391_n601/image/seed=41001/data_4.5026312525933871/disk_envelope_L1p9_i70_apnorm.para,6506,preserve_run_inputs_products_and_provenance
runs/aperture_spatial_convergence_stage4/tasks/t005_G_w001_seed41001_z7p9800498845565391_n601/input/convergence_wavelengths.lambda,72,preserve_run_inputs_products_and_provenance
runs/aperture_spatial_convergence_stage4/tasks/t005_G_w001_seed41001_z7p9800498845565391_n601/input/disk_envelope_L1p9_i70_apnorm.para,6039,preserve_run_inputs_products_and_provenance
runs/aperture_spatial_convergence_stage4/tasks/t005_G_w001_seed41001_z7p9800498845565391_n601/logs/rt2_image.log,7204,preserve_run_inputs_products_and_provenance
runs/aperture_spatial_convergence_stage4/tasks/t006_E_w002_seed41001_z3p9933471945199667_n601/complete.txt,1012,preserve_run_inputs_products_and_provenance
runs/aperture_spatial_convergence_stage4/tasks/t006_E_w002_seed41001_z3p9933471945199667_n601/image/Temperature.fits.gz,24277,preserve_run_inputs_products_and_provenance
runs/aperture_spatial_convergence_stage4/tasks/t006_E_w002_seed41001_z3p9933471945199667_n601/image/seed=41001/data_12.486673413753987/RT.fits.gz,7783617,preserve_run_inputs_products_and_provenance
runs/aperture_spatial_convergence_stage4/tasks/t006_E_w002_seed41001_z3p9933471945199667_n601/image/seed=41001/data_12.486673413753987/disk_envelope_L1p9_i70_apnorm.para,6506,preserve_run_inputs_products_and_provenance
runs/aperture_spatial_convergence_stage4/tasks/t006_E_w002_seed41001_z3p9933471945199667_n601/input/convergence_wavelengths.lambda,72,preserve_run_inputs_products_and_provenance
runs/aperture_spatial_convergence_stage4/tasks/t006_E_w002_seed41001_z3p9933471945199667_n601/input/disk_envelope_L1p9_i70_apnorm.para,6039,preserve_run_inputs_products_and_provenance
runs/aperture_spatial_convergence_stage4/tasks/t006_E_w002_seed41001_z3p9933471945199667_n601/logs/rt2_image.log,7198,preserve_run_inputs_products_and_provenance
runs/aperture_spatial_convergence_stage4/tasks/t007_F_w002_seed41001_z3p9933471945199667_n1201/complete.txt,1013,preserve_run_inputs_products_and_provenance
runs/aperture_spatial_convergence_stage4/tasks/t007_F_w002_seed41001_z3p9933471945199667_n1201/image/Temperature.fits.gz,24277,preserve_run_inputs_products_and_provenance
runs/aperture_spatial_convergence_stage4/tasks/t007_F_w002_seed41001_z3p9933471945199667_n1201/image/seed=41001/data_12.486673413753987/RT.fits.gz,31107252,preserve_run_inputs_products_and_provenance
runs/aperture_spatial_convergence_stage4/tasks/t007_F_w002_seed41001_z3p9933471945199667_n1201/image/seed=41001/data_12.486673413753987/disk_envelope_L1p9_i70_apnorm.para,6508,preserve_run_inputs_products_and_provenance
runs/aperture_spatial_convergence_stage4/tasks/t007_F_w002_seed41001_z3p9933471945199667_n1201/input/convergence_wavelengths.lambda,72,preserve_run_inputs_products_and_provenance
runs/aperture_spatial_convergence_stage4/tasks/t007_F_w002_seed41001_z3p9933471945199667_n1201/input/disk_envelope_L1p9_i70_apnorm.para,6039,preserve_run_inputs_products_and_provenance
runs/aperture_spatial_convergence_stage4/tasks/t007_F_w002_seed41001_z3p9933471945199667_n1201/logs/rt2_image.log,7201,preserve_run_inputs_products_and_provenance
runs/aperture_spatial_convergence_stage4/tasks/t008_G_w002_seed41001_z7p9800498845565391_n601/complete.txt,1012,preserve_run_inputs_products_and_provenance
runs/aperture_spatial_convergence_stage4/tasks/t008_G_w002_seed41001_z7p9800498845565391_n601/image/Temperature.fits.gz,24277,preserve_run_inputs_products_and_provenance
runs/aperture_spatial_convergence_stage4/tasks/t008_G_w002_seed41001_z7p9800498845565391_n601/image/seed=41001/data_12.486673413753987/RT.fits.gz,7819456,preserve_run_inputs_products_and_provenance
runs/aperture_spatial_convergence_stage4/tasks/t008_G_w002_seed41001_z7p9800498845565391_n601/image/seed=41001/data_12.486673413753987/disk_envelope_L1p9_i70_apnorm.para,6506,preserve_run_inputs_products_and_provenance
runs/aperture_spatial_convergence_stage4/tasks/t008_G_w002_seed41001_z7p9800498845565391_n601/input/convergence_wavelengths.lambda,72,preserve_run_inputs_products_and_provenance
runs/aperture_spatial_convergence_stage4/tasks/t008_G_w002_seed41001_z7p9800498845565391_n601/input/disk_envelope_L1p9_i70_apnorm.para,6039,preserve_run_inputs_products_and_provenance
runs/aperture_spatial_convergence_stage4/tasks/t008_G_w002_seed41001_z7p9800498845565391_n601/logs/rt2_image.log,7198,preserve_run_inputs_products_and_provenance
runs/aperture_spatial_convergence_stage4/tasks/t009_F_w000_seed41002_z3p9933471945199667_n1201/complete.txt,1013,preserve_run_inputs_products_and_provenance
runs/aperture_spatial_convergence_stage4/tasks/t009_F_w000_seed41002_z3p9933471945199667_n1201/image/Temperature.fits.gz,24277,preserve_run_inputs_products_and_provenance
runs/aperture_spatial_convergence_stage4/tasks/t009_F_w000_seed41002_z3p9933471945199667_n1201/image/seed=41002/data_1.0046728324804879/RT.fits.gz,25898851,preserve_run_inputs_products_and_provenance
runs/aperture_spatial_convergence_stage4/tasks/t009_F_w000_seed41002_z3p9933471945199667_n1201/image/seed=41002/data_1.0046728324804879/disk_envelope_L1p9_i70_apnorm.para,6508,preserve_run_inputs_products_and_provenance
runs/aperture_spatial_convergence_stage4/tasks/t009_F_w000_seed41002_z3p9933471945199667_n1201/input/convergence_wavelengths.lambda,72,preserve_run_inputs_products_and_provenance
runs/aperture_spatial_convergence_stage4/tasks/t009_F_w000_seed41002_z3p9933471945199667_n1201/input/disk_envelope_L1p9_i70_apnorm.para,6039,preserve_run_inputs_products_and_provenance
runs/aperture_spatial_convergence_stage4/tasks/t009_F_w000_seed41002_z3p9933471945199667_n1201/logs/rt2_image.log,7207,preserve_run_inputs_products_and_provenance
runs/aperture_spatial_convergence_stage4/tasks/t010_F_w001_seed41002_z3p9933471945199667_n1201/complete.txt,1014,preserve_run_inputs_products_and_provenance
runs/aperture_spatial_convergence_stage4/tasks/t010_F_w001_seed41002_z3p9933471945199667_n1201/image/Temperature.fits.gz,24277,preserve_run_inputs_products_and_provenance
runs/aperture_spatial_convergence_stage4/tasks/t010_F_w001_seed41002_z3p9933471945199667_n1201/image/seed=41002/data_4.5026312525933871/RT.fits.gz,25984925,preserve_run_inputs_products_and_provenance
runs/aperture_spatial_convergence_stage4/tasks/t010_F_w001_seed41002_z3p9933471945199667_n1201/image/seed=41002/data_4.5026312525933871/disk_envelope_L1p9_i70_apnorm.para,6508,preserve_run_inputs_products_and_provenance
runs/aperture_spatial_convergence_stage4/tasks/t010_F_w001_seed41002_z3p9933471945199667_n1201/input/convergence_wavelengths.lambda,72,preserve_run_inputs_products_and_provenance
runs/aperture_spatial_convergence_stage4/tasks/t010_F_w001_seed41002_z3p9933471945199667_n1201/input/disk_envelope_L1p9_i70_apnorm.para,6039,preserve_run_inputs_products_and_provenance
runs/aperture_spatial_convergence_stage4/tasks/t010_F_w001_seed41002_z3p9933471945199667_n1201/logs/rt2_image.log,7208,preserve_run_inputs_products_and_provenance
runs/aperture_spatial_convergence_stage4/tasks/t011_F_w002_seed41002_z3p9933471945199667_n1201/complete.txt,1014,preserve_run_inputs_products_and_provenance
runs/aperture_spatial_convergence_stage4/tasks/t011_F_w002_seed41002_z3p9933471945199667_n1201/image/Temperature.fits.gz,24277,preserve_run_inputs_products_and_provenance
runs/aperture_spatial_convergence_stage4/tasks/t011_F_w002_seed41002_z3p9933471945199667_n1201/image/seed=41002/data_12.486673413753987/RT.fits.gz,31189524,preserve_run_inputs_products_and_provenance
runs/aperture_spatial_convergence_stage4/tasks/t011_F_w002_seed41002_z3p9933471945199667_n1201/image/seed=41002/data_12.486673413753987/disk_envelope_L1p9_i70_apnorm.para,6508,preserve_run_inputs_products_and_provenance
runs/aperture_spatial_convergence_stage4/tasks/t011_F_w002_seed41002_z3p9933471945199667_n1201/input/convergence_wavelengths.lambda,72,preserve_run_inputs_products_and_provenance
runs/aperture_spatial_convergence_stage4/tasks/t011_F_w002_seed41002_z3p9933471945199667_n1201/input/disk_envelope_L1p9_i70_apnorm.para,6039,preserve_run_inputs_products_and_provenance
runs/aperture_spatial_convergence_stage4/tasks/t011_F_w002_seed41002_z3p9933471945199667_n1201/logs/rt2_image.log,7202,preserve_run_inputs_products_and_provenance
runs/aperture_spatial_convergence_stage4b/configs.tsv,2417,preserve_run_inputs_products_and_provenance
runs/aperture_spatial_convergence_stage4b/disk_envelope_L1p9_i70_apnorm.para,6039,preserve_run_inputs_products_and_provenance
runs/aperture_spatial_convergence_stage4b/input/convergence_wavelengths.lambda,72,preserve_run_inputs_products_and_provenance
runs/aperture_spatial_convergence_stage4b/input_manifest.json,20327,preserve_run_inputs_products_and_provenance
runs/aperture_spatial_convergence_stage4b/tasks/t000_H_w000_seed41001_z1_n1201/complete.txt,997,preserve_run_inputs_products_and_provenance
runs/aperture_spatial_convergence_stage4b/tasks/t000_H_w000_seed41001_z1_n1201/image/Temperature.fits.gz,24277,preserve_run_inputs_products_and_provenance
runs/aperture_spatial_convergence_stage4b/tasks/t000_H_w000_seed41001_z1_n1201/image/seed=41001/data_1.0046728324804879/RT.fits.gz,20856286,preserve_run_inputs_products_and_provenance
runs/aperture_spatial_convergence_stage4b/tasks/t000_H_w000_seed41001_z1_n1201/image/seed=41001/data_1.0046728324804879/disk_envelope_L1p9_i70_apnorm.para,6494,preserve_run_inputs_products_and_provenance
runs/aperture_spatial_convergence_stage4b/tasks/t000_H_w000_seed41001_z1_n1201/input/convergence_wavelengths.lambda,72,preserve_run_inputs_products_and_provenance
runs/aperture_spatial_convergence_stage4b/tasks/t000_H_w000_seed41001_z1_n1201/input/disk_envelope_L1p9_i70_apnorm.para,6039,preserve_run_inputs_products_and_provenance
runs/aperture_spatial_convergence_stage4b/tasks/t000_H_w000_seed41001_z1_n1201/logs/rt2_image.log,7177,preserve_run_inputs_products_and_provenance
runs/aperture_spatial_convergence_stage4b/tasks/t001_I_w000_seed41001_z1_n2401/complete.txt,997,preserve_run_inputs_products_and_provenance
runs/aperture_spatial_convergence_stage4b/tasks/t001_I_w000_seed41001_z1_n2401/image/Temperature.fits.gz,24277,preserve_run_inputs_products_and_provenance
runs/aperture_spatial_convergence_stage4b/tasks/t001_I_w000_seed41001_z1_n2401/image/seed=41001/data_1.0046728324804879/RT.fits.gz,83045622,preserve_run_inputs_products_and_provenance
runs/aperture_spatial_convergence_stage4b/tasks/t001_I_w000_seed41001_z1_n2401/image/seed=41001/data_1.0046728324804879/disk_envelope_L1p9_i70_apnorm.para,6494,preserve_run_inputs_products_and_provenance
runs/aperture_spatial_convergence_stage4b/tasks/t001_I_w000_seed41001_z1_n2401/input/convergence_wavelengths.lambda,72,preserve_run_inputs_products_and_provenance
runs/aperture_spatial_convergence_stage4b/tasks/t001_I_w000_seed41001_z1_n2401/input/disk_envelope_L1p9_i70_apnorm.para,6039,preserve_run_inputs_products_and_provenance
runs/aperture_spatial_convergence_stage4b/tasks/t001_I_w000_seed41001_z1_n2401/logs/rt2_image.log,7177,preserve_run_inputs_products_and_provenance
runs/aperture_spatial_convergence_stage4b/tasks/t002_J_w000_seed41002_z1_n2401/complete.txt,997,preserve_run_inputs_products_and_provenance
runs/aperture_spatial_convergence_stage4b/tasks/t002_J_w000_seed41002_z1_n2401/image/Temperature.fits.gz,24277,preserve_run_inputs_products_and_provenance
runs/aperture_spatial_convergence_stage4b/tasks/t002_J_w000_seed41002_z1_n2401/image/seed=41002/data_1.0046728324804879/RT.fits.gz,82775528,preserve_run_inputs_products_and_provenance
runs/aperture_spatial_convergence_stage4b/tasks/t002_J_w000_seed41002_z1_n2401/image/seed=41002/data_1.0046728324804879/disk_envelope_L1p9_i70_apnorm.para,6494,preserve_run_inputs_products_and_provenance
runs/aperture_spatial_convergence_stage4b/tasks/t002_J_w000_seed41002_z1_n2401/input/convergence_wavelengths.lambda,72,preserve_run_inputs_products_and_provenance
runs/aperture_spatial_convergence_stage4b/tasks/t002_J_w000_seed41002_z1_n2401/input/disk_envelope_L1p9_i70_apnorm.para,6039,preserve_run_inputs_products_and_provenance
runs/aperture_spatial_convergence_stage4b/tasks/t002_J_w000_seed41002_z1_n2401/logs/rt2_image.log,7177,preserve_run_inputs_products_and_provenance
runs/component_rt2_pilot/input_manifest.json,10850,preserve_run_inputs_products_and_provenance
runs/component_rt2_pilot/models/m1p50_a1p0_i0p05/disk_envelope_m1p50_a1p0_i0p05_feature.para,6034,preserve_run_inputs_products_and_provenance
runs/component_rt2_pilot/models/m1p50_a1p0_i0p10/disk_envelope_m1p50_a1p0_i0p10_feature.para,6032,preserve_run_inputs_products_and_provenance
runs/component_rt2_pilot/models/m1p75_a0p5_i0p05/disk_envelope_m1p75_a0p5_i0p05_feature.para,6035,preserve_run_inputs_products_and_provenance
runs/component_rt2_pilot/models/m1p75_a0p5_i0p10/disk_envelope_m1p75_a0p5_i0p10_feature.para,6033,preserve_run_inputs_products_and_provenance
runs/component_rt2_pilot/models/m1p75_a1p0_i0p05/disk_envelope_m1p75_a1p0_i0p05_feature.para,6035,preserve_run_inputs_products_and_provenance
runs/component_rt2_pilot/models.tsv,2903,preserve_run_inputs_products_and_provenance
runs/component_rt2_pilot/tasks.tsv,96523,preserve_run_inputs_products_and_provenance
runs/component_rt2_pilot/wavelength_inputs/w000/feature_wavelengths.lambda,78,preserve_run_inputs_products_and_provenance
runs/component_rt2_pilot/wavelength_inputs/w001/feature_wavelengths.lambda,78,preserve_run_inputs_products_and_provenance
runs/component_rt2_pilot/wavelength_inputs/w002/feature_wavelengths.lambda,78,preserve_run_inputs_products_and_provenance
runs/component_rt2_pilot/wavelength_inputs/w003/feature_wavelengths.lambda,78,preserve_run_inputs_products_and_provenance
runs/component_rt2_pilot/wavelength_inputs/w004/feature_wavelengths.lambda,78,preserve_run_inputs_products_and_provenance
runs/component_rt2_pilot/wavelength_inputs/w005/feature_wavelengths.lambda,78,preserve_run_inputs_products_and_provenance
runs/component_rt2_pilot/wavelength_inputs/w006/feature_wavelengths.lambda,78,preserve_run_inputs_products_and_provenance
runs/component_rt2_pilot/wavelength_inputs/w007/feature_wavelengths.lambda,78,preserve_run_inputs_products_and_provenance
runs/component_rt2_pilot/wavelength_inputs/w008/feature_wavelengths.lambda,78,preserve_run_inputs_products_and_provenance
runs/component_rt2_pilot/wavelength_inputs/w009/feature_wavelengths.lambda,78,preserve_run_inputs_products_and_provenance
runs/component_rt2_pilot/wavelength_inputs/w010/feature_wavelengths.lambda,78,preserve_run_inputs_products_and_provenance
runs/component_rt2_pilot/wavelength_inputs/w011/feature_wavelengths.lambda,78,preserve_run_inputs_products_and_provenance
runs/component_rt2_pilot/wavelength_inputs/w012/feature_wavelengths.lambda,78,preserve_run_inputs_products_and_provenance
runs/component_rt2_pilot/wavelength_inputs/w013/feature_wavelengths.lambda,78,preserve_run_inputs_products_and_provenance
runs/component_rt2_pilot/wavelength_inputs/w014/feature_wavelengths.lambda,78,preserve_run_inputs_products_and_provenance
runs/component_rt2_pilot/wavelength_inputs/w015/feature_wavelengths.lambda,78,preserve_run_inputs_products_and_provenance
runs/component_rt2_pilot/wavelength_inputs/w016/feature_wavelengths.lambda,78,preserve_run_inputs_products_and_provenance
runs/component_rt2_pilot/wavelength_inputs/w017/feature_wavelengths.lambda,77,preserve_run_inputs_products_and_provenance
runs/component_rt2_pilot/wavelength_inputs/w018/feature_wavelengths.lambda,78,preserve_run_inputs_products_and_provenance
runs/component_rt2_pilot/wavelength_inputs/w019/feature_wavelengths.lambda,78,preserve_run_inputs_products_and_provenance
runs/component_rt2_pilot/wavelengths.tsv,1964,preserve_run_inputs_products_and_provenance
runs/h2o_3um_abundance_grid_v1/abundance_grid_tasks.tsv,455385,preserve_run_inputs_products_and_provenance
runs/h2o_3um_abundance_grid_v1/completion_index.json,145894,preserve_run_inputs_products_and_provenance
runs/h2o_3um_abundance_grid_v1/completion_index.json.sha256,88,preserve_run_inputs_products_and_provenance
runs/h2o_3um_abundance_grid_v1/grid_authorization.json,1886,preserve_run_inputs_products_and_provenance
runs/h2o_3um_abundance_grid_v1/grid_authorization.json.sha256,90,preserve_run_inputs_products_and_provenance
runs/h2o_3um_abundance_grid_v1/input_manifest.json,4545,preserve_run_inputs_products_and_provenance
runs/h2o_3um_abundance_grid_v1/input_manifest.json.sha256,86,preserve_run_inputs_products_and_provenance
runs/h2o_3um_dust_axis_band_v1/completion_index.json,68297,preserve_run_inputs_products_and_provenance
runs/h2o_3um_dust_axis_band_v1/dust_axis_band_tasks.tsv,155903,preserve_run_inputs_products_and_provenance
runs/h2o_3um_dust_axis_band_v1/input_manifest.json,6077,preserve_run_inputs_products_and_provenance
runs/h2o_3um_dust_axis_grid_v1/completion_index.json,86552,preserve_run_inputs_products_and_provenance
runs/h2o_3um_dust_axis_grid_v1/completion_index.json.sha256,88,preserve_run_inputs_products_and_provenance
runs/h2o_3um_dust_axis_grid_v1/dust_axis_grid_tasks.tsv,167318,preserve_run_inputs_products_and_provenance
runs/h2o_3um_dust_axis_grid_v1/grid_authorization.json,8737,preserve_run_inputs_products_and_provenance
runs/h2o_3um_dust_axis_grid_v1/input_manifest.json,14989,preserve_run_inputs_products_and_provenance
runs/h2o_3um_method2_postpilot_guard_field_recovery_v1/input_manifest.json,6413,preserve_run_inputs_products_and_provenance
runs/h2o_3um_method2_postpilot_guard_field_recovery_v1/input_manifest.json.sha256,86,preserve_run_inputs_products_and_provenance
runs/h2o_3um_method2_postpilot_guard_field_recovery_v1/recovery_authorization.json,896,preserve_run_inputs_products_and_provenance
runs/h2o_3um_method2_postpilot_guard_field_recovery_v1/recovery_authorization.json.sha256,94,preserve_run_inputs_products_and_provenance
runs/h2o_3um_method2_postpilot_guard_field_recovery_v1/recovery_policy_v1.json,4319,preserve_run_inputs_products_and_provenance
runs/h2o_3um_method2_postpilot_guard_field_recovery_v1/recovery_policy_v1.json.sha256,90,preserve_run_inputs_products_and_provenance
runs/h2o_3um_method2_postpilot_guard_field_recovery_v1/recovery_tasks.tsv,2201,preserve_run_inputs_products_and_provenance
runs/h2o_3um_method2_postpilot_guard_field_recovery_v1/source_diagnostics/t000.json,14490,preserve_run_inputs_products_and_provenance
runs/h2o_3um_method2_postpilot_guard_field_recovery_v1/source_diagnostics/t000.json.sha256,76,preserve_run_inputs_products_and_provenance
runs/h2o_3um_method2_postpilot_guard_field_recovery_v1/source_diagnostics/t001.json,14579,preserve_run_inputs_products_and_provenance
runs/h2o_3um_method2_postpilot_guard_field_recovery_v1/source_diagnostics/t001.json.sha256,76,preserve_run_inputs_products_and_provenance
runs/h2o_3um_method2_postpilot_guard_field_recovery_v1/terminal_inventory.json,26259,preserve_run_inputs_products_and_provenance
runs/h2o_3um_method2_postpilot_guard_field_recovery_v1/terminal_inventory.json.sha256,90,preserve_run_inputs_products_and_provenance
runs/h2o_3um_method2_postpilot_v1/_failed_attempts/prescience_manifest_a20d_stale_purged_slurm_dependency/README.md,943,preserve_run_inputs_products_and_provenance
runs/h2o_3um_method2_postpilot_v1/_failed_attempts/prescience_manifest_a20d_stale_purged_slurm_dependency/frozen_source_and_manifest.tar.gz,47019,preserve_run_inputs_products_and_provenance
runs/h2o_3um_method2_postpilot_v1/analysis_policy_v1.json,7541,preserve_run_inputs_products_and_provenance
runs/h2o_3um_method2_postpilot_v1/analysis_policy_v1.json.sha256,90,preserve_run_inputs_products_and_provenance
runs/h2o_3um_method2_postpilot_v1/input_manifest.json,8061,preserve_run_inputs_products_and_provenance
runs/h2o_3um_method2_postpilot_v1/input_manifest.json.sha256,86,preserve_run_inputs_products_and_provenance
runs/h2o_3um_method2_screen_v1/candidate_ledger.json,4533,preserve_run_inputs_products_and_provenance
runs/h2o_3um_method2_screen_v1/candidate_ledger.json.sha256,88,preserve_run_inputs_products_and_provenance
runs/h2o_3um_method2_screen_v1/candidates/bruggeman_emt__dhs_vmax0p8/data_dust/kappa.fits.gz,14242,preserve_run_inputs_products_and_provenance
runs/h2o_3um_method2_screen_v1/candidates/bruggeman_emt__dhs_vmax0p8/data_dust/lambda.fits.gz,13973,preserve_run_inputs_products_and_provenance
runs/h2o_3um_method2_screen_v1/candidates/bruggeman_emt__dhs_vmax0p8/model.para,3651,preserve_run_inputs_products_and_provenance
runs/h2o_3um_method2_screen_v1/candidates/bruggeman_emt__mie/data_dust/kappa.fits.gz,14500,preserve_run_inputs_products_and_provenance
runs/h2o_3um_method2_screen_v1/candidates/bruggeman_emt__mie/data_dust/lambda.fits.gz,13973,preserve_run_inputs_products_and_provenance
runs/h2o_3um_method2_screen_v1/candidates/bruggeman_emt__mie/model.para,3651,preserve_run_inputs_products_and_provenance
runs/h2o_3um_method2_screen_v1/candidates/disjoint_populations__dhs_vmax0p8/data_dust/kappa.fits.gz,14512,preserve_run_inputs_products_and_provenance
runs/h2o_3um_method2_screen_v1/candidates/disjoint_populations__dhs_vmax0p8/data_dust/lambda.fits.gz,13973,preserve_run_inputs_products_and_provenance
runs/h2o_3um_method2_screen_v1/candidates/disjoint_populations__dhs_vmax0p8/model.para,3875,preserve_run_inputs_products_and_provenance
runs/h2o_3um_method2_screen_v1/candidates/disjoint_populations__mie/data_dust/kappa.fits.gz,14723,preserve_run_inputs_products_and_provenance
runs/h2o_3um_method2_screen_v1/candidates/disjoint_populations__mie/data_dust/lambda.fits.gz,13973,preserve_run_inputs_products_and_provenance
runs/h2o_3um_method2_screen_v1/candidates/disjoint_populations__mie/model.para,3875,preserve_run_inputs_products_and_provenance
runs/h2o_3um_method2_screen_v1/candidates/generic_ice_coating__mie_control/data_dust/kappa.fits.gz,14602,preserve_run_inputs_products_and_provenance
runs/h2o_3um_method2_screen_v1/candidates/generic_ice_coating__mie_control/data_dust/lambda.fits.gz,13973,preserve_run_inputs_products_and_provenance
runs/h2o_3um_method2_screen_v1/candidates/generic_ice_coating__mie_control/model.para,3646,preserve_run_inputs_products_and_provenance
runs/h2o_3um_method2_screen_v1/candidates/two_component_coating__mie/data_dust/kappa.fits.gz,14481,preserve_run_inputs_products_and_provenance
runs/h2o_3um_method2_screen_v1/candidates/two_component_coating__mie/data_dust/lambda.fits.gz,13973,preserve_run_inputs_products_and_provenance
runs/h2o_3um_method2_screen_v1/candidates/two_component_coating__mie/model.para,3659,preserve_run_inputs_products_and_provenance
runs/h2o_3um_method2_screen_v1/h2o_opacity_handoff.json,1692,preserve_run_inputs_products_and_provenance
runs/h2o_3um_method2_screen_v1/h2o_opacity_handoff.sha256,91,preserve_run_inputs_products_and_provenance
runs/h2o_3um_method2_screen_v1/inputs/TMC1A_H2O_3um_opacity.source.para,3491,preserve_run_inputs_products_and_provenance
runs/h2o_3um_method2_screen_v1/inputs/observed_profiles_nirspec_linear.csv,380175,preserve_run_inputs_products_and_provenance
runs/h2o_3um_method2_screen_v1/mcfost_utils_overlay/Dust/Draine_Si_sUV.dat,53561,preserve_run_inputs_products_and_provenance
runs/h2o_3um_method2_screen_v1/mcfost_utils_overlay/Dust/H2O_30K_Leiden_mcfost.dat,153377,preserve_run_inputs_products_and_provenance
runs/h2o_3um_method2_screen_v1/mcfost_utils_overlay/Dust/ice_opct.dat,37012,preserve_run_inputs_products_and_provenance
runs/h2o_3um_method2_screen_v1/opacity_shape_score_report.json,15129,preserve_run_inputs_products_and_provenance
runs/h2o_3um_method2_screen_v1/opacity_shape_score_report.json.sha256,98,preserve_run_inputs_products_and_provenance
runs/h2o_3um_method2_screen_v1/screen_manifest.json,8510,preserve_run_inputs_products_and_provenance
runs/h2o_3um_method2_screen_v1/screen_manifest.sha256,87,preserve_run_inputs_products_and_provenance
runs/h2o_3um_method2_screen_v1/selected_representation.json,876,preserve_run_inputs_products_and_provenance
runs/h2o_3um_method2_screen_v1/selected_representation.json.sha256,95,preserve_run_inputs_products_and_provenance
runs/h2o_3um_method2_screen_v1_superseded_infeasible_dhs_coating_design/candidate_ledger.json,5016,preserve_run_inputs_products_and_provenance
runs/h2o_3um_method2_screen_v1_superseded_infeasible_dhs_coating_design/candidate_ledger.json.sha256,88,preserve_run_inputs_products_and_provenance
runs/h2o_3um_method2_screen_v1_superseded_infeasible_dhs_coating_design/candidates/bruggeman_emt__dhs_vmax0p8/model.para,3651,preserve_run_inputs_products_and_provenance
runs/h2o_3um_method2_screen_v1_superseded_infeasible_dhs_coating_design/candidates/bruggeman_emt__mie/model.para,3651,preserve_run_inputs_products_and_provenance
runs/h2o_3um_method2_screen_v1_superseded_infeasible_dhs_coating_design/candidates/disjoint_populations__dhs_vmax0p8/model.para,3875,preserve_run_inputs_products_and_provenance
runs/h2o_3um_method2_screen_v1_superseded_infeasible_dhs_coating_design/candidates/disjoint_populations__mie/model.para,3875,preserve_run_inputs_products_and_provenance
runs/h2o_3um_method2_screen_v1_superseded_infeasible_dhs_coating_design/candidates/generic_ice_coating__mie_control/model.para,3646,preserve_run_inputs_products_and_provenance
runs/h2o_3um_method2_screen_v1_superseded_infeasible_dhs_coating_design/candidates/two_component_coating__dhs_vmax0p8/model.para,3659,preserve_run_inputs_products_and_provenance
runs/h2o_3um_method2_screen_v1_superseded_infeasible_dhs_coating_design/candidates/two_component_coating__mie/model.para,3659,preserve_run_inputs_products_and_provenance
runs/h2o_3um_method2_screen_v1_superseded_infeasible_dhs_coating_design/inputs/TMC1A_H2O_3um_opacity.source.para,3491,preserve_run_inputs_products_and_provenance
runs/h2o_3um_method2_screen_v1_superseded_infeasible_dhs_coating_design/inputs/observed_profiles_nirspec_linear.csv,380175,preserve_run_inputs_products_and_provenance
runs/h2o_3um_method2_screen_v1_superseded_infeasible_dhs_coating_design/mcfost_utils_overlay/Dust/Draine_Si_sUV.dat,53561,preserve_run_inputs_products_and_provenance
runs/h2o_3um_method2_screen_v1_superseded_infeasible_dhs_coating_design/mcfost_utils_overlay/Dust/H2O_30K_Leiden_mcfost.dat,153377,preserve_run_inputs_products_and_provenance
runs/h2o_3um_method2_screen_v1_superseded_infeasible_dhs_coating_design/mcfost_utils_overlay/Dust/ice_opct.dat,37012,preserve_run_inputs_products_and_provenance
runs/h2o_3um_method2_screen_v1_superseded_infeasible_dhs_coating_design/screen_manifest.json,8512,preserve_run_inputs_products_and_provenance
runs/h2o_3um_method2_screen_v1_superseded_infeasible_dhs_coating_design/screen_manifest.sha256,87,preserve_run_inputs_products_and_provenance
runs/h2o_3um_method2_screen_v1_superseded_unmargined_lsf_grid_design/candidate_ledger.json,4533,preserve_run_inputs_products_and_provenance
runs/h2o_3um_method2_screen_v1_superseded_unmargined_lsf_grid_design/candidate_ledger.json.sha256,88,preserve_run_inputs_products_and_provenance
runs/h2o_3um_method2_screen_v1_superseded_unmargined_lsf_grid_design/candidates/bruggeman_emt__dhs_vmax0p8/model.para,3651,preserve_run_inputs_products_and_provenance
runs/h2o_3um_method2_screen_v1_superseded_unmargined_lsf_grid_design/candidates/bruggeman_emt__mie/model.para,3651,preserve_run_inputs_products_and_provenance
runs/h2o_3um_method2_screen_v1_superseded_unmargined_lsf_grid_design/candidates/disjoint_populations__dhs_vmax0p8/model.para,3875,preserve_run_inputs_products_and_provenance
runs/h2o_3um_method2_screen_v1_superseded_unmargined_lsf_grid_design/candidates/disjoint_populations__mie/model.para,3875,preserve_run_inputs_products_and_provenance
runs/h2o_3um_method2_screen_v1_superseded_unmargined_lsf_grid_design/candidates/generic_ice_coating__mie_control/model.para,3646,preserve_run_inputs_products_and_provenance
runs/h2o_3um_method2_screen_v1_superseded_unmargined_lsf_grid_design/candidates/two_component_coating__mie/model.para,3659,preserve_run_inputs_products_and_provenance
runs/h2o_3um_method2_screen_v1_superseded_unmargined_lsf_grid_design/inputs/TMC1A_H2O_3um_opacity.source.para,3491,preserve_run_inputs_products_and_provenance
runs/h2o_3um_method2_screen_v1_superseded_unmargined_lsf_grid_design/inputs/observed_profiles_nirspec_linear.csv,380175,preserve_run_inputs_products_and_provenance
runs/h2o_3um_method2_screen_v1_superseded_unmargined_lsf_grid_design/mcfost_utils_overlay/Dust/Draine_Si_sUV.dat,53561,preserve_run_inputs_products_and_provenance
runs/h2o_3um_method2_screen_v1_superseded_unmargined_lsf_grid_design/mcfost_utils_overlay/Dust/H2O_30K_Leiden_mcfost.dat,153377,preserve_run_inputs_products_and_provenance
runs/h2o_3um_method2_screen_v1_superseded_unmargined_lsf_grid_design/mcfost_utils_overlay/Dust/ice_opct.dat,37012,preserve_run_inputs_products_and_provenance
runs/h2o_3um_method2_screen_v1_superseded_unmargined_lsf_grid_design/screen_manifest.json,8051,preserve_run_inputs_products_and_provenance
runs/h2o_3um_method2_screen_v1_superseded_unmargined_lsf_grid_design/screen_manifest.sha256,87,preserve_run_inputs_products_and_provenance
runs/h2o_3um_method2_screen_v3/_failed_attempts/prescience_manifest05ac_lambda_serialization_job15171276/README.md,2026,preserve_run_inputs_products_and_provenance
runs/h2o_3um_method2_screen_v3/_failed_attempts/prescience_manifest05ac_lambda_serialization_job15171276/local_manifest_pair/input_manifest.json,34696,preserve_run_inputs_products_and_provenance
runs/h2o_3um_method2_screen_v3/_failed_attempts/prescience_manifest05ac_lambda_serialization_job15171276/local_manifest_pair/input_manifest.json.sha256,86,preserve_run_inputs_products_and_provenance
runs/h2o_3um_method2_screen_v3/_failed_attempts/prescience_manifest05ac_lambda_serialization_job15171276/remote_run_root_snapshot/.affinity_smoke.json.publish.lock,0,preserve_run_inputs_products_and_provenance
runs/h2o_3um_method2_screen_v3/_failed_attempts/prescience_manifest05ac_lambda_serialization_job15171276/remote_run_root_snapshot/affinity_smoke.json,1613,preserve_run_inputs_products_and_provenance
runs/h2o_3um_method2_screen_v3/_failed_attempts/prescience_manifest05ac_lambda_serialization_job15171276/remote_run_root_snapshot/affinity_smoke.json.sha256,86,preserve_run_inputs_products_and_provenance
runs/h2o_3um_method2_screen_v3/_failed_attempts/prescience_manifest05ac_lambda_serialization_job15171276/remote_run_root_snapshot/anchors/broadband_guardrail/w001/anchor.lambda,19,preserve_run_inputs_products_and_provenance
runs/h2o_3um_method2_screen_v3/_failed_attempts/prescience_manifest05ac_lambda_serialization_job15171276/remote_run_root_snapshot/anchors/broadband_guardrail/w002/anchor.lambda,19,preserve_run_inputs_products_and_provenance
runs/h2o_3um_method2_screen_v3/_failed_attempts/prescience_manifest05ac_lambda_serialization_job15171276/remote_run_root_snapshot/anchors/broadband_guardrail/w003/anchor.lambda,19,preserve_run_inputs_products_and_provenance
runs/h2o_3um_method2_screen_v3/_failed_attempts/prescience_manifest05ac_lambda_serialization_job15171276/remote_run_root_snapshot/anchors/broadband_guardrail/w004/anchor.lambda,19,preserve_run_inputs_products_and_provenance
runs/h2o_3um_method2_screen_v3/_failed_attempts/prescience_manifest05ac_lambda_serialization_job15171276/remote_run_root_snapshot/anchors/broadband_guardrail/w005/anchor.lambda,19,preserve_run_inputs_products_and_provenance
runs/h2o_3um_method2_screen_v3/_failed_attempts/prescience_manifest05ac_lambda_serialization_job15171276/remote_run_root_snapshot/anchors/broadband_guardrail/w006/anchor.lambda,19,preserve_run_inputs_products_and_provenance
runs/h2o_3um_method2_screen_v3/_failed_attempts/prescience_manifest05ac_lambda_serialization_job15171276/remote_run_root_snapshot/anchors/broadband_guardrail/w007/anchor.lambda,19,preserve_run_inputs_products_and_provenance
runs/h2o_3um_method2_screen_v3/_failed_attempts/prescience_manifest05ac_lambda_serialization_job15171276/remote_run_root_snapshot/anchors/broadband_guardrail/w008/anchor.lambda,19,preserve_run_inputs_products_and_provenance
runs/h2o_3um_method2_screen_v3/_failed_attempts/prescience_manifest05ac_lambda_serialization_job15171276/remote_run_root_snapshot/anchors/broadband_guardrail/w009/anchor.lambda,19,preserve_run_inputs_products_and_provenance
runs/h2o_3um_method2_screen_v3/_failed_attempts/prescience_manifest05ac_lambda_serialization_job15171276/remote_run_root_snapshot/anchors/field_pilot/continuum_support/h2o_continuum_blue_q20/node02.lambda,19,preserve_run_inputs_products_and_provenance
runs/h2o_3um_method2_screen_v3/_failed_attempts/prescience_manifest05ac_lambda_serialization_job15171276/remote_run_root_snapshot/anchors/field_pilot/continuum_support/h2o_continuum_blue_q50/node02.lambda,19,preserve_run_inputs_products_and_provenance
runs/h2o_3um_method2_screen_v3/_failed_attempts/prescience_manifest05ac_lambda_serialization_job15171276/remote_run_root_snapshot/anchors/field_pilot/continuum_support/h2o_continuum_blue_q80/node02.lambda,18,preserve_run_inputs_products_and_provenance
runs/h2o_3um_method2_screen_v3/_failed_attempts/prescience_manifest05ac_lambda_serialization_job15171276/remote_run_root_snapshot/anchors/field_pilot/continuum_support/h2o_continuum_red_q20/node02.lambda,18,preserve_run_inputs_products_and_provenance
runs/h2o_3um_method2_screen_v3/_failed_attempts/prescience_manifest05ac_lambda_serialization_job15171276/remote_run_root_snapshot/anchors/field_pilot/continuum_support/h2o_continuum_red_q50/node02.lambda,19,preserve_run_inputs_products_and_provenance
runs/h2o_3um_method2_screen_v3/_failed_attempts/prescience_manifest05ac_lambda_serialization_job15171276/remote_run_root_snapshot/anchors/field_pilot/continuum_support/h2o_continuum_red_q80/node02.lambda,19,preserve_run_inputs_products_and_provenance
runs/h2o_3um_method2_screen_v3/_failed_attempts/prescience_manifest05ac_lambda_serialization_job15171276/remote_run_root_snapshot/anchors/field_pilot/logical_target/h2o_3um_v3_w006/node00.lambda,19,preserve_run_inputs_products_and_provenance
runs/h2o_3um_method2_screen_v3/_failed_attempts/prescience_manifest05ac_lambda_serialization_job15171276/remote_run_root_snapshot/anchors/field_pilot/logical_target/h2o_3um_v3_w006/node01.lambda,19,preserve_run_inputs_products_and_provenance
runs/h2o_3um_method2_screen_v3/_failed_attempts/prescience_manifest05ac_lambda_serialization_job15171276/remote_run_root_snapshot/anchors/field_pilot/logical_target/h2o_3um_v3_w006/node02.lambda,19,preserve_run_inputs_products_and_provenance
runs/h2o_3um_method2_screen_v3/_failed_attempts/prescience_manifest05ac_lambda_serialization_job15171276/remote_run_root_snapshot/anchors/field_pilot/logical_target/h2o_3um_v3_w006/node03.lambda,19,preserve_run_inputs_products_and_provenance
runs/h2o_3um_method2_screen_v3/_failed_attempts/prescience_manifest05ac_lambda_serialization_job15171276/remote_run_root_snapshot/anchors/field_pilot/logical_target/h2o_3um_v3_w006/node04.lambda,19,preserve_run_inputs_products_and_provenance
runs/h2o_3um_method2_screen_v3/_failed_attempts/prescience_manifest05ac_lambda_serialization_job15171276/remote_run_root_snapshot/anchors/full_h2o/continuum_support/h2o_continuum_blue_q20/node00.lambda,19,preserve_run_inputs_products_and_provenance
runs/h2o_3um_method2_screen_v3/_failed_attempts/prescience_manifest05ac_lambda_serialization_job15171276/remote_run_root_snapshot/anchors/full_h2o/continuum_support/h2o_continuum_blue_q20/node01.lambda,19,preserve_run_inputs_products_and_provenance
runs/h2o_3um_method2_screen_v3/_failed_attempts/prescience_manifest05ac_lambda_serialization_job15171276/remote_run_root_snapshot/anchors/full_h2o/continuum_support/h2o_continuum_blue_q20/node02.lambda,19,preserve_run_inputs_products_and_provenance
runs/h2o_3um_method2_screen_v3/_failed_attempts/prescience_manifest05ac_lambda_serialization_job15171276/remote_run_root_snapshot/anchors/full_h2o/continuum_support/h2o_continuum_blue_q20/node03.lambda,19,preserve_run_inputs_products_and_provenance
runs/h2o_3um_method2_screen_v3/_failed_attempts/prescience_manifest05ac_lambda_serialization_job15171276/remote_run_root_snapshot/anchors/full_h2o/continuum_support/h2o_continuum_blue_q20/node04.lambda,19,preserve_run_inputs_products_and_provenance
runs/h2o_3um_method2_screen_v3/_failed_attempts/prescience_manifest05ac_lambda_serialization_job15171276/remote_run_root_snapshot/anchors/full_h2o/continuum_support/h2o_continuum_blue_q50/node00.lambda,19,preserve_run_inputs_products_and_provenance
runs/h2o_3um_method2_screen_v3/_failed_attempts/prescience_manifest05ac_lambda_serialization_job15171276/remote_run_root_snapshot/anchors/full_h2o/continuum_support/h2o_continuum_blue_q50/node01.lambda,17,preserve_run_inputs_products_and_provenance
runs/h2o_3um_method2_screen_v3/_failed_attempts/prescience_manifest05ac_lambda_serialization_job15171276/remote_run_root_snapshot/anchors/full_h2o/continuum_support/h2o_continuum_blue_q50/node02.lambda,19,preserve_run_inputs_products_and_provenance
runs/h2o_3um_method2_screen_v3/_failed_attempts/prescience_manifest05ac_lambda_serialization_job15171276/remote_run_root_snapshot/anchors/full_h2o/continuum_support/h2o_continuum_blue_q50/node03.lambda,18,preserve_run_inputs_products_and_provenance
runs/h2o_3um_method2_screen_v3/_failed_attempts/prescience_manifest05ac_lambda_serialization_job15171276/remote_run_root_snapshot/anchors/full_h2o/continuum_support/h2o_continuum_blue_q50/node04.lambda,19,preserve_run_inputs_products_and_provenance
runs/h2o_3um_method2_screen_v3/_failed_attempts/prescience_manifest05ac_lambda_serialization_job15171276/remote_run_root_snapshot/anchors/full_h2o/continuum_support/h2o_continuum_blue_q80/node00.lambda,19,preserve_run_inputs_products_and_provenance
runs/h2o_3um_method2_screen_v3/_failed_attempts/prescience_manifest05ac_lambda_serialization_job15171276/remote_run_root_snapshot/anchors/full_h2o/continuum_support/h2o_continuum_blue_q80/node01.lambda,19,preserve_run_inputs_products_and_provenance
runs/h2o_3um_method2_screen_v3/_failed_attempts/prescience_manifest05ac_lambda_serialization_job15171276/remote_run_root_snapshot/anchors/full_h2o/continuum_support/h2o_continuum_blue_q80/node02.lambda,18,preserve_run_inputs_products_and_provenance
runs/h2o_3um_method2_screen_v3/_failed_attempts/prescience_manifest05ac_lambda_serialization_job15171276/remote_run_root_snapshot/anchors/full_h2o/continuum_support/h2o_continuum_blue_q80/node03.lambda,19,preserve_run_inputs_products_and_provenance
runs/h2o_3um_method2_screen_v3/_failed_attempts/prescience_manifest05ac_lambda_serialization_job15171276/remote_run_root_snapshot/anchors/full_h2o/continuum_support/h2o_continuum_blue_q80/node04.lambda,19,preserve_run_inputs_products_and_provenance
runs/h2o_3um_method2_screen_v3/_failed_attempts/prescience_manifest05ac_lambda_serialization_job15171276/remote_run_root_snapshot/anchors/full_h2o/continuum_support/h2o_continuum_red_q20/node00.lambda,19,preserve_run_inputs_products_and_provenance
runs/h2o_3um_method2_screen_v3/_failed_attempts/prescience_manifest05ac_lambda_serialization_job15171276/remote_run_root_snapshot/anchors/full_h2o/continuum_support/h2o_continuum_red_q20/node01.lambda,19,preserve_run_inputs_products_and_provenance
runs/h2o_3um_method2_screen_v3/_failed_attempts/prescience_manifest05ac_lambda_serialization_job15171276/remote_run_root_snapshot/anchors/full_h2o/continuum_support/h2o_continuum_red_q20/node02.lambda,18,preserve_run_inputs_products_and_provenance
runs/h2o_3um_method2_screen_v3/_failed_attempts/prescience_manifest05ac_lambda_serialization_job15171276/remote_run_root_snapshot/anchors/full_h2o/continuum_support/h2o_continuum_red_q20/node03.lambda,19,preserve_run_inputs_products_and_provenance
runs/h2o_3um_method2_screen_v3/_failed_attempts/prescience_manifest05ac_lambda_serialization_job15171276/remote_run_root_snapshot/anchors/full_h2o/continuum_support/h2o_continuum_red_q20/node04.lambda,18,preserve_run_inputs_products_and_provenance
runs/h2o_3um_method2_screen_v3/_failed_attempts/prescience_manifest05ac_lambda_serialization_job15171276/remote_run_root_snapshot/anchors/full_h2o/continuum_support/h2o_continuum_red_q50/node00.lambda,19,preserve_run_inputs_products_and_provenance
runs/h2o_3um_method2_screen_v3/_failed_attempts/prescience_manifest05ac_lambda_serialization_job15171276/remote_run_root_snapshot/anchors/full_h2o/continuum_support/h2o_continuum_red_q50/node01.lambda,19,preserve_run_inputs_products_and_provenance
runs/h2o_3um_method2_screen_v3/_failed_attempts/prescience_manifest05ac_lambda_serialization_job15171276/remote_run_root_snapshot/anchors/full_h2o/continuum_support/h2o_continuum_red_q50/node02.lambda,19,preserve_run_inputs_products_and_provenance
runs/h2o_3um_method2_screen_v3/_failed_attempts/prescience_manifest05ac_lambda_serialization_job15171276/remote_run_root_snapshot/anchors/full_h2o/continuum_support/h2o_continuum_red_q50/node03.lambda,19,preserve_run_inputs_products_and_provenance
runs/h2o_3um_method2_screen_v3/_failed_attempts/prescience_manifest05ac_lambda_serialization_job15171276/remote_run_root_snapshot/anchors/full_h2o/continuum_support/h2o_continuum_red_q50/node04.lambda,19,preserve_run_inputs_products_and_provenance
runs/h2o_3um_method2_screen_v3/_failed_attempts/prescience_manifest05ac_lambda_serialization_job15171276/remote_run_root_snapshot/anchors/full_h2o/continuum_support/h2o_continuum_red_q80/node00.lambda,18,preserve_run_inputs_products_and_provenance
runs/h2o_3um_method2_screen_v3/_failed_attempts/prescience_manifest05ac_lambda_serialization_job15171276/remote_run_root_snapshot/anchors/full_h2o/continuum_support/h2o_continuum_red_q80/node01.lambda,19,preserve_run_inputs_products_and_provenance
runs/h2o_3um_method2_screen_v3/_failed_attempts/prescience_manifest05ac_lambda_serialization_job15171276/remote_run_root_snapshot/anchors/full_h2o/continuum_support/h2o_continuum_red_q80/node02.lambda,19,preserve_run_inputs_products_and_provenance
runs/h2o_3um_method2_screen_v3/_failed_attempts/prescience_manifest05ac_lambda_serialization_job15171276/remote_run_root_snapshot/anchors/full_h2o/continuum_support/h2o_continuum_red_q80/node03.lambda,19,preserve_run_inputs_products_and_provenance
runs/h2o_3um_method2_screen_v3/_failed_attempts/prescience_manifest05ac_lambda_serialization_job15171276/remote_run_root_snapshot/anchors/full_h2o/continuum_support/h2o_continuum_red_q80/node04.lambda,19,preserve_run_inputs_products_and_provenance
runs/h2o_3um_method2_screen_v3/_failed_attempts/prescience_manifest05ac_lambda_serialization_job15171276/remote_run_root_snapshot/anchors/full_h2o/logical_target/h2o_3um_v3_w001/node00.lambda,19,preserve_run_inputs_products_and_provenance
runs/h2o_3um_method2_screen_v3/_failed_attempts/prescience_manifest05ac_lambda_serialization_job15171276/remote_run_root_snapshot/anchors/full_h2o/logical_target/h2o_3um_v3_w001/node01.lambda,17,preserve_run_inputs_products_and_provenance
runs/h2o_3um_method2_screen_v3/_failed_attempts/prescience_manifest05ac_lambda_serialization_job15171276/remote_run_root_snapshot/anchors/full_h2o/logical_target/h2o_3um_v3_w001/node02.lambda,19,preserve_run_inputs_products_and_provenance
runs/h2o_3um_method2_screen_v3/_failed_attempts/prescience_manifest05ac_lambda_serialization_job15171276/remote_run_root_snapshot/anchors/full_h2o/logical_target/h2o_3um_v3_w001/node03.lambda,18,preserve_run_inputs_products_and_provenance
runs/h2o_3um_method2_screen_v3/_failed_attempts/prescience_manifest05ac_lambda_serialization_job15171276/remote_run_root_snapshot/anchors/full_h2o/logical_target/h2o_3um_v3_w001/node04.lambda,19,preserve_run_inputs_products_and_provenance
runs/h2o_3um_method2_screen_v3/_failed_attempts/prescience_manifest05ac_lambda_serialization_job15171276/remote_run_root_snapshot/anchors/full_h2o/logical_target/h2o_3um_v3_w002/node00.lambda,19,preserve_run_inputs_products_and_provenance
runs/h2o_3um_method2_screen_v3/_failed_attempts/prescience_manifest05ac_lambda_serialization_job15171276/remote_run_root_snapshot/anchors/full_h2o/logical_target/h2o_3um_v3_w002/node01.lambda,18,preserve_run_inputs_products_and_provenance
runs/h2o_3um_method2_screen_v3/_failed_attempts/prescience_manifest05ac_lambda_serialization_job15171276/remote_run_root_snapshot/anchors/full_h2o/logical_target/h2o_3um_v3_w002/node02.lambda,19,preserve_run_inputs_products_and_provenance
runs/h2o_3um_method2_screen_v3/_failed_attempts/prescience_manifest05ac_lambda_serialization_job15171276/remote_run_root_snapshot/anchors/full_h2o/logical_target/h2o_3um_v3_w002/node03.lambda,19,preserve_run_inputs_products_and_provenance
runs/h2o_3um_method2_screen_v3/_failed_attempts/prescience_manifest05ac_lambda_serialization_job15171276/remote_run_root_snapshot/anchors/full_h2o/logical_target/h2o_3um_v3_w002/node04.lambda,19,preserve_run_inputs_products_and_provenance
runs/h2o_3um_method2_screen_v3/_failed_attempts/prescience_manifest05ac_lambda_serialization_job15171276/remote_run_root_snapshot/anchors/full_h2o/logical_target/h2o_3um_v3_w003/node00.lambda,19,preserve_run_inputs_products_and_provenance
runs/h2o_3um_method2_screen_v3/_failed_attempts/prescience_manifest05ac_lambda_serialization_job15171276/remote_run_root_snapshot/anchors/full_h2o/logical_target/h2o_3um_v3_w003/node01.lambda,19,preserve_run_inputs_products_and_provenance
runs/h2o_3um_method2_screen_v3/_failed_attempts/prescience_manifest05ac_lambda_serialization_job15171276/remote_run_root_snapshot/anchors/full_h2o/logical_target/h2o_3um_v3_w003/node02.lambda,19,preserve_run_inputs_products_and_provenance
runs/h2o_3um_method2_screen_v3/_failed_attempts/prescience_manifest05ac_lambda_serialization_job15171276/remote_run_root_snapshot/anchors/full_h2o/logical_target/h2o_3um_v3_w003/node03.lambda,19,preserve_run_inputs_products_and_provenance
runs/h2o_3um_method2_screen_v3/_failed_attempts/prescience_manifest05ac_lambda_serialization_job15171276/remote_run_root_snapshot/anchors/full_h2o/logical_target/h2o_3um_v3_w003/node04.lambda,19,preserve_run_inputs_products_and_provenance
runs/h2o_3um_method2_screen_v3/_failed_attempts/prescience_manifest05ac_lambda_serialization_job15171276/remote_run_root_snapshot/anchors/full_h2o/logical_target/h2o_3um_v3_w004/node00.lambda,19,preserve_run_inputs_products_and_provenance
runs/h2o_3um_method2_screen_v3/_failed_attempts/prescience_manifest05ac_lambda_serialization_job15171276/remote_run_root_snapshot/anchors/full_h2o/logical_target/h2o_3um_v3_w004/node01.lambda,19,preserve_run_inputs_products_and_provenance
runs/h2o_3um_method2_screen_v3/_failed_attempts/prescience_manifest05ac_lambda_serialization_job15171276/remote_run_root_snapshot/anchors/full_h2o/logical_target/h2o_3um_v3_w004/node02.lambda,19,preserve_run_inputs_products_and_provenance
runs/h2o_3um_method2_screen_v3/_failed_attempts/prescience_manifest05ac_lambda_serialization_job15171276/remote_run_root_snapshot/anchors/full_h2o/logical_target/h2o_3um_v3_w004/node03.lambda,19,preserve_run_inputs_products_and_provenance
runs/h2o_3um_method2_screen_v3/_failed_attempts/prescience_manifest05ac_lambda_serialization_job15171276/remote_run_root_snapshot/anchors/full_h2o/logical_target/h2o_3um_v3_w004/node04.lambda,19,preserve_run_inputs_products_and_provenance
runs/h2o_3um_method2_screen_v3/_failed_attempts/prescience_manifest05ac_lambda_serialization_job15171276/remote_run_root_snapshot/anchors/full_h2o/logical_target/h2o_3um_v3_w005/node00.lambda,18,preserve_run_inputs_products_and_provenance
runs/h2o_3um_method2_screen_v3/_failed_attempts/prescience_manifest05ac_lambda_serialization_job15171276/remote_run_root_snapshot/anchors/full_h2o/logical_target/h2o_3um_v3_w005/node01.lambda,19,preserve_run_inputs_products_and_provenance
runs/h2o_3um_method2_screen_v3/_failed_attempts/prescience_manifest05ac_lambda_serialization_job15171276/remote_run_root_snapshot/anchors/full_h2o/logical_target/h2o_3um_v3_w005/node02.lambda,18,preserve_run_inputs_products_and_provenance
runs/h2o_3um_method2_screen_v3/_failed_attempts/prescience_manifest05ac_lambda_serialization_job15171276/remote_run_root_snapshot/anchors/full_h2o/logical_target/h2o_3um_v3_w005/node03.lambda,19,preserve_run_inputs_products_and_provenance
runs/h2o_3um_method2_screen_v3/_failed_attempts/prescience_manifest05ac_lambda_serialization_job15171276/remote_run_root_snapshot/anchors/full_h2o/logical_target/h2o_3um_v3_w005/node04.lambda,19,preserve_run_inputs_products_and_provenance
runs/h2o_3um_method2_screen_v3/_failed_attempts/prescience_manifest05ac_lambda_serialization_job15171276/remote_run_root_snapshot/anchors/full_h2o/logical_target/h2o_3um_v3_w006/node00.lambda,19,preserve_run_inputs_products_and_provenance
runs/h2o_3um_method2_screen_v3/_failed_attempts/prescience_manifest05ac_lambda_serialization_job15171276/remote_run_root_snapshot/anchors/full_h2o/logical_target/h2o_3um_v3_w006/node01.lambda,19,preserve_run_inputs_products_and_provenance
runs/h2o_3um_method2_screen_v3/_failed_attempts/prescience_manifest05ac_lambda_serialization_job15171276/remote_run_root_snapshot/anchors/full_h2o/logical_target/h2o_3um_v3_w006/node02.lambda,19,preserve_run_inputs_products_and_provenance
runs/h2o_3um_method2_screen_v3/_failed_attempts/prescience_manifest05ac_lambda_serialization_job15171276/remote_run_root_snapshot/anchors/full_h2o/logical_target/h2o_3um_v3_w006/node03.lambda,19,preserve_run_inputs_products_and_provenance
runs/h2o_3um_method2_screen_v3/_failed_attempts/prescience_manifest05ac_lambda_serialization_job15171276/remote_run_root_snapshot/anchors/full_h2o/logical_target/h2o_3um_v3_w006/node04.lambda,19,preserve_run_inputs_products_and_provenance
runs/h2o_3um_method2_screen_v3/_failed_attempts/prescience_manifest05ac_lambda_serialization_job15171276/remote_run_root_snapshot/anchors/full_h2o/logical_target/h2o_3um_v3_w007/node00.lambda,19,preserve_run_inputs_products_and_provenance
runs/h2o_3um_method2_screen_v3/_failed_attempts/prescience_manifest05ac_lambda_serialization_job15171276/remote_run_root_snapshot/anchors/full_h2o/logical_target/h2o_3um_v3_w007/node01.lambda,19,preserve_run_inputs_products_and_provenance
runs/h2o_3um_method2_screen_v3/_failed_attempts/prescience_manifest05ac_lambda_serialization_job15171276/remote_run_root_snapshot/anchors/full_h2o/logical_target/h2o_3um_v3_w007/node02.lambda,19,preserve_run_inputs_products_and_provenance
runs/h2o_3um_method2_screen_v3/_failed_attempts/prescience_manifest05ac_lambda_serialization_job15171276/remote_run_root_snapshot/anchors/full_h2o/logical_target/h2o_3um_v3_w007/node03.lambda,19,preserve_run_inputs_products_and_provenance
runs/h2o_3um_method2_screen_v3/_failed_attempts/prescience_manifest05ac_lambda_serialization_job15171276/remote_run_root_snapshot/anchors/full_h2o/logical_target/h2o_3um_v3_w007/node04.lambda,19,preserve_run_inputs_products_and_provenance
runs/h2o_3um_method2_screen_v3/_failed_attempts/prescience_manifest05ac_lambda_serialization_job15171276/remote_run_root_snapshot/anchors/full_h2o/logical_target/h2o_3um_v3_w008/node00.lambda,18,preserve_run_inputs_products_and_provenance
runs/h2o_3um_method2_screen_v3/_failed_attempts/prescience_manifest05ac_lambda_serialization_job15171276/remote_run_root_snapshot/anchors/full_h2o/logical_target/h2o_3um_v3_w008/node01.lambda,19,preserve_run_inputs_products_and_provenance
runs/h2o_3um_method2_screen_v3/_failed_attempts/prescience_manifest05ac_lambda_serialization_job15171276/remote_run_root_snapshot/anchors/full_h2o/logical_target/h2o_3um_v3_w008/node02.lambda,19,preserve_run_inputs_products_and_provenance
runs/h2o_3um_method2_screen_v3/_failed_attempts/prescience_manifest05ac_lambda_serialization_job15171276/remote_run_root_snapshot/anchors/full_h2o/logical_target/h2o_3um_v3_w008/node03.lambda,19,preserve_run_inputs_products_and_provenance
runs/h2o_3um_method2_screen_v3/_failed_attempts/prescience_manifest05ac_lambda_serialization_job15171276/remote_run_root_snapshot/anchors/full_h2o/logical_target/h2o_3um_v3_w008/node04.lambda,19,preserve_run_inputs_products_and_provenance
runs/h2o_3um_method2_screen_v3/_failed_attempts/prescience_manifest05ac_lambda_serialization_job15171276/remote_run_root_snapshot/anchors/full_h2o/logical_target/h2o_3um_v3_w009/node00.lambda,19,preserve_run_inputs_products_and_provenance
runs/h2o_3um_method2_screen_v3/_failed_attempts/prescience_manifest05ac_lambda_serialization_job15171276/remote_run_root_snapshot/anchors/full_h2o/logical_target/h2o_3um_v3_w009/node01.lambda,19,preserve_run_inputs_products_and_provenance
runs/h2o_3um_method2_screen_v3/_failed_attempts/prescience_manifest05ac_lambda_serialization_job15171276/remote_run_root_snapshot/anchors/full_h2o/logical_target/h2o_3um_v3_w009/node02.lambda,19,preserve_run_inputs_products_and_provenance
runs/h2o_3um_method2_screen_v3/_failed_attempts/prescience_manifest05ac_lambda_serialization_job15171276/remote_run_root_snapshot/anchors/full_h2o/logical_target/h2o_3um_v3_w009/node03.lambda,19,preserve_run_inputs_products_and_provenance
runs/h2o_3um_method2_screen_v3/_failed_attempts/prescience_manifest05ac_lambda_serialization_job15171276/remote_run_root_snapshot/anchors/full_h2o/logical_target/h2o_3um_v3_w009/node04.lambda,19,preserve_run_inputs_products_and_provenance
runs/h2o_3um_method2_screen_v3/_failed_attempts/prescience_manifest05ac_lambda_serialization_job15171276/remote_run_root_snapshot/anchors/full_h2o/logical_target/h2o_3um_v3_w010/node00.lambda,19,preserve_run_inputs_products_and_provenance
runs/h2o_3um_method2_screen_v3/_failed_attempts/prescience_manifest05ac_lambda_serialization_job15171276/remote_run_root_snapshot/anchors/full_h2o/logical_target/h2o_3um_v3_w010/node01.lambda,19,preserve_run_inputs_products_and_provenance
runs/h2o_3um_method2_screen_v3/_failed_attempts/prescience_manifest05ac_lambda_serialization_job15171276/remote_run_root_snapshot/anchors/full_h2o/logical_target/h2o_3um_v3_w010/node02.lambda,19,preserve_run_inputs_products_and_provenance
runs/h2o_3um_method2_screen_v3/_failed_attempts/prescience_manifest05ac_lambda_serialization_job15171276/remote_run_root_snapshot/anchors/full_h2o/logical_target/h2o_3um_v3_w010/node03.lambda,19,preserve_run_inputs_products_and_provenance
runs/h2o_3um_method2_screen_v3/_failed_attempts/prescience_manifest05ac_lambda_serialization_job15171276/remote_run_root_snapshot/anchors/full_h2o/logical_target/h2o_3um_v3_w010/node04.lambda,19,preserve_run_inputs_products_and_provenance
runs/h2o_3um_method2_screen_v3/_failed_attempts/prescience_manifest05ac_lambda_serialization_job15171276/remote_run_root_snapshot/anchors/full_h2o/logical_target/h2o_3um_v3_w011/node00.lambda,19,preserve_run_inputs_products_and_provenance
runs/h2o_3um_method2_screen_v3/_failed_attempts/prescience_manifest05ac_lambda_serialization_job15171276/remote_run_root_snapshot/anchors/full_h2o/logical_target/h2o_3um_v3_w011/node01.lambda,19,preserve_run_inputs_products_and_provenance
runs/h2o_3um_method2_screen_v3/_failed_attempts/prescience_manifest05ac_lambda_serialization_job15171276/remote_run_root_snapshot/anchors/full_h2o/logical_target/h2o_3um_v3_w011/node02.lambda,19,preserve_run_inputs_products_and_provenance
runs/h2o_3um_method2_screen_v3/_failed_attempts/prescience_manifest05ac_lambda_serialization_job15171276/remote_run_root_snapshot/anchors/full_h2o/logical_target/h2o_3um_v3_w011/node03.lambda,19,preserve_run_inputs_products_and_provenance
runs/h2o_3um_method2_screen_v3/_failed_attempts/prescience_manifest05ac_lambda_serialization_job15171276/remote_run_root_snapshot/anchors/full_h2o/logical_target/h2o_3um_v3_w011/node04.lambda,19,preserve_run_inputs_products_and_provenance
runs/h2o_3um_method2_screen_v3/_failed_attempts/prescience_manifest05ac_lambda_serialization_job15171276/remote_run_root_snapshot/anchors/lambda_contract_smoke/anchor.lambda,19,preserve_run_inputs_products_and_provenance
runs/h2o_3um_method2_screen_v3/_failed_attempts/prescience_manifest05ac_lambda_serialization_job15171276/remote_run_root_snapshot/broadband_guardrail_tasks.tsv,15616,preserve_run_inputs_products_and_provenance
runs/h2o_3um_method2_screen_v3/_failed_attempts/prescience_manifest05ac_lambda_serialization_job15171276/remote_run_root_snapshot/field_pilot_tasks.tsv,79494,preserve_run_inputs_products_and_provenance
runs/h2o_3um_method2_screen_v3/_failed_attempts/prescience_manifest05ac_lambda_serialization_job15171276/remote_run_root_snapshot/full_h2o_tasks.tsv,143754,preserve_run_inputs_products_and_provenance
runs/h2o_3um_method2_screen_v3/_failed_attempts/prescience_manifest05ac_lambda_serialization_job15171276/remote_run_root_snapshot/input_manifest.json,34696,preserve_run_inputs_products_and_provenance
runs/h2o_3um_method2_screen_v3/_failed_attempts/prescience_manifest05ac_lambda_serialization_job15171276/remote_run_root_snapshot/input_manifest.json.sha256,86,preserve_run_inputs_products_and_provenance
runs/h2o_3um_method2_screen_v3/_failed_attempts/prescience_manifest05ac_lambda_serialization_job15171276/remote_run_root_snapshot/lambda_contract_smoke_execution/input/_dust_prop_SED.tmp,1043480,preserve_run_inputs_products_and_provenance
runs/h2o_3um_method2_screen_v3/_failed_attempts/prescience_manifest05ac_lambda_serialization_job15171276/remote_run_root_snapshot/lambda_contract_smoke_execution/input/anchor.lambda,19,preserve_run_inputs_products_and_provenance
runs/h2o_3um_method2_screen_v3/_failed_attempts/prescience_manifest05ac_lambda_serialization_job15171276/remote_run_root_snapshot/lambda_contract_smoke_execution/input/lambda_contract_smoke_rt.para,6190,preserve_run_inputs_products_and_provenance
runs/h2o_3um_method2_screen_v3/_failed_attempts/prescience_manifest05ac_lambda_serialization_job15171276/remote_run_root_snapshot/lambda_contract_smoke_execution/logs/method2.log,2479,preserve_run_inputs_products_and_provenance
runs/h2o_3um_method2_screen_v3/_failed_attempts/prescience_manifest05ac_lambda_serialization_job15171276/remote_run_root_snapshot/lambda_contract_smoke_execution/paired/Temperature.fits.gz,24535,preserve_run_inputs_products_and_provenance
runs/h2o_3um_method2_screen_v3/_failed_attempts/prescience_manifest05ac_lambda_serialization_job15171276/remote_run_root_snapshot/lambda_contract_smoke_execution/paired/seed=52099/data_th/RT.fits.gz,19776,preserve_run_inputs_products_and_provenance
runs/h2o_3um_method2_screen_v3/_failed_attempts/prescience_manifest05ac_lambda_serialization_job15171276/remote_run_root_snapshot/lambda_contract_smoke_execution/paired/seed=52099/data_th/sed_mc.fits.gz,1069,preserve_run_inputs_products_and_provenance
runs/h2o_3um_method2_screen_v3/_failed_attempts/prescience_manifest05ac_lambda_serialization_job15171276/remote_run_root_snapshot/lambda_contract_smoke_execution/paired/seed=52099/data_th/sed_rt.fits.gz,645,preserve_run_inputs_products_and_provenance
runs/h2o_3um_method2_screen_v3/_failed_attempts/prescience_manifest05ac_lambda_serialization_job15171276/remote_run_root_snapshot/my_mcfost_utils_overlay/Dust/Draine_Si_sUV.dat,53561,preserve_run_inputs_products_and_provenance
runs/h2o_3um_method2_screen_v3/_failed_attempts/prescience_manifest05ac_lambda_serialization_job15171276/remote_run_root_snapshot/my_mcfost_utils_overlay/Dust/H2O_30K_Leiden_mcfost.dat,153377,preserve_run_inputs_products_and_provenance
runs/h2o_3um_method2_screen_v3/_failed_attempts/prescience_manifest05ac_lambda_serialization_job15171276/remote_run_root_snapshot/parameters/h2o_selected_rt.para,6192,preserve_run_inputs_products_and_provenance
runs/h2o_3um_method2_screen_v3/_failed_attempts/prescience_manifest05ac_lambda_serialization_job15171276/remote_run_root_snapshot/parameters/lambda_contract_smoke_rt.para,6190,preserve_run_inputs_products_and_provenance
runs/h2o_3um_method2_screen_v3/_failed_attempts/prescience_manifest05ac_lambda_serialization_job15171276/remote_run_root_snapshot/parameters/original_dust_guardrail_rt.para,6034,preserve_run_inputs_products_and_provenance
runs/h2o_3um_method2_screen_v3/_failed_attempts/prescience_manifest05ac_lambda_serialization_job15171276/remote_run_root_snapshot/slurm-tmc1a_h2o_v3_aff-15171274.err,311,preserve_run_inputs_products_and_provenance
runs/h2o_3um_method2_screen_v3/_failed_attempts/prescience_manifest05ac_lambda_serialization_job15171276/remote_run_root_snapshot/slurm-tmc1a_h2o_v3_aff-15171274.out,111,preserve_run_inputs_products_and_provenance
runs/h2o_3um_method2_screen_v3/_failed_attempts/prescience_manifest05ac_lambda_serialization_job15171276/remote_run_root_snapshot/slurm-tmc1a_h2o_v3_wave-15171276.err,930,preserve_run_inputs_products_and_provenance
runs/h2o_3um_method2_screen_v3/_failed_attempts/prescience_manifest05ac_lambda_serialization_job15171276/remote_run_root_snapshot/slurm-tmc1a_h2o_v3_wave-15171276.out,0,preserve_run_inputs_products_and_provenance
runs/h2o_3um_method2_screen_v3/_failed_attempts/prescience_manifest05ac_lambda_serialization_job15171276/workflow_files/H2O_3UM_METHOD2_SCREEN_V3.md,5366,preserve_run_inputs_products_and_provenance
runs/h2o_3um_method2_screen_v3/_failed_attempts/prescience_manifest05ac_lambda_serialization_job15171276/workflow_files/finalize_h2o_3um_method2_screen_v3_field_pilot.py,29962,preserve_run_inputs_products_and_provenance
runs/h2o_3um_method2_screen_v3/_failed_attempts/prescience_manifest05ac_lambda_serialization_job15171276/workflow_files/freeze_h2o_3um_method2_screen_v3.py,37114,preserve_run_inputs_products_and_provenance
runs/h2o_3um_method2_screen_v3/_failed_attempts/prescience_manifest05ac_lambda_serialization_job15171276/workflow_files/h2o_3um_method2_measurement_kernel_v3.py,36582,preserve_run_inputs_products_and_provenance
runs/h2o_3um_method2_screen_v3/_failed_attempts/prescience_manifest05ac_lambda_serialization_job15171276/workflow_files/h2o_3um_method2_screen_v3_common.py,54725,preserve_run_inputs_products_and_provenance
runs/h2o_3um_method2_screen_v3/_failed_attempts/prescience_manifest05ac_lambda_serialization_job15171276/workflow_files/job_h2o_3um_method2_screen_v3_affinity_smoke.sh,1677,preserve_run_inputs_products_and_provenance
runs/h2o_3um_method2_screen_v3/_failed_attempts/prescience_manifest05ac_lambda_serialization_job15171276/workflow_files/job_h2o_3um_method2_screen_v3_field_pilot_array.sh,2781,preserve_run_inputs_products_and_provenance
runs/h2o_3um_method2_screen_v3/_failed_attempts/prescience_manifest05ac_lambda_serialization_job15171276/workflow_files/job_h2o_3um_method2_screen_v3_field_pilot_finalize.sh,2720,preserve_run_inputs_products_and_provenance
runs/h2o_3um_method2_screen_v3/_failed_attempts/prescience_manifest05ac_lambda_serialization_job15171276/workflow_files/job_h2o_3um_method2_screen_v3_lambda_contract_smoke.sh,2227,preserve_run_inputs_products_and_provenance
runs/h2o_3um_method2_screen_v3/_failed_attempts/prescience_manifest05ac_lambda_serialization_job15171276/workflow_files/launch_h2o_3um_method2_screen_v3.py,8554,preserve_run_inputs_products_and_provenance
runs/h2o_3um_method2_screen_v3/_failed_attempts/prescience_manifest05ac_lambda_serialization_job15171276/workflow_files/run_h2o_3um_method2_screen_v3_affinity_smoke.py,2382,preserve_run_inputs_products_and_provenance
runs/h2o_3um_method2_screen_v3/_failed_attempts/prescience_manifest05ac_lambda_serialization_job15171276/workflow_files/run_h2o_3um_method2_screen_v3_lambda_contract_smoke.py,17554,preserve_run_inputs_products_and_provenance
runs/h2o_3um_method2_screen_v3/_failed_attempts/prescience_manifest05ac_lambda_serialization_job15171276/workflow_files/run_h2o_3um_method2_screen_v3_task.py,36657,preserve_run_inputs_products_and_provenance
runs/h2o_3um_method2_screen_v3/_failed_attempts/prescience_manifest05ac_lambda_serialization_job15171276/workflow_files/test_freeze_h2o_3um_method2_screen_v3.py,10615,preserve_run_inputs_products_and_provenance
runs/h2o_3um_method2_screen_v3/_failed_attempts/prescience_manifest05ac_lambda_serialization_job15171276/workflow_files/test_h2o_3um_method2_measurement_v3.py,23282,preserve_run_inputs_products_and_provenance
runs/h2o_3um_method2_screen_v3/_failed_attempts/prescience_manifest05ac_lambda_serialization_job15171276/workflow_files/test_h2o_3um_method2_screen_v3_runner.py,13880,preserve_run_inputs_products_and_provenance
runs/h2o_3um_method2_screen_v3/_failed_attempts/prescience_manifest05ac_lambda_serialization_job15171276/workflow_files/validate_h2o_3um_method2_screen_v3_affinity_smoke.py,3649,preserve_run_inputs_products_and_provenance
runs/h2o_3um_method2_screen_v3/_failed_attempts/prescience_manifest05ac_lambda_serialization_job15171276/workflow_files/validate_h2o_3um_method2_screen_v3_lambda_contract_smoke.py,6707,preserve_run_inputs_products_and_provenance
runs/h2o_3um_method2_screen_v3/anchors/broadband_guardrail/w001/anchor.lambda,19,preserve_run_inputs_products_and_provenance
runs/h2o_3um_method2_screen_v3/anchors/broadband_guardrail/w002/anchor.lambda,19,preserve_run_inputs_products_and_provenance
runs/h2o_3um_method2_screen_v3/anchors/broadband_guardrail/w003/anchor.lambda,19,preserve_run_inputs_products_and_provenance
runs/h2o_3um_method2_screen_v3/anchors/broadband_guardrail/w004/anchor.lambda,19,preserve_run_inputs_products_and_provenance
runs/h2o_3um_method2_screen_v3/anchors/broadband_guardrail/w005/anchor.lambda,19,preserve_run_inputs_products_and_provenance
runs/h2o_3um_method2_screen_v3/anchors/broadband_guardrail/w006/anchor.lambda,19,preserve_run_inputs_products_and_provenance
runs/h2o_3um_method2_screen_v3/anchors/broadband_guardrail/w007/anchor.lambda,19,preserve_run_inputs_products_and_provenance
runs/h2o_3um_method2_screen_v3/anchors/broadband_guardrail/w008/anchor.lambda,19,preserve_run_inputs_products_and_provenance
runs/h2o_3um_method2_screen_v3/anchors/broadband_guardrail/w009/anchor.lambda,19,preserve_run_inputs_products_and_provenance
runs/h2o_3um_method2_screen_v3/anchors/field_pilot/continuum_support/h2o_continuum_blue_q20/node02.lambda,19,preserve_run_inputs_products_and_provenance
runs/h2o_3um_method2_screen_v3/anchors/field_pilot/continuum_support/h2o_continuum_blue_q50/node02.lambda,19,preserve_run_inputs_products_and_provenance
runs/h2o_3um_method2_screen_v3/anchors/field_pilot/continuum_support/h2o_continuum_blue_q80/node02.lambda,18,preserve_run_inputs_products_and_provenance
runs/h2o_3um_method2_screen_v3/anchors/field_pilot/continuum_support/h2o_continuum_red_q20/node02.lambda,18,preserve_run_inputs_products_and_provenance
runs/h2o_3um_method2_screen_v3/anchors/field_pilot/continuum_support/h2o_continuum_red_q50/node02.lambda,19,preserve_run_inputs_products_and_provenance
runs/h2o_3um_method2_screen_v3/anchors/field_pilot/continuum_support/h2o_continuum_red_q80/node02.lambda,19,preserve_run_inputs_products_and_provenance
runs/h2o_3um_method2_screen_v3/anchors/field_pilot/logical_target/h2o_3um_v3_w006/node00.lambda,19,preserve_run_inputs_products_and_provenance
runs/h2o_3um_method2_screen_v3/anchors/field_pilot/logical_target/h2o_3um_v3_w006/node01.lambda,19,preserve_run_inputs_products_and_provenance
runs/h2o_3um_method2_screen_v3/anchors/field_pilot/logical_target/h2o_3um_v3_w006/node02.lambda,19,preserve_run_inputs_products_and_provenance
runs/h2o_3um_method2_screen_v3/anchors/field_pilot/logical_target/h2o_3um_v3_w006/node03.lambda,19,preserve_run_inputs_products_and_provenance
runs/h2o_3um_method2_screen_v3/anchors/field_pilot/logical_target/h2o_3um_v3_w006/node04.lambda,19,preserve_run_inputs_products_and_provenance
runs/h2o_3um_method2_screen_v3/anchors/full_h2o/continuum_support/h2o_continuum_blue_q20/node00.lambda,19,preserve_run_inputs_products_and_provenance
runs/h2o_3um_method2_screen_v3/anchors/full_h2o/continuum_support/h2o_continuum_blue_q20/node01.lambda,19,preserve_run_inputs_products_and_provenance
runs/h2o_3um_method2_screen_v3/anchors/full_h2o/continuum_support/h2o_continuum_blue_q20/node02.lambda,19,preserve_run_inputs_products_and_provenance
runs/h2o_3um_method2_screen_v3/anchors/full_h2o/continuum_support/h2o_continuum_blue_q20/node03.lambda,19,preserve_run_inputs_products_and_provenance
runs/h2o_3um_method2_screen_v3/anchors/full_h2o/continuum_support/h2o_continuum_blue_q20/node04.lambda,19,preserve_run_inputs_products_and_provenance
runs/h2o_3um_method2_screen_v3/anchors/full_h2o/continuum_support/h2o_continuum_blue_q50/node00.lambda,19,preserve_run_inputs_products_and_provenance
runs/h2o_3um_method2_screen_v3/anchors/full_h2o/continuum_support/h2o_continuum_blue_q50/node01.lambda,17,preserve_run_inputs_products_and_provenance
runs/h2o_3um_method2_screen_v3/anchors/full_h2o/continuum_support/h2o_continuum_blue_q50/node02.lambda,19,preserve_run_inputs_products_and_provenance
runs/h2o_3um_method2_screen_v3/anchors/full_h2o/continuum_support/h2o_continuum_blue_q50/node03.lambda,18,preserve_run_inputs_products_and_provenance
runs/h2o_3um_method2_screen_v3/anchors/full_h2o/continuum_support/h2o_continuum_blue_q50/node04.lambda,19,preserve_run_inputs_products_and_provenance
runs/h2o_3um_method2_screen_v3/anchors/full_h2o/continuum_support/h2o_continuum_blue_q80/node00.lambda,19,preserve_run_inputs_products_and_provenance
runs/h2o_3um_method2_screen_v3/anchors/full_h2o/continuum_support/h2o_continuum_blue_q80/node01.lambda,19,preserve_run_inputs_products_and_provenance
runs/h2o_3um_method2_screen_v3/anchors/full_h2o/continuum_support/h2o_continuum_blue_q80/node02.lambda,18,preserve_run_inputs_products_and_provenance
runs/h2o_3um_method2_screen_v3/anchors/full_h2o/continuum_support/h2o_continuum_blue_q80/node03.lambda,19,preserve_run_inputs_products_and_provenance
runs/h2o_3um_method2_screen_v3/anchors/full_h2o/continuum_support/h2o_continuum_blue_q80/node04.lambda,19,preserve_run_inputs_products_and_provenance
runs/h2o_3um_method2_screen_v3/anchors/full_h2o/continuum_support/h2o_continuum_red_q20/node00.lambda,19,preserve_run_inputs_products_and_provenance
runs/h2o_3um_method2_screen_v3/anchors/full_h2o/continuum_support/h2o_continuum_red_q20/node01.lambda,19,preserve_run_inputs_products_and_provenance
runs/h2o_3um_method2_screen_v3/anchors/full_h2o/continuum_support/h2o_continuum_red_q20/node02.lambda,18,preserve_run_inputs_products_and_provenance
runs/h2o_3um_method2_screen_v3/anchors/full_h2o/continuum_support/h2o_continuum_red_q20/node03.lambda,19,preserve_run_inputs_products_and_provenance
runs/h2o_3um_method2_screen_v3/anchors/full_h2o/continuum_support/h2o_continuum_red_q20/node04.lambda,18,preserve_run_inputs_products_and_provenance
runs/h2o_3um_method2_screen_v3/anchors/full_h2o/continuum_support/h2o_continuum_red_q50/node00.lambda,19,preserve_run_inputs_products_and_provenance
runs/h2o_3um_method2_screen_v3/anchors/full_h2o/continuum_support/h2o_continuum_red_q50/node01.lambda,19,preserve_run_inputs_products_and_provenance
runs/h2o_3um_method2_screen_v3/anchors/full_h2o/continuum_support/h2o_continuum_red_q50/node02.lambda,19,preserve_run_inputs_products_and_provenance
runs/h2o_3um_method2_screen_v3/anchors/full_h2o/continuum_support/h2o_continuum_red_q50/node03.lambda,19,preserve_run_inputs_products_and_provenance
runs/h2o_3um_method2_screen_v3/anchors/full_h2o/continuum_support/h2o_continuum_red_q50/node04.lambda,19,preserve_run_inputs_products_and_provenance
runs/h2o_3um_method2_screen_v3/anchors/full_h2o/continuum_support/h2o_continuum_red_q80/node00.lambda,18,preserve_run_inputs_products_and_provenance
runs/h2o_3um_method2_screen_v3/anchors/full_h2o/continuum_support/h2o_continuum_red_q80/node01.lambda,19,preserve_run_inputs_products_and_provenance
runs/h2o_3um_method2_screen_v3/anchors/full_h2o/continuum_support/h2o_continuum_red_q80/node02.lambda,19,preserve_run_inputs_products_and_provenance
runs/h2o_3um_method2_screen_v3/anchors/full_h2o/continuum_support/h2o_continuum_red_q80/node03.lambda,19,preserve_run_inputs_products_and_provenance
runs/h2o_3um_method2_screen_v3/anchors/full_h2o/continuum_support/h2o_continuum_red_q80/node04.lambda,19,preserve_run_inputs_products_and_provenance
runs/h2o_3um_method2_screen_v3/anchors/full_h2o/logical_target/h2o_3um_v3_w001/node00.lambda,19,preserve_run_inputs_products_and_provenance
runs/h2o_3um_method2_screen_v3/anchors/full_h2o/logical_target/h2o_3um_v3_w001/node01.lambda,17,preserve_run_inputs_products_and_provenance
runs/h2o_3um_method2_screen_v3/anchors/full_h2o/logical_target/h2o_3um_v3_w001/node02.lambda,19,preserve_run_inputs_products_and_provenance
runs/h2o_3um_method2_screen_v3/anchors/full_h2o/logical_target/h2o_3um_v3_w001/node03.lambda,18,preserve_run_inputs_products_and_provenance
runs/h2o_3um_method2_screen_v3/anchors/full_h2o/logical_target/h2o_3um_v3_w001/node04.lambda,19,preserve_run_inputs_products_and_provenance
runs/h2o_3um_method2_screen_v3/anchors/full_h2o/logical_target/h2o_3um_v3_w002/node00.lambda,19,preserve_run_inputs_products_and_provenance
runs/h2o_3um_method2_screen_v3/anchors/full_h2o/logical_target/h2o_3um_v3_w002/node01.lambda,18,preserve_run_inputs_products_and_provenance
runs/h2o_3um_method2_screen_v3/anchors/full_h2o/logical_target/h2o_3um_v3_w002/node02.lambda,19,preserve_run_inputs_products_and_provenance
runs/h2o_3um_method2_screen_v3/anchors/full_h2o/logical_target/h2o_3um_v3_w002/node03.lambda,19,preserve_run_inputs_products_and_provenance
runs/h2o_3um_method2_screen_v3/anchors/full_h2o/logical_target/h2o_3um_v3_w002/node04.lambda,19,preserve_run_inputs_products_and_provenance
runs/h2o_3um_method2_screen_v3/anchors/full_h2o/logical_target/h2o_3um_v3_w003/node00.lambda,19,preserve_run_inputs_products_and_provenance
runs/h2o_3um_method2_screen_v3/anchors/full_h2o/logical_target/h2o_3um_v3_w003/node01.lambda,19,preserve_run_inputs_products_and_provenance
runs/h2o_3um_method2_screen_v3/anchors/full_h2o/logical_target/h2o_3um_v3_w003/node02.lambda,19,preserve_run_inputs_products_and_provenance
runs/h2o_3um_method2_screen_v3/anchors/full_h2o/logical_target/h2o_3um_v3_w003/node03.lambda,19,preserve_run_inputs_products_and_provenance
runs/h2o_3um_method2_screen_v3/anchors/full_h2o/logical_target/h2o_3um_v3_w003/node04.lambda,19,preserve_run_inputs_products_and_provenance
runs/h2o_3um_method2_screen_v3/anchors/full_h2o/logical_target/h2o_3um_v3_w004/node00.lambda,19,preserve_run_inputs_products_and_provenance
runs/h2o_3um_method2_screen_v3/anchors/full_h2o/logical_target/h2o_3um_v3_w004/node01.lambda,19,preserve_run_inputs_products_and_provenance
runs/h2o_3um_method2_screen_v3/anchors/full_h2o/logical_target/h2o_3um_v3_w004/node02.lambda,19,preserve_run_inputs_products_and_provenance
runs/h2o_3um_method2_screen_v3/anchors/full_h2o/logical_target/h2o_3um_v3_w004/node03.lambda,19,preserve_run_inputs_products_and_provenance
runs/h2o_3um_method2_screen_v3/anchors/full_h2o/logical_target/h2o_3um_v3_w004/node04.lambda,19,preserve_run_inputs_products_and_provenance
runs/h2o_3um_method2_screen_v3/anchors/full_h2o/logical_target/h2o_3um_v3_w005/node00.lambda,18,preserve_run_inputs_products_and_provenance
runs/h2o_3um_method2_screen_v3/anchors/full_h2o/logical_target/h2o_3um_v3_w005/node01.lambda,19,preserve_run_inputs_products_and_provenance
runs/h2o_3um_method2_screen_v3/anchors/full_h2o/logical_target/h2o_3um_v3_w005/node02.lambda,18,preserve_run_inputs_products_and_provenance
runs/h2o_3um_method2_screen_v3/anchors/full_h2o/logical_target/h2o_3um_v3_w005/node03.lambda,19,preserve_run_inputs_products_and_provenance
runs/h2o_3um_method2_screen_v3/anchors/full_h2o/logical_target/h2o_3um_v3_w005/node04.lambda,19,preserve_run_inputs_products_and_provenance
runs/h2o_3um_method2_screen_v3/anchors/full_h2o/logical_target/h2o_3um_v3_w006/node00.lambda,19,preserve_run_inputs_products_and_provenance
runs/h2o_3um_method2_screen_v3/anchors/full_h2o/logical_target/h2o_3um_v3_w006/node01.lambda,19,preserve_run_inputs_products_and_provenance
runs/h2o_3um_method2_screen_v3/anchors/full_h2o/logical_target/h2o_3um_v3_w006/node02.lambda,19,preserve_run_inputs_products_and_provenance
runs/h2o_3um_method2_screen_v3/anchors/full_h2o/logical_target/h2o_3um_v3_w006/node03.lambda,19,preserve_run_inputs_products_and_provenance
runs/h2o_3um_method2_screen_v3/anchors/full_h2o/logical_target/h2o_3um_v3_w006/node04.lambda,19,preserve_run_inputs_products_and_provenance
runs/h2o_3um_method2_screen_v3/anchors/full_h2o/logical_target/h2o_3um_v3_w007/node00.lambda,19,preserve_run_inputs_products_and_provenance
runs/h2o_3um_method2_screen_v3/anchors/full_h2o/logical_target/h2o_3um_v3_w007/node01.lambda,19,preserve_run_inputs_products_and_provenance
runs/h2o_3um_method2_screen_v3/anchors/full_h2o/logical_target/h2o_3um_v3_w007/node02.lambda,19,preserve_run_inputs_products_and_provenance
runs/h2o_3um_method2_screen_v3/anchors/full_h2o/logical_target/h2o_3um_v3_w007/node03.lambda,19,preserve_run_inputs_products_and_provenance
runs/h2o_3um_method2_screen_v3/anchors/full_h2o/logical_target/h2o_3um_v3_w007/node04.lambda,19,preserve_run_inputs_products_and_provenance
runs/h2o_3um_method2_screen_v3/anchors/full_h2o/logical_target/h2o_3um_v3_w008/node00.lambda,18,preserve_run_inputs_products_and_provenance
runs/h2o_3um_method2_screen_v3/anchors/full_h2o/logical_target/h2o_3um_v3_w008/node01.lambda,19,preserve_run_inputs_products_and_provenance
runs/h2o_3um_method2_screen_v3/anchors/full_h2o/logical_target/h2o_3um_v3_w008/node02.lambda,19,preserve_run_inputs_products_and_provenance
runs/h2o_3um_method2_screen_v3/anchors/full_h2o/logical_target/h2o_3um_v3_w008/node03.lambda,19,preserve_run_inputs_products_and_provenance
runs/h2o_3um_method2_screen_v3/anchors/full_h2o/logical_target/h2o_3um_v3_w008/node04.lambda,19,preserve_run_inputs_products_and_provenance
runs/h2o_3um_method2_screen_v3/anchors/full_h2o/logical_target/h2o_3um_v3_w009/node00.lambda,19,preserve_run_inputs_products_and_provenance
runs/h2o_3um_method2_screen_v3/anchors/full_h2o/logical_target/h2o_3um_v3_w009/node01.lambda,19,preserve_run_inputs_products_and_provenance
runs/h2o_3um_method2_screen_v3/anchors/full_h2o/logical_target/h2o_3um_v3_w009/node02.lambda,19,preserve_run_inputs_products_and_provenance
runs/h2o_3um_method2_screen_v3/anchors/full_h2o/logical_target/h2o_3um_v3_w009/node03.lambda,19,preserve_run_inputs_products_and_provenance
runs/h2o_3um_method2_screen_v3/anchors/full_h2o/logical_target/h2o_3um_v3_w009/node04.lambda,19,preserve_run_inputs_products_and_provenance
runs/h2o_3um_method2_screen_v3/anchors/full_h2o/logical_target/h2o_3um_v3_w010/node00.lambda,19,preserve_run_inputs_products_and_provenance
runs/h2o_3um_method2_screen_v3/anchors/full_h2o/logical_target/h2o_3um_v3_w010/node01.lambda,19,preserve_run_inputs_products_and_provenance
runs/h2o_3um_method2_screen_v3/anchors/full_h2o/logical_target/h2o_3um_v3_w010/node02.lambda,19,preserve_run_inputs_products_and_provenance
runs/h2o_3um_method2_screen_v3/anchors/full_h2o/logical_target/h2o_3um_v3_w010/node03.lambda,19,preserve_run_inputs_products_and_provenance
runs/h2o_3um_method2_screen_v3/anchors/full_h2o/logical_target/h2o_3um_v3_w010/node04.lambda,19,preserve_run_inputs_products_and_provenance
runs/h2o_3um_method2_screen_v3/anchors/full_h2o/logical_target/h2o_3um_v3_w011/node00.lambda,19,preserve_run_inputs_products_and_provenance
runs/h2o_3um_method2_screen_v3/anchors/full_h2o/logical_target/h2o_3um_v3_w011/node01.lambda,19,preserve_run_inputs_products_and_provenance
runs/h2o_3um_method2_screen_v3/anchors/full_h2o/logical_target/h2o_3um_v3_w011/node02.lambda,19,preserve_run_inputs_products_and_provenance
runs/h2o_3um_method2_screen_v3/anchors/full_h2o/logical_target/h2o_3um_v3_w011/node03.lambda,19,preserve_run_inputs_products_and_provenance
runs/h2o_3um_method2_screen_v3/anchors/full_h2o/logical_target/h2o_3um_v3_w011/node04.lambda,19,preserve_run_inputs_products_and_provenance
runs/h2o_3um_method2_screen_v3/anchors/lambda_contract_smoke/anchor.lambda,19,preserve_run_inputs_products_and_provenance
runs/h2o_3um_method2_screen_v3/broadband_guardrail_tasks.tsv,15616,preserve_run_inputs_products_and_provenance
runs/h2o_3um_method2_screen_v3/field_pilot_tasks.tsv,79494,preserve_run_inputs_products_and_provenance
runs/h2o_3um_method2_screen_v3/full_h2o_tasks.tsv,143754,preserve_run_inputs_products_and_provenance
runs/h2o_3um_method2_screen_v3/input_manifest.json,34696,preserve_run_inputs_products_and_provenance
runs/h2o_3um_method2_screen_v3/input_manifest.json.sha256,86,preserve_run_inputs_products_and_provenance
runs/h2o_3um_method2_screen_v3/my_mcfost_utils_overlay/Dust/Draine_Si_sUV.dat,53561,preserve_run_inputs_products_and_provenance
runs/h2o_3um_method2_screen_v3/my_mcfost_utils_overlay/Dust/H2O_30K_Leiden_mcfost.dat,153377,preserve_run_inputs_products_and_provenance
runs/h2o_3um_method2_screen_v3/parameters/h2o_selected_rt.para,6192,preserve_run_inputs_products_and_provenance
runs/h2o_3um_method2_screen_v3/parameters/lambda_contract_smoke_rt.para,6190,preserve_run_inputs_products_and_provenance
runs/h2o_3um_method2_screen_v3/parameters/original_dust_guardrail_rt.para,6034,preserve_run_inputs_products_and_provenance
runs/h2o_3um_method2_screen_v3_preliminary_prelauncher_20260726T1700/anchors/broadband_guardrail/w001/anchor.lambda,19,preserve_run_inputs_products_and_provenance
runs/h2o_3um_method2_screen_v3_preliminary_prelauncher_20260726T1700/anchors/broadband_guardrail/w002/anchor.lambda,19,preserve_run_inputs_products_and_provenance
runs/h2o_3um_method2_screen_v3_preliminary_prelauncher_20260726T1700/anchors/broadband_guardrail/w003/anchor.lambda,19,preserve_run_inputs_products_and_provenance
runs/h2o_3um_method2_screen_v3_preliminary_prelauncher_20260726T1700/anchors/broadband_guardrail/w004/anchor.lambda,19,preserve_run_inputs_products_and_provenance
runs/h2o_3um_method2_screen_v3_preliminary_prelauncher_20260726T1700/anchors/broadband_guardrail/w005/anchor.lambda,19,preserve_run_inputs_products_and_provenance
runs/h2o_3um_method2_screen_v3_preliminary_prelauncher_20260726T1700/anchors/broadband_guardrail/w006/anchor.lambda,19,preserve_run_inputs_products_and_provenance
runs/h2o_3um_method2_screen_v3_preliminary_prelauncher_20260726T1700/anchors/broadband_guardrail/w007/anchor.lambda,19,preserve_run_inputs_products_and_provenance
runs/h2o_3um_method2_screen_v3_preliminary_prelauncher_20260726T1700/anchors/broadband_guardrail/w008/anchor.lambda,19,preserve_run_inputs_products_and_provenance
runs/h2o_3um_method2_screen_v3_preliminary_prelauncher_20260726T1700/anchors/broadband_guardrail/w009/anchor.lambda,19,preserve_run_inputs_products_and_provenance
runs/h2o_3um_method2_screen_v3_preliminary_prelauncher_20260726T1700/anchors/field_pilot/continuum_support/h2o_continuum_blue_q20/node02.lambda,19,preserve_run_inputs_products_and_provenance
runs/h2o_3um_method2_screen_v3_preliminary_prelauncher_20260726T1700/anchors/field_pilot/continuum_support/h2o_continuum_blue_q50/node02.lambda,19,preserve_run_inputs_products_and_provenance
runs/h2o_3um_method2_screen_v3_preliminary_prelauncher_20260726T1700/anchors/field_pilot/continuum_support/h2o_continuum_blue_q80/node02.lambda,18,preserve_run_inputs_products_and_provenance
runs/h2o_3um_method2_screen_v3_preliminary_prelauncher_20260726T1700/anchors/field_pilot/continuum_support/h2o_continuum_red_q20/node02.lambda,18,preserve_run_inputs_products_and_provenance
runs/h2o_3um_method2_screen_v3_preliminary_prelauncher_20260726T1700/anchors/field_pilot/continuum_support/h2o_continuum_red_q50/node02.lambda,19,preserve_run_inputs_products_and_provenance
runs/h2o_3um_method2_screen_v3_preliminary_prelauncher_20260726T1700/anchors/field_pilot/continuum_support/h2o_continuum_red_q80/node02.lambda,19,preserve_run_inputs_products_and_provenance
runs/h2o_3um_method2_screen_v3_preliminary_prelauncher_20260726T1700/anchors/field_pilot/logical_target/h2o_3um_v3_w006/node00.lambda,19,preserve_run_inputs_products_and_provenance
runs/h2o_3um_method2_screen_v3_preliminary_prelauncher_20260726T1700/anchors/field_pilot/logical_target/h2o_3um_v3_w006/node01.lambda,19,preserve_run_inputs_products_and_provenance
runs/h2o_3um_method2_screen_v3_preliminary_prelauncher_20260726T1700/anchors/field_pilot/logical_target/h2o_3um_v3_w006/node02.lambda,19,preserve_run_inputs_products_and_provenance
runs/h2o_3um_method2_screen_v3_preliminary_prelauncher_20260726T1700/anchors/field_pilot/logical_target/h2o_3um_v3_w006/node03.lambda,19,preserve_run_inputs_products_and_provenance
runs/h2o_3um_method2_screen_v3_preliminary_prelauncher_20260726T1700/anchors/field_pilot/logical_target/h2o_3um_v3_w006/node04.lambda,19,preserve_run_inputs_products_and_provenance
runs/h2o_3um_method2_screen_v3_preliminary_prelauncher_20260726T1700/anchors/full_h2o/continuum_support/h2o_continuum_blue_q20/node00.lambda,19,preserve_run_inputs_products_and_provenance
runs/h2o_3um_method2_screen_v3_preliminary_prelauncher_20260726T1700/anchors/full_h2o/continuum_support/h2o_continuum_blue_q20/node01.lambda,19,preserve_run_inputs_products_and_provenance
runs/h2o_3um_method2_screen_v3_preliminary_prelauncher_20260726T1700/anchors/full_h2o/continuum_support/h2o_continuum_blue_q20/node02.lambda,19,preserve_run_inputs_products_and_provenance
runs/h2o_3um_method2_screen_v3_preliminary_prelauncher_20260726T1700/anchors/full_h2o/continuum_support/h2o_continuum_blue_q20/node03.lambda,19,preserve_run_inputs_products_and_provenance
runs/h2o_3um_method2_screen_v3_preliminary_prelauncher_20260726T1700/anchors/full_h2o/continuum_support/h2o_continuum_blue_q20/node04.lambda,19,preserve_run_inputs_products_and_provenance
runs/h2o_3um_method2_screen_v3_preliminary_prelauncher_20260726T1700/anchors/full_h2o/continuum_support/h2o_continuum_blue_q50/node00.lambda,19,preserve_run_inputs_products_and_provenance
runs/h2o_3um_method2_screen_v3_preliminary_prelauncher_20260726T1700/anchors/full_h2o/continuum_support/h2o_continuum_blue_q50/node01.lambda,17,preserve_run_inputs_products_and_provenance
runs/h2o_3um_method2_screen_v3_preliminary_prelauncher_20260726T1700/anchors/full_h2o/continuum_support/h2o_continuum_blue_q50/node02.lambda,19,preserve_run_inputs_products_and_provenance
runs/h2o_3um_method2_screen_v3_preliminary_prelauncher_20260726T1700/anchors/full_h2o/continuum_support/h2o_continuum_blue_q50/node03.lambda,18,preserve_run_inputs_products_and_provenance
runs/h2o_3um_method2_screen_v3_preliminary_prelauncher_20260726T1700/anchors/full_h2o/continuum_support/h2o_continuum_blue_q50/node04.lambda,19,preserve_run_inputs_products_and_provenance
runs/h2o_3um_method2_screen_v3_preliminary_prelauncher_20260726T1700/anchors/full_h2o/continuum_support/h2o_continuum_blue_q80/node00.lambda,19,preserve_run_inputs_products_and_provenance
runs/h2o_3um_method2_screen_v3_preliminary_prelauncher_20260726T1700/anchors/full_h2o/continuum_support/h2o_continuum_blue_q80/node01.lambda,19,preserve_run_inputs_products_and_provenance
runs/h2o_3um_method2_screen_v3_preliminary_prelauncher_20260726T1700/anchors/full_h2o/continuum_support/h2o_continuum_blue_q80/node02.lambda,18,preserve_run_inputs_products_and_provenance
runs/h2o_3um_method2_screen_v3_preliminary_prelauncher_20260726T1700/anchors/full_h2o/continuum_support/h2o_continuum_blue_q80/node03.lambda,19,preserve_run_inputs_products_and_provenance
runs/h2o_3um_method2_screen_v3_preliminary_prelauncher_20260726T1700/anchors/full_h2o/continuum_support/h2o_continuum_blue_q80/node04.lambda,19,preserve_run_inputs_products_and_provenance
runs/h2o_3um_method2_screen_v3_preliminary_prelauncher_20260726T1700/anchors/full_h2o/continuum_support/h2o_continuum_red_q20/node00.lambda,19,preserve_run_inputs_products_and_provenance
runs/h2o_3um_method2_screen_v3_preliminary_prelauncher_20260726T1700/anchors/full_h2o/continuum_support/h2o_continuum_red_q20/node01.lambda,19,preserve_run_inputs_products_and_provenance
runs/h2o_3um_method2_screen_v3_preliminary_prelauncher_20260726T1700/anchors/full_h2o/continuum_support/h2o_continuum_red_q20/node02.lambda,18,preserve_run_inputs_products_and_provenance
runs/h2o_3um_method2_screen_v3_preliminary_prelauncher_20260726T1700/anchors/full_h2o/continuum_support/h2o_continuum_red_q20/node03.lambda,19,preserve_run_inputs_products_and_provenance
runs/h2o_3um_method2_screen_v3_preliminary_prelauncher_20260726T1700/anchors/full_h2o/continuum_support/h2o_continuum_red_q20/node04.lambda,18,preserve_run_inputs_products_and_provenance
runs/h2o_3um_method2_screen_v3_preliminary_prelauncher_20260726T1700/anchors/full_h2o/continuum_support/h2o_continuum_red_q50/node00.lambda,19,preserve_run_inputs_products_and_provenance
runs/h2o_3um_method2_screen_v3_preliminary_prelauncher_20260726T1700/anchors/full_h2o/continuum_support/h2o_continuum_red_q50/node01.lambda,19,preserve_run_inputs_products_and_provenance
runs/h2o_3um_method2_screen_v3_preliminary_prelauncher_20260726T1700/anchors/full_h2o/continuum_support/h2o_continuum_red_q50/node02.lambda,19,preserve_run_inputs_products_and_provenance
runs/h2o_3um_method2_screen_v3_preliminary_prelauncher_20260726T1700/anchors/full_h2o/continuum_support/h2o_continuum_red_q50/node03.lambda,19,preserve_run_inputs_products_and_provenance
runs/h2o_3um_method2_screen_v3_preliminary_prelauncher_20260726T1700/anchors/full_h2o/continuum_support/h2o_continuum_red_q50/node04.lambda,19,preserve_run_inputs_products_and_provenance
runs/h2o_3um_method2_screen_v3_preliminary_prelauncher_20260726T1700/anchors/full_h2o/continuum_support/h2o_continuum_red_q80/node00.lambda,18,preserve_run_inputs_products_and_provenance
runs/h2o_3um_method2_screen_v3_preliminary_prelauncher_20260726T1700/anchors/full_h2o/continuum_support/h2o_continuum_red_q80/node01.lambda,19,preserve_run_inputs_products_and_provenance
runs/h2o_3um_method2_screen_v3_preliminary_prelauncher_20260726T1700/anchors/full_h2o/continuum_support/h2o_continuum_red_q80/node02.lambda,19,preserve_run_inputs_products_and_provenance
runs/h2o_3um_method2_screen_v3_preliminary_prelauncher_20260726T1700/anchors/full_h2o/continuum_support/h2o_continuum_red_q80/node03.lambda,19,preserve_run_inputs_products_and_provenance
runs/h2o_3um_method2_screen_v3_preliminary_prelauncher_20260726T1700/anchors/full_h2o/continuum_support/h2o_continuum_red_q80/node04.lambda,19,preserve_run_inputs_products_and_provenance
runs/h2o_3um_method2_screen_v3_preliminary_prelauncher_20260726T1700/anchors/full_h2o/logical_target/h2o_3um_v3_w001/node00.lambda,19,preserve_run_inputs_products_and_provenance
runs/h2o_3um_method2_screen_v3_preliminary_prelauncher_20260726T1700/anchors/full_h2o/logical_target/h2o_3um_v3_w001/node01.lambda,17,preserve_run_inputs_products_and_provenance
runs/h2o_3um_method2_screen_v3_preliminary_prelauncher_20260726T1700/anchors/full_h2o/logical_target/h2o_3um_v3_w001/node02.lambda,19,preserve_run_inputs_products_and_provenance
runs/h2o_3um_method2_screen_v3_preliminary_prelauncher_20260726T1700/anchors/full_h2o/logical_target/h2o_3um_v3_w001/node03.lambda,18,preserve_run_inputs_products_and_provenance
runs/h2o_3um_method2_screen_v3_preliminary_prelauncher_20260726T1700/anchors/full_h2o/logical_target/h2o_3um_v3_w001/node04.lambda,19,preserve_run_inputs_products_and_provenance
runs/h2o_3um_method2_screen_v3_preliminary_prelauncher_20260726T1700/anchors/full_h2o/logical_target/h2o_3um_v3_w002/node00.lambda,19,preserve_run_inputs_products_and_provenance
runs/h2o_3um_method2_screen_v3_preliminary_prelauncher_20260726T1700/anchors/full_h2o/logical_target/h2o_3um_v3_w002/node01.lambda,18,preserve_run_inputs_products_and_provenance
runs/h2o_3um_method2_screen_v3_preliminary_prelauncher_20260726T1700/anchors/full_h2o/logical_target/h2o_3um_v3_w002/node02.lambda,19,preserve_run_inputs_products_and_provenance
runs/h2o_3um_method2_screen_v3_preliminary_prelauncher_20260726T1700/anchors/full_h2o/logical_target/h2o_3um_v3_w002/node03.lambda,19,preserve_run_inputs_products_and_provenance
runs/h2o_3um_method2_screen_v3_preliminary_prelauncher_20260726T1700/anchors/full_h2o/logical_target/h2o_3um_v3_w002/node04.lambda,19,preserve_run_inputs_products_and_provenance
runs/h2o_3um_method2_screen_v3_preliminary_prelauncher_20260726T1700/anchors/full_h2o/logical_target/h2o_3um_v3_w003/node00.lambda,19,preserve_run_inputs_products_and_provenance
runs/h2o_3um_method2_screen_v3_preliminary_prelauncher_20260726T1700/anchors/full_h2o/logical_target/h2o_3um_v3_w003/node01.lambda,19,preserve_run_inputs_products_and_provenance
runs/h2o_3um_method2_screen_v3_preliminary_prelauncher_20260726T1700/anchors/full_h2o/logical_target/h2o_3um_v3_w003/node02.lambda,19,preserve_run_inputs_products_and_provenance
runs/h2o_3um_method2_screen_v3_preliminary_prelauncher_20260726T1700/anchors/full_h2o/logical_target/h2o_3um_v3_w003/node03.lambda,19,preserve_run_inputs_products_and_provenance
runs/h2o_3um_method2_screen_v3_preliminary_prelauncher_20260726T1700/anchors/full_h2o/logical_target/h2o_3um_v3_w003/node04.lambda,19,preserve_run_inputs_products_and_provenance
runs/h2o_3um_method2_screen_v3_preliminary_prelauncher_20260726T1700/anchors/full_h2o/logical_target/h2o_3um_v3_w004/node00.lambda,19,preserve_run_inputs_products_and_provenance
runs/h2o_3um_method2_screen_v3_preliminary_prelauncher_20260726T1700/anchors/full_h2o/logical_target/h2o_3um_v3_w004/node01.lambda,19,preserve_run_inputs_products_and_provenance
runs/h2o_3um_method2_screen_v3_preliminary_prelauncher_20260726T1700/anchors/full_h2o/logical_target/h2o_3um_v3_w004/node02.lambda,19,preserve_run_inputs_products_and_provenance
runs/h2o_3um_method2_screen_v3_preliminary_prelauncher_20260726T1700/anchors/full_h2o/logical_target/h2o_3um_v3_w004/node03.lambda,19,preserve_run_inputs_products_and_provenance
runs/h2o_3um_method2_screen_v3_preliminary_prelauncher_20260726T1700/anchors/full_h2o/logical_target/h2o_3um_v3_w004/node04.lambda,19,preserve_run_inputs_products_and_provenance
runs/h2o_3um_method2_screen_v3_preliminary_prelauncher_20260726T1700/anchors/full_h2o/logical_target/h2o_3um_v3_w005/node00.lambda,18,preserve_run_inputs_products_and_provenance
runs/h2o_3um_method2_screen_v3_preliminary_prelauncher_20260726T1700/anchors/full_h2o/logical_target/h2o_3um_v3_w005/node01.lambda,19,preserve_run_inputs_products_and_provenance
runs/h2o_3um_method2_screen_v3_preliminary_prelauncher_20260726T1700/anchors/full_h2o/logical_target/h2o_3um_v3_w005/node02.lambda,18,preserve_run_inputs_products_and_provenance
runs/h2o_3um_method2_screen_v3_preliminary_prelauncher_20260726T1700/anchors/full_h2o/logical_target/h2o_3um_v3_w005/node03.lambda,19,preserve_run_inputs_products_and_provenance
runs/h2o_3um_method2_screen_v3_preliminary_prelauncher_20260726T1700/anchors/full_h2o/logical_target/h2o_3um_v3_w005/node04.lambda,19,preserve_run_inputs_products_and_provenance
runs/h2o_3um_method2_screen_v3_preliminary_prelauncher_20260726T1700/anchors/full_h2o/logical_target/h2o_3um_v3_w006/node00.lambda,19,preserve_run_inputs_products_and_provenance
runs/h2o_3um_method2_screen_v3_preliminary_prelauncher_20260726T1700/anchors/full_h2o/logical_target/h2o_3um_v3_w006/node01.lambda,19,preserve_run_inputs_products_and_provenance
runs/h2o_3um_method2_screen_v3_preliminary_prelauncher_20260726T1700/anchors/full_h2o/logical_target/h2o_3um_v3_w006/node02.lambda,19,preserve_run_inputs_products_and_provenance
runs/h2o_3um_method2_screen_v3_preliminary_prelauncher_20260726T1700/anchors/full_h2o/logical_target/h2o_3um_v3_w006/node03.lambda,19,preserve_run_inputs_products_and_provenance
runs/h2o_3um_method2_screen_v3_preliminary_prelauncher_20260726T1700/anchors/full_h2o/logical_target/h2o_3um_v3_w006/node04.lambda,19,preserve_run_inputs_products_and_provenance
runs/h2o_3um_method2_screen_v3_preliminary_prelauncher_20260726T1700/anchors/full_h2o/logical_target/h2o_3um_v3_w007/node00.lambda,19,preserve_run_inputs_products_and_provenance
runs/h2o_3um_method2_screen_v3_preliminary_prelauncher_20260726T1700/anchors/full_h2o/logical_target/h2o_3um_v3_w007/node01.lambda,19,preserve_run_inputs_products_and_provenance
runs/h2o_3um_method2_screen_v3_preliminary_prelauncher_20260726T1700/anchors/full_h2o/logical_target/h2o_3um_v3_w007/node02.lambda,19,preserve_run_inputs_products_and_provenance
runs/h2o_3um_method2_screen_v3_preliminary_prelauncher_20260726T1700/anchors/full_h2o/logical_target/h2o_3um_v3_w007/node03.lambda,19,preserve_run_inputs_products_and_provenance
runs/h2o_3um_method2_screen_v3_preliminary_prelauncher_20260726T1700/anchors/full_h2o/logical_target/h2o_3um_v3_w007/node04.lambda,19,preserve_run_inputs_products_and_provenance
runs/h2o_3um_method2_screen_v3_preliminary_prelauncher_20260726T1700/anchors/full_h2o/logical_target/h2o_3um_v3_w008/node00.lambda,18,preserve_run_inputs_products_and_provenance
runs/h2o_3um_method2_screen_v3_preliminary_prelauncher_20260726T1700/anchors/full_h2o/logical_target/h2o_3um_v3_w008/node01.lambda,19,preserve_run_inputs_products_and_provenance
runs/h2o_3um_method2_screen_v3_preliminary_prelauncher_20260726T1700/anchors/full_h2o/logical_target/h2o_3um_v3_w008/node02.lambda,19,preserve_run_inputs_products_and_provenance
runs/h2o_3um_method2_screen_v3_preliminary_prelauncher_20260726T1700/anchors/full_h2o/logical_target/h2o_3um_v3_w008/node03.lambda,19,preserve_run_inputs_products_and_provenance
runs/h2o_3um_method2_screen_v3_preliminary_prelauncher_20260726T1700/anchors/full_h2o/logical_target/h2o_3um_v3_w008/node04.lambda,19,preserve_run_inputs_products_and_provenance
runs/h2o_3um_method2_screen_v3_preliminary_prelauncher_20260726T1700/anchors/full_h2o/logical_target/h2o_3um_v3_w009/node00.lambda,19,preserve_run_inputs_products_and_provenance
runs/h2o_3um_method2_screen_v3_preliminary_prelauncher_20260726T1700/anchors/full_h2o/logical_target/h2o_3um_v3_w009/node01.lambda,19,preserve_run_inputs_products_and_provenance
runs/h2o_3um_method2_screen_v3_preliminary_prelauncher_20260726T1700/anchors/full_h2o/logical_target/h2o_3um_v3_w009/node02.lambda,19,preserve_run_inputs_products_and_provenance
runs/h2o_3um_method2_screen_v3_preliminary_prelauncher_20260726T1700/anchors/full_h2o/logical_target/h2o_3um_v3_w009/node03.lambda,19,preserve_run_inputs_products_and_provenance
runs/h2o_3um_method2_screen_v3_preliminary_prelauncher_20260726T1700/anchors/full_h2o/logical_target/h2o_3um_v3_w009/node04.lambda,19,preserve_run_inputs_products_and_provenance
runs/h2o_3um_method2_screen_v3_preliminary_prelauncher_20260726T1700/anchors/full_h2o/logical_target/h2o_3um_v3_w010/node00.lambda,19,preserve_run_inputs_products_and_provenance
runs/h2o_3um_method2_screen_v3_preliminary_prelauncher_20260726T1700/anchors/full_h2o/logical_target/h2o_3um_v3_w010/node01.lambda,19,preserve_run_inputs_products_and_provenance
runs/h2o_3um_method2_screen_v3_preliminary_prelauncher_20260726T1700/anchors/full_h2o/logical_target/h2o_3um_v3_w010/node02.lambda,19,preserve_run_inputs_products_and_provenance
runs/h2o_3um_method2_screen_v3_preliminary_prelauncher_20260726T1700/anchors/full_h2o/logical_target/h2o_3um_v3_w010/node03.lambda,19,preserve_run_inputs_products_and_provenance
runs/h2o_3um_method2_screen_v3_preliminary_prelauncher_20260726T1700/anchors/full_h2o/logical_target/h2o_3um_v3_w010/node04.lambda,19,preserve_run_inputs_products_and_provenance
runs/h2o_3um_method2_screen_v3_preliminary_prelauncher_20260726T1700/anchors/full_h2o/logical_target/h2o_3um_v3_w011/node00.lambda,19,preserve_run_inputs_products_and_provenance
runs/h2o_3um_method2_screen_v3_preliminary_prelauncher_20260726T1700/anchors/full_h2o/logical_target/h2o_3um_v3_w011/node01.lambda,19,preserve_run_inputs_products_and_provenance
runs/h2o_3um_method2_screen_v3_preliminary_prelauncher_20260726T1700/anchors/full_h2o/logical_target/h2o_3um_v3_w011/node02.lambda,19,preserve_run_inputs_products_and_provenance
runs/h2o_3um_method2_screen_v3_preliminary_prelauncher_20260726T1700/anchors/full_h2o/logical_target/h2o_3um_v3_w011/node03.lambda,19,preserve_run_inputs_products_and_provenance
runs/h2o_3um_method2_screen_v3_preliminary_prelauncher_20260726T1700/anchors/full_h2o/logical_target/h2o_3um_v3_w011/node04.lambda,19,preserve_run_inputs_products_and_provenance
runs/h2o_3um_method2_screen_v3_preliminary_prelauncher_20260726T1700/anchors/lambda_contract_smoke/anchor.lambda,19,preserve_run_inputs_products_and_provenance
runs/h2o_3um_method2_screen_v3_preliminary_prelauncher_20260726T1700/broadband_guardrail_tasks.tsv,15616,preserve_run_inputs_products_and_provenance
runs/h2o_3um_method2_screen_v3_preliminary_prelauncher_20260726T1700/field_pilot_tasks.tsv,79494,preserve_run_inputs_products_and_provenance
runs/h2o_3um_method2_screen_v3_preliminary_prelauncher_20260726T1700/full_h2o_tasks.tsv,143754,preserve_run_inputs_products_and_provenance
runs/h2o_3um_method2_screen_v3_preliminary_prelauncher_20260726T1700/input_manifest.json,34573,preserve_run_inputs_products_and_provenance
runs/h2o_3um_method2_screen_v3_preliminary_prelauncher_20260726T1700/input_manifest.json.sha256,86,preserve_run_inputs_products_and_provenance
runs/h2o_3um_method2_screen_v3_preliminary_prelauncher_20260726T1700/my_mcfost_utils_overlay/Dust/Draine_Si_sUV.dat,53561,preserve_run_inputs_products_and_provenance
runs/h2o_3um_method2_screen_v3_preliminary_prelauncher_20260726T1700/my_mcfost_utils_overlay/Dust/H2O_30K_Leiden_mcfost.dat,153377,preserve_run_inputs_products_and_provenance
runs/h2o_3um_method2_screen_v3_preliminary_prelauncher_20260726T1700/parameters/h2o_selected_rt.para,6192,preserve_run_inputs_products_and_provenance
runs/h2o_3um_method2_screen_v3_preliminary_prelauncher_20260726T1700/parameters/lambda_contract_smoke_rt.para,6190,preserve_run_inputs_products_and_provenance
runs/h2o_3um_method2_screen_v3_preliminary_prelauncher_20260726T1700/parameters/original_dust_guardrail_rt.para,6034,preserve_run_inputs_products_and_provenance
runs/h2o_3um_method2_screen_v3_preliminary_pretestfix_20260726T1655/anchors/broadband_guardrail/w001/anchor.lambda,19,preserve_run_inputs_products_and_provenance
runs/h2o_3um_method2_screen_v3_preliminary_pretestfix_20260726T1655/anchors/broadband_guardrail/w002/anchor.lambda,19,preserve_run_inputs_products_and_provenance
runs/h2o_3um_method2_screen_v3_preliminary_pretestfix_20260726T1655/anchors/broadband_guardrail/w003/anchor.lambda,19,preserve_run_inputs_products_and_provenance
runs/h2o_3um_method2_screen_v3_preliminary_pretestfix_20260726T1655/anchors/broadband_guardrail/w004/anchor.lambda,19,preserve_run_inputs_products_and_provenance
runs/h2o_3um_method2_screen_v3_preliminary_pretestfix_20260726T1655/anchors/broadband_guardrail/w005/anchor.lambda,19,preserve_run_inputs_products_and_provenance
runs/h2o_3um_method2_screen_v3_preliminary_pretestfix_20260726T1655/anchors/broadband_guardrail/w006/anchor.lambda,19,preserve_run_inputs_products_and_provenance
runs/h2o_3um_method2_screen_v3_preliminary_pretestfix_20260726T1655/anchors/broadband_guardrail/w007/anchor.lambda,19,preserve_run_inputs_products_and_provenance
runs/h2o_3um_method2_screen_v3_preliminary_pretestfix_20260726T1655/anchors/broadband_guardrail/w008/anchor.lambda,19,preserve_run_inputs_products_and_provenance
runs/h2o_3um_method2_screen_v3_preliminary_pretestfix_20260726T1655/anchors/broadband_guardrail/w009/anchor.lambda,19,preserve_run_inputs_products_and_provenance
runs/h2o_3um_method2_screen_v3_preliminary_pretestfix_20260726T1655/anchors/field_pilot/continuum_support/h2o_continuum_blue_q20/node02.lambda,19,preserve_run_inputs_products_and_provenance
runs/h2o_3um_method2_screen_v3_preliminary_pretestfix_20260726T1655/anchors/field_pilot/continuum_support/h2o_continuum_blue_q50/node02.lambda,19,preserve_run_inputs_products_and_provenance
runs/h2o_3um_method2_screen_v3_preliminary_pretestfix_20260726T1655/anchors/field_pilot/continuum_support/h2o_continuum_blue_q80/node02.lambda,18,preserve_run_inputs_products_and_provenance
runs/h2o_3um_method2_screen_v3_preliminary_pretestfix_20260726T1655/anchors/field_pilot/continuum_support/h2o_continuum_red_q20/node02.lambda,18,preserve_run_inputs_products_and_provenance
runs/h2o_3um_method2_screen_v3_preliminary_pretestfix_20260726T1655/anchors/field_pilot/continuum_support/h2o_continuum_red_q50/node02.lambda,19,preserve_run_inputs_products_and_provenance
runs/h2o_3um_method2_screen_v3_preliminary_pretestfix_20260726T1655/anchors/field_pilot/continuum_support/h2o_continuum_red_q80/node02.lambda,19,preserve_run_inputs_products_and_provenance
runs/h2o_3um_method2_screen_v3_preliminary_pretestfix_20260726T1655/anchors/field_pilot/logical_target/h2o_3um_v3_w006/node00.lambda,19,preserve_run_inputs_products_and_provenance
runs/h2o_3um_method2_screen_v3_preliminary_pretestfix_20260726T1655/anchors/field_pilot/logical_target/h2o_3um_v3_w006/node01.lambda,19,preserve_run_inputs_products_and_provenance
runs/h2o_3um_method2_screen_v3_preliminary_pretestfix_20260726T1655/anchors/field_pilot/logical_target/h2o_3um_v3_w006/node02.lambda,19,preserve_run_inputs_products_and_provenance
runs/h2o_3um_method2_screen_v3_preliminary_pretestfix_20260726T1655/anchors/field_pilot/logical_target/h2o_3um_v3_w006/node03.lambda,19,preserve_run_inputs_products_and_provenance
runs/h2o_3um_method2_screen_v3_preliminary_pretestfix_20260726T1655/anchors/field_pilot/logical_target/h2o_3um_v3_w006/node04.lambda,19,preserve_run_inputs_products_and_provenance
runs/h2o_3um_method2_screen_v3_preliminary_pretestfix_20260726T1655/anchors/full_h2o/continuum_support/h2o_continuum_blue_q20/node00.lambda,19,preserve_run_inputs_products_and_provenance
runs/h2o_3um_method2_screen_v3_preliminary_pretestfix_20260726T1655/anchors/full_h2o/continuum_support/h2o_continuum_blue_q20/node01.lambda,19,preserve_run_inputs_products_and_provenance
runs/h2o_3um_method2_screen_v3_preliminary_pretestfix_20260726T1655/anchors/full_h2o/continuum_support/h2o_continuum_blue_q20/node02.lambda,19,preserve_run_inputs_products_and_provenance
runs/h2o_3um_method2_screen_v3_preliminary_pretestfix_20260726T1655/anchors/full_h2o/continuum_support/h2o_continuum_blue_q20/node03.lambda,19,preserve_run_inputs_products_and_provenance
runs/h2o_3um_method2_screen_v3_preliminary_pretestfix_20260726T1655/anchors/full_h2o/continuum_support/h2o_continuum_blue_q20/node04.lambda,19,preserve_run_inputs_products_and_provenance
runs/h2o_3um_method2_screen_v3_preliminary_pretestfix_20260726T1655/anchors/full_h2o/continuum_support/h2o_continuum_blue_q50/node00.lambda,19,preserve_run_inputs_products_and_provenance
runs/h2o_3um_method2_screen_v3_preliminary_pretestfix_20260726T1655/anchors/full_h2o/continuum_support/h2o_continuum_blue_q50/node01.lambda,17,preserve_run_inputs_products_and_provenance
runs/h2o_3um_method2_screen_v3_preliminary_pretestfix_20260726T1655/anchors/full_h2o/continuum_support/h2o_continuum_blue_q50/node02.lambda,19,preserve_run_inputs_products_and_provenance
runs/h2o_3um_method2_screen_v3_preliminary_pretestfix_20260726T1655/anchors/full_h2o/continuum_support/h2o_continuum_blue_q50/node03.lambda,18,preserve_run_inputs_products_and_provenance
runs/h2o_3um_method2_screen_v3_preliminary_pretestfix_20260726T1655/anchors/full_h2o/continuum_support/h2o_continuum_blue_q50/node04.lambda,19,preserve_run_inputs_products_and_provenance
runs/h2o_3um_method2_screen_v3_preliminary_pretestfix_20260726T1655/anchors/full_h2o/continuum_support/h2o_continuum_blue_q80/node00.lambda,19,preserve_run_inputs_products_and_provenance
runs/h2o_3um_method2_screen_v3_preliminary_pretestfix_20260726T1655/anchors/full_h2o/continuum_support/h2o_continuum_blue_q80/node01.lambda,19,preserve_run_inputs_products_and_provenance
runs/h2o_3um_method2_screen_v3_preliminary_pretestfix_20260726T1655/anchors/full_h2o/continuum_support/h2o_continuum_blue_q80/node02.lambda,18,preserve_run_inputs_products_and_provenance
runs/h2o_3um_method2_screen_v3_preliminary_pretestfix_20260726T1655/anchors/full_h2o/continuum_support/h2o_continuum_blue_q80/node03.lambda,19,preserve_run_inputs_products_and_provenance
runs/h2o_3um_method2_screen_v3_preliminary_pretestfix_20260726T1655/anchors/full_h2o/continuum_support/h2o_continuum_blue_q80/node04.lambda,19,preserve_run_inputs_products_and_provenance
runs/h2o_3um_method2_screen_v3_preliminary_pretestfix_20260726T1655/anchors/full_h2o/continuum_support/h2o_continuum_red_q20/node00.lambda,19,preserve_run_inputs_products_and_provenance
runs/h2o_3um_method2_screen_v3_preliminary_pretestfix_20260726T1655/anchors/full_h2o/continuum_support/h2o_continuum_red_q20/node01.lambda,19,preserve_run_inputs_products_and_provenance
runs/h2o_3um_method2_screen_v3_preliminary_pretestfix_20260726T1655/anchors/full_h2o/continuum_support/h2o_continuum_red_q20/node02.lambda,18,preserve_run_inputs_products_and_provenance
runs/h2o_3um_method2_screen_v3_preliminary_pretestfix_20260726T1655/anchors/full_h2o/continuum_support/h2o_continuum_red_q20/node03.lambda,19,preserve_run_inputs_products_and_provenance
runs/h2o_3um_method2_screen_v3_preliminary_pretestfix_20260726T1655/anchors/full_h2o/continuum_support/h2o_continuum_red_q20/node04.lambda,18,preserve_run_inputs_products_and_provenance
runs/h2o_3um_method2_screen_v3_preliminary_pretestfix_20260726T1655/anchors/full_h2o/continuum_support/h2o_continuum_red_q50/node00.lambda,19,preserve_run_inputs_products_and_provenance
runs/h2o_3um_method2_screen_v3_preliminary_pretestfix_20260726T1655/anchors/full_h2o/continuum_support/h2o_continuum_red_q50/node01.lambda,19,preserve_run_inputs_products_and_provenance
runs/h2o_3um_method2_screen_v3_preliminary_pretestfix_20260726T1655/anchors/full_h2o/continuum_support/h2o_continuum_red_q50/node02.lambda,19,preserve_run_inputs_products_and_provenance
runs/h2o_3um_method2_screen_v3_preliminary_pretestfix_20260726T1655/anchors/full_h2o/continuum_support/h2o_continuum_red_q50/node03.lambda,19,preserve_run_inputs_products_and_provenance
runs/h2o_3um_method2_screen_v3_preliminary_pretestfix_20260726T1655/anchors/full_h2o/continuum_support/h2o_continuum_red_q50/node04.lambda,19,preserve_run_inputs_products_and_provenance
runs/h2o_3um_method2_screen_v3_preliminary_pretestfix_20260726T1655/anchors/full_h2o/continuum_support/h2o_continuum_red_q80/node00.lambda,18,preserve_run_inputs_products_and_provenance
runs/h2o_3um_method2_screen_v3_preliminary_pretestfix_20260726T1655/anchors/full_h2o/continuum_support/h2o_continuum_red_q80/node01.lambda,19,preserve_run_inputs_products_and_provenance
runs/h2o_3um_method2_screen_v3_preliminary_pretestfix_20260726T1655/anchors/full_h2o/continuum_support/h2o_continuum_red_q80/node02.lambda,19,preserve_run_inputs_products_and_provenance
runs/h2o_3um_method2_screen_v3_preliminary_pretestfix_20260726T1655/anchors/full_h2o/continuum_support/h2o_continuum_red_q80/node03.lambda,19,preserve_run_inputs_products_and_provenance
runs/h2o_3um_method2_screen_v3_preliminary_pretestfix_20260726T1655/anchors/full_h2o/continuum_support/h2o_continuum_red_q80/node04.lambda,19,preserve_run_inputs_products_and_provenance
runs/h2o_3um_method2_screen_v3_preliminary_pretestfix_20260726T1655/anchors/full_h2o/logical_target/h2o_3um_v3_w001/node00.lambda,19,preserve_run_inputs_products_and_provenance
runs/h2o_3um_method2_screen_v3_preliminary_pretestfix_20260726T1655/anchors/full_h2o/logical_target/h2o_3um_v3_w001/node01.lambda,17,preserve_run_inputs_products_and_provenance
runs/h2o_3um_method2_screen_v3_preliminary_pretestfix_20260726T1655/anchors/full_h2o/logical_target/h2o_3um_v3_w001/node02.lambda,19,preserve_run_inputs_products_and_provenance
runs/h2o_3um_method2_screen_v3_preliminary_pretestfix_20260726T1655/anchors/full_h2o/logical_target/h2o_3um_v3_w001/node03.lambda,18,preserve_run_inputs_products_and_provenance
runs/h2o_3um_method2_screen_v3_preliminary_pretestfix_20260726T1655/anchors/full_h2o/logical_target/h2o_3um_v3_w001/node04.lambda,19,preserve_run_inputs_products_and_provenance
runs/h2o_3um_method2_screen_v3_preliminary_pretestfix_20260726T1655/anchors/full_h2o/logical_target/h2o_3um_v3_w002/node00.lambda,19,preserve_run_inputs_products_and_provenance
runs/h2o_3um_method2_screen_v3_preliminary_pretestfix_20260726T1655/anchors/full_h2o/logical_target/h2o_3um_v3_w002/node01.lambda,18,preserve_run_inputs_products_and_provenance
runs/h2o_3um_method2_screen_v3_preliminary_pretestfix_20260726T1655/anchors/full_h2o/logical_target/h2o_3um_v3_w002/node02.lambda,19,preserve_run_inputs_products_and_provenance
runs/h2o_3um_method2_screen_v3_preliminary_pretestfix_20260726T1655/anchors/full_h2o/logical_target/h2o_3um_v3_w002/node03.lambda,19,preserve_run_inputs_products_and_provenance
runs/h2o_3um_method2_screen_v3_preliminary_pretestfix_20260726T1655/anchors/full_h2o/logical_target/h2o_3um_v3_w002/node04.lambda,19,preserve_run_inputs_products_and_provenance
runs/h2o_3um_method2_screen_v3_preliminary_pretestfix_20260726T1655/anchors/full_h2o/logical_target/h2o_3um_v3_w003/node00.lambda,19,preserve_run_inputs_products_and_provenance
runs/h2o_3um_method2_screen_v3_preliminary_pretestfix_20260726T1655/anchors/full_h2o/logical_target/h2o_3um_v3_w003/node01.lambda,19,preserve_run_inputs_products_and_provenance
runs/h2o_3um_method2_screen_v3_preliminary_pretestfix_20260726T1655/anchors/full_h2o/logical_target/h2o_3um_v3_w003/node02.lambda,19,preserve_run_inputs_products_and_provenance
runs/h2o_3um_method2_screen_v3_preliminary_pretestfix_20260726T1655/anchors/full_h2o/logical_target/h2o_3um_v3_w003/node03.lambda,19,preserve_run_inputs_products_and_provenance
runs/h2o_3um_method2_screen_v3_preliminary_pretestfix_20260726T1655/anchors/full_h2o/logical_target/h2o_3um_v3_w003/node04.lambda,19,preserve_run_inputs_products_and_provenance
runs/h2o_3um_method2_screen_v3_preliminary_pretestfix_20260726T1655/anchors/full_h2o/logical_target/h2o_3um_v3_w004/node00.lambda,19,preserve_run_inputs_products_and_provenance
runs/h2o_3um_method2_screen_v3_preliminary_pretestfix_20260726T1655/anchors/full_h2o/logical_target/h2o_3um_v3_w004/node01.lambda,19,preserve_run_inputs_products_and_provenance
runs/h2o_3um_method2_screen_v3_preliminary_pretestfix_20260726T1655/anchors/full_h2o/logical_target/h2o_3um_v3_w004/node02.lambda,19,preserve_run_inputs_products_and_provenance
runs/h2o_3um_method2_screen_v3_preliminary_pretestfix_20260726T1655/anchors/full_h2o/logical_target/h2o_3um_v3_w004/node03.lambda,19,preserve_run_inputs_products_and_provenance
runs/h2o_3um_method2_screen_v3_preliminary_pretestfix_20260726T1655/anchors/full_h2o/logical_target/h2o_3um_v3_w004/node04.lambda,19,preserve_run_inputs_products_and_provenance
runs/h2o_3um_method2_screen_v3_preliminary_pretestfix_20260726T1655/anchors/full_h2o/logical_target/h2o_3um_v3_w005/node00.lambda,18,preserve_run_inputs_products_and_provenance
runs/h2o_3um_method2_screen_v3_preliminary_pretestfix_20260726T1655/anchors/full_h2o/logical_target/h2o_3um_v3_w005/node01.lambda,19,preserve_run_inputs_products_and_provenance
runs/h2o_3um_method2_screen_v3_preliminary_pretestfix_20260726T1655/anchors/full_h2o/logical_target/h2o_3um_v3_w005/node02.lambda,18,preserve_run_inputs_products_and_provenance
runs/h2o_3um_method2_screen_v3_preliminary_pretestfix_20260726T1655/anchors/full_h2o/logical_target/h2o_3um_v3_w005/node03.lambda,19,preserve_run_inputs_products_and_provenance
runs/h2o_3um_method2_screen_v3_preliminary_pretestfix_20260726T1655/anchors/full_h2o/logical_target/h2o_3um_v3_w005/node04.lambda,19,preserve_run_inputs_products_and_provenance
runs/h2o_3um_method2_screen_v3_preliminary_pretestfix_20260726T1655/anchors/full_h2o/logical_target/h2o_3um_v3_w006/node00.lambda,19,preserve_run_inputs_products_and_provenance
runs/h2o_3um_method2_screen_v3_preliminary_pretestfix_20260726T1655/anchors/full_h2o/logical_target/h2o_3um_v3_w006/node01.lambda,19,preserve_run_inputs_products_and_provenance
runs/h2o_3um_method2_screen_v3_preliminary_pretestfix_20260726T1655/anchors/full_h2o/logical_target/h2o_3um_v3_w006/node02.lambda,19,preserve_run_inputs_products_and_provenance
runs/h2o_3um_method2_screen_v3_preliminary_pretestfix_20260726T1655/anchors/full_h2o/logical_target/h2o_3um_v3_w006/node03.lambda,19,preserve_run_inputs_products_and_provenance
runs/h2o_3um_method2_screen_v3_preliminary_pretestfix_20260726T1655/anchors/full_h2o/logical_target/h2o_3um_v3_w006/node04.lambda,19,preserve_run_inputs_products_and_provenance
runs/h2o_3um_method2_screen_v3_preliminary_pretestfix_20260726T1655/anchors/full_h2o/logical_target/h2o_3um_v3_w007/node00.lambda,19,preserve_run_inputs_products_and_provenance
runs/h2o_3um_method2_screen_v3_preliminary_pretestfix_20260726T1655/anchors/full_h2o/logical_target/h2o_3um_v3_w007/node01.lambda,19,preserve_run_inputs_products_and_provenance
runs/h2o_3um_method2_screen_v3_preliminary_pretestfix_20260726T1655/anchors/full_h2o/logical_target/h2o_3um_v3_w007/node02.lambda,19,preserve_run_inputs_products_and_provenance
runs/h2o_3um_method2_screen_v3_preliminary_pretestfix_20260726T1655/anchors/full_h2o/logical_target/h2o_3um_v3_w007/node03.lambda,19,preserve_run_inputs_products_and_provenance
runs/h2o_3um_method2_screen_v3_preliminary_pretestfix_20260726T1655/anchors/full_h2o/logical_target/h2o_3um_v3_w007/node04.lambda,19,preserve_run_inputs_products_and_provenance
runs/h2o_3um_method2_screen_v3_preliminary_pretestfix_20260726T1655/anchors/full_h2o/logical_target/h2o_3um_v3_w008/node00.lambda,18,preserve_run_inputs_products_and_provenance
runs/h2o_3um_method2_screen_v3_preliminary_pretestfix_20260726T1655/anchors/full_h2o/logical_target/h2o_3um_v3_w008/node01.lambda,19,preserve_run_inputs_products_and_provenance
runs/h2o_3um_method2_screen_v3_preliminary_pretestfix_20260726T1655/anchors/full_h2o/logical_target/h2o_3um_v3_w008/node02.lambda,19,preserve_run_inputs_products_and_provenance
runs/h2o_3um_method2_screen_v3_preliminary_pretestfix_20260726T1655/anchors/full_h2o/logical_target/h2o_3um_v3_w008/node03.lambda,19,preserve_run_inputs_products_and_provenance
runs/h2o_3um_method2_screen_v3_preliminary_pretestfix_20260726T1655/anchors/full_h2o/logical_target/h2o_3um_v3_w008/node04.lambda,19,preserve_run_inputs_products_and_provenance
runs/h2o_3um_method2_screen_v3_preliminary_pretestfix_20260726T1655/anchors/full_h2o/logical_target/h2o_3um_v3_w009/node00.lambda,19,preserve_run_inputs_products_and_provenance
runs/h2o_3um_method2_screen_v3_preliminary_pretestfix_20260726T1655/anchors/full_h2o/logical_target/h2o_3um_v3_w009/node01.lambda,19,preserve_run_inputs_products_and_provenance
runs/h2o_3um_method2_screen_v3_preliminary_pretestfix_20260726T1655/anchors/full_h2o/logical_target/h2o_3um_v3_w009/node02.lambda,19,preserve_run_inputs_products_and_provenance
runs/h2o_3um_method2_screen_v3_preliminary_pretestfix_20260726T1655/anchors/full_h2o/logical_target/h2o_3um_v3_w009/node03.lambda,19,preserve_run_inputs_products_and_provenance
runs/h2o_3um_method2_screen_v3_preliminary_pretestfix_20260726T1655/anchors/full_h2o/logical_target/h2o_3um_v3_w009/node04.lambda,19,preserve_run_inputs_products_and_provenance
runs/h2o_3um_method2_screen_v3_preliminary_pretestfix_20260726T1655/anchors/full_h2o/logical_target/h2o_3um_v3_w010/node00.lambda,19,preserve_run_inputs_products_and_provenance
runs/h2o_3um_method2_screen_v3_preliminary_pretestfix_20260726T1655/anchors/full_h2o/logical_target/h2o_3um_v3_w010/node01.lambda,19,preserve_run_inputs_products_and_provenance
runs/h2o_3um_method2_screen_v3_preliminary_pretestfix_20260726T1655/anchors/full_h2o/logical_target/h2o_3um_v3_w010/node02.lambda,19,preserve_run_inputs_products_and_provenance
runs/h2o_3um_method2_screen_v3_preliminary_pretestfix_20260726T1655/anchors/full_h2o/logical_target/h2o_3um_v3_w010/node03.lambda,19,preserve_run_inputs_products_and_provenance
runs/h2o_3um_method2_screen_v3_preliminary_pretestfix_20260726T1655/anchors/full_h2o/logical_target/h2o_3um_v3_w010/node04.lambda,19,preserve_run_inputs_products_and_provenance
runs/h2o_3um_method2_screen_v3_preliminary_pretestfix_20260726T1655/anchors/full_h2o/logical_target/h2o_3um_v3_w011/node00.lambda,19,preserve_run_inputs_products_and_provenance
runs/h2o_3um_method2_screen_v3_preliminary_pretestfix_20260726T1655/anchors/full_h2o/logical_target/h2o_3um_v3_w011/node01.lambda,19,preserve_run_inputs_products_and_provenance
runs/h2o_3um_method2_screen_v3_preliminary_pretestfix_20260726T1655/anchors/full_h2o/logical_target/h2o_3um_v3_w011/node02.lambda,19,preserve_run_inputs_products_and_provenance
runs/h2o_3um_method2_screen_v3_preliminary_pretestfix_20260726T1655/anchors/full_h2o/logical_target/h2o_3um_v3_w011/node03.lambda,19,preserve_run_inputs_products_and_provenance
runs/h2o_3um_method2_screen_v3_preliminary_pretestfix_20260726T1655/anchors/full_h2o/logical_target/h2o_3um_v3_w011/node04.lambda,19,preserve_run_inputs_products_and_provenance
runs/h2o_3um_method2_screen_v3_preliminary_pretestfix_20260726T1655/anchors/lambda_contract_smoke/anchor.lambda,19,preserve_run_inputs_products_and_provenance
runs/h2o_3um_method2_screen_v3_preliminary_pretestfix_20260726T1655/broadband_guardrail_tasks.tsv,15616,preserve_run_inputs_products_and_provenance
runs/h2o_3um_method2_screen_v3_preliminary_pretestfix_20260726T1655/field_pilot_tasks.tsv,79494,preserve_run_inputs_products_and_provenance
runs/h2o_3um_method2_screen_v3_preliminary_pretestfix_20260726T1655/full_h2o_tasks.tsv,143754,preserve_run_inputs_products_and_provenance
runs/h2o_3um_method2_screen_v3_preliminary_pretestfix_20260726T1655/input_manifest.json,34573,preserve_run_inputs_products_and_provenance
runs/h2o_3um_method2_screen_v3_preliminary_pretestfix_20260726T1655/input_manifest.json.sha256,86,preserve_run_inputs_products_and_provenance
runs/h2o_3um_method2_screen_v3_preliminary_pretestfix_20260726T1655/my_mcfost_utils_overlay/Dust/Draine_Si_sUV.dat,53561,preserve_run_inputs_products_and_provenance
runs/h2o_3um_method2_screen_v3_preliminary_pretestfix_20260726T1655/my_mcfost_utils_overlay/Dust/H2O_30K_Leiden_mcfost.dat,153377,preserve_run_inputs_products_and_provenance
runs/h2o_3um_method2_screen_v3_preliminary_pretestfix_20260726T1655/parameters/h2o_selected_rt.para,6192,preserve_run_inputs_products_and_provenance
runs/h2o_3um_method2_screen_v3_preliminary_pretestfix_20260726T1655/parameters/lambda_contract_smoke_rt.para,6190,preserve_run_inputs_products_and_provenance
runs/h2o_3um_method2_screen_v3_preliminary_pretestfix_20260726T1655/parameters/original_dust_guardrail_rt.para,6034,preserve_run_inputs_products_and_provenance
runs/h2o_3um_method2_screen_v3_preliminary_unbound_execution_20260726T1650/anchors/broadband_guardrail/w001/anchor.lambda,19,preserve_run_inputs_products_and_provenance
runs/h2o_3um_method2_screen_v3_preliminary_unbound_execution_20260726T1650/anchors/broadband_guardrail/w002/anchor.lambda,19,preserve_run_inputs_products_and_provenance
runs/h2o_3um_method2_screen_v3_preliminary_unbound_execution_20260726T1650/anchors/broadband_guardrail/w003/anchor.lambda,19,preserve_run_inputs_products_and_provenance
runs/h2o_3um_method2_screen_v3_preliminary_unbound_execution_20260726T1650/anchors/broadband_guardrail/w004/anchor.lambda,19,preserve_run_inputs_products_and_provenance
runs/h2o_3um_method2_screen_v3_preliminary_unbound_execution_20260726T1650/anchors/broadband_guardrail/w005/anchor.lambda,19,preserve_run_inputs_products_and_provenance
runs/h2o_3um_method2_screen_v3_preliminary_unbound_execution_20260726T1650/anchors/broadband_guardrail/w006/anchor.lambda,19,preserve_run_inputs_products_and_provenance
runs/h2o_3um_method2_screen_v3_preliminary_unbound_execution_20260726T1650/anchors/broadband_guardrail/w007/anchor.lambda,19,preserve_run_inputs_products_and_provenance
runs/h2o_3um_method2_screen_v3_preliminary_unbound_execution_20260726T1650/anchors/broadband_guardrail/w008/anchor.lambda,19,preserve_run_inputs_products_and_provenance
runs/h2o_3um_method2_screen_v3_preliminary_unbound_execution_20260726T1650/anchors/broadband_guardrail/w009/anchor.lambda,19,preserve_run_inputs_products_and_provenance
runs/h2o_3um_method2_screen_v3_preliminary_unbound_execution_20260726T1650/anchors/field_pilot/continuum_support/h2o_continuum_blue_q20/node02.lambda,19,preserve_run_inputs_products_and_provenance
runs/h2o_3um_method2_screen_v3_preliminary_unbound_execution_20260726T1650/anchors/field_pilot/continuum_support/h2o_continuum_blue_q50/node02.lambda,19,preserve_run_inputs_products_and_provenance
runs/h2o_3um_method2_screen_v3_preliminary_unbound_execution_20260726T1650/anchors/field_pilot/continuum_support/h2o_continuum_blue_q80/node02.lambda,18,preserve_run_inputs_products_and_provenance
runs/h2o_3um_method2_screen_v3_preliminary_unbound_execution_20260726T1650/anchors/field_pilot/continuum_support/h2o_continuum_red_q20/node02.lambda,18,preserve_run_inputs_products_and_provenance
runs/h2o_3um_method2_screen_v3_preliminary_unbound_execution_20260726T1650/anchors/field_pilot/continuum_support/h2o_continuum_red_q50/node02.lambda,19,preserve_run_inputs_products_and_provenance
runs/h2o_3um_method2_screen_v3_preliminary_unbound_execution_20260726T1650/anchors/field_pilot/continuum_support/h2o_continuum_red_q80/node02.lambda,19,preserve_run_inputs_products_and_provenance
runs/h2o_3um_method2_screen_v3_preliminary_unbound_execution_20260726T1650/anchors/field_pilot/logical_target/h2o_3um_v3_w006/node00.lambda,19,preserve_run_inputs_products_and_provenance
runs/h2o_3um_method2_screen_v3_preliminary_unbound_execution_20260726T1650/anchors/field_pilot/logical_target/h2o_3um_v3_w006/node01.lambda,19,preserve_run_inputs_products_and_provenance
runs/h2o_3um_method2_screen_v3_preliminary_unbound_execution_20260726T1650/anchors/field_pilot/logical_target/h2o_3um_v3_w006/node02.lambda,19,preserve_run_inputs_products_and_provenance
runs/h2o_3um_method2_screen_v3_preliminary_unbound_execution_20260726T1650/anchors/field_pilot/logical_target/h2o_3um_v3_w006/node03.lambda,19,preserve_run_inputs_products_and_provenance
runs/h2o_3um_method2_screen_v3_preliminary_unbound_execution_20260726T1650/anchors/field_pilot/logical_target/h2o_3um_v3_w006/node04.lambda,19,preserve_run_inputs_products_and_provenance
runs/h2o_3um_method2_screen_v3_preliminary_unbound_execution_20260726T1650/anchors/full_h2o/continuum_support/h2o_continuum_blue_q20/node00.lambda,19,preserve_run_inputs_products_and_provenance
runs/h2o_3um_method2_screen_v3_preliminary_unbound_execution_20260726T1650/anchors/full_h2o/continuum_support/h2o_continuum_blue_q20/node01.lambda,19,preserve_run_inputs_products_and_provenance
runs/h2o_3um_method2_screen_v3_preliminary_unbound_execution_20260726T1650/anchors/full_h2o/continuum_support/h2o_continuum_blue_q20/node02.lambda,19,preserve_run_inputs_products_and_provenance
runs/h2o_3um_method2_screen_v3_preliminary_unbound_execution_20260726T1650/anchors/full_h2o/continuum_support/h2o_continuum_blue_q20/node03.lambda,19,preserve_run_inputs_products_and_provenance
runs/h2o_3um_method2_screen_v3_preliminary_unbound_execution_20260726T1650/anchors/full_h2o/continuum_support/h2o_continuum_blue_q20/node04.lambda,19,preserve_run_inputs_products_and_provenance
runs/h2o_3um_method2_screen_v3_preliminary_unbound_execution_20260726T1650/anchors/full_h2o/continuum_support/h2o_continuum_blue_q50/node00.lambda,19,preserve_run_inputs_products_and_provenance
runs/h2o_3um_method2_screen_v3_preliminary_unbound_execution_20260726T1650/anchors/full_h2o/continuum_support/h2o_continuum_blue_q50/node01.lambda,17,preserve_run_inputs_products_and_provenance
runs/h2o_3um_method2_screen_v3_preliminary_unbound_execution_20260726T1650/anchors/full_h2o/continuum_support/h2o_continuum_blue_q50/node02.lambda,19,preserve_run_inputs_products_and_provenance
runs/h2o_3um_method2_screen_v3_preliminary_unbound_execution_20260726T1650/anchors/full_h2o/continuum_support/h2o_continuum_blue_q50/node03.lambda,18,preserve_run_inputs_products_and_provenance
runs/h2o_3um_method2_screen_v3_preliminary_unbound_execution_20260726T1650/anchors/full_h2o/continuum_support/h2o_continuum_blue_q50/node04.lambda,19,preserve_run_inputs_products_and_provenance
runs/h2o_3um_method2_screen_v3_preliminary_unbound_execution_20260726T1650/anchors/full_h2o/continuum_support/h2o_continuum_blue_q80/node00.lambda,19,preserve_run_inputs_products_and_provenance
runs/h2o_3um_method2_screen_v3_preliminary_unbound_execution_20260726T1650/anchors/full_h2o/continuum_support/h2o_continuum_blue_q80/node01.lambda,19,preserve_run_inputs_products_and_provenance
runs/h2o_3um_method2_screen_v3_preliminary_unbound_execution_20260726T1650/anchors/full_h2o/continuum_support/h2o_continuum_blue_q80/node02.lambda,18,preserve_run_inputs_products_and_provenance
runs/h2o_3um_method2_screen_v3_preliminary_unbound_execution_20260726T1650/anchors/full_h2o/continuum_support/h2o_continuum_blue_q80/node03.lambda,19,preserve_run_inputs_products_and_provenance
runs/h2o_3um_method2_screen_v3_preliminary_unbound_execution_20260726T1650/anchors/full_h2o/continuum_support/h2o_continuum_blue_q80/node04.lambda,19,preserve_run_inputs_products_and_provenance
runs/h2o_3um_method2_screen_v3_preliminary_unbound_execution_20260726T1650/anchors/full_h2o/continuum_support/h2o_continuum_red_q20/node00.lambda,19,preserve_run_inputs_products_and_provenance
runs/h2o_3um_method2_screen_v3_preliminary_unbound_execution_20260726T1650/anchors/full_h2o/continuum_support/h2o_continuum_red_q20/node01.lambda,19,preserve_run_inputs_products_and_provenance
runs/h2o_3um_method2_screen_v3_preliminary_unbound_execution_20260726T1650/anchors/full_h2o/continuum_support/h2o_continuum_red_q20/node02.lambda,18,preserve_run_inputs_products_and_provenance
runs/h2o_3um_method2_screen_v3_preliminary_unbound_execution_20260726T1650/anchors/full_h2o/continuum_support/h2o_continuum_red_q20/node03.lambda,19,preserve_run_inputs_products_and_provenance
runs/h2o_3um_method2_screen_v3_preliminary_unbound_execution_20260726T1650/anchors/full_h2o/continuum_support/h2o_continuum_red_q20/node04.lambda,18,preserve_run_inputs_products_and_provenance
runs/h2o_3um_method2_screen_v3_preliminary_unbound_execution_20260726T1650/anchors/full_h2o/continuum_support/h2o_continuum_red_q50/node00.lambda,19,preserve_run_inputs_products_and_provenance
runs/h2o_3um_method2_screen_v3_preliminary_unbound_execution_20260726T1650/anchors/full_h2o/continuum_support/h2o_continuum_red_q50/node01.lambda,19,preserve_run_inputs_products_and_provenance
runs/h2o_3um_method2_screen_v3_preliminary_unbound_execution_20260726T1650/anchors/full_h2o/continuum_support/h2o_continuum_red_q50/node02.lambda,19,preserve_run_inputs_products_and_provenance
runs/h2o_3um_method2_screen_v3_preliminary_unbound_execution_20260726T1650/anchors/full_h2o/continuum_support/h2o_continuum_red_q50/node03.lambda,19,preserve_run_inputs_products_and_provenance
runs/h2o_3um_method2_screen_v3_preliminary_unbound_execution_20260726T1650/anchors/full_h2o/continuum_support/h2o_continuum_red_q50/node04.lambda,19,preserve_run_inputs_products_and_provenance
runs/h2o_3um_method2_screen_v3_preliminary_unbound_execution_20260726T1650/anchors/full_h2o/continuum_support/h2o_continuum_red_q80/node00.lambda,18,preserve_run_inputs_products_and_provenance
runs/h2o_3um_method2_screen_v3_preliminary_unbound_execution_20260726T1650/anchors/full_h2o/continuum_support/h2o_continuum_red_q80/node01.lambda,19,preserve_run_inputs_products_and_provenance
runs/h2o_3um_method2_screen_v3_preliminary_unbound_execution_20260726T1650/anchors/full_h2o/continuum_support/h2o_continuum_red_q80/node02.lambda,19,preserve_run_inputs_products_and_provenance
runs/h2o_3um_method2_screen_v3_preliminary_unbound_execution_20260726T1650/anchors/full_h2o/continuum_support/h2o_continuum_red_q80/node03.lambda,19,preserve_run_inputs_products_and_provenance
runs/h2o_3um_method2_screen_v3_preliminary_unbound_execution_20260726T1650/anchors/full_h2o/continuum_support/h2o_continuum_red_q80/node04.lambda,19,preserve_run_inputs_products_and_provenance
runs/h2o_3um_method2_screen_v3_preliminary_unbound_execution_20260726T1650/anchors/full_h2o/logical_target/h2o_3um_v3_w001/node00.lambda,19,preserve_run_inputs_products_and_provenance
runs/h2o_3um_method2_screen_v3_preliminary_unbound_execution_20260726T1650/anchors/full_h2o/logical_target/h2o_3um_v3_w001/node01.lambda,17,preserve_run_inputs_products_and_provenance
runs/h2o_3um_method2_screen_v3_preliminary_unbound_execution_20260726T1650/anchors/full_h2o/logical_target/h2o_3um_v3_w001/node02.lambda,19,preserve_run_inputs_products_and_provenance
runs/h2o_3um_method2_screen_v3_preliminary_unbound_execution_20260726T1650/anchors/full_h2o/logical_target/h2o_3um_v3_w001/node03.lambda,18,preserve_run_inputs_products_and_provenance
runs/h2o_3um_method2_screen_v3_preliminary_unbound_execution_20260726T1650/anchors/full_h2o/logical_target/h2o_3um_v3_w001/node04.lambda,19,preserve_run_inputs_products_and_provenance
runs/h2o_3um_method2_screen_v3_preliminary_unbound_execution_20260726T1650/anchors/full_h2o/logical_target/h2o_3um_v3_w002/node00.lambda,19,preserve_run_inputs_products_and_provenance
runs/h2o_3um_method2_screen_v3_preliminary_unbound_execution_20260726T1650/anchors/full_h2o/logical_target/h2o_3um_v3_w002/node01.lambda,18,preserve_run_inputs_products_and_provenance
runs/h2o_3um_method2_screen_v3_preliminary_unbound_execution_20260726T1650/anchors/full_h2o/logical_target/h2o_3um_v3_w002/node02.lambda,19,preserve_run_inputs_products_and_provenance
runs/h2o_3um_method2_screen_v3_preliminary_unbound_execution_20260726T1650/anchors/full_h2o/logical_target/h2o_3um_v3_w002/node03.lambda,19,preserve_run_inputs_products_and_provenance
runs/h2o_3um_method2_screen_v3_preliminary_unbound_execution_20260726T1650/anchors/full_h2o/logical_target/h2o_3um_v3_w002/node04.lambda,19,preserve_run_inputs_products_and_provenance
runs/h2o_3um_method2_screen_v3_preliminary_unbound_execution_20260726T1650/anchors/full_h2o/logical_target/h2o_3um_v3_w003/node00.lambda,19,preserve_run_inputs_products_and_provenance
runs/h2o_3um_method2_screen_v3_preliminary_unbound_execution_20260726T1650/anchors/full_h2o/logical_target/h2o_3um_v3_w003/node01.lambda,19,preserve_run_inputs_products_and_provenance
runs/h2o_3um_method2_screen_v3_preliminary_unbound_execution_20260726T1650/anchors/full_h2o/logical_target/h2o_3um_v3_w003/node02.lambda,19,preserve_run_inputs_products_and_provenance
runs/h2o_3um_method2_screen_v3_preliminary_unbound_execution_20260726T1650/anchors/full_h2o/logical_target/h2o_3um_v3_w003/node03.lambda,19,preserve_run_inputs_products_and_provenance
runs/h2o_3um_method2_screen_v3_preliminary_unbound_execution_20260726T1650/anchors/full_h2o/logical_target/h2o_3um_v3_w003/node04.lambda,19,preserve_run_inputs_products_and_provenance
runs/h2o_3um_method2_screen_v3_preliminary_unbound_execution_20260726T1650/anchors/full_h2o/logical_target/h2o_3um_v3_w004/node00.lambda,19,preserve_run_inputs_products_and_provenance
runs/h2o_3um_method2_screen_v3_preliminary_unbound_execution_20260726T1650/anchors/full_h2o/logical_target/h2o_3um_v3_w004/node01.lambda,19,preserve_run_inputs_products_and_provenance
runs/h2o_3um_method2_screen_v3_preliminary_unbound_execution_20260726T1650/anchors/full_h2o/logical_target/h2o_3um_v3_w004/node02.lambda,19,preserve_run_inputs_products_and_provenance
runs/h2o_3um_method2_screen_v3_preliminary_unbound_execution_20260726T1650/anchors/full_h2o/logical_target/h2o_3um_v3_w004/node03.lambda,19,preserve_run_inputs_products_and_provenance
runs/h2o_3um_method2_screen_v3_preliminary_unbound_execution_20260726T1650/anchors/full_h2o/logical_target/h2o_3um_v3_w004/node04.lambda,19,preserve_run_inputs_products_and_provenance
runs/h2o_3um_method2_screen_v3_preliminary_unbound_execution_20260726T1650/anchors/full_h2o/logical_target/h2o_3um_v3_w005/node00.lambda,18,preserve_run_inputs_products_and_provenance
runs/h2o_3um_method2_screen_v3_preliminary_unbound_execution_20260726T1650/anchors/full_h2o/logical_target/h2o_3um_v3_w005/node01.lambda,19,preserve_run_inputs_products_and_provenance
runs/h2o_3um_method2_screen_v3_preliminary_unbound_execution_20260726T1650/anchors/full_h2o/logical_target/h2o_3um_v3_w005/node02.lambda,18,preserve_run_inputs_products_and_provenance
runs/h2o_3um_method2_screen_v3_preliminary_unbound_execution_20260726T1650/anchors/full_h2o/logical_target/h2o_3um_v3_w005/node03.lambda,19,preserve_run_inputs_products_and_provenance
runs/h2o_3um_method2_screen_v3_preliminary_unbound_execution_20260726T1650/anchors/full_h2o/logical_target/h2o_3um_v3_w005/node04.lambda,19,preserve_run_inputs_products_and_provenance
runs/h2o_3um_method2_screen_v3_preliminary_unbound_execution_20260726T1650/anchors/full_h2o/logical_target/h2o_3um_v3_w006/node00.lambda,19,preserve_run_inputs_products_and_provenance
runs/h2o_3um_method2_screen_v3_preliminary_unbound_execution_20260726T1650/anchors/full_h2o/logical_target/h2o_3um_v3_w006/node01.lambda,19,preserve_run_inputs_products_and_provenance
runs/h2o_3um_method2_screen_v3_preliminary_unbound_execution_20260726T1650/anchors/full_h2o/logical_target/h2o_3um_v3_w006/node02.lambda,19,preserve_run_inputs_products_and_provenance
runs/h2o_3um_method2_screen_v3_preliminary_unbound_execution_20260726T1650/anchors/full_h2o/logical_target/h2o_3um_v3_w006/node03.lambda,19,preserve_run_inputs_products_and_provenance
runs/h2o_3um_method2_screen_v3_preliminary_unbound_execution_20260726T1650/anchors/full_h2o/logical_target/h2o_3um_v3_w006/node04.lambda,19,preserve_run_inputs_products_and_provenance
runs/h2o_3um_method2_screen_v3_preliminary_unbound_execution_20260726T1650/anchors/full_h2o/logical_target/h2o_3um_v3_w007/node00.lambda,19,preserve_run_inputs_products_and_provenance
runs/h2o_3um_method2_screen_v3_preliminary_unbound_execution_20260726T1650/anchors/full_h2o/logical_target/h2o_3um_v3_w007/node01.lambda,19,preserve_run_inputs_products_and_provenance
runs/h2o_3um_method2_screen_v3_preliminary_unbound_execution_20260726T1650/anchors/full_h2o/logical_target/h2o_3um_v3_w007/node02.lambda,19,preserve_run_inputs_products_and_provenance
runs/h2o_3um_method2_screen_v3_preliminary_unbound_execution_20260726T1650/anchors/full_h2o/logical_target/h2o_3um_v3_w007/node03.lambda,19,preserve_run_inputs_products_and_provenance
runs/h2o_3um_method2_screen_v3_preliminary_unbound_execution_20260726T1650/anchors/full_h2o/logical_target/h2o_3um_v3_w007/node04.lambda,19,preserve_run_inputs_products_and_provenance
runs/h2o_3um_method2_screen_v3_preliminary_unbound_execution_20260726T1650/anchors/full_h2o/logical_target/h2o_3um_v3_w008/node00.lambda,18,preserve_run_inputs_products_and_provenance
runs/h2o_3um_method2_screen_v3_preliminary_unbound_execution_20260726T1650/anchors/full_h2o/logical_target/h2o_3um_v3_w008/node01.lambda,19,preserve_run_inputs_products_and_provenance
runs/h2o_3um_method2_screen_v3_preliminary_unbound_execution_20260726T1650/anchors/full_h2o/logical_target/h2o_3um_v3_w008/node02.lambda,19,preserve_run_inputs_products_and_provenance
runs/h2o_3um_method2_screen_v3_preliminary_unbound_execution_20260726T1650/anchors/full_h2o/logical_target/h2o_3um_v3_w008/node03.lambda,19,preserve_run_inputs_products_and_provenance
runs/h2o_3um_method2_screen_v3_preliminary_unbound_execution_20260726T1650/anchors/full_h2o/logical_target/h2o_3um_v3_w008/node04.lambda,19,preserve_run_inputs_products_and_provenance
runs/h2o_3um_method2_screen_v3_preliminary_unbound_execution_20260726T1650/anchors/full_h2o/logical_target/h2o_3um_v3_w009/node00.lambda,19,preserve_run_inputs_products_and_provenance
runs/h2o_3um_method2_screen_v3_preliminary_unbound_execution_20260726T1650/anchors/full_h2o/logical_target/h2o_3um_v3_w009/node01.lambda,19,preserve_run_inputs_products_and_provenance
runs/h2o_3um_method2_screen_v3_preliminary_unbound_execution_20260726T1650/anchors/full_h2o/logical_target/h2o_3um_v3_w009/node02.lambda,19,preserve_run_inputs_products_and_provenance
runs/h2o_3um_method2_screen_v3_preliminary_unbound_execution_20260726T1650/anchors/full_h2o/logical_target/h2o_3um_v3_w009/node03.lambda,19,preserve_run_inputs_products_and_provenance
runs/h2o_3um_method2_screen_v3_preliminary_unbound_execution_20260726T1650/anchors/full_h2o/logical_target/h2o_3um_v3_w009/node04.lambda,19,preserve_run_inputs_products_and_provenance
runs/h2o_3um_method2_screen_v3_preliminary_unbound_execution_20260726T1650/anchors/full_h2o/logical_target/h2o_3um_v3_w010/node00.lambda,19,preserve_run_inputs_products_and_provenance
runs/h2o_3um_method2_screen_v3_preliminary_unbound_execution_20260726T1650/anchors/full_h2o/logical_target/h2o_3um_v3_w010/node01.lambda,19,preserve_run_inputs_products_and_provenance
runs/h2o_3um_method2_screen_v3_preliminary_unbound_execution_20260726T1650/anchors/full_h2o/logical_target/h2o_3um_v3_w010/node02.lambda,19,preserve_run_inputs_products_and_provenance
runs/h2o_3um_method2_screen_v3_preliminary_unbound_execution_20260726T1650/anchors/full_h2o/logical_target/h2o_3um_v3_w010/node03.lambda,19,preserve_run_inputs_products_and_provenance
runs/h2o_3um_method2_screen_v3_preliminary_unbound_execution_20260726T1650/anchors/full_h2o/logical_target/h2o_3um_v3_w010/node04.lambda,19,preserve_run_inputs_products_and_provenance
runs/h2o_3um_method2_screen_v3_preliminary_unbound_execution_20260726T1650/anchors/full_h2o/logical_target/h2o_3um_v3_w011/node00.lambda,19,preserve_run_inputs_products_and_provenance
runs/h2o_3um_method2_screen_v3_preliminary_unbound_execution_20260726T1650/anchors/full_h2o/logical_target/h2o_3um_v3_w011/node01.lambda,19,preserve_run_inputs_products_and_provenance
runs/h2o_3um_method2_screen_v3_preliminary_unbound_execution_20260726T1650/anchors/full_h2o/logical_target/h2o_3um_v3_w011/node02.lambda,19,preserve_run_inputs_products_and_provenance
runs/h2o_3um_method2_screen_v3_preliminary_unbound_execution_20260726T1650/anchors/full_h2o/logical_target/h2o_3um_v3_w011/node03.lambda,19,preserve_run_inputs_products_and_provenance
runs/h2o_3um_method2_screen_v3_preliminary_unbound_execution_20260726T1650/anchors/full_h2o/logical_target/h2o_3um_v3_w011/node04.lambda,19,preserve_run_inputs_products_and_provenance
runs/h2o_3um_method2_screen_v3_preliminary_unbound_execution_20260726T1650/anchors/lambda_contract_smoke/anchor.lambda,19,preserve_run_inputs_products_and_provenance
runs/h2o_3um_method2_screen_v3_preliminary_unbound_execution_20260726T1650/broadband_guardrail_tasks.tsv,15616,preserve_run_inputs_products_and_provenance
runs/h2o_3um_method2_screen_v3_preliminary_unbound_execution_20260726T1650/field_pilot_tasks.tsv,79494,preserve_run_inputs_products_and_provenance
runs/h2o_3um_method2_screen_v3_preliminary_unbound_execution_20260726T1650/full_h2o_tasks.tsv,143754,preserve_run_inputs_products_and_provenance
runs/h2o_3um_method2_screen_v3_preliminary_unbound_execution_20260726T1650/input_manifest.json,31185,preserve_run_inputs_products_and_provenance
runs/h2o_3um_method2_screen_v3_preliminary_unbound_execution_20260726T1650/input_manifest.json.sha256,86,preserve_run_inputs_products_and_provenance
runs/h2o_3um_method2_screen_v3_preliminary_unbound_execution_20260726T1650/my_mcfost_utils_overlay/Dust/Draine_Si_sUV.dat,53561,preserve_run_inputs_products_and_provenance
runs/h2o_3um_method2_screen_v3_preliminary_unbound_execution_20260726T1650/my_mcfost_utils_overlay/Dust/H2O_30K_Leiden_mcfost.dat,153377,preserve_run_inputs_products_and_provenance
runs/h2o_3um_method2_screen_v3_preliminary_unbound_execution_20260726T1650/parameters/h2o_selected_rt.para,6192,preserve_run_inputs_products_and_provenance
runs/h2o_3um_method2_screen_v3_preliminary_unbound_execution_20260726T1650/parameters/lambda_contract_smoke_rt.para,6190,preserve_run_inputs_products_and_provenance
runs/h2o_3um_method2_screen_v3_preliminary_unbound_execution_20260726T1650/parameters/original_dust_guardrail_rt.para,6034,preserve_run_inputs_products_and_provenance
runs/h2o_3um_opacity_screen_v2/h2o_opacity_handoff_v2.json,2224,preserve_run_inputs_products_and_provenance
runs/h2o_3um_opacity_screen_v2/h2o_opacity_handoff_v2.json.sha256,94,preserve_run_inputs_products_and_provenance
runs/h2o_3um_opacity_screen_v2/h2o_opacity_shapes_vs_observation_v3.png,683812,preserve_run_inputs_products_and_provenance
runs/h2o_3um_opacity_screen_v2/h2o_opacity_shapes_vs_observation_v3.png.sha256,107,preserve_run_inputs_products_and_provenance
runs/h2o_3um_opacity_screen_v2/opacity_rescore_manifest_v2.json,22150,preserve_run_inputs_products_and_provenance
runs/h2o_3um_opacity_screen_v2/opacity_rescore_manifest_v2.json.sha256,99,preserve_run_inputs_products_and_provenance
runs/h2o_3um_opacity_screen_v2/opacity_shape_score_report_v2.json,217403,preserve_run_inputs_products_and_provenance
runs/h2o_3um_opacity_screen_v2/opacity_shape_score_report_v2.json.sha256,101,preserve_run_inputs_products_and_provenance
runs/h2o_3um_opacity_screen_v2/selected_representation_v2.json,7000,preserve_run_inputs_products_and_provenance
runs/h2o_3um_opacity_screen_v2/selected_representation_v2.json.sha256,98,preserve_run_inputs_products_and_provenance
runs/h2o_silicate_demo_anchors_v1/input_manifest.json,2990,preserve_run_inputs_products_and_provenance
runs/h2o_silicate_demo_anchors_v1/inputs/Temperature.fits.gz,24535,preserve_run_inputs_products_and_provenance
runs/h2o_silicate_demo_anchors_v1/inputs/dust_v02_vmax0p1_amax0p4_rt.para,6192,preserve_run_inputs_products_and_provenance
runs/h2o_silicate_demo_anchors_v1/inputs/silicate_08.30.lambda,5,preserve_run_inputs_products_and_provenance
runs/h2o_silicate_demo_anchors_v1/inputs/silicate_09.70.lambda,5,preserve_run_inputs_products_and_provenance
runs/h2o_silicate_demo_anchors_v1/inputs/silicate_11.00.lambda,6,preserve_run_inputs_products_and_provenance
runs/h2o_silicate_demo_anchors_v1/inputs/silicate_12.50.lambda,6,preserve_run_inputs_products_and_provenance
runs/h2o_silicate_demo_image_anchors_v1/input_manifest.json,3451,preserve_run_inputs_products_and_provenance
runs/h2o_silicate_demo_image_anchors_v1/inputs/Temperature.fits.gz,24535,preserve_run_inputs_products_and_provenance
runs/h2o_silicate_demo_image_anchors_v1/inputs/dust_v02_vmax0p1_amax0p4_rt.para,6192,preserve_run_inputs_products_and_provenance
runs/h2o_silicate_demo_image_anchors_v1/inputs/silicate_08.30.lambda,5,preserve_run_inputs_products_and_provenance
runs/h2o_silicate_demo_image_anchors_v1/inputs/silicate_09.70.lambda,5,preserve_run_inputs_products_and_provenance
runs/h2o_silicate_demo_image_anchors_v1/inputs/silicate_11.00.lambda,6,preserve_run_inputs_products_and_provenance
runs/h2o_silicate_demo_image_anchors_v1/inputs/silicate_12.50.lambda,6,preserve_run_inputs_products_and_provenance
runs/h2o_silicate_demo_image_anchors_v1/tasks/w00_08.30um/complete.json,1262,preserve_run_inputs_products_and_provenance
runs/h2o_silicate_demo_image_anchors_v1/tasks/w00_08.30um/measurement.json,1071,preserve_run_inputs_products_and_provenance
runs/h2o_silicate_demo_image_anchors_v1/tasks/w01_09.70um/complete.json,1262,preserve_run_inputs_products_and_provenance
runs/h2o_silicate_demo_image_anchors_v1/tasks/w01_09.70um/measurement.json,1052,preserve_run_inputs_products_and_provenance
runs/h2o_silicate_demo_image_anchors_v1/tasks/w02_11.00um/complete.json,1274,preserve_run_inputs_products_and_provenance
runs/h2o_silicate_demo_image_anchors_v1/tasks/w02_11.00um/measurement.json,1048,preserve_run_inputs_products_and_provenance
runs/h2o_silicate_demo_image_anchors_v1/tasks/w03_12.50um/complete.json,1264,preserve_run_inputs_products_and_provenance
runs/h2o_silicate_demo_image_anchors_v1/tasks/w03_12.50um/measurement.json,1064,preserve_run_inputs_products_and_provenance
runs/ice_feature_method2_pilot_v1/anchor_contract_manifest.json,47231,preserve_run_inputs_products_and_provenance
runs/ice_feature_method2_pilot_v1/anchor_contract_manifest.sha256,96,preserve_run_inputs_products_and_provenance
runs/ice_feature_method2_pilot_v1/anchors/continuum/w001/anchor.lambda,91,preserve_run_inputs_products_and_provenance
runs/ice_feature_method2_pilot_v1/anchors/continuum/w002/anchor.lambda,91,preserve_run_inputs_products_and_provenance
runs/ice_feature_method2_pilot_v1/anchors/continuum/w003/anchor.lambda,91,preserve_run_inputs_products_and_provenance
runs/ice_feature_method2_pilot_v1/anchors/continuum/w004/anchor.lambda,91,preserve_run_inputs_products_and_provenance
runs/ice_feature_method2_pilot_v1/anchors/continuum/w005/anchor.lambda,90,preserve_run_inputs_products_and_provenance
runs/ice_feature_method2_pilot_v1/anchors/continuum/w006/anchor.lambda,91,preserve_run_inputs_products_and_provenance
runs/ice_feature_method2_pilot_v1/anchors/continuum/w007/anchor.lambda,91,preserve_run_inputs_products_and_provenance
runs/ice_feature_method2_pilot_v1/anchors/continuum/w008/anchor.lambda,91,preserve_run_inputs_products_and_provenance
runs/ice_feature_method2_pilot_v1/anchors/continuum/w009/anchor.lambda,91,preserve_run_inputs_products_and_provenance
runs/ice_feature_method2_pilot_v1/anchors/ice/ice_co2_15p2um_01/anchor.lambda,100,preserve_run_inputs_products_and_provenance
runs/ice_feature_method2_pilot_v1/anchors/ice/ice_co2_15p2um_02/anchor.lambda,98,preserve_run_inputs_products_and_provenance
runs/ice_feature_method2_pilot_v1/anchors/ice/ice_co2_15p2um_03/anchor.lambda,100,preserve_run_inputs_products_and_provenance
runs/ice_feature_method2_pilot_v1/anchors/ice/ice_co2_15p2um_04/anchor.lambda,100,preserve_run_inputs_products_and_provenance
runs/ice_feature_method2_pilot_v1/anchors/ice/ice_co2_15p2um_05/anchor.lambda,100,preserve_run_inputs_products_and_provenance
runs/ice_feature_method2_pilot_v1/anchors/ice/ice_co2_15p2um_06/anchor.lambda,100,preserve_run_inputs_products_and_provenance
runs/ice_feature_method2_pilot_v1/anchors/ice/ice_co2_15p2um_07/anchor.lambda,99,preserve_run_inputs_products_and_provenance
runs/ice_feature_method2_pilot_v1/anchors/ice/ice_co2_15p2um_08/anchor.lambda,100,preserve_run_inputs_products_and_provenance
runs/ice_feature_method2_pilot_v1/anchors/ice/ice_co2_15p2um_09/anchor.lambda,100,preserve_run_inputs_products_and_provenance
runs/ice_feature_method2_pilot_v1/anchors/ice/ice_co2_15p2um_10/anchor.lambda,100,preserve_run_inputs_products_and_provenance
runs/ice_feature_method2_pilot_v1/anchors/ice/ice_co2_15p2um_11/anchor.lambda,100,preserve_run_inputs_products_and_provenance
runs/ice_feature_method2_pilot_v1/anchors/ice/ice_co2_4p27um_01/anchor.lambda,99,preserve_run_inputs_products_and_provenance
runs/ice_feature_method2_pilot_v1/anchors/ice/ice_co2_4p27um_02/anchor.lambda,99,preserve_run_inputs_products_and_provenance
runs/ice_feature_method2_pilot_v1/anchors/ice/ice_co2_4p27um_03/anchor.lambda,99,preserve_run_inputs_products_and_provenance
runs/ice_feature_method2_pilot_v1/anchors/ice/ice_co2_4p27um_04/anchor.lambda,99,preserve_run_inputs_products_and_provenance
runs/ice_feature_method2_pilot_v1/anchors/ice/ice_co2_4p27um_05/anchor.lambda,98,preserve_run_inputs_products_and_provenance
runs/ice_feature_method2_pilot_v1/anchors/ice/ice_co2_4p27um_06/anchor.lambda,99,preserve_run_inputs_products_and_provenance
runs/ice_feature_method2_pilot_v1/anchors/ice/ice_co2_4p27um_07/anchor.lambda,99,preserve_run_inputs_products_and_provenance
runs/ice_feature_method2_pilot_v1/anchors/ice/ice_co2_4p27um_08/anchor.lambda,100,preserve_run_inputs_products_and_provenance
runs/ice_feature_method2_pilot_v1/anchors/ice/ice_co2_4p27um_09/anchor.lambda,99,preserve_run_inputs_products_and_provenance
runs/ice_feature_method2_pilot_v1/anchors/ice/ice_co_4p67um_01/anchor.lambda,98,preserve_run_inputs_products_and_provenance
runs/ice_feature_method2_pilot_v1/anchors/ice/ice_co_4p67um_02/anchor.lambda,98,preserve_run_inputs_products_and_provenance
runs/ice_feature_method2_pilot_v1/anchors/ice/ice_co_4p67um_03/anchor.lambda,98,preserve_run_inputs_products_and_provenance
runs/ice_feature_method2_pilot_v1/anchors/ice/ice_co_4p67um_04/anchor.lambda,98,preserve_run_inputs_products_and_provenance
runs/ice_feature_method2_pilot_v1/anchors/ice/ice_co_4p67um_05/anchor.lambda,98,preserve_run_inputs_products_and_provenance
runs/ice_feature_method2_pilot_v1/anchors/ice/ice_co_4p67um_06/anchor.lambda,99,preserve_run_inputs_products_and_provenance
runs/ice_feature_method2_pilot_v1/anchors/ice/ice_co_4p67um_07/anchor.lambda,98,preserve_run_inputs_products_and_provenance
runs/ice_feature_method2_pilot_v1/anchors/ice/ice_co_4p67um_08/anchor.lambda,98,preserve_run_inputs_products_and_provenance
runs/ice_feature_method2_pilot_v1/anchors/ice/ice_co_4p67um_09/anchor.lambda,98,preserve_run_inputs_products_and_provenance
runs/ice_feature_method2_pilot_v1/anchors/ice/ice_co_4p67um_10/anchor.lambda,98,preserve_run_inputs_products_and_provenance
runs/ice_feature_method2_pilot_v1/anchors/ice/ice_co_4p67um_11/anchor.lambda,98,preserve_run_inputs_products_and_provenance
runs/ice_feature_method2_pilot_v1/anchors/ice/ice_h2o_3um_01/anchor.lambda,97,preserve_run_inputs_products_and_provenance
runs/ice_feature_method2_pilot_v1/anchors/ice/ice_h2o_3um_02/anchor.lambda,96,preserve_run_inputs_products_and_provenance
runs/ice_feature_method2_pilot_v1/anchors/ice/ice_h2o_3um_03/anchor.lambda,96,preserve_run_inputs_products_and_provenance
runs/ice_feature_method2_pilot_v1/anchors/ice/ice_h2o_3um_04/anchor.lambda,97,preserve_run_inputs_products_and_provenance
runs/ice_feature_method2_pilot_v1/anchors/ice/ice_h2o_3um_05/anchor.lambda,97,preserve_run_inputs_products_and_provenance
runs/ice_feature_method2_pilot_v1/anchors/ice/ice_h2o_3um_06/anchor.lambda,97,preserve_run_inputs_products_and_provenance
runs/ice_feature_method2_pilot_v1/anchors/ice/ice_h2o_3um_07/anchor.lambda,97,preserve_run_inputs_products_and_provenance
runs/ice_feature_method2_pilot_v1/anchors/ice/ice_h2o_3um_08/anchor.lambda,97,preserve_run_inputs_products_and_provenance
runs/ice_feature_method2_pilot_v1/anchors/ice/ice_h2o_3um_09/anchor.lambda,96,preserve_run_inputs_products_and_provenance
runs/ice_feature_method2_pilot_v1/anchors/ice/ice_h2o_3um_10/anchor.lambda,96,preserve_run_inputs_products_and_provenance
runs/ice_feature_method2_pilot_v1/anchors/ice/ice_h2o_3um_11/anchor.lambda,96,preserve_run_inputs_products_and_provenance
runs/ice_feature_method2_pilot_v1/anchors/ice_local_continuum_lsf_support/ice_co2_15p2_continuum_blue_q20/node00.lambda,149,preserve_run_inputs_products_and_provenance
runs/ice_feature_method2_pilot_v1/anchors/ice_local_continuum_lsf_support/ice_co2_15p2_continuum_blue_q20/node01.lambda,149,preserve_run_inputs_products_and_provenance
runs/ice_feature_method2_pilot_v1/anchors/ice_local_continuum_lsf_support/ice_co2_15p2_continuum_blue_q20/node02.lambda,149,preserve_run_inputs_products_and_provenance
runs/ice_feature_method2_pilot_v1/anchors/ice_local_continuum_lsf_support/ice_co2_15p2_continuum_blue_q20/node03.lambda,149,preserve_run_inputs_products_and_provenance
runs/ice_feature_method2_pilot_v1/anchors/ice_local_continuum_lsf_support/ice_co2_15p2_continuum_blue_q20/node04.lambda,149,preserve_run_inputs_products_and_provenance
runs/ice_feature_method2_pilot_v1/anchors/ice_local_continuum_lsf_support/ice_co2_15p2_continuum_blue_q80/node00.lambda,149,preserve_run_inputs_products_and_provenance
runs/ice_feature_method2_pilot_v1/anchors/ice_local_continuum_lsf_support/ice_co2_15p2_continuum_blue_q80/node01.lambda,149,preserve_run_inputs_products_and_provenance
runs/ice_feature_method2_pilot_v1/anchors/ice_local_continuum_lsf_support/ice_co2_15p2_continuum_blue_q80/node02.lambda,148,preserve_run_inputs_products_and_provenance
runs/ice_feature_method2_pilot_v1/anchors/ice_local_continuum_lsf_support/ice_co2_15p2_continuum_blue_q80/node03.lambda,149,preserve_run_inputs_products_and_provenance
runs/ice_feature_method2_pilot_v1/anchors/ice_local_continuum_lsf_support/ice_co2_15p2_continuum_blue_q80/node04.lambda,149,preserve_run_inputs_products_and_provenance
runs/ice_feature_method2_pilot_v1/anchors/ice_local_continuum_lsf_support/ice_co2_15p2_continuum_red_q20/node00.lambda,147,preserve_run_inputs_products_and_provenance
runs/ice_feature_method2_pilot_v1/anchors/ice_local_continuum_lsf_support/ice_co2_15p2_continuum_red_q20/node01.lambda,147,preserve_run_inputs_products_and_provenance
runs/ice_feature_method2_pilot_v1/anchors/ice_local_continuum_lsf_support/ice_co2_15p2_continuum_red_q20/node02.lambda,147,preserve_run_inputs_products_and_provenance
runs/ice_feature_method2_pilot_v1/anchors/ice_local_continuum_lsf_support/ice_co2_15p2_continuum_red_q20/node03.lambda,147,preserve_run_inputs_products_and_provenance
runs/ice_feature_method2_pilot_v1/anchors/ice_local_continuum_lsf_support/ice_co2_15p2_continuum_red_q20/node04.lambda,147,preserve_run_inputs_products_and_provenance
runs/ice_feature_method2_pilot_v1/anchors/ice_local_continuum_lsf_support/ice_co2_15p2_continuum_red_q80/node00.lambda,147,preserve_run_inputs_products_and_provenance
runs/ice_feature_method2_pilot_v1/anchors/ice_local_continuum_lsf_support/ice_co2_15p2_continuum_red_q80/node01.lambda,146,preserve_run_inputs_products_and_provenance
runs/ice_feature_method2_pilot_v1/anchors/ice_local_continuum_lsf_support/ice_co2_15p2_continuum_red_q80/node02.lambda,147,preserve_run_inputs_products_and_provenance
runs/ice_feature_method2_pilot_v1/anchors/ice_local_continuum_lsf_support/ice_co2_15p2_continuum_red_q80/node03.lambda,147,preserve_run_inputs_products_and_provenance
runs/ice_feature_method2_pilot_v1/anchors/ice_local_continuum_lsf_support/ice_co2_15p2_continuum_red_q80/node04.lambda,147,preserve_run_inputs_products_and_provenance
runs/ice_feature_method2_pilot_v1/anchors/ice_local_continuum_lsf_support/ice_co2_4p27_continuum_blue_q20/node00.lambda,149,preserve_run_inputs_products_and_provenance
runs/ice_feature_method2_pilot_v1/anchors/ice_local_continuum_lsf_support/ice_co2_4p27_continuum_blue_q20/node01.lambda,149,preserve_run_inputs_products_and_provenance
runs/ice_feature_method2_pilot_v1/anchors/ice_local_continuum_lsf_support/ice_co2_4p27_continuum_blue_q20/node02.lambda,149,preserve_run_inputs_products_and_provenance
runs/ice_feature_method2_pilot_v1/anchors/ice_local_continuum_lsf_support/ice_co2_4p27_continuum_blue_q20/node03.lambda,149,preserve_run_inputs_products_and_provenance
runs/ice_feature_method2_pilot_v1/anchors/ice_local_continuum_lsf_support/ice_co2_4p27_continuum_blue_q20/node04.lambda,149,preserve_run_inputs_products_and_provenance
runs/ice_feature_method2_pilot_v1/anchors/ice_local_continuum_lsf_support/ice_co2_4p27_continuum_blue_q80/node00.lambda,149,preserve_run_inputs_products_and_provenance
runs/ice_feature_method2_pilot_v1/anchors/ice_local_continuum_lsf_support/ice_co2_4p27_continuum_blue_q80/node01.lambda,149,preserve_run_inputs_products_and_provenance
runs/ice_feature_method2_pilot_v1/anchors/ice_local_continuum_lsf_support/ice_co2_4p27_continuum_blue_q80/node02.lambda,149,preserve_run_inputs_products_and_provenance
runs/ice_feature_method2_pilot_v1/anchors/ice_local_continuum_lsf_support/ice_co2_4p27_continuum_blue_q80/node03.lambda,149,preserve_run_inputs_products_and_provenance
runs/ice_feature_method2_pilot_v1/anchors/ice_local_continuum_lsf_support/ice_co2_4p27_continuum_blue_q80/node04.lambda,149,preserve_run_inputs_products_and_provenance
runs/ice_feature_method2_pilot_v1/anchors/ice_local_continuum_lsf_support/ice_co2_4p27_continuum_red_q20/node00.lambda,145,preserve_run_inputs_products_and_provenance
runs/ice_feature_method2_pilot_v1/anchors/ice_local_continuum_lsf_support/ice_co2_4p27_continuum_red_q20/node01.lambda,145,preserve_run_inputs_products_and_provenance
runs/ice_feature_method2_pilot_v1/anchors/ice_local_continuum_lsf_support/ice_co2_4p27_continuum_red_q20/node02.lambda,147,preserve_run_inputs_products_and_provenance
runs/ice_feature_method2_pilot_v1/anchors/ice_local_continuum_lsf_support/ice_co2_4p27_continuum_red_q20/node03.lambda,147,preserve_run_inputs_products_and_provenance
runs/ice_feature_method2_pilot_v1/anchors/ice_local_continuum_lsf_support/ice_co2_4p27_continuum_red_q20/node04.lambda,147,preserve_run_inputs_products_and_provenance
runs/ice_feature_method2_pilot_v1/anchors/ice_local_continuum_lsf_support/ice_co2_4p27_continuum_red_q80/node00.lambda,147,preserve_run_inputs_products_and_provenance
runs/ice_feature_method2_pilot_v1/anchors/ice_local_continuum_lsf_support/ice_co2_4p27_continuum_red_q80/node01.lambda,147,preserve_run_inputs_products_and_provenance
runs/ice_feature_method2_pilot_v1/anchors/ice_local_continuum_lsf_support/ice_co2_4p27_continuum_red_q80/node02.lambda,147,preserve_run_inputs_products_and_provenance
runs/ice_feature_method2_pilot_v1/anchors/ice_local_continuum_lsf_support/ice_co2_4p27_continuum_red_q80/node03.lambda,147,preserve_run_inputs_products_and_provenance
runs/ice_feature_method2_pilot_v1/anchors/ice_local_continuum_lsf_support/ice_co2_4p27_continuum_red_q80/node04.lambda,147,preserve_run_inputs_products_and_provenance
runs/ice_feature_method2_pilot_v1/anchors/ice_local_continuum_lsf_support/ice_co_4p67_continuum_blue_q20/node00.lambda,148,preserve_run_inputs_products_and_provenance
runs/ice_feature_method2_pilot_v1/anchors/ice_local_continuum_lsf_support/ice_co_4p67_continuum_blue_q20/node01.lambda,148,preserve_run_inputs_products_and_provenance
runs/ice_feature_method2_pilot_v1/anchors/ice_local_continuum_lsf_support/ice_co_4p67_continuum_blue_q20/node02.lambda,148,preserve_run_inputs_products_and_provenance
runs/ice_feature_method2_pilot_v1/anchors/ice_local_continuum_lsf_support/ice_co_4p67_continuum_blue_q20/node03.lambda,148,preserve_run_inputs_products_and_provenance
runs/ice_feature_method2_pilot_v1/anchors/ice_local_continuum_lsf_support/ice_co_4p67_continuum_blue_q20/node04.lambda,148,preserve_run_inputs_products_and_provenance
runs/ice_feature_method2_pilot_v1/anchors/ice_local_continuum_lsf_support/ice_co_4p67_continuum_blue_q80/node00.lambda,148,preserve_run_inputs_products_and_provenance
runs/ice_feature_method2_pilot_v1/anchors/ice_local_continuum_lsf_support/ice_co_4p67_continuum_blue_q80/node01.lambda,147,preserve_run_inputs_products_and_provenance
runs/ice_feature_method2_pilot_v1/anchors/ice_local_continuum_lsf_support/ice_co_4p67_continuum_blue_q80/node02.lambda,147,preserve_run_inputs_products_and_provenance
runs/ice_feature_method2_pilot_v1/anchors/ice_local_continuum_lsf_support/ice_co_4p67_continuum_blue_q80/node03.lambda,148,preserve_run_inputs_products_and_provenance
runs/ice_feature_method2_pilot_v1/anchors/ice_local_continuum_lsf_support/ice_co_4p67_continuum_blue_q80/node04.lambda,148,preserve_run_inputs_products_and_provenance
runs/ice_feature_method2_pilot_v1/anchors/ice_local_continuum_lsf_support/ice_co_4p67_continuum_red_q20/node00.lambda,145,preserve_run_inputs_products_and_provenance
runs/ice_feature_method2_pilot_v1/anchors/ice_local_continuum_lsf_support/ice_co_4p67_continuum_red_q20/node01.lambda,146,preserve_run_inputs_products_and_provenance
runs/ice_feature_method2_pilot_v1/anchors/ice_local_continuum_lsf_support/ice_co_4p67_continuum_red_q20/node02.lambda,146,preserve_run_inputs_products_and_provenance
runs/ice_feature_method2_pilot_v1/anchors/ice_local_continuum_lsf_support/ice_co_4p67_continuum_red_q20/node03.lambda,146,preserve_run_inputs_products_and_provenance
runs/ice_feature_method2_pilot_v1/anchors/ice_local_continuum_lsf_support/ice_co_4p67_continuum_red_q20/node04.lambda,146,preserve_run_inputs_products_and_provenance
runs/ice_feature_method2_pilot_v1/anchors/ice_local_continuum_lsf_support/ice_co_4p67_continuum_red_q80/node00.lambda,145,preserve_run_inputs_products_and_provenance
runs/ice_feature_method2_pilot_v1/anchors/ice_local_continuum_lsf_support/ice_co_4p67_continuum_red_q80/node01.lambda,146,preserve_run_inputs_products_and_provenance
runs/ice_feature_method2_pilot_v1/anchors/ice_local_continuum_lsf_support/ice_co_4p67_continuum_red_q80/node02.lambda,146,preserve_run_inputs_products_and_provenance
runs/ice_feature_method2_pilot_v1/anchors/ice_local_continuum_lsf_support/ice_co_4p67_continuum_red_q80/node03.lambda,146,preserve_run_inputs_products_and_provenance
runs/ice_feature_method2_pilot_v1/anchors/ice_local_continuum_lsf_support/ice_co_4p67_continuum_red_q80/node04.lambda,146,preserve_run_inputs_products_and_provenance
runs/ice_feature_method2_pilot_v1/anchors/ice_local_continuum_lsf_support/ice_h2o_3p0_continuum_blue_q20/node00.lambda,148,preserve_run_inputs_products_and_provenance
runs/ice_feature_method2_pilot_v1/anchors/ice_local_continuum_lsf_support/ice_h2o_3p0_continuum_blue_q20/node01.lambda,148,preserve_run_inputs_products_and_provenance
runs/ice_feature_method2_pilot_v1/anchors/ice_local_continuum_lsf_support/ice_h2o_3p0_continuum_blue_q20/node02.lambda,148,preserve_run_inputs_products_and_provenance
runs/ice_feature_method2_pilot_v1/anchors/ice_local_continuum_lsf_support/ice_h2o_3p0_continuum_blue_q20/node03.lambda,148,preserve_run_inputs_products_and_provenance
runs/ice_feature_method2_pilot_v1/anchors/ice_local_continuum_lsf_support/ice_h2o_3p0_continuum_blue_q20/node04.lambda,148,preserve_run_inputs_products_and_provenance
runs/ice_feature_method2_pilot_v1/anchors/ice_local_continuum_lsf_support/ice_h2o_3p0_continuum_blue_q80/node00.lambda,148,preserve_run_inputs_products_and_provenance
runs/ice_feature_method2_pilot_v1/anchors/ice_local_continuum_lsf_support/ice_h2o_3p0_continuum_blue_q80/node01.lambda,147,preserve_run_inputs_products_and_provenance
runs/ice_feature_method2_pilot_v1/anchors/ice_local_continuum_lsf_support/ice_h2o_3p0_continuum_blue_q80/node02.lambda,148,preserve_run_inputs_products_and_provenance
runs/ice_feature_method2_pilot_v1/anchors/ice_local_continuum_lsf_support/ice_h2o_3p0_continuum_blue_q80/node03.lambda,148,preserve_run_inputs_products_and_provenance
runs/ice_feature_method2_pilot_v1/anchors/ice_local_continuum_lsf_support/ice_h2o_3p0_continuum_blue_q80/node04.lambda,147,preserve_run_inputs_products_and_provenance
runs/ice_feature_method2_pilot_v1/anchors/ice_local_continuum_lsf_support/ice_h2o_3p0_continuum_red_q20/node00.lambda,146,preserve_run_inputs_products_and_provenance
runs/ice_feature_method2_pilot_v1/anchors/ice_local_continuum_lsf_support/ice_h2o_3p0_continuum_red_q20/node01.lambda,146,preserve_run_inputs_products_and_provenance
runs/ice_feature_method2_pilot_v1/anchors/ice_local_continuum_lsf_support/ice_h2o_3p0_continuum_red_q20/node02.lambda,146,preserve_run_inputs_products_and_provenance
runs/ice_feature_method2_pilot_v1/anchors/ice_local_continuum_lsf_support/ice_h2o_3p0_continuum_red_q20/node03.lambda,146,preserve_run_inputs_products_and_provenance
runs/ice_feature_method2_pilot_v1/anchors/ice_local_continuum_lsf_support/ice_h2o_3p0_continuum_red_q20/node04.lambda,146,preserve_run_inputs_products_and_provenance
runs/ice_feature_method2_pilot_v1/anchors/ice_local_continuum_lsf_support/ice_h2o_3p0_continuum_red_q80/node00.lambda,146,preserve_run_inputs_products_and_provenance
runs/ice_feature_method2_pilot_v1/anchors/ice_local_continuum_lsf_support/ice_h2o_3p0_continuum_red_q80/node01.lambda,146,preserve_run_inputs_products_and_provenance
runs/ice_feature_method2_pilot_v1/anchors/ice_local_continuum_lsf_support/ice_h2o_3p0_continuum_red_q80/node02.lambda,145,preserve_run_inputs_products_and_provenance
runs/ice_feature_method2_pilot_v1/anchors/ice_local_continuum_lsf_support/ice_h2o_3p0_continuum_red_q80/node03.lambda,145,preserve_run_inputs_products_and_provenance
runs/ice_feature_method2_pilot_v1/anchors/ice_local_continuum_lsf_support/ice_h2o_3p0_continuum_red_q80/node04.lambda,146,preserve_run_inputs_products_and_provenance
runs/ice_feature_method2_pilot_v1/anchors/ice_lsf_support/ice_co2_15p2_w001/node00.lambda,114,preserve_run_inputs_products_and_provenance
runs/ice_feature_method2_pilot_v1/anchors/ice_lsf_support/ice_co2_15p2_w001/node01.lambda,114,preserve_run_inputs_products_and_provenance
runs/ice_feature_method2_pilot_v1/anchors/ice_lsf_support/ice_co2_15p2_w001/node02.lambda,113,preserve_run_inputs_products_and_provenance
runs/ice_feature_method2_pilot_v1/anchors/ice_lsf_support/ice_co2_15p2_w001/node03.lambda,114,preserve_run_inputs_products_and_provenance
runs/ice_feature_method2_pilot_v1/anchors/ice_lsf_support/ice_co2_15p2_w001/node04.lambda,114,preserve_run_inputs_products_and_provenance
runs/ice_feature_method2_pilot_v1/anchors/ice_lsf_support/ice_co2_15p2_w002/node00.lambda,114,preserve_run_inputs_products_and_provenance
runs/ice_feature_method2_pilot_v1/anchors/ice_lsf_support/ice_co2_15p2_w002/node01.lambda,114,preserve_run_inputs_products_and_provenance
runs/ice_feature_method2_pilot_v1/anchors/ice_lsf_support/ice_co2_15p2_w002/node02.lambda,113,preserve_run_inputs_products_and_provenance
runs/ice_feature_method2_pilot_v1/anchors/ice_lsf_support/ice_co2_15p2_w002/node03.lambda,114,preserve_run_inputs_products_and_provenance
runs/ice_feature_method2_pilot_v1/anchors/ice_lsf_support/ice_co2_15p2_w002/node04.lambda,114,preserve_run_inputs_products_and_provenance
runs/ice_feature_method2_pilot_v1/anchors/ice_lsf_support/ice_co2_15p2_w003/node00.lambda,114,preserve_run_inputs_products_and_provenance
runs/ice_feature_method2_pilot_v1/anchors/ice_lsf_support/ice_co2_15p2_w003/node01.lambda,114,preserve_run_inputs_products_and_provenance
runs/ice_feature_method2_pilot_v1/anchors/ice_lsf_support/ice_co2_15p2_w003/node02.lambda,114,preserve_run_inputs_products_and_provenance
runs/ice_feature_method2_pilot_v1/anchors/ice_lsf_support/ice_co2_15p2_w003/node03.lambda,114,preserve_run_inputs_products_and_provenance
runs/ice_feature_method2_pilot_v1/anchors/ice_lsf_support/ice_co2_15p2_w003/node04.lambda,114,preserve_run_inputs_products_and_provenance
runs/ice_feature_method2_pilot_v1/anchors/ice_lsf_support/ice_co2_15p2_w004/node00.lambda,114,preserve_run_inputs_products_and_provenance
runs/ice_feature_method2_pilot_v1/anchors/ice_lsf_support/ice_co2_15p2_w004/node01.lambda,114,preserve_run_inputs_products_and_provenance
runs/ice_feature_method2_pilot_v1/anchors/ice_lsf_support/ice_co2_15p2_w004/node02.lambda,113,preserve_run_inputs_products_and_provenance
runs/ice_feature_method2_pilot_v1/anchors/ice_lsf_support/ice_co2_15p2_w004/node03.lambda,114,preserve_run_inputs_products_and_provenance
runs/ice_feature_method2_pilot_v1/anchors/ice_lsf_support/ice_co2_15p2_w004/node04.lambda,114,preserve_run_inputs_products_and_provenance
runs/ice_feature_method2_pilot_v1/anchors/ice_lsf_support/ice_co2_15p2_w005/node00.lambda,114,preserve_run_inputs_products_and_provenance
runs/ice_feature_method2_pilot_v1/anchors/ice_lsf_support/ice_co2_15p2_w005/node01.lambda,114,preserve_run_inputs_products_and_provenance
runs/ice_feature_method2_pilot_v1/anchors/ice_lsf_support/ice_co2_15p2_w005/node02.lambda,114,preserve_run_inputs_products_and_provenance
runs/ice_feature_method2_pilot_v1/anchors/ice_lsf_support/ice_co2_15p2_w005/node03.lambda,114,preserve_run_inputs_products_and_provenance
runs/ice_feature_method2_pilot_v1/anchors/ice_lsf_support/ice_co2_15p2_w005/node04.lambda,114,preserve_run_inputs_products_and_provenance
runs/ice_feature_method2_pilot_v1/anchors/ice_lsf_support/ice_co2_15p2_w006/node00.lambda,111,preserve_run_inputs_products_and_provenance
runs/ice_feature_method2_pilot_v1/anchors/ice_lsf_support/ice_co2_15p2_w006/node01.lambda,114,preserve_run_inputs_products_and_provenance
runs/ice_feature_method2_pilot_v1/anchors/ice_lsf_support/ice_co2_15p2_w006/node02.lambda,114,preserve_run_inputs_products_and_provenance
runs/ice_feature_method2_pilot_v1/anchors/ice_lsf_support/ice_co2_15p2_w006/node03.lambda,114,preserve_run_inputs_products_and_provenance
runs/ice_feature_method2_pilot_v1/anchors/ice_lsf_support/ice_co2_15p2_w006/node04.lambda,114,preserve_run_inputs_products_and_provenance
runs/ice_feature_method2_pilot_v1/anchors/ice_lsf_support/ice_co2_15p2_w007/node00.lambda,113,preserve_run_inputs_products_and_provenance
runs/ice_feature_method2_pilot_v1/anchors/ice_lsf_support/ice_co2_15p2_w007/node01.lambda,114,preserve_run_inputs_products_and_provenance
runs/ice_feature_method2_pilot_v1/anchors/ice_lsf_support/ice_co2_15p2_w007/node02.lambda,114,preserve_run_inputs_products_and_provenance
runs/ice_feature_method2_pilot_v1/anchors/ice_lsf_support/ice_co2_15p2_w007/node03.lambda,114,preserve_run_inputs_products_and_provenance
runs/ice_feature_method2_pilot_v1/anchors/ice_lsf_support/ice_co2_15p2_w007/node04.lambda,114,preserve_run_inputs_products_and_provenance
runs/ice_feature_method2_pilot_v1/anchors/ice_lsf_support/ice_co2_15p2_w008/node00.lambda,114,preserve_run_inputs_products_and_provenance
runs/ice_feature_method2_pilot_v1/anchors/ice_lsf_support/ice_co2_15p2_w008/node01.lambda,114,preserve_run_inputs_products_and_provenance
runs/ice_feature_method2_pilot_v1/anchors/ice_lsf_support/ice_co2_15p2_w008/node02.lambda,114,preserve_run_inputs_products_and_provenance
runs/ice_feature_method2_pilot_v1/anchors/ice_lsf_support/ice_co2_15p2_w008/node03.lambda,114,preserve_run_inputs_products_and_provenance
runs/ice_feature_method2_pilot_v1/anchors/ice_lsf_support/ice_co2_15p2_w008/node04.lambda,114,preserve_run_inputs_products_and_provenance
runs/ice_feature_method2_pilot_v1/anchors/ice_lsf_support/ice_co2_15p2_w009/node00.lambda,114,preserve_run_inputs_products_and_provenance
runs/ice_feature_method2_pilot_v1/anchors/ice_lsf_support/ice_co2_15p2_w009/node01.lambda,114,preserve_run_inputs_products_and_provenance
runs/ice_feature_method2_pilot_v1/anchors/ice_lsf_support/ice_co2_15p2_w009/node02.lambda,114,preserve_run_inputs_products_and_provenance
runs/ice_feature_method2_pilot_v1/anchors/ice_lsf_support/ice_co2_15p2_w009/node03.lambda,114,preserve_run_inputs_products_and_provenance
runs/ice_feature_method2_pilot_v1/anchors/ice_lsf_support/ice_co2_15p2_w009/node04.lambda,114,preserve_run_inputs_products_and_provenance
runs/ice_feature_method2_pilot_v1/anchors/ice_lsf_support/ice_co2_15p2_w010/node00.lambda,114,preserve_run_inputs_products_and_provenance
runs/ice_feature_method2_pilot_v1/anchors/ice_lsf_support/ice_co2_15p2_w010/node01.lambda,114,preserve_run_inputs_products_and_provenance
runs/ice_feature_method2_pilot_v1/anchors/ice_lsf_support/ice_co2_15p2_w010/node02.lambda,114,preserve_run_inputs_products_and_provenance
runs/ice_feature_method2_pilot_v1/anchors/ice_lsf_support/ice_co2_15p2_w010/node03.lambda,114,preserve_run_inputs_products_and_provenance
runs/ice_feature_method2_pilot_v1/anchors/ice_lsf_support/ice_co2_15p2_w010/node04.lambda,114,preserve_run_inputs_products_and_provenance
runs/ice_feature_method2_pilot_v1/anchors/ice_lsf_support/ice_co2_15p2_w011/node00.lambda,114,preserve_run_inputs_products_and_provenance
runs/ice_feature_method2_pilot_v1/anchors/ice_lsf_support/ice_co2_15p2_w011/node01.lambda,114,preserve_run_inputs_products_and_provenance
runs/ice_feature_method2_pilot_v1/anchors/ice_lsf_support/ice_co2_15p2_w011/node02.lambda,114,preserve_run_inputs_products_and_provenance
runs/ice_feature_method2_pilot_v1/anchors/ice_lsf_support/ice_co2_15p2_w011/node03.lambda,114,preserve_run_inputs_products_and_provenance
runs/ice_feature_method2_pilot_v1/anchors/ice_lsf_support/ice_co2_15p2_w011/node04.lambda,113,preserve_run_inputs_products_and_provenance
runs/ice_feature_method2_pilot_v1/anchors/ice_lsf_support/ice_co2_4p27_w001/node00.lambda,114,preserve_run_inputs_products_and_provenance
runs/ice_feature_method2_pilot_v1/anchors/ice_lsf_support/ice_co2_4p27_w001/node01.lambda,113,preserve_run_inputs_products_and_provenance
runs/ice_feature_method2_pilot_v1/anchors/ice_lsf_support/ice_co2_4p27_w001/node02.lambda,113,preserve_run_inputs_products_and_provenance
runs/ice_feature_method2_pilot_v1/anchors/ice_lsf_support/ice_co2_4p27_w001/node03.lambda,113,preserve_run_inputs_products_and_provenance
runs/ice_feature_method2_pilot_v1/anchors/ice_lsf_support/ice_co2_4p27_w001/node04.lambda,114,preserve_run_inputs_products_and_provenance
runs/ice_feature_method2_pilot_v1/anchors/ice_lsf_support/ice_co2_4p27_w002/node00.lambda,114,preserve_run_inputs_products_and_provenance
runs/ice_feature_method2_pilot_v1/anchors/ice_lsf_support/ice_co2_4p27_w002/node01.lambda,113,preserve_run_inputs_products_and_provenance
runs/ice_feature_method2_pilot_v1/anchors/ice_lsf_support/ice_co2_4p27_w002/node02.lambda,112,preserve_run_inputs_products_and_provenance
runs/ice_feature_method2_pilot_v1/anchors/ice_lsf_support/ice_co2_4p27_w002/node03.lambda,113,preserve_run_inputs_products_and_provenance
runs/ice_feature_method2_pilot_v1/anchors/ice_lsf_support/ice_co2_4p27_w002/node04.lambda,114,preserve_run_inputs_products_and_provenance
runs/ice_feature_method2_pilot_v1/anchors/ice_lsf_support/ice_co2_4p27_w003/node00.lambda,114,preserve_run_inputs_products_and_provenance
runs/ice_feature_method2_pilot_v1/anchors/ice_lsf_support/ice_co2_4p27_w003/node01.lambda,114,preserve_run_inputs_products_and_provenance
runs/ice_feature_method2_pilot_v1/anchors/ice_lsf_support/ice_co2_4p27_w003/node02.lambda,114,preserve_run_inputs_products_and_provenance
runs/ice_feature_method2_pilot_v1/anchors/ice_lsf_support/ice_co2_4p27_w003/node03.lambda,114,preserve_run_inputs_products_and_provenance
runs/ice_feature_method2_pilot_v1/anchors/ice_lsf_support/ice_co2_4p27_w003/node04.lambda,114,preserve_run_inputs_products_and_provenance
runs/ice_feature_method2_pilot_v1/anchors/ice_lsf_support/ice_co2_4p27_w004/node00.lambda,114,preserve_run_inputs_products_and_provenance
runs/ice_feature_method2_pilot_v1/anchors/ice_lsf_support/ice_co2_4p27_w004/node01.lambda,114,preserve_run_inputs_products_and_provenance
runs/ice_feature_method2_pilot_v1/anchors/ice_lsf_support/ice_co2_4p27_w004/node02.lambda,114,preserve_run_inputs_products_and_provenance
runs/ice_feature_method2_pilot_v1/anchors/ice_lsf_support/ice_co2_4p27_w004/node03.lambda,114,preserve_run_inputs_products_and_provenance
runs/ice_feature_method2_pilot_v1/anchors/ice_lsf_support/ice_co2_4p27_w004/node04.lambda,114,preserve_run_inputs_products_and_provenance
runs/ice_feature_method2_pilot_v1/anchors/ice_lsf_support/ice_co2_4p27_w005/node00.lambda,113,preserve_run_inputs_products_and_provenance
runs/ice_feature_method2_pilot_v1/anchors/ice_lsf_support/ice_co2_4p27_w005/node01.lambda,114,preserve_run_inputs_products_and_provenance
runs/ice_feature_method2_pilot_v1/anchors/ice_lsf_support/ice_co2_4p27_w005/node02.lambda,114,preserve_run_inputs_products_and_provenance
runs/ice_feature_method2_pilot_v1/anchors/ice_lsf_support/ice_co2_4p27_w005/node03.lambda,114,preserve_run_inputs_products_and_provenance
runs/ice_feature_method2_pilot_v1/anchors/ice_lsf_support/ice_co2_4p27_w005/node04.lambda,114,preserve_run_inputs_products_and_provenance
runs/ice_feature_method2_pilot_v1/anchors/ice_lsf_support/ice_co2_4p27_w006/node00.lambda,114,preserve_run_inputs_products_and_provenance
runs/ice_feature_method2_pilot_v1/anchors/ice_lsf_support/ice_co2_4p27_w006/node01.lambda,113,preserve_run_inputs_products_and_provenance
runs/ice_feature_method2_pilot_v1/anchors/ice_lsf_support/ice_co2_4p27_w006/node02.lambda,112,preserve_run_inputs_products_and_provenance
runs/ice_feature_method2_pilot_v1/anchors/ice_lsf_support/ice_co2_4p27_w006/node03.lambda,114,preserve_run_inputs_products_and_provenance
runs/ice_feature_method2_pilot_v1/anchors/ice_lsf_support/ice_co2_4p27_w006/node04.lambda,114,preserve_run_inputs_products_and_provenance
runs/ice_feature_method2_pilot_v1/anchors/ice_lsf_support/ice_co2_4p27_w007/node00.lambda,114,preserve_run_inputs_products_and_provenance
runs/ice_feature_method2_pilot_v1/anchors/ice_lsf_support/ice_co2_4p27_w007/node01.lambda,114,preserve_run_inputs_products_and_provenance
runs/ice_feature_method2_pilot_v1/anchors/ice_lsf_support/ice_co2_4p27_w007/node02.lambda,114,preserve_run_inputs_products_and_provenance
runs/ice_feature_method2_pilot_v1/anchors/ice_lsf_support/ice_co2_4p27_w007/node03.lambda,114,preserve_run_inputs_products_and_provenance
runs/ice_feature_method2_pilot_v1/anchors/ice_lsf_support/ice_co2_4p27_w007/node04.lambda,114,preserve_run_inputs_products_and_provenance
runs/ice_feature_method2_pilot_v1/anchors/ice_lsf_support/ice_co2_4p27_w008/node00.lambda,114,preserve_run_inputs_products_and_provenance
runs/ice_feature_method2_pilot_v1/anchors/ice_lsf_support/ice_co2_4p27_w008/node01.lambda,114,preserve_run_inputs_products_and_provenance
runs/ice_feature_method2_pilot_v1/anchors/ice_lsf_support/ice_co2_4p27_w008/node02.lambda,114,preserve_run_inputs_products_and_provenance
runs/ice_feature_method2_pilot_v1/anchors/ice_lsf_support/ice_co2_4p27_w008/node03.lambda,114,preserve_run_inputs_products_and_provenance
runs/ice_feature_method2_pilot_v1/anchors/ice_lsf_support/ice_co2_4p27_w008/node04.lambda,114,preserve_run_inputs_products_and_provenance
runs/ice_feature_method2_pilot_v1/anchors/ice_lsf_support/ice_co2_4p27_w009/node00.lambda,114,preserve_run_inputs_products_and_provenance
runs/ice_feature_method2_pilot_v1/anchors/ice_lsf_support/ice_co2_4p27_w009/node01.lambda,114,preserve_run_inputs_products_and_provenance
runs/ice_feature_method2_pilot_v1/anchors/ice_lsf_support/ice_co2_4p27_w009/node02.lambda,114,preserve_run_inputs_products_and_provenance
runs/ice_feature_method2_pilot_v1/anchors/ice_lsf_support/ice_co2_4p27_w009/node03.lambda,114,preserve_run_inputs_products_and_provenance
runs/ice_feature_method2_pilot_v1/anchors/ice_lsf_support/ice_co2_4p27_w009/node04.lambda,113,preserve_run_inputs_products_and_provenance
runs/ice_feature_method2_pilot_v1/anchors/ice_lsf_support/ice_co2_4p27_w010/node00.lambda,114,preserve_run_inputs_products_and_provenance
runs/ice_feature_method2_pilot_v1/anchors/ice_lsf_support/ice_co2_4p27_w010/node01.lambda,112,preserve_run_inputs_products_and_provenance
runs/ice_feature_method2_pilot_v1/anchors/ice_lsf_support/ice_co2_4p27_w010/node02.lambda,113,preserve_run_inputs_products_and_provenance
runs/ice_feature_method2_pilot_v1/anchors/ice_lsf_support/ice_co2_4p27_w010/node03.lambda,113,preserve_run_inputs_products_and_provenance
runs/ice_feature_method2_pilot_v1/anchors/ice_lsf_support/ice_co2_4p27_w010/node04.lambda,114,preserve_run_inputs_products_and_provenance
runs/ice_feature_method2_pilot_v1/anchors/ice_lsf_support/ice_co2_4p27_w011/node00.lambda,114,preserve_run_inputs_products_and_provenance
runs/ice_feature_method2_pilot_v1/anchors/ice_lsf_support/ice_co2_4p27_w011/node01.lambda,114,preserve_run_inputs_products_and_provenance
runs/ice_feature_method2_pilot_v1/anchors/ice_lsf_support/ice_co2_4p27_w011/node02.lambda,114,preserve_run_inputs_products_and_provenance
runs/ice_feature_method2_pilot_v1/anchors/ice_lsf_support/ice_co2_4p27_w011/node03.lambda,114,preserve_run_inputs_products_and_provenance
runs/ice_feature_method2_pilot_v1/anchors/ice_lsf_support/ice_co2_4p27_w011/node04.lambda,114,preserve_run_inputs_products_and_provenance
runs/ice_feature_method2_pilot_v1/anchors/ice_lsf_support/ice_co_4p67_w001/node00.lambda,111,preserve_run_inputs_products_and_provenance
runs/ice_feature_method2_pilot_v1/anchors/ice_lsf_support/ice_co_4p67_w001/node01.lambda,113,preserve_run_inputs_products_and_provenance
runs/ice_feature_method2_pilot_v1/anchors/ice_lsf_support/ice_co_4p67_w001/node02.lambda,113,preserve_run_inputs_products_and_provenance
runs/ice_feature_method2_pilot_v1/anchors/ice_lsf_support/ice_co_4p67_w001/node03.lambda,113,preserve_run_inputs_products_and_provenance
runs/ice_feature_method2_pilot_v1/anchors/ice_lsf_support/ice_co_4p67_w001/node04.lambda,113,preserve_run_inputs_products_and_provenance
runs/ice_feature_method2_pilot_v1/anchors/ice_lsf_support/ice_co_4p67_w002/node00.lambda,113,preserve_run_inputs_products_and_provenance
runs/ice_feature_method2_pilot_v1/anchors/ice_lsf_support/ice_co_4p67_w002/node01.lambda,113,preserve_run_inputs_products_and_provenance
runs/ice_feature_method2_pilot_v1/anchors/ice_lsf_support/ice_co_4p67_w002/node02.lambda,113,preserve_run_inputs_products_and_provenance
runs/ice_feature_method2_pilot_v1/anchors/ice_lsf_support/ice_co_4p67_w002/node03.lambda,113,preserve_run_inputs_products_and_provenance
runs/ice_feature_method2_pilot_v1/anchors/ice_lsf_support/ice_co_4p67_w002/node04.lambda,113,preserve_run_inputs_products_and_provenance
runs/ice_feature_method2_pilot_v1/anchors/ice_lsf_support/ice_co_4p67_w003/node00.lambda,113,preserve_run_inputs_products_and_provenance
runs/ice_feature_method2_pilot_v1/anchors/ice_lsf_support/ice_co_4p67_w003/node01.lambda,113,preserve_run_inputs_products_and_provenance
runs/ice_feature_method2_pilot_v1/anchors/ice_lsf_support/ice_co_4p67_w003/node02.lambda,113,preserve_run_inputs_products_and_provenance
runs/ice_feature_method2_pilot_v1/anchors/ice_lsf_support/ice_co_4p67_w003/node03.lambda,113,preserve_run_inputs_products_and_provenance
runs/ice_feature_method2_pilot_v1/anchors/ice_lsf_support/ice_co_4p67_w003/node04.lambda,113,preserve_run_inputs_products_and_provenance
runs/ice_feature_method2_pilot_v1/anchors/ice_lsf_support/ice_co_4p67_w004/node00.lambda,113,preserve_run_inputs_products_and_provenance
runs/ice_feature_method2_pilot_v1/anchors/ice_lsf_support/ice_co_4p67_w004/node01.lambda,113,preserve_run_inputs_products_and_provenance
runs/ice_feature_method2_pilot_v1/anchors/ice_lsf_support/ice_co_4p67_w004/node02.lambda,113,preserve_run_inputs_products_and_provenance
runs/ice_feature_method2_pilot_v1/anchors/ice_lsf_support/ice_co_4p67_w004/node03.lambda,113,preserve_run_inputs_products_and_provenance
runs/ice_feature_method2_pilot_v1/anchors/ice_lsf_support/ice_co_4p67_w004/node04.lambda,113,preserve_run_inputs_products_and_provenance
runs/ice_feature_method2_pilot_v1/anchors/ice_lsf_support/ice_co_4p67_w005/node00.lambda,113,preserve_run_inputs_products_and_provenance
runs/ice_feature_method2_pilot_v1/anchors/ice_lsf_support/ice_co_4p67_w005/node01.lambda,113,preserve_run_inputs_products_and_provenance
runs/ice_feature_method2_pilot_v1/anchors/ice_lsf_support/ice_co_4p67_w005/node02.lambda,113,preserve_run_inputs_products_and_provenance
runs/ice_feature_method2_pilot_v1/anchors/ice_lsf_support/ice_co_4p67_w005/node03.lambda,113,preserve_run_inputs_products_and_provenance
runs/ice_feature_method2_pilot_v1/anchors/ice_lsf_support/ice_co_4p67_w005/node04.lambda,112,preserve_run_inputs_products_and_provenance
runs/ice_feature_method2_pilot_v1/anchors/ice_lsf_support/ice_co_4p67_w006/node00.lambda,113,preserve_run_inputs_products_and_provenance
runs/ice_feature_method2_pilot_v1/anchors/ice_lsf_support/ice_co_4p67_w006/node01.lambda,113,preserve_run_inputs_products_and_provenance
runs/ice_feature_method2_pilot_v1/anchors/ice_lsf_support/ice_co_4p67_w006/node02.lambda,113,preserve_run_inputs_products_and_provenance
runs/ice_feature_method2_pilot_v1/anchors/ice_lsf_support/ice_co_4p67_w006/node03.lambda,113,preserve_run_inputs_products_and_provenance
runs/ice_feature_method2_pilot_v1/anchors/ice_lsf_support/ice_co_4p67_w006/node04.lambda,113,preserve_run_inputs_products_and_provenance
runs/ice_feature_method2_pilot_v1/anchors/ice_lsf_support/ice_co_4p67_w007/node00.lambda,113,preserve_run_inputs_products_and_provenance
runs/ice_feature_method2_pilot_v1/anchors/ice_lsf_support/ice_co_4p67_w007/node01.lambda,113,preserve_run_inputs_products_and_provenance
runs/ice_feature_method2_pilot_v1/anchors/ice_lsf_support/ice_co_4p67_w007/node02.lambda,113,preserve_run_inputs_products_and_provenance
runs/ice_feature_method2_pilot_v1/anchors/ice_lsf_support/ice_co_4p67_w007/node03.lambda,113,preserve_run_inputs_products_and_provenance
runs/ice_feature_method2_pilot_v1/anchors/ice_lsf_support/ice_co_4p67_w007/node04.lambda,113,preserve_run_inputs_products_and_provenance
runs/ice_feature_method2_pilot_v1/anchors/ice_lsf_support/ice_co_4p67_w008/node00.lambda,113,preserve_run_inputs_products_and_provenance
runs/ice_feature_method2_pilot_v1/anchors/ice_lsf_support/ice_co_4p67_w008/node01.lambda,113,preserve_run_inputs_products_and_provenance
runs/ice_feature_method2_pilot_v1/anchors/ice_lsf_support/ice_co_4p67_w008/node02.lambda,113,preserve_run_inputs_products_and_provenance
runs/ice_feature_method2_pilot_v1/anchors/ice_lsf_support/ice_co_4p67_w008/node03.lambda,113,preserve_run_inputs_products_and_provenance
runs/ice_feature_method2_pilot_v1/anchors/ice_lsf_support/ice_co_4p67_w008/node04.lambda,113,preserve_run_inputs_products_and_provenance
runs/ice_feature_method2_pilot_v1/anchors/ice_lsf_support/ice_co_4p67_w009/node00.lambda,113,preserve_run_inputs_products_and_provenance
runs/ice_feature_method2_pilot_v1/anchors/ice_lsf_support/ice_co_4p67_w009/node01.lambda,112,preserve_run_inputs_products_and_provenance
runs/ice_feature_method2_pilot_v1/anchors/ice_lsf_support/ice_co_4p67_w009/node02.lambda,111,preserve_run_inputs_products_and_provenance
runs/ice_feature_method2_pilot_v1/anchors/ice_lsf_support/ice_co_4p67_w009/node03.lambda,112,preserve_run_inputs_products_and_provenance
runs/ice_feature_method2_pilot_v1/anchors/ice_lsf_support/ice_co_4p67_w009/node04.lambda,113,preserve_run_inputs_products_and_provenance
runs/ice_feature_method2_pilot_v1/anchors/ice_lsf_support/ice_co_4p67_w010/node00.lambda,113,preserve_run_inputs_products_and_provenance
runs/ice_feature_method2_pilot_v1/anchors/ice_lsf_support/ice_co_4p67_w010/node01.lambda,113,preserve_run_inputs_products_and_provenance
runs/ice_feature_method2_pilot_v1/anchors/ice_lsf_support/ice_co_4p67_w010/node02.lambda,113,preserve_run_inputs_products_and_provenance
runs/ice_feature_method2_pilot_v1/anchors/ice_lsf_support/ice_co_4p67_w010/node03.lambda,113,preserve_run_inputs_products_and_provenance
runs/ice_feature_method2_pilot_v1/anchors/ice_lsf_support/ice_co_4p67_w010/node04.lambda,113,preserve_run_inputs_products_and_provenance
runs/ice_feature_method2_pilot_v1/anchors/ice_lsf_support/ice_co_4p67_w011/node00.lambda,113,preserve_run_inputs_products_and_provenance
runs/ice_feature_method2_pilot_v1/anchors/ice_lsf_support/ice_co_4p67_w011/node01.lambda,113,preserve_run_inputs_products_and_provenance
runs/ice_feature_method2_pilot_v1/anchors/ice_lsf_support/ice_co_4p67_w011/node02.lambda,113,preserve_run_inputs_products_and_provenance
runs/ice_feature_method2_pilot_v1/anchors/ice_lsf_support/ice_co_4p67_w011/node03.lambda,113,preserve_run_inputs_products_and_provenance
runs/ice_feature_method2_pilot_v1/anchors/ice_lsf_support/ice_co_4p67_w011/node04.lambda,113,preserve_run_inputs_products_and_provenance
runs/ice_feature_method2_pilot_v1/anchors/ice_lsf_support/ice_h2o_3p0_w001/node00.lambda,113,preserve_run_inputs_products_and_provenance
runs/ice_feature_method2_pilot_v1/anchors/ice_lsf_support/ice_h2o_3p0_w001/node01.lambda,113,preserve_run_inputs_products_and_provenance
runs/ice_feature_method2_pilot_v1/anchors/ice_lsf_support/ice_h2o_3p0_w001/node02.lambda,113,preserve_run_inputs_products_and_provenance
runs/ice_feature_method2_pilot_v1/anchors/ice_lsf_support/ice_h2o_3p0_w001/node03.lambda,113,preserve_run_inputs_products_and_provenance
runs/ice_feature_method2_pilot_v1/anchors/ice_lsf_support/ice_h2o_3p0_w001/node04.lambda,113,preserve_run_inputs_products_and_provenance
runs/ice_feature_method2_pilot_v1/anchors/ice_lsf_support/ice_h2o_3p0_w002/node00.lambda,113,preserve_run_inputs_products_and_provenance
runs/ice_feature_method2_pilot_v1/anchors/ice_lsf_support/ice_h2o_3p0_w002/node01.lambda,113,preserve_run_inputs_products_and_provenance
runs/ice_feature_method2_pilot_v1/anchors/ice_lsf_support/ice_h2o_3p0_w002/node02.lambda,113,preserve_run_inputs_products_and_provenance
runs/ice_feature_method2_pilot_v1/anchors/ice_lsf_support/ice_h2o_3p0_w002/node03.lambda,113,preserve_run_inputs_products_and_provenance
runs/ice_feature_method2_pilot_v1/anchors/ice_lsf_support/ice_h2o_3p0_w002/node04.lambda,113,preserve_run_inputs_products_and_provenance
runs/ice_feature_method2_pilot_v1/anchors/ice_lsf_support/ice_h2o_3p0_w003/node00.lambda,113,preserve_run_inputs_products_and_provenance
runs/ice_feature_method2_pilot_v1/anchors/ice_lsf_support/ice_h2o_3p0_w003/node01.lambda,113,preserve_run_inputs_products_and_provenance
runs/ice_feature_method2_pilot_v1/anchors/ice_lsf_support/ice_h2o_3p0_w003/node02.lambda,113,preserve_run_inputs_products_and_provenance
runs/ice_feature_method2_pilot_v1/anchors/ice_lsf_support/ice_h2o_3p0_w003/node03.lambda,113,preserve_run_inputs_products_and_provenance
runs/ice_feature_method2_pilot_v1/anchors/ice_lsf_support/ice_h2o_3p0_w003/node04.lambda,113,preserve_run_inputs_products_and_provenance
runs/ice_feature_method2_pilot_v1/anchors/ice_lsf_support/ice_h2o_3p0_w004/node00.lambda,113,preserve_run_inputs_products_and_provenance
runs/ice_feature_method2_pilot_v1/anchors/ice_lsf_support/ice_h2o_3p0_w004/node01.lambda,113,preserve_run_inputs_products_and_provenance
runs/ice_feature_method2_pilot_v1/anchors/ice_lsf_support/ice_h2o_3p0_w004/node02.lambda,113,preserve_run_inputs_products_and_provenance
runs/ice_feature_method2_pilot_v1/anchors/ice_lsf_support/ice_h2o_3p0_w004/node03.lambda,113,preserve_run_inputs_products_and_provenance
runs/ice_feature_method2_pilot_v1/anchors/ice_lsf_support/ice_h2o_3p0_w004/node04.lambda,113,preserve_run_inputs_products_and_provenance
runs/ice_feature_method2_pilot_v1/anchors/ice_lsf_support/ice_h2o_3p0_w005/node00.lambda,113,preserve_run_inputs_products_and_provenance
runs/ice_feature_method2_pilot_v1/anchors/ice_lsf_support/ice_h2o_3p0_w005/node01.lambda,113,preserve_run_inputs_products_and_provenance
runs/ice_feature_method2_pilot_v1/anchors/ice_lsf_support/ice_h2o_3p0_w005/node02.lambda,113,preserve_run_inputs_products_and_provenance
runs/ice_feature_method2_pilot_v1/anchors/ice_lsf_support/ice_h2o_3p0_w005/node03.lambda,113,preserve_run_inputs_products_and_provenance
runs/ice_feature_method2_pilot_v1/anchors/ice_lsf_support/ice_h2o_3p0_w005/node04.lambda,113,preserve_run_inputs_products_and_provenance
runs/ice_feature_method2_pilot_v1/anchors/ice_lsf_support/ice_h2o_3p0_w006/node00.lambda,113,preserve_run_inputs_products_and_provenance
runs/ice_feature_method2_pilot_v1/anchors/ice_lsf_support/ice_h2o_3p0_w006/node01.lambda,113,preserve_run_inputs_products_and_provenance
runs/ice_feature_method2_pilot_v1/anchors/ice_lsf_support/ice_h2o_3p0_w006/node02.lambda,113,preserve_run_inputs_products_and_provenance
runs/ice_feature_method2_pilot_v1/anchors/ice_lsf_support/ice_h2o_3p0_w006/node03.lambda,113,preserve_run_inputs_products_and_provenance
runs/ice_feature_method2_pilot_v1/anchors/ice_lsf_support/ice_h2o_3p0_w006/node04.lambda,113,preserve_run_inputs_products_and_provenance
runs/ice_feature_method2_pilot_v1/anchors/ice_lsf_support/ice_h2o_3p0_w007/node00.lambda,113,preserve_run_inputs_products_and_provenance
runs/ice_feature_method2_pilot_v1/anchors/ice_lsf_support/ice_h2o_3p0_w007/node01.lambda,113,preserve_run_inputs_products_and_provenance
runs/ice_feature_method2_pilot_v1/anchors/ice_lsf_support/ice_h2o_3p0_w007/node02.lambda,113,preserve_run_inputs_products_and_provenance
runs/ice_feature_method2_pilot_v1/anchors/ice_lsf_support/ice_h2o_3p0_w007/node03.lambda,113,preserve_run_inputs_products_and_provenance
runs/ice_feature_method2_pilot_v1/anchors/ice_lsf_support/ice_h2o_3p0_w007/node04.lambda,113,preserve_run_inputs_products_and_provenance
runs/ice_feature_method2_pilot_v1/anchors/ice_lsf_support/ice_h2o_3p0_w008/node00.lambda,113,preserve_run_inputs_products_and_provenance
runs/ice_feature_method2_pilot_v1/anchors/ice_lsf_support/ice_h2o_3p0_w008/node01.lambda,113,preserve_run_inputs_products_and_provenance
runs/ice_feature_method2_pilot_v1/anchors/ice_lsf_support/ice_h2o_3p0_w008/node02.lambda,112,preserve_run_inputs_products_and_provenance
runs/ice_feature_method2_pilot_v1/anchors/ice_lsf_support/ice_h2o_3p0_w008/node03.lambda,112,preserve_run_inputs_products_and_provenance
runs/ice_feature_method2_pilot_v1/anchors/ice_lsf_support/ice_h2o_3p0_w008/node04.lambda,113,preserve_run_inputs_products_and_provenance
runs/ice_feature_method2_pilot_v1/anchors/ice_lsf_support/ice_h2o_3p0_w009/node00.lambda,113,preserve_run_inputs_products_and_provenance
runs/ice_feature_method2_pilot_v1/anchors/ice_lsf_support/ice_h2o_3p0_w009/node01.lambda,113,preserve_run_inputs_products_and_provenance
runs/ice_feature_method2_pilot_v1/anchors/ice_lsf_support/ice_h2o_3p0_w009/node02.lambda,113,preserve_run_inputs_products_and_provenance
runs/ice_feature_method2_pilot_v1/anchors/ice_lsf_support/ice_h2o_3p0_w009/node03.lambda,113,preserve_run_inputs_products_and_provenance
runs/ice_feature_method2_pilot_v1/anchors/ice_lsf_support/ice_h2o_3p0_w009/node04.lambda,113,preserve_run_inputs_products_and_provenance
runs/ice_feature_method2_pilot_v1/anchors/ice_lsf_support/ice_h2o_3p0_w010/node00.lambda,113,preserve_run_inputs_products_and_provenance
runs/ice_feature_method2_pilot_v1/anchors/ice_lsf_support/ice_h2o_3p0_w010/node01.lambda,113,preserve_run_inputs_products_and_provenance
runs/ice_feature_method2_pilot_v1/anchors/ice_lsf_support/ice_h2o_3p0_w010/node02.lambda,113,preserve_run_inputs_products_and_provenance
runs/ice_feature_method2_pilot_v1/anchors/ice_lsf_support/ice_h2o_3p0_w010/node03.lambda,113,preserve_run_inputs_products_and_provenance
runs/ice_feature_method2_pilot_v1/anchors/ice_lsf_support/ice_h2o_3p0_w010/node04.lambda,113,preserve_run_inputs_products_and_provenance
runs/ice_feature_method2_pilot_v1/anchors/ice_lsf_support/ice_h2o_3p0_w011/node00.lambda,113,preserve_run_inputs_products_and_provenance
runs/ice_feature_method2_pilot_v1/anchors/ice_lsf_support/ice_h2o_3p0_w011/node01.lambda,113,preserve_run_inputs_products_and_provenance
runs/ice_feature_method2_pilot_v1/anchors/ice_lsf_support/ice_h2o_3p0_w011/node02.lambda,113,preserve_run_inputs_products_and_provenance
runs/ice_feature_method2_pilot_v1/anchors/ice_lsf_support/ice_h2o_3p0_w011/node03.lambda,113,preserve_run_inputs_products_and_provenance
runs/ice_feature_method2_pilot_v1/anchors/ice_lsf_support/ice_h2o_3p0_w011/node04.lambda,113,preserve_run_inputs_products_and_provenance
runs/ice_feature_method2_pilot_v1/continuum_check_anchors.tsv,1808,preserve_run_inputs_products_and_provenance
runs/ice_feature_method2_pilot_v1/core_convergence_adjudication.template.json,524,preserve_run_inputs_products_and_provenance
runs/ice_feature_method2_pilot_v1/dust_representation_contract.json,1160,preserve_run_inputs_products_and_provenance
runs/ice_feature_method2_pilot_v1/ice_feature_anchor_contract_v1.ecsv,23573,preserve_run_inputs_products_and_provenance
runs/ice_feature_method2_pilot_v1/ice_feature_anchor_contract_v1.json,13392,preserve_run_inputs_products_and_provenance
runs/ice_feature_method2_pilot_v1/ice_feature_anchors.tsv,29953,preserve_run_inputs_products_and_provenance
runs/ice_feature_method2_pilot_v1/ice_local_continuum_lsf_support_nodes.tsv,17914,preserve_run_inputs_products_and_provenance
runs/ice_feature_method2_pilot_v1/ice_local_continuum_support_targets.tsv,8776,preserve_run_inputs_products_and_provenance
runs/ice_feature_method2_pilot_v1/ice_lsf_support_nodes.tsv,46122,preserve_run_inputs_products_and_provenance
runs/ice_feature_method2_pilot_v1/opacity_representation_selection.template.json,614,preserve_run_inputs_products_and_provenance
runs/ice_feature_method2_pilot_v1/winner_selection.template.json,637,preserve_run_inputs_products_and_provenance
runs/ice_feature_method2_pilot_v2/anchor_contract_manifest.json,45808,preserve_run_inputs_products_and_provenance
runs/ice_feature_method2_pilot_v2/anchor_contract_manifest.sha256,96,preserve_run_inputs_products_and_provenance
runs/ice_feature_method2_pilot_v2/anchors/continuum/w001/anchor.lambda,91,preserve_run_inputs_products_and_provenance
runs/ice_feature_method2_pilot_v2/anchors/continuum/w002/anchor.lambda,91,preserve_run_inputs_products_and_provenance
runs/ice_feature_method2_pilot_v2/anchors/continuum/w003/anchor.lambda,91,preserve_run_inputs_products_and_provenance
runs/ice_feature_method2_pilot_v2/anchors/continuum/w004/anchor.lambda,91,preserve_run_inputs_products_and_provenance
runs/ice_feature_method2_pilot_v2/anchors/continuum/w005/anchor.lambda,90,preserve_run_inputs_products_and_provenance
runs/ice_feature_method2_pilot_v2/anchors/continuum/w006/anchor.lambda,91,preserve_run_inputs_products_and_provenance
runs/ice_feature_method2_pilot_v2/anchors/continuum/w007/anchor.lambda,91,preserve_run_inputs_products_and_provenance
runs/ice_feature_method2_pilot_v2/anchors/continuum/w008/anchor.lambda,91,preserve_run_inputs_products_and_provenance
runs/ice_feature_method2_pilot_v2/anchors/continuum/w009/anchor.lambda,91,preserve_run_inputs_products_and_provenance
runs/ice_feature_method2_pilot_v2/anchors/ice_local_continuum_lsf_support/ice_co2_15p2_continuum_blue_q20/node00.lambda,149,preserve_run_inputs_products_and_provenance
runs/ice_feature_method2_pilot_v2/anchors/ice_local_continuum_lsf_support/ice_co2_15p2_continuum_blue_q20/node01.lambda,149,preserve_run_inputs_products_and_provenance
runs/ice_feature_method2_pilot_v2/anchors/ice_local_continuum_lsf_support/ice_co2_15p2_continuum_blue_q20/node02.lambda,149,preserve_run_inputs_products_and_provenance
runs/ice_feature_method2_pilot_v2/anchors/ice_local_continuum_lsf_support/ice_co2_15p2_continuum_blue_q20/node03.lambda,149,preserve_run_inputs_products_and_provenance
runs/ice_feature_method2_pilot_v2/anchors/ice_local_continuum_lsf_support/ice_co2_15p2_continuum_blue_q20/node04.lambda,149,preserve_run_inputs_products_and_provenance
runs/ice_feature_method2_pilot_v2/anchors/ice_local_continuum_lsf_support/ice_co2_15p2_continuum_blue_q80/node00.lambda,149,preserve_run_inputs_products_and_provenance
runs/ice_feature_method2_pilot_v2/anchors/ice_local_continuum_lsf_support/ice_co2_15p2_continuum_blue_q80/node01.lambda,149,preserve_run_inputs_products_and_provenance
runs/ice_feature_method2_pilot_v2/anchors/ice_local_continuum_lsf_support/ice_co2_15p2_continuum_blue_q80/node02.lambda,148,preserve_run_inputs_products_and_provenance
runs/ice_feature_method2_pilot_v2/anchors/ice_local_continuum_lsf_support/ice_co2_15p2_continuum_blue_q80/node03.lambda,149,preserve_run_inputs_products_and_provenance
runs/ice_feature_method2_pilot_v2/anchors/ice_local_continuum_lsf_support/ice_co2_15p2_continuum_blue_q80/node04.lambda,149,preserve_run_inputs_products_and_provenance
runs/ice_feature_method2_pilot_v2/anchors/ice_local_continuum_lsf_support/ice_co2_15p2_continuum_red_q20/node00.lambda,147,preserve_run_inputs_products_and_provenance
runs/ice_feature_method2_pilot_v2/anchors/ice_local_continuum_lsf_support/ice_co2_15p2_continuum_red_q20/node01.lambda,147,preserve_run_inputs_products_and_provenance
runs/ice_feature_method2_pilot_v2/anchors/ice_local_continuum_lsf_support/ice_co2_15p2_continuum_red_q20/node02.lambda,147,preserve_run_inputs_products_and_provenance
runs/ice_feature_method2_pilot_v2/anchors/ice_local_continuum_lsf_support/ice_co2_15p2_continuum_red_q20/node03.lambda,147,preserve_run_inputs_products_and_provenance
runs/ice_feature_method2_pilot_v2/anchors/ice_local_continuum_lsf_support/ice_co2_15p2_continuum_red_q20/node04.lambda,147,preserve_run_inputs_products_and_provenance
runs/ice_feature_method2_pilot_v2/anchors/ice_local_continuum_lsf_support/ice_co2_15p2_continuum_red_q80/node00.lambda,147,preserve_run_inputs_products_and_provenance
runs/ice_feature_method2_pilot_v2/anchors/ice_local_continuum_lsf_support/ice_co2_15p2_continuum_red_q80/node01.lambda,146,preserve_run_inputs_products_and_provenance
runs/ice_feature_method2_pilot_v2/anchors/ice_local_continuum_lsf_support/ice_co2_15p2_continuum_red_q80/node02.lambda,147,preserve_run_inputs_products_and_provenance
runs/ice_feature_method2_pilot_v2/anchors/ice_local_continuum_lsf_support/ice_co2_15p2_continuum_red_q80/node03.lambda,147,preserve_run_inputs_products_and_provenance
runs/ice_feature_method2_pilot_v2/anchors/ice_local_continuum_lsf_support/ice_co2_15p2_continuum_red_q80/node04.lambda,147,preserve_run_inputs_products_and_provenance
runs/ice_feature_method2_pilot_v2/anchors/ice_local_continuum_lsf_support/ice_co2_4p27_continuum_blue_q20/node00.lambda,149,preserve_run_inputs_products_and_provenance
runs/ice_feature_method2_pilot_v2/anchors/ice_local_continuum_lsf_support/ice_co2_4p27_continuum_blue_q20/node01.lambda,149,preserve_run_inputs_products_and_provenance
runs/ice_feature_method2_pilot_v2/anchors/ice_local_continuum_lsf_support/ice_co2_4p27_continuum_blue_q20/node02.lambda,149,preserve_run_inputs_products_and_provenance
runs/ice_feature_method2_pilot_v2/anchors/ice_local_continuum_lsf_support/ice_co2_4p27_continuum_blue_q20/node03.lambda,149,preserve_run_inputs_products_and_provenance
runs/ice_feature_method2_pilot_v2/anchors/ice_local_continuum_lsf_support/ice_co2_4p27_continuum_blue_q20/node04.lambda,149,preserve_run_inputs_products_and_provenance
runs/ice_feature_method2_pilot_v2/anchors/ice_local_continuum_lsf_support/ice_co2_4p27_continuum_blue_q80/node00.lambda,149,preserve_run_inputs_products_and_provenance
runs/ice_feature_method2_pilot_v2/anchors/ice_local_continuum_lsf_support/ice_co2_4p27_continuum_blue_q80/node01.lambda,149,preserve_run_inputs_products_and_provenance
runs/ice_feature_method2_pilot_v2/anchors/ice_local_continuum_lsf_support/ice_co2_4p27_continuum_blue_q80/node02.lambda,149,preserve_run_inputs_products_and_provenance
runs/ice_feature_method2_pilot_v2/anchors/ice_local_continuum_lsf_support/ice_co2_4p27_continuum_blue_q80/node03.lambda,149,preserve_run_inputs_products_and_provenance
runs/ice_feature_method2_pilot_v2/anchors/ice_local_continuum_lsf_support/ice_co2_4p27_continuum_blue_q80/node04.lambda,149,preserve_run_inputs_products_and_provenance
runs/ice_feature_method2_pilot_v2/anchors/ice_local_continuum_lsf_support/ice_co2_4p27_continuum_red_q20/node00.lambda,145,preserve_run_inputs_products_and_provenance
runs/ice_feature_method2_pilot_v2/anchors/ice_local_continuum_lsf_support/ice_co2_4p27_continuum_red_q20/node01.lambda,145,preserve_run_inputs_products_and_provenance
runs/ice_feature_method2_pilot_v2/anchors/ice_local_continuum_lsf_support/ice_co2_4p27_continuum_red_q20/node02.lambda,147,preserve_run_inputs_products_and_provenance
runs/ice_feature_method2_pilot_v2/anchors/ice_local_continuum_lsf_support/ice_co2_4p27_continuum_red_q20/node03.lambda,147,preserve_run_inputs_products_and_provenance
runs/ice_feature_method2_pilot_v2/anchors/ice_local_continuum_lsf_support/ice_co2_4p27_continuum_red_q20/node04.lambda,147,preserve_run_inputs_products_and_provenance
runs/ice_feature_method2_pilot_v2/anchors/ice_local_continuum_lsf_support/ice_co2_4p27_continuum_red_q80/node00.lambda,147,preserve_run_inputs_products_and_provenance
runs/ice_feature_method2_pilot_v2/anchors/ice_local_continuum_lsf_support/ice_co2_4p27_continuum_red_q80/node01.lambda,147,preserve_run_inputs_products_and_provenance
runs/ice_feature_method2_pilot_v2/anchors/ice_local_continuum_lsf_support/ice_co2_4p27_continuum_red_q80/node02.lambda,147,preserve_run_inputs_products_and_provenance
runs/ice_feature_method2_pilot_v2/anchors/ice_local_continuum_lsf_support/ice_co2_4p27_continuum_red_q80/node03.lambda,147,preserve_run_inputs_products_and_provenance
runs/ice_feature_method2_pilot_v2/anchors/ice_local_continuum_lsf_support/ice_co2_4p27_continuum_red_q80/node04.lambda,147,preserve_run_inputs_products_and_provenance
runs/ice_feature_method2_pilot_v2/anchors/ice_local_continuum_lsf_support/ice_co_4p67_continuum_blue_q20/node00.lambda,148,preserve_run_inputs_products_and_provenance
runs/ice_feature_method2_pilot_v2/anchors/ice_local_continuum_lsf_support/ice_co_4p67_continuum_blue_q20/node01.lambda,148,preserve_run_inputs_products_and_provenance
runs/ice_feature_method2_pilot_v2/anchors/ice_local_continuum_lsf_support/ice_co_4p67_continuum_blue_q20/node02.lambda,148,preserve_run_inputs_products_and_provenance
runs/ice_feature_method2_pilot_v2/anchors/ice_local_continuum_lsf_support/ice_co_4p67_continuum_blue_q20/node03.lambda,148,preserve_run_inputs_products_and_provenance
runs/ice_feature_method2_pilot_v2/anchors/ice_local_continuum_lsf_support/ice_co_4p67_continuum_blue_q20/node04.lambda,148,preserve_run_inputs_products_and_provenance
runs/ice_feature_method2_pilot_v2/anchors/ice_local_continuum_lsf_support/ice_co_4p67_continuum_blue_q80/node00.lambda,148,preserve_run_inputs_products_and_provenance
runs/ice_feature_method2_pilot_v2/anchors/ice_local_continuum_lsf_support/ice_co_4p67_continuum_blue_q80/node01.lambda,147,preserve_run_inputs_products_and_provenance
runs/ice_feature_method2_pilot_v2/anchors/ice_local_continuum_lsf_support/ice_co_4p67_continuum_blue_q80/node02.lambda,147,preserve_run_inputs_products_and_provenance
runs/ice_feature_method2_pilot_v2/anchors/ice_local_continuum_lsf_support/ice_co_4p67_continuum_blue_q80/node03.lambda,148,preserve_run_inputs_products_and_provenance
runs/ice_feature_method2_pilot_v2/anchors/ice_local_continuum_lsf_support/ice_co_4p67_continuum_blue_q80/node04.lambda,148,preserve_run_inputs_products_and_provenance
runs/ice_feature_method2_pilot_v2/anchors/ice_local_continuum_lsf_support/ice_co_4p67_continuum_red_q20/node00.lambda,145,preserve_run_inputs_products_and_provenance
runs/ice_feature_method2_pilot_v2/anchors/ice_local_continuum_lsf_support/ice_co_4p67_continuum_red_q20/node01.lambda,146,preserve_run_inputs_products_and_provenance
runs/ice_feature_method2_pilot_v2/anchors/ice_local_continuum_lsf_support/ice_co_4p67_continuum_red_q20/node02.lambda,146,preserve_run_inputs_products_and_provenance
runs/ice_feature_method2_pilot_v2/anchors/ice_local_continuum_lsf_support/ice_co_4p67_continuum_red_q20/node03.lambda,146,preserve_run_inputs_products_and_provenance
runs/ice_feature_method2_pilot_v2/anchors/ice_local_continuum_lsf_support/ice_co_4p67_continuum_red_q20/node04.lambda,146,preserve_run_inputs_products_and_provenance
runs/ice_feature_method2_pilot_v2/anchors/ice_local_continuum_lsf_support/ice_co_4p67_continuum_red_q80/node00.lambda,145,preserve_run_inputs_products_and_provenance
runs/ice_feature_method2_pilot_v2/anchors/ice_local_continuum_lsf_support/ice_co_4p67_continuum_red_q80/node01.lambda,146,preserve_run_inputs_products_and_provenance
runs/ice_feature_method2_pilot_v2/anchors/ice_local_continuum_lsf_support/ice_co_4p67_continuum_red_q80/node02.lambda,146,preserve_run_inputs_products_and_provenance
runs/ice_feature_method2_pilot_v2/anchors/ice_local_continuum_lsf_support/ice_co_4p67_continuum_red_q80/node03.lambda,146,preserve_run_inputs_products_and_provenance
runs/ice_feature_method2_pilot_v2/anchors/ice_local_continuum_lsf_support/ice_co_4p67_continuum_red_q80/node04.lambda,146,preserve_run_inputs_products_and_provenance
runs/ice_feature_method2_pilot_v2/anchors/ice_local_continuum_lsf_support/ice_h2o_3p0_continuum_blue_q20/node00.lambda,148,preserve_run_inputs_products_and_provenance
runs/ice_feature_method2_pilot_v2/anchors/ice_local_continuum_lsf_support/ice_h2o_3p0_continuum_blue_q20/node01.lambda,148,preserve_run_inputs_products_and_provenance
runs/ice_feature_method2_pilot_v2/anchors/ice_local_continuum_lsf_support/ice_h2o_3p0_continuum_blue_q20/node02.lambda,148,preserve_run_inputs_products_and_provenance
runs/ice_feature_method2_pilot_v2/anchors/ice_local_continuum_lsf_support/ice_h2o_3p0_continuum_blue_q20/node03.lambda,148,preserve_run_inputs_products_and_provenance
runs/ice_feature_method2_pilot_v2/anchors/ice_local_continuum_lsf_support/ice_h2o_3p0_continuum_blue_q20/node04.lambda,148,preserve_run_inputs_products_and_provenance
runs/ice_feature_method2_pilot_v2/anchors/ice_local_continuum_lsf_support/ice_h2o_3p0_continuum_blue_q80/node00.lambda,148,preserve_run_inputs_products_and_provenance
runs/ice_feature_method2_pilot_v2/anchors/ice_local_continuum_lsf_support/ice_h2o_3p0_continuum_blue_q80/node01.lambda,147,preserve_run_inputs_products_and_provenance
runs/ice_feature_method2_pilot_v2/anchors/ice_local_continuum_lsf_support/ice_h2o_3p0_continuum_blue_q80/node02.lambda,148,preserve_run_inputs_products_and_provenance
runs/ice_feature_method2_pilot_v2/anchors/ice_local_continuum_lsf_support/ice_h2o_3p0_continuum_blue_q80/node03.lambda,148,preserve_run_inputs_products_and_provenance
runs/ice_feature_method2_pilot_v2/anchors/ice_local_continuum_lsf_support/ice_h2o_3p0_continuum_blue_q80/node04.lambda,147,preserve_run_inputs_products_and_provenance
runs/ice_feature_method2_pilot_v2/anchors/ice_local_continuum_lsf_support/ice_h2o_3p0_continuum_red_q20/node00.lambda,146,preserve_run_inputs_products_and_provenance
runs/ice_feature_method2_pilot_v2/anchors/ice_local_continuum_lsf_support/ice_h2o_3p0_continuum_red_q20/node01.lambda,146,preserve_run_inputs_products_and_provenance
runs/ice_feature_method2_pilot_v2/anchors/ice_local_continuum_lsf_support/ice_h2o_3p0_continuum_red_q20/node02.lambda,146,preserve_run_inputs_products_and_provenance
runs/ice_feature_method2_pilot_v2/anchors/ice_local_continuum_lsf_support/ice_h2o_3p0_continuum_red_q20/node03.lambda,146,preserve_run_inputs_products_and_provenance
runs/ice_feature_method2_pilot_v2/anchors/ice_local_continuum_lsf_support/ice_h2o_3p0_continuum_red_q20/node04.lambda,146,preserve_run_inputs_products_and_provenance
runs/ice_feature_method2_pilot_v2/anchors/ice_local_continuum_lsf_support/ice_h2o_3p0_continuum_red_q80/node00.lambda,146,preserve_run_inputs_products_and_provenance
runs/ice_feature_method2_pilot_v2/anchors/ice_local_continuum_lsf_support/ice_h2o_3p0_continuum_red_q80/node01.lambda,146,preserve_run_inputs_products_and_provenance
runs/ice_feature_method2_pilot_v2/anchors/ice_local_continuum_lsf_support/ice_h2o_3p0_continuum_red_q80/node02.lambda,145,preserve_run_inputs_products_and_provenance
runs/ice_feature_method2_pilot_v2/anchors/ice_local_continuum_lsf_support/ice_h2o_3p0_continuum_red_q80/node03.lambda,145,preserve_run_inputs_products_and_provenance
runs/ice_feature_method2_pilot_v2/anchors/ice_local_continuum_lsf_support/ice_h2o_3p0_continuum_red_q80/node04.lambda,146,preserve_run_inputs_products_and_provenance
runs/ice_feature_method2_pilot_v2/anchors/ice_lsf_support/ice_co2_15p2_w001/node00.lambda,114,preserve_run_inputs_products_and_provenance
runs/ice_feature_method2_pilot_v2/anchors/ice_lsf_support/ice_co2_15p2_w001/node01.lambda,114,preserve_run_inputs_products_and_provenance
runs/ice_feature_method2_pilot_v2/anchors/ice_lsf_support/ice_co2_15p2_w001/node02.lambda,113,preserve_run_inputs_products_and_provenance
runs/ice_feature_method2_pilot_v2/anchors/ice_lsf_support/ice_co2_15p2_w001/node03.lambda,114,preserve_run_inputs_products_and_provenance
runs/ice_feature_method2_pilot_v2/anchors/ice_lsf_support/ice_co2_15p2_w001/node04.lambda,114,preserve_run_inputs_products_and_provenance
runs/ice_feature_method2_pilot_v2/anchors/ice_lsf_support/ice_co2_15p2_w002/node00.lambda,114,preserve_run_inputs_products_and_provenance
runs/ice_feature_method2_pilot_v2/anchors/ice_lsf_support/ice_co2_15p2_w002/node01.lambda,114,preserve_run_inputs_products_and_provenance
runs/ice_feature_method2_pilot_v2/anchors/ice_lsf_support/ice_co2_15p2_w002/node02.lambda,113,preserve_run_inputs_products_and_provenance
runs/ice_feature_method2_pilot_v2/anchors/ice_lsf_support/ice_co2_15p2_w002/node03.lambda,114,preserve_run_inputs_products_and_provenance
runs/ice_feature_method2_pilot_v2/anchors/ice_lsf_support/ice_co2_15p2_w002/node04.lambda,114,preserve_run_inputs_products_and_provenance
runs/ice_feature_method2_pilot_v2/anchors/ice_lsf_support/ice_co2_15p2_w003/node00.lambda,114,preserve_run_inputs_products_and_provenance
runs/ice_feature_method2_pilot_v2/anchors/ice_lsf_support/ice_co2_15p2_w003/node01.lambda,114,preserve_run_inputs_products_and_provenance
runs/ice_feature_method2_pilot_v2/anchors/ice_lsf_support/ice_co2_15p2_w003/node02.lambda,114,preserve_run_inputs_products_and_provenance
runs/ice_feature_method2_pilot_v2/anchors/ice_lsf_support/ice_co2_15p2_w003/node03.lambda,114,preserve_run_inputs_products_and_provenance
runs/ice_feature_method2_pilot_v2/anchors/ice_lsf_support/ice_co2_15p2_w003/node04.lambda,114,preserve_run_inputs_products_and_provenance
runs/ice_feature_method2_pilot_v2/anchors/ice_lsf_support/ice_co2_15p2_w004/node00.lambda,114,preserve_run_inputs_products_and_provenance
runs/ice_feature_method2_pilot_v2/anchors/ice_lsf_support/ice_co2_15p2_w004/node01.lambda,114,preserve_run_inputs_products_and_provenance
runs/ice_feature_method2_pilot_v2/anchors/ice_lsf_support/ice_co2_15p2_w004/node02.lambda,113,preserve_run_inputs_products_and_provenance
runs/ice_feature_method2_pilot_v2/anchors/ice_lsf_support/ice_co2_15p2_w004/node03.lambda,114,preserve_run_inputs_products_and_provenance
runs/ice_feature_method2_pilot_v2/anchors/ice_lsf_support/ice_co2_15p2_w004/node04.lambda,114,preserve_run_inputs_products_and_provenance
runs/ice_feature_method2_pilot_v2/anchors/ice_lsf_support/ice_co2_15p2_w005/node00.lambda,114,preserve_run_inputs_products_and_provenance
runs/ice_feature_method2_pilot_v2/anchors/ice_lsf_support/ice_co2_15p2_w005/node01.lambda,114,preserve_run_inputs_products_and_provenance
runs/ice_feature_method2_pilot_v2/anchors/ice_lsf_support/ice_co2_15p2_w005/node02.lambda,114,preserve_run_inputs_products_and_provenance
runs/ice_feature_method2_pilot_v2/anchors/ice_lsf_support/ice_co2_15p2_w005/node03.lambda,114,preserve_run_inputs_products_and_provenance
runs/ice_feature_method2_pilot_v2/anchors/ice_lsf_support/ice_co2_15p2_w005/node04.lambda,114,preserve_run_inputs_products_and_provenance
runs/ice_feature_method2_pilot_v2/anchors/ice_lsf_support/ice_co2_15p2_w006/node00.lambda,111,preserve_run_inputs_products_and_provenance
runs/ice_feature_method2_pilot_v2/anchors/ice_lsf_support/ice_co2_15p2_w006/node01.lambda,114,preserve_run_inputs_products_and_provenance
runs/ice_feature_method2_pilot_v2/anchors/ice_lsf_support/ice_co2_15p2_w006/node02.lambda,114,preserve_run_inputs_products_and_provenance
runs/ice_feature_method2_pilot_v2/anchors/ice_lsf_support/ice_co2_15p2_w006/node03.lambda,114,preserve_run_inputs_products_and_provenance
runs/ice_feature_method2_pilot_v2/anchors/ice_lsf_support/ice_co2_15p2_w006/node04.lambda,114,preserve_run_inputs_products_and_provenance
runs/ice_feature_method2_pilot_v2/anchors/ice_lsf_support/ice_co2_15p2_w007/node00.lambda,113,preserve_run_inputs_products_and_provenance
runs/ice_feature_method2_pilot_v2/anchors/ice_lsf_support/ice_co2_15p2_w007/node01.lambda,114,preserve_run_inputs_products_and_provenance
runs/ice_feature_method2_pilot_v2/anchors/ice_lsf_support/ice_co2_15p2_w007/node02.lambda,114,preserve_run_inputs_products_and_provenance
runs/ice_feature_method2_pilot_v2/anchors/ice_lsf_support/ice_co2_15p2_w007/node03.lambda,114,preserve_run_inputs_products_and_provenance
runs/ice_feature_method2_pilot_v2/anchors/ice_lsf_support/ice_co2_15p2_w007/node04.lambda,114,preserve_run_inputs_products_and_provenance
runs/ice_feature_method2_pilot_v2/anchors/ice_lsf_support/ice_co2_15p2_w008/node00.lambda,114,preserve_run_inputs_products_and_provenance
runs/ice_feature_method2_pilot_v2/anchors/ice_lsf_support/ice_co2_15p2_w008/node01.lambda,114,preserve_run_inputs_products_and_provenance
runs/ice_feature_method2_pilot_v2/anchors/ice_lsf_support/ice_co2_15p2_w008/node02.lambda,114,preserve_run_inputs_products_and_provenance
runs/ice_feature_method2_pilot_v2/anchors/ice_lsf_support/ice_co2_15p2_w008/node03.lambda,114,preserve_run_inputs_products_and_provenance
runs/ice_feature_method2_pilot_v2/anchors/ice_lsf_support/ice_co2_15p2_w008/node04.lambda,114,preserve_run_inputs_products_and_provenance
runs/ice_feature_method2_pilot_v2/anchors/ice_lsf_support/ice_co2_15p2_w009/node00.lambda,114,preserve_run_inputs_products_and_provenance
runs/ice_feature_method2_pilot_v2/anchors/ice_lsf_support/ice_co2_15p2_w009/node01.lambda,114,preserve_run_inputs_products_and_provenance
runs/ice_feature_method2_pilot_v2/anchors/ice_lsf_support/ice_co2_15p2_w009/node02.lambda,114,preserve_run_inputs_products_and_provenance
runs/ice_feature_method2_pilot_v2/anchors/ice_lsf_support/ice_co2_15p2_w009/node03.lambda,114,preserve_run_inputs_products_and_provenance
runs/ice_feature_method2_pilot_v2/anchors/ice_lsf_support/ice_co2_15p2_w009/node04.lambda,114,preserve_run_inputs_products_and_provenance
runs/ice_feature_method2_pilot_v2/anchors/ice_lsf_support/ice_co2_15p2_w010/node00.lambda,114,preserve_run_inputs_products_and_provenance
runs/ice_feature_method2_pilot_v2/anchors/ice_lsf_support/ice_co2_15p2_w010/node01.lambda,114,preserve_run_inputs_products_and_provenance
runs/ice_feature_method2_pilot_v2/anchors/ice_lsf_support/ice_co2_15p2_w010/node02.lambda,114,preserve_run_inputs_products_and_provenance
runs/ice_feature_method2_pilot_v2/anchors/ice_lsf_support/ice_co2_15p2_w010/node03.lambda,114,preserve_run_inputs_products_and_provenance
runs/ice_feature_method2_pilot_v2/anchors/ice_lsf_support/ice_co2_15p2_w010/node04.lambda,114,preserve_run_inputs_products_and_provenance
runs/ice_feature_method2_pilot_v2/anchors/ice_lsf_support/ice_co2_15p2_w011/node00.lambda,114,preserve_run_inputs_products_and_provenance
runs/ice_feature_method2_pilot_v2/anchors/ice_lsf_support/ice_co2_15p2_w011/node01.lambda,114,preserve_run_inputs_products_and_provenance
runs/ice_feature_method2_pilot_v2/anchors/ice_lsf_support/ice_co2_15p2_w011/node02.lambda,114,preserve_run_inputs_products_and_provenance
runs/ice_feature_method2_pilot_v2/anchors/ice_lsf_support/ice_co2_15p2_w011/node03.lambda,114,preserve_run_inputs_products_and_provenance
runs/ice_feature_method2_pilot_v2/anchors/ice_lsf_support/ice_co2_15p2_w011/node04.lambda,113,preserve_run_inputs_products_and_provenance
runs/ice_feature_method2_pilot_v2/anchors/ice_lsf_support/ice_co2_4p27_w001/node00.lambda,114,preserve_run_inputs_products_and_provenance
runs/ice_feature_method2_pilot_v2/anchors/ice_lsf_support/ice_co2_4p27_w001/node01.lambda,113,preserve_run_inputs_products_and_provenance
runs/ice_feature_method2_pilot_v2/anchors/ice_lsf_support/ice_co2_4p27_w001/node02.lambda,113,preserve_run_inputs_products_and_provenance
runs/ice_feature_method2_pilot_v2/anchors/ice_lsf_support/ice_co2_4p27_w001/node03.lambda,113,preserve_run_inputs_products_and_provenance
runs/ice_feature_method2_pilot_v2/anchors/ice_lsf_support/ice_co2_4p27_w001/node04.lambda,114,preserve_run_inputs_products_and_provenance
runs/ice_feature_method2_pilot_v2/anchors/ice_lsf_support/ice_co2_4p27_w002/node00.lambda,114,preserve_run_inputs_products_and_provenance
runs/ice_feature_method2_pilot_v2/anchors/ice_lsf_support/ice_co2_4p27_w002/node01.lambda,113,preserve_run_inputs_products_and_provenance
runs/ice_feature_method2_pilot_v2/anchors/ice_lsf_support/ice_co2_4p27_w002/node02.lambda,112,preserve_run_inputs_products_and_provenance
runs/ice_feature_method2_pilot_v2/anchors/ice_lsf_support/ice_co2_4p27_w002/node03.lambda,113,preserve_run_inputs_products_and_provenance
runs/ice_feature_method2_pilot_v2/anchors/ice_lsf_support/ice_co2_4p27_w002/node04.lambda,114,preserve_run_inputs_products_and_provenance
runs/ice_feature_method2_pilot_v2/anchors/ice_lsf_support/ice_co2_4p27_w003/node00.lambda,114,preserve_run_inputs_products_and_provenance
runs/ice_feature_method2_pilot_v2/anchors/ice_lsf_support/ice_co2_4p27_w003/node01.lambda,114,preserve_run_inputs_products_and_provenance
runs/ice_feature_method2_pilot_v2/anchors/ice_lsf_support/ice_co2_4p27_w003/node02.lambda,114,preserve_run_inputs_products_and_provenance
runs/ice_feature_method2_pilot_v2/anchors/ice_lsf_support/ice_co2_4p27_w003/node03.lambda,114,preserve_run_inputs_products_and_provenance
runs/ice_feature_method2_pilot_v2/anchors/ice_lsf_support/ice_co2_4p27_w003/node04.lambda,114,preserve_run_inputs_products_and_provenance
runs/ice_feature_method2_pilot_v2/anchors/ice_lsf_support/ice_co2_4p27_w004/node00.lambda,114,preserve_run_inputs_products_and_provenance
runs/ice_feature_method2_pilot_v2/anchors/ice_lsf_support/ice_co2_4p27_w004/node01.lambda,114,preserve_run_inputs_products_and_provenance
runs/ice_feature_method2_pilot_v2/anchors/ice_lsf_support/ice_co2_4p27_w004/node02.lambda,114,preserve_run_inputs_products_and_provenance
runs/ice_feature_method2_pilot_v2/anchors/ice_lsf_support/ice_co2_4p27_w004/node03.lambda,114,preserve_run_inputs_products_and_provenance
runs/ice_feature_method2_pilot_v2/anchors/ice_lsf_support/ice_co2_4p27_w004/node04.lambda,114,preserve_run_inputs_products_and_provenance
runs/ice_feature_method2_pilot_v2/anchors/ice_lsf_support/ice_co2_4p27_w005/node00.lambda,113,preserve_run_inputs_products_and_provenance
runs/ice_feature_method2_pilot_v2/anchors/ice_lsf_support/ice_co2_4p27_w005/node01.lambda,114,preserve_run_inputs_products_and_provenance
runs/ice_feature_method2_pilot_v2/anchors/ice_lsf_support/ice_co2_4p27_w005/node02.lambda,114,preserve_run_inputs_products_and_provenance
runs/ice_feature_method2_pilot_v2/anchors/ice_lsf_support/ice_co2_4p27_w005/node03.lambda,114,preserve_run_inputs_products_and_provenance
runs/ice_feature_method2_pilot_v2/anchors/ice_lsf_support/ice_co2_4p27_w005/node04.lambda,114,preserve_run_inputs_products_and_provenance
runs/ice_feature_method2_pilot_v2/anchors/ice_lsf_support/ice_co2_4p27_w006/node00.lambda,114,preserve_run_inputs_products_and_provenance
runs/ice_feature_method2_pilot_v2/anchors/ice_lsf_support/ice_co2_4p27_w006/node01.lambda,113,preserve_run_inputs_products_and_provenance
runs/ice_feature_method2_pilot_v2/anchors/ice_lsf_support/ice_co2_4p27_w006/node02.lambda,112,preserve_run_inputs_products_and_provenance
runs/ice_feature_method2_pilot_v2/anchors/ice_lsf_support/ice_co2_4p27_w006/node03.lambda,114,preserve_run_inputs_products_and_provenance
runs/ice_feature_method2_pilot_v2/anchors/ice_lsf_support/ice_co2_4p27_w006/node04.lambda,114,preserve_run_inputs_products_and_provenance
runs/ice_feature_method2_pilot_v2/anchors/ice_lsf_support/ice_co2_4p27_w007/node00.lambda,114,preserve_run_inputs_products_and_provenance
runs/ice_feature_method2_pilot_v2/anchors/ice_lsf_support/ice_co2_4p27_w007/node01.lambda,114,preserve_run_inputs_products_and_provenance
runs/ice_feature_method2_pilot_v2/anchors/ice_lsf_support/ice_co2_4p27_w007/node02.lambda,114,preserve_run_inputs_products_and_provenance
runs/ice_feature_method2_pilot_v2/anchors/ice_lsf_support/ice_co2_4p27_w007/node03.lambda,114,preserve_run_inputs_products_and_provenance
runs/ice_feature_method2_pilot_v2/anchors/ice_lsf_support/ice_co2_4p27_w007/node04.lambda,114,preserve_run_inputs_products_and_provenance
runs/ice_feature_method2_pilot_v2/anchors/ice_lsf_support/ice_co2_4p27_w008/node00.lambda,114,preserve_run_inputs_products_and_provenance
runs/ice_feature_method2_pilot_v2/anchors/ice_lsf_support/ice_co2_4p27_w008/node01.lambda,114,preserve_run_inputs_products_and_provenance
runs/ice_feature_method2_pilot_v2/anchors/ice_lsf_support/ice_co2_4p27_w008/node02.lambda,114,preserve_run_inputs_products_and_provenance
runs/ice_feature_method2_pilot_v2/anchors/ice_lsf_support/ice_co2_4p27_w008/node03.lambda,114,preserve_run_inputs_products_and_provenance
runs/ice_feature_method2_pilot_v2/anchors/ice_lsf_support/ice_co2_4p27_w008/node04.lambda,114,preserve_run_inputs_products_and_provenance
runs/ice_feature_method2_pilot_v2/anchors/ice_lsf_support/ice_co2_4p27_w009/node00.lambda,114,preserve_run_inputs_products_and_provenance
runs/ice_feature_method2_pilot_v2/anchors/ice_lsf_support/ice_co2_4p27_w009/node01.lambda,114,preserve_run_inputs_products_and_provenance
runs/ice_feature_method2_pilot_v2/anchors/ice_lsf_support/ice_co2_4p27_w009/node02.lambda,114,preserve_run_inputs_products_and_provenance
runs/ice_feature_method2_pilot_v2/anchors/ice_lsf_support/ice_co2_4p27_w009/node03.lambda,114,preserve_run_inputs_products_and_provenance
runs/ice_feature_method2_pilot_v2/anchors/ice_lsf_support/ice_co2_4p27_w009/node04.lambda,113,preserve_run_inputs_products_and_provenance
runs/ice_feature_method2_pilot_v2/anchors/ice_lsf_support/ice_co2_4p27_w010/node00.lambda,114,preserve_run_inputs_products_and_provenance
runs/ice_feature_method2_pilot_v2/anchors/ice_lsf_support/ice_co2_4p27_w010/node01.lambda,112,preserve_run_inputs_products_and_provenance
runs/ice_feature_method2_pilot_v2/anchors/ice_lsf_support/ice_co2_4p27_w010/node02.lambda,113,preserve_run_inputs_products_and_provenance
runs/ice_feature_method2_pilot_v2/anchors/ice_lsf_support/ice_co2_4p27_w010/node03.lambda,113,preserve_run_inputs_products_and_provenance
runs/ice_feature_method2_pilot_v2/anchors/ice_lsf_support/ice_co2_4p27_w010/node04.lambda,114,preserve_run_inputs_products_and_provenance
runs/ice_feature_method2_pilot_v2/anchors/ice_lsf_support/ice_co2_4p27_w011/node00.lambda,114,preserve_run_inputs_products_and_provenance
runs/ice_feature_method2_pilot_v2/anchors/ice_lsf_support/ice_co2_4p27_w011/node01.lambda,114,preserve_run_inputs_products_and_provenance
runs/ice_feature_method2_pilot_v2/anchors/ice_lsf_support/ice_co2_4p27_w011/node02.lambda,114,preserve_run_inputs_products_and_provenance
runs/ice_feature_method2_pilot_v2/anchors/ice_lsf_support/ice_co2_4p27_w011/node03.lambda,114,preserve_run_inputs_products_and_provenance
runs/ice_feature_method2_pilot_v2/anchors/ice_lsf_support/ice_co2_4p27_w011/node04.lambda,114,preserve_run_inputs_products_and_provenance
runs/ice_feature_method2_pilot_v2/anchors/ice_lsf_support/ice_co_4p67_w001/node00.lambda,111,preserve_run_inputs_products_and_provenance
runs/ice_feature_method2_pilot_v2/anchors/ice_lsf_support/ice_co_4p67_w001/node01.lambda,113,preserve_run_inputs_products_and_provenance
runs/ice_feature_method2_pilot_v2/anchors/ice_lsf_support/ice_co_4p67_w001/node02.lambda,113,preserve_run_inputs_products_and_provenance
runs/ice_feature_method2_pilot_v2/anchors/ice_lsf_support/ice_co_4p67_w001/node03.lambda,113,preserve_run_inputs_products_and_provenance
runs/ice_feature_method2_pilot_v2/anchors/ice_lsf_support/ice_co_4p67_w001/node04.lambda,113,preserve_run_inputs_products_and_provenance
runs/ice_feature_method2_pilot_v2/anchors/ice_lsf_support/ice_co_4p67_w002/node00.lambda,113,preserve_run_inputs_products_and_provenance
runs/ice_feature_method2_pilot_v2/anchors/ice_lsf_support/ice_co_4p67_w002/node01.lambda,113,preserve_run_inputs_products_and_provenance
runs/ice_feature_method2_pilot_v2/anchors/ice_lsf_support/ice_co_4p67_w002/node02.lambda,113,preserve_run_inputs_products_and_provenance
runs/ice_feature_method2_pilot_v2/anchors/ice_lsf_support/ice_co_4p67_w002/node03.lambda,113,preserve_run_inputs_products_and_provenance
runs/ice_feature_method2_pilot_v2/anchors/ice_lsf_support/ice_co_4p67_w002/node04.lambda,113,preserve_run_inputs_products_and_provenance
runs/ice_feature_method2_pilot_v2/anchors/ice_lsf_support/ice_co_4p67_w003/node00.lambda,113,preserve_run_inputs_products_and_provenance
runs/ice_feature_method2_pilot_v2/anchors/ice_lsf_support/ice_co_4p67_w003/node01.lambda,113,preserve_run_inputs_products_and_provenance
runs/ice_feature_method2_pilot_v2/anchors/ice_lsf_support/ice_co_4p67_w003/node02.lambda,113,preserve_run_inputs_products_and_provenance
runs/ice_feature_method2_pilot_v2/anchors/ice_lsf_support/ice_co_4p67_w003/node03.lambda,113,preserve_run_inputs_products_and_provenance
runs/ice_feature_method2_pilot_v2/anchors/ice_lsf_support/ice_co_4p67_w003/node04.lambda,113,preserve_run_inputs_products_and_provenance
runs/ice_feature_method2_pilot_v2/anchors/ice_lsf_support/ice_co_4p67_w004/node00.lambda,113,preserve_run_inputs_products_and_provenance
runs/ice_feature_method2_pilot_v2/anchors/ice_lsf_support/ice_co_4p67_w004/node01.lambda,113,preserve_run_inputs_products_and_provenance
runs/ice_feature_method2_pilot_v2/anchors/ice_lsf_support/ice_co_4p67_w004/node02.lambda,113,preserve_run_inputs_products_and_provenance
runs/ice_feature_method2_pilot_v2/anchors/ice_lsf_support/ice_co_4p67_w004/node03.lambda,113,preserve_run_inputs_products_and_provenance
runs/ice_feature_method2_pilot_v2/anchors/ice_lsf_support/ice_co_4p67_w004/node04.lambda,113,preserve_run_inputs_products_and_provenance
runs/ice_feature_method2_pilot_v2/anchors/ice_lsf_support/ice_co_4p67_w005/node00.lambda,113,preserve_run_inputs_products_and_provenance
runs/ice_feature_method2_pilot_v2/anchors/ice_lsf_support/ice_co_4p67_w005/node01.lambda,113,preserve_run_inputs_products_and_provenance
runs/ice_feature_method2_pilot_v2/anchors/ice_lsf_support/ice_co_4p67_w005/node02.lambda,113,preserve_run_inputs_products_and_provenance
runs/ice_feature_method2_pilot_v2/anchors/ice_lsf_support/ice_co_4p67_w005/node03.lambda,113,preserve_run_inputs_products_and_provenance
runs/ice_feature_method2_pilot_v2/anchors/ice_lsf_support/ice_co_4p67_w005/node04.lambda,112,preserve_run_inputs_products_and_provenance
runs/ice_feature_method2_pilot_v2/anchors/ice_lsf_support/ice_co_4p67_w006/node00.lambda,113,preserve_run_inputs_products_and_provenance
runs/ice_feature_method2_pilot_v2/anchors/ice_lsf_support/ice_co_4p67_w006/node01.lambda,113,preserve_run_inputs_products_and_provenance
runs/ice_feature_method2_pilot_v2/anchors/ice_lsf_support/ice_co_4p67_w006/node02.lambda,113,preserve_run_inputs_products_and_provenance
runs/ice_feature_method2_pilot_v2/anchors/ice_lsf_support/ice_co_4p67_w006/node03.lambda,113,preserve_run_inputs_products_and_provenance
runs/ice_feature_method2_pilot_v2/anchors/ice_lsf_support/ice_co_4p67_w006/node04.lambda,113,preserve_run_inputs_products_and_provenance
runs/ice_feature_method2_pilot_v2/anchors/ice_lsf_support/ice_co_4p67_w007/node00.lambda,113,preserve_run_inputs_products_and_provenance
runs/ice_feature_method2_pilot_v2/anchors/ice_lsf_support/ice_co_4p67_w007/node01.lambda,113,preserve_run_inputs_products_and_provenance
runs/ice_feature_method2_pilot_v2/anchors/ice_lsf_support/ice_co_4p67_w007/node02.lambda,113,preserve_run_inputs_products_and_provenance
runs/ice_feature_method2_pilot_v2/anchors/ice_lsf_support/ice_co_4p67_w007/node03.lambda,113,preserve_run_inputs_products_and_provenance
runs/ice_feature_method2_pilot_v2/anchors/ice_lsf_support/ice_co_4p67_w007/node04.lambda,113,preserve_run_inputs_products_and_provenance
runs/ice_feature_method2_pilot_v2/anchors/ice_lsf_support/ice_co_4p67_w008/node00.lambda,113,preserve_run_inputs_products_and_provenance
runs/ice_feature_method2_pilot_v2/anchors/ice_lsf_support/ice_co_4p67_w008/node01.lambda,113,preserve_run_inputs_products_and_provenance
runs/ice_feature_method2_pilot_v2/anchors/ice_lsf_support/ice_co_4p67_w008/node02.lambda,113,preserve_run_inputs_products_and_provenance
runs/ice_feature_method2_pilot_v2/anchors/ice_lsf_support/ice_co_4p67_w008/node03.lambda,113,preserve_run_inputs_products_and_provenance
runs/ice_feature_method2_pilot_v2/anchors/ice_lsf_support/ice_co_4p67_w008/node04.lambda,113,preserve_run_inputs_products_and_provenance
runs/ice_feature_method2_pilot_v2/anchors/ice_lsf_support/ice_co_4p67_w009/node00.lambda,113,preserve_run_inputs_products_and_provenance
runs/ice_feature_method2_pilot_v2/anchors/ice_lsf_support/ice_co_4p67_w009/node01.lambda,112,preserve_run_inputs_products_and_provenance
runs/ice_feature_method2_pilot_v2/anchors/ice_lsf_support/ice_co_4p67_w009/node02.lambda,111,preserve_run_inputs_products_and_provenance
runs/ice_feature_method2_pilot_v2/anchors/ice_lsf_support/ice_co_4p67_w009/node03.lambda,112,preserve_run_inputs_products_and_provenance
runs/ice_feature_method2_pilot_v2/anchors/ice_lsf_support/ice_co_4p67_w009/node04.lambda,113,preserve_run_inputs_products_and_provenance
runs/ice_feature_method2_pilot_v2/anchors/ice_lsf_support/ice_co_4p67_w010/node00.lambda,113,preserve_run_inputs_products_and_provenance
runs/ice_feature_method2_pilot_v2/anchors/ice_lsf_support/ice_co_4p67_w010/node01.lambda,113,preserve_run_inputs_products_and_provenance
runs/ice_feature_method2_pilot_v2/anchors/ice_lsf_support/ice_co_4p67_w010/node02.lambda,113,preserve_run_inputs_products_and_provenance
runs/ice_feature_method2_pilot_v2/anchors/ice_lsf_support/ice_co_4p67_w010/node03.lambda,113,preserve_run_inputs_products_and_provenance
runs/ice_feature_method2_pilot_v2/anchors/ice_lsf_support/ice_co_4p67_w010/node04.lambda,113,preserve_run_inputs_products_and_provenance
runs/ice_feature_method2_pilot_v2/anchors/ice_lsf_support/ice_co_4p67_w011/node00.lambda,113,preserve_run_inputs_products_and_provenance
runs/ice_feature_method2_pilot_v2/anchors/ice_lsf_support/ice_co_4p67_w011/node01.lambda,113,preserve_run_inputs_products_and_provenance
runs/ice_feature_method2_pilot_v2/anchors/ice_lsf_support/ice_co_4p67_w011/node02.lambda,113,preserve_run_inputs_products_and_provenance
runs/ice_feature_method2_pilot_v2/anchors/ice_lsf_support/ice_co_4p67_w011/node03.lambda,113,preserve_run_inputs_products_and_provenance
runs/ice_feature_method2_pilot_v2/anchors/ice_lsf_support/ice_co_4p67_w011/node04.lambda,113,preserve_run_inputs_products_and_provenance
runs/ice_feature_method2_pilot_v2/anchors/ice_lsf_support/ice_h2o_3p0_w001/node00.lambda,113,preserve_run_inputs_products_and_provenance
runs/ice_feature_method2_pilot_v2/anchors/ice_lsf_support/ice_h2o_3p0_w001/node01.lambda,113,preserve_run_inputs_products_and_provenance
runs/ice_feature_method2_pilot_v2/anchors/ice_lsf_support/ice_h2o_3p0_w001/node02.lambda,113,preserve_run_inputs_products_and_provenance
runs/ice_feature_method2_pilot_v2/anchors/ice_lsf_support/ice_h2o_3p0_w001/node03.lambda,113,preserve_run_inputs_products_and_provenance
runs/ice_feature_method2_pilot_v2/anchors/ice_lsf_support/ice_h2o_3p0_w001/node04.lambda,113,preserve_run_inputs_products_and_provenance
runs/ice_feature_method2_pilot_v2/anchors/ice_lsf_support/ice_h2o_3p0_w002/node00.lambda,113,preserve_run_inputs_products_and_provenance
runs/ice_feature_method2_pilot_v2/anchors/ice_lsf_support/ice_h2o_3p0_w002/node01.lambda,113,preserve_run_inputs_products_and_provenance
runs/ice_feature_method2_pilot_v2/anchors/ice_lsf_support/ice_h2o_3p0_w002/node02.lambda,113,preserve_run_inputs_products_and_provenance
runs/ice_feature_method2_pilot_v2/anchors/ice_lsf_support/ice_h2o_3p0_w002/node03.lambda,113,preserve_run_inputs_products_and_provenance
runs/ice_feature_method2_pilot_v2/anchors/ice_lsf_support/ice_h2o_3p0_w002/node04.lambda,113,preserve_run_inputs_products_and_provenance
runs/ice_feature_method2_pilot_v2/anchors/ice_lsf_support/ice_h2o_3p0_w003/node00.lambda,113,preserve_run_inputs_products_and_provenance
runs/ice_feature_method2_pilot_v2/anchors/ice_lsf_support/ice_h2o_3p0_w003/node01.lambda,113,preserve_run_inputs_products_and_provenance
runs/ice_feature_method2_pilot_v2/anchors/ice_lsf_support/ice_h2o_3p0_w003/node02.lambda,113,preserve_run_inputs_products_and_provenance
runs/ice_feature_method2_pilot_v2/anchors/ice_lsf_support/ice_h2o_3p0_w003/node03.lambda,113,preserve_run_inputs_products_and_provenance
runs/ice_feature_method2_pilot_v2/anchors/ice_lsf_support/ice_h2o_3p0_w003/node04.lambda,113,preserve_run_inputs_products_and_provenance
runs/ice_feature_method2_pilot_v2/anchors/ice_lsf_support/ice_h2o_3p0_w004/node00.lambda,113,preserve_run_inputs_products_and_provenance
runs/ice_feature_method2_pilot_v2/anchors/ice_lsf_support/ice_h2o_3p0_w004/node01.lambda,113,preserve_run_inputs_products_and_provenance
runs/ice_feature_method2_pilot_v2/anchors/ice_lsf_support/ice_h2o_3p0_w004/node02.lambda,113,preserve_run_inputs_products_and_provenance
runs/ice_feature_method2_pilot_v2/anchors/ice_lsf_support/ice_h2o_3p0_w004/node03.lambda,113,preserve_run_inputs_products_and_provenance
runs/ice_feature_method2_pilot_v2/anchors/ice_lsf_support/ice_h2o_3p0_w004/node04.lambda,113,preserve_run_inputs_products_and_provenance
runs/ice_feature_method2_pilot_v2/anchors/ice_lsf_support/ice_h2o_3p0_w005/node00.lambda,113,preserve_run_inputs_products_and_provenance
runs/ice_feature_method2_pilot_v2/anchors/ice_lsf_support/ice_h2o_3p0_w005/node01.lambda,113,preserve_run_inputs_products_and_provenance
runs/ice_feature_method2_pilot_v2/anchors/ice_lsf_support/ice_h2o_3p0_w005/node02.lambda,113,preserve_run_inputs_products_and_provenance
runs/ice_feature_method2_pilot_v2/anchors/ice_lsf_support/ice_h2o_3p0_w005/node03.lambda,113,preserve_run_inputs_products_and_provenance
runs/ice_feature_method2_pilot_v2/anchors/ice_lsf_support/ice_h2o_3p0_w005/node04.lambda,113,preserve_run_inputs_products_and_provenance
runs/ice_feature_method2_pilot_v2/anchors/ice_lsf_support/ice_h2o_3p0_w006/node00.lambda,113,preserve_run_inputs_products_and_provenance
runs/ice_feature_method2_pilot_v2/anchors/ice_lsf_support/ice_h2o_3p0_w006/node01.lambda,113,preserve_run_inputs_products_and_provenance
runs/ice_feature_method2_pilot_v2/anchors/ice_lsf_support/ice_h2o_3p0_w006/node02.lambda,113,preserve_run_inputs_products_and_provenance
runs/ice_feature_method2_pilot_v2/anchors/ice_lsf_support/ice_h2o_3p0_w006/node03.lambda,113,preserve_run_inputs_products_and_provenance
runs/ice_feature_method2_pilot_v2/anchors/ice_lsf_support/ice_h2o_3p0_w006/node04.lambda,113,preserve_run_inputs_products_and_provenance
runs/ice_feature_method2_pilot_v2/anchors/ice_lsf_support/ice_h2o_3p0_w007/node00.lambda,113,preserve_run_inputs_products_and_provenance
runs/ice_feature_method2_pilot_v2/anchors/ice_lsf_support/ice_h2o_3p0_w007/node01.lambda,113,preserve_run_inputs_products_and_provenance
runs/ice_feature_method2_pilot_v2/anchors/ice_lsf_support/ice_h2o_3p0_w007/node02.lambda,113,preserve_run_inputs_products_and_provenance
runs/ice_feature_method2_pilot_v2/anchors/ice_lsf_support/ice_h2o_3p0_w007/node03.lambda,113,preserve_run_inputs_products_and_provenance
runs/ice_feature_method2_pilot_v2/anchors/ice_lsf_support/ice_h2o_3p0_w007/node04.lambda,113,preserve_run_inputs_products_and_provenance
runs/ice_feature_method2_pilot_v2/anchors/ice_lsf_support/ice_h2o_3p0_w008/node00.lambda,113,preserve_run_inputs_products_and_provenance
runs/ice_feature_method2_pilot_v2/anchors/ice_lsf_support/ice_h2o_3p0_w008/node01.lambda,113,preserve_run_inputs_products_and_provenance
runs/ice_feature_method2_pilot_v2/anchors/ice_lsf_support/ice_h2o_3p0_w008/node02.lambda,112,preserve_run_inputs_products_and_provenance
runs/ice_feature_method2_pilot_v2/anchors/ice_lsf_support/ice_h2o_3p0_w008/node03.lambda,112,preserve_run_inputs_products_and_provenance
runs/ice_feature_method2_pilot_v2/anchors/ice_lsf_support/ice_h2o_3p0_w008/node04.lambda,113,preserve_run_inputs_products_and_provenance
runs/ice_feature_method2_pilot_v2/anchors/ice_lsf_support/ice_h2o_3p0_w009/node00.lambda,113,preserve_run_inputs_products_and_provenance
runs/ice_feature_method2_pilot_v2/anchors/ice_lsf_support/ice_h2o_3p0_w009/node01.lambda,113,preserve_run_inputs_products_and_provenance
runs/ice_feature_method2_pilot_v2/anchors/ice_lsf_support/ice_h2o_3p0_w009/node02.lambda,113,preserve_run_inputs_products_and_provenance
runs/ice_feature_method2_pilot_v2/anchors/ice_lsf_support/ice_h2o_3p0_w009/node03.lambda,113,preserve_run_inputs_products_and_provenance
runs/ice_feature_method2_pilot_v2/anchors/ice_lsf_support/ice_h2o_3p0_w009/node04.lambda,113,preserve_run_inputs_products_and_provenance
runs/ice_feature_method2_pilot_v2/anchors/ice_lsf_support/ice_h2o_3p0_w010/node00.lambda,113,preserve_run_inputs_products_and_provenance
runs/ice_feature_method2_pilot_v2/anchors/ice_lsf_support/ice_h2o_3p0_w010/node01.lambda,113,preserve_run_inputs_products_and_provenance
runs/ice_feature_method2_pilot_v2/anchors/ice_lsf_support/ice_h2o_3p0_w010/node02.lambda,113,preserve_run_inputs_products_and_provenance
runs/ice_feature_method2_pilot_v2/anchors/ice_lsf_support/ice_h2o_3p0_w010/node03.lambda,113,preserve_run_inputs_products_and_provenance
runs/ice_feature_method2_pilot_v2/anchors/ice_lsf_support/ice_h2o_3p0_w010/node04.lambda,113,preserve_run_inputs_products_and_provenance
runs/ice_feature_method2_pilot_v2/anchors/ice_lsf_support/ice_h2o_3p0_w011/node00.lambda,113,preserve_run_inputs_products_and_provenance
runs/ice_feature_method2_pilot_v2/anchors/ice_lsf_support/ice_h2o_3p0_w011/node01.lambda,113,preserve_run_inputs_products_and_provenance
runs/ice_feature_method2_pilot_v2/anchors/ice_lsf_support/ice_h2o_3p0_w011/node02.lambda,113,preserve_run_inputs_products_and_provenance
runs/ice_feature_method2_pilot_v2/anchors/ice_lsf_support/ice_h2o_3p0_w011/node03.lambda,113,preserve_run_inputs_products_and_provenance
runs/ice_feature_method2_pilot_v2/anchors/ice_lsf_support/ice_h2o_3p0_w011/node04.lambda,113,preserve_run_inputs_products_and_provenance
runs/ice_feature_method2_pilot_v2/continuum_check_anchors.tsv,1808,preserve_run_inputs_products_and_provenance
runs/ice_feature_method2_pilot_v2/continuum_winner_handoff.template.json,559,preserve_run_inputs_products_and_provenance
runs/ice_feature_method2_pilot_v2/dust_representation_contract.json,1160,preserve_run_inputs_products_and_provenance
runs/ice_feature_method2_pilot_v2/ice_feature_anchor_contract_v1.ecsv,23573,preserve_run_inputs_products_and_provenance
runs/ice_feature_method2_pilot_v2/ice_feature_anchor_contract_v1.json,13392,preserve_run_inputs_products_and_provenance
runs/ice_feature_method2_pilot_v2/ice_feature_anchors.tsv,29953,preserve_run_inputs_products_and_provenance
runs/ice_feature_method2_pilot_v2/ice_local_continuum_lsf_support_nodes.tsv,17914,preserve_run_inputs_products_and_provenance
runs/ice_feature_method2_pilot_v2/ice_local_continuum_support_targets.tsv,8776,preserve_run_inputs_products_and_provenance
runs/ice_feature_method2_pilot_v2/ice_lsf_support_nodes.tsv,46122,preserve_run_inputs_products_and_provenance
runs/ice_feature_method2_pilot_v2/opacity_choice_handoff.template.json,502,preserve_run_inputs_products_and_provenance
runs/matched_method2_closure_4p5um/README.md,1373,preserve_run_inputs_products_and_provenance
runs/matched_method2_closure_4p5um/configs.tsv,1061,preserve_run_inputs_products_and_provenance
runs/matched_method2_closure_4p5um/input_manifest.json,7369,preserve_run_inputs_products_and_provenance
runs/matched_method2_closure_4p5um/inputs/Temperature.fits.gz,24277,preserve_run_inputs_products_and_provenance
runs/matched_method2_closure_4p5um/inputs/convergence_wavelengths.lambda,72,preserve_run_inputs_products_and_provenance
runs/matched_method2_closure_4p5um/inputs/disk_envelope_L1p9_i70_method2_closure.para,6039,preserve_run_inputs_products_and_provenance
runs/matched_method2_nearir_0p994676/README.md,1111,preserve_run_inputs_products_and_provenance
runs/matched_method2_nearir_0p994676/benchmark_assessment.json,1390,preserve_run_inputs_products_and_provenance
runs/matched_method2_nearir_0p994676/configs.tsv,936,preserve_run_inputs_products_and_provenance
runs/matched_method2_nearir_0p994676/input_manifest.json,6205,preserve_run_inputs_products_and_provenance
runs/matched_method2_nearir_0p994676/inputs/Temperature.fits.gz,24277,preserve_run_inputs_products_and_provenance
runs/matched_method2_nearir_0p994676/inputs/convergence_wavelengths.lambda,95,preserve_run_inputs_products_and_provenance
runs/matched_method2_nearir_0p994676/inputs/disk_envelope_L1p9_i70_nearir_method2.para,6039,preserve_run_inputs_products_and_provenance
runs/strict_continuum_3d_q_v1/__pycache__/make_inputs.cpython-312.pyc,29403,regenerable_cache
runs/strict_continuum_3d_q_v1/__pycache__/run_task.cpython-312.pyc,27481,regenerable_cache
runs/strict_continuum_3d_q_v1/analysis_manifest.json,5009,preserve_run_inputs_products_and_provenance
runs/strict_continuum_3d_q_v1/anchors/w000/strict_continuum_anchor.lambda,81,preserve_run_inputs_products_and_provenance
runs/strict_continuum_3d_q_v1/anchors/w001/strict_continuum_anchor.lambda,81,preserve_run_inputs_products_and_provenance
runs/strict_continuum_3d_q_v1/anchors/w002/strict_continuum_anchor.lambda,81,preserve_run_inputs_products_and_provenance
runs/strict_continuum_3d_q_v1/anchors/w003/strict_continuum_anchor.lambda,81,preserve_run_inputs_products_and_provenance
runs/strict_continuum_3d_q_v1/anchors/w004/strict_continuum_anchor.lambda,81,preserve_run_inputs_products_and_provenance
runs/strict_continuum_3d_q_v1/anchors/w005/strict_continuum_anchor.lambda,80,preserve_run_inputs_products_and_provenance
runs/strict_continuum_3d_q_v1/anchors/w006/strict_continuum_anchor.lambda,81,preserve_run_inputs_products_and_provenance
runs/strict_continuum_3d_q_v1/anchors/w007/strict_continuum_anchor.lambda,81,preserve_run_inputs_products_and_provenance
runs/strict_continuum_3d_q_v1/anchors/w008/strict_continuum_anchor.lambda,81,preserve_run_inputs_products_and_provenance
runs/strict_continuum_3d_q_v1/anchors/w009/strict_continuum_anchor.lambda,81,preserve_run_inputs_products_and_provenance
runs/strict_continuum_3d_q_v1/anchors.tsv,3536,preserve_run_inputs_products_and_provenance
runs/strict_continuum_3d_q_v1/fresh_models.tsv,929,preserve_run_inputs_products_and_provenance
runs/strict_continuum_3d_q_v1/input_manifest.json,21363,preserve_run_inputs_products_and_provenance
runs/strict_continuum_3d_q_v1/job_analysis.sh,2031,preserve_run_inputs_products_and_provenance
runs/strict_continuum_3d_q_v1/job_rt_array.sh,1515,preserve_run_inputs_products_and_provenance
runs/strict_continuum_3d_q_v1/job_task_quality_diagnostic.sh,1425,preserve_run_inputs_products_and_provenance
runs/strict_continuum_3d_q_v1/job_temperature_array.sh,1522,preserve_run_inputs_products_and_provenance
runs/strict_continuum_3d_q_v1/make_inputs.py,26783,preserve_run_inputs_products_and_provenance
runs/strict_continuum_3d_q_v1/models/m2p00_a0p40_q3p25_i0p05/disk_envelope_m2p00_a0p40_q3p25_i0p05_rt.para,6038,preserve_run_inputs_products_and_provenance
runs/strict_continuum_3d_q_v1/models/m2p00_a0p40_q3p25_i0p05/disk_envelope_m2p00_a0p40_q3p25_i0p05_temperature.para,6038,preserve_run_inputs_products_and_provenance
runs/strict_continuum_3d_q_v1/models/m2p00_a0p40_q3p50_i0p05/disk_envelope_m2p00_a0p40_q3p50_i0p05_rt.para,6037,preserve_run_inputs_products_and_provenance
runs/strict_continuum_3d_q_v1/models/m2p00_a0p40_q3p50_i0p05/disk_envelope_m2p00_a0p40_q3p50_i0p05_temperature.para,6037,preserve_run_inputs_products_and_provenance
runs/strict_continuum_3d_q_v1/models/m2p00_a0p40_q3p75_i0p05/disk_envelope_m2p00_a0p40_q3p75_i0p05_rt.para,6038,preserve_run_inputs_products_and_provenance
runs/strict_continuum_3d_q_v1/models/m2p00_a0p40_q3p75_i0p05/disk_envelope_m2p00_a0p40_q3p75_i0p05_temperature.para,6038,preserve_run_inputs_products_and_provenance
runs/strict_continuum_3d_q_v1/models/m2p00_a0p40_q4p00_i0p05/disk_envelope_m2p00_a0p40_q4p00_i0p05_rt.para,6035,preserve_run_inputs_products_and_provenance
runs/strict_continuum_3d_q_v1/models/m2p00_a0p40_q4p00_i0p05/disk_envelope_m2p00_a0p40_q4p00_i0p05_temperature.para,6035,preserve_run_inputs_products_and_provenance
runs/strict_continuum_3d_q_v1/models/m2p00_a0p50_q3p25_i0p05/disk_envelope_m2p00_a0p50_q3p25_i0p05_rt.para,6038,preserve_run_inputs_products_and_provenance
runs/strict_continuum_3d_q_v1/models/m2p00_a0p50_q3p25_i0p05/disk_envelope_m2p00_a0p50_q3p25_i0p05_temperature.para,6038,preserve_run_inputs_products_and_provenance
runs/strict_continuum_3d_q_v1/models/m2p00_a0p50_q3p50_i0p05/disk_envelope_m2p00_a0p50_q3p50_i0p05_rt.para,6037,preserve_run_inputs_products_and_provenance
runs/strict_continuum_3d_q_v1/models/m2p00_a0p50_q3p50_i0p05/disk_envelope_m2p00_a0p50_q3p50_i0p05_temperature.para,6037,preserve_run_inputs_products_and_provenance
runs/strict_continuum_3d_q_v1/models/m2p00_a0p50_q3p75_i0p05/disk_envelope_m2p00_a0p50_q3p75_i0p05_rt.para,6038,preserve_run_inputs_products_and_provenance
runs/strict_continuum_3d_q_v1/models/m2p00_a0p50_q3p75_i0p05/disk_envelope_m2p00_a0p50_q3p75_i0p05_temperature.para,6038,preserve_run_inputs_products_and_provenance
runs/strict_continuum_3d_q_v1/models/m2p00_a0p50_q4p00_i0p05/disk_envelope_m2p00_a0p50_q4p00_i0p05_rt.para,6035,preserve_run_inputs_products_and_provenance
runs/strict_continuum_3d_q_v1/models/m2p00_a0p50_q4p00_i0p05/disk_envelope_m2p00_a0p50_q4p00_i0p05_temperature.para,6035,preserve_run_inputs_products_and_provenance
runs/strict_continuum_3d_q_v1/models/m2p00_a0p60_q3p25_i0p05/disk_envelope_m2p00_a0p60_q3p25_i0p05_rt.para,6038,preserve_run_inputs_products_and_provenance
runs/strict_continuum_3d_q_v1/models/m2p00_a0p60_q3p25_i0p05/disk_envelope_m2p00_a0p60_q3p25_i0p05_temperature.para,6038,preserve_run_inputs_products_and_provenance
runs/strict_continuum_3d_q_v1/models/m2p00_a0p60_q3p50_i0p05/disk_envelope_m2p00_a0p60_q3p50_i0p05_rt.para,6037,preserve_run_inputs_products_and_provenance
runs/strict_continuum_3d_q_v1/models/m2p00_a0p60_q3p50_i0p05/disk_envelope_m2p00_a0p60_q3p50_i0p05_temperature.para,6037,preserve_run_inputs_products_and_provenance
runs/strict_continuum_3d_q_v1/models/m2p00_a0p60_q3p75_i0p05/disk_envelope_m2p00_a0p60_q3p75_i0p05_rt.para,6038,preserve_run_inputs_products_and_provenance
runs/strict_continuum_3d_q_v1/models/m2p00_a0p60_q3p75_i0p05/disk_envelope_m2p00_a0p60_q3p75_i0p05_temperature.para,6038,preserve_run_inputs_products_and_provenance
runs/strict_continuum_3d_q_v1/models/m2p00_a0p60_q4p00_i0p05/disk_envelope_m2p00_a0p60_q4p00_i0p05_rt.para,6035,preserve_run_inputs_products_and_provenance
runs/strict_continuum_3d_q_v1/models/m2p00_a0p60_q4p00_i0p05/disk_envelope_m2p00_a0p60_q4p00_i0p05_temperature.para,6035,preserve_run_inputs_products_and_provenance
runs/strict_continuum_3d_q_v1/models/m2p25_a0p40_q3p25_i0p05/disk_envelope_m2p25_a0p40_q3p25_i0p05_rt.para,6040,preserve_run_inputs_products_and_provenance
runs/strict_continuum_3d_q_v1/models/m2p25_a0p40_q3p25_i0p05/disk_envelope_m2p25_a0p40_q3p25_i0p05_temperature.para,6040,preserve_run_inputs_products_and_provenance
runs/strict_continuum_3d_q_v1/models/m2p25_a0p40_q3p50_i0p05/disk_envelope_m2p25_a0p40_q3p50_i0p05_rt.para,6039,preserve_run_inputs_products_and_provenance
runs/strict_continuum_3d_q_v1/models/m2p25_a0p40_q3p50_i0p05/disk_envelope_m2p25_a0p40_q3p50_i0p05_temperature.para,6039,preserve_run_inputs_products_and_provenance
runs/strict_continuum_3d_q_v1/models/m2p25_a0p40_q3p75_i0p05/disk_envelope_m2p25_a0p40_q3p75_i0p05_rt.para,6040,preserve_run_inputs_products_and_provenance
runs/strict_continuum_3d_q_v1/models/m2p25_a0p40_q3p75_i0p05/disk_envelope_m2p25_a0p40_q3p75_i0p05_temperature.para,6040,preserve_run_inputs_products_and_provenance
runs/strict_continuum_3d_q_v1/models/m2p25_a0p40_q4p00_i0p05/disk_envelope_m2p25_a0p40_q4p00_i0p05_rt.para,6037,preserve_run_inputs_products_and_provenance
runs/strict_continuum_3d_q_v1/models/m2p25_a0p40_q4p00_i0p05/disk_envelope_m2p25_a0p40_q4p00_i0p05_temperature.para,6037,preserve_run_inputs_products_and_provenance
runs/strict_continuum_3d_q_v1/models/m2p25_a0p50_q3p25_i0p05/disk_envelope_m2p25_a0p50_q3p25_i0p05_rt.para,6040,preserve_run_inputs_products_and_provenance
runs/strict_continuum_3d_q_v1/models/m2p25_a0p50_q3p25_i0p05/disk_envelope_m2p25_a0p50_q3p25_i0p05_temperature.para,6040,preserve_run_inputs_products_and_provenance
runs/strict_continuum_3d_q_v1/models/m2p25_a0p50_q3p50_i0p05/disk_envelope_m2p25_a0p50_q3p50_i0p05_rt.para,6039,preserve_run_inputs_products_and_provenance
runs/strict_continuum_3d_q_v1/models/m2p25_a0p50_q3p50_i0p05/disk_envelope_m2p25_a0p50_q3p50_i0p05_temperature.para,6039,preserve_run_inputs_products_and_provenance
runs/strict_continuum_3d_q_v1/models/m2p25_a0p50_q3p75_i0p05/disk_envelope_m2p25_a0p50_q3p75_i0p05_rt.para,6040,preserve_run_inputs_products_and_provenance
runs/strict_continuum_3d_q_v1/models/m2p25_a0p50_q3p75_i0p05/disk_envelope_m2p25_a0p50_q3p75_i0p05_temperature.para,6040,preserve_run_inputs_products_and_provenance
runs/strict_continuum_3d_q_v1/models/m2p25_a0p50_q4p00_i0p05/disk_envelope_m2p25_a0p50_q4p00_i0p05_rt.para,6037,preserve_run_inputs_products_and_provenance
runs/strict_continuum_3d_q_v1/models/m2p25_a0p50_q4p00_i0p05/disk_envelope_m2p25_a0p50_q4p00_i0p05_temperature.para,6037,preserve_run_inputs_products_and_provenance
runs/strict_continuum_3d_q_v1/models/m2p25_a0p60_q3p25_i0p05/disk_envelope_m2p25_a0p60_q3p25_i0p05_rt.para,6040,preserve_run_inputs_products_and_provenance
runs/strict_continuum_3d_q_v1/models/m2p25_a0p60_q3p25_i0p05/disk_envelope_m2p25_a0p60_q3p25_i0p05_temperature.para,6040,preserve_run_inputs_products_and_provenance
runs/strict_continuum_3d_q_v1/models/m2p25_a0p60_q3p50_i0p05/disk_envelope_m2p25_a0p60_q3p50_i0p05_rt.para,6039,preserve_run_inputs_products_and_provenance
runs/strict_continuum_3d_q_v1/models/m2p25_a0p60_q3p50_i0p05/disk_envelope_m2p25_a0p60_q3p50_i0p05_temperature.para,6039,preserve_run_inputs_products_and_provenance
runs/strict_continuum_3d_q_v1/models/m2p25_a0p60_q3p75_i0p05/disk_envelope_m2p25_a0p60_q3p75_i0p05_rt.para,6040,preserve_run_inputs_products_and_provenance
runs/strict_continuum_3d_q_v1/models/m2p25_a0p60_q3p75_i0p05/disk_envelope_m2p25_a0p60_q3p75_i0p05_temperature.para,6040,preserve_run_inputs_products_and_provenance
runs/strict_continuum_3d_q_v1/models/m2p25_a0p60_q4p00_i0p05/disk_envelope_m2p25_a0p60_q4p00_i0p05_rt.para,6037,preserve_run_inputs_products_and_provenance
runs/strict_continuum_3d_q_v1/models/m2p25_a0p60_q4p00_i0p05/disk_envelope_m2p25_a0p60_q4p00_i0p05_temperature.para,6037,preserve_run_inputs_products_and_provenance
runs/strict_continuum_3d_q_v1/models/m2p50_a0p40_q3p25_i0p05/disk_envelope_m2p50_a0p40_q3p25_i0p05_rt.para,6039,preserve_run_inputs_products_and_provenance
runs/strict_continuum_3d_q_v1/models/m2p50_a0p40_q3p25_i0p05/disk_envelope_m2p50_a0p40_q3p25_i0p05_temperature.para,6039,preserve_run_inputs_products_and_provenance
runs/strict_continuum_3d_q_v1/models/m2p50_a0p40_q3p50_i0p05/disk_envelope_m2p50_a0p40_q3p50_i0p05_rt.para,6038,preserve_run_inputs_products_and_provenance
runs/strict_continuum_3d_q_v1/models/m2p50_a0p40_q3p50_i0p05/disk_envelope_m2p50_a0p40_q3p50_i0p05_temperature.para,6038,preserve_run_inputs_products_and_provenance
runs/strict_continuum_3d_q_v1/models/m2p50_a0p40_q3p75_i0p05/disk_envelope_m2p50_a0p40_q3p75_i0p05_rt.para,6039,preserve_run_inputs_products_and_provenance
runs/strict_continuum_3d_q_v1/models/m2p50_a0p40_q3p75_i0p05/disk_envelope_m2p50_a0p40_q3p75_i0p05_temperature.para,6039,preserve_run_inputs_products_and_provenance
runs/strict_continuum_3d_q_v1/models/m2p50_a0p40_q4p00_i0p05/disk_envelope_m2p50_a0p40_q4p00_i0p05_rt.para,6036,preserve_run_inputs_products_and_provenance
runs/strict_continuum_3d_q_v1/models/m2p50_a0p40_q4p00_i0p05/disk_envelope_m2p50_a0p40_q4p00_i0p05_temperature.para,6036,preserve_run_inputs_products_and_provenance
runs/strict_continuum_3d_q_v1/models/m2p50_a0p50_q3p25_i0p05/disk_envelope_m2p50_a0p50_q3p25_i0p05_rt.para,6039,preserve_run_inputs_products_and_provenance
runs/strict_continuum_3d_q_v1/models/m2p50_a0p50_q3p25_i0p05/disk_envelope_m2p50_a0p50_q3p25_i0p05_temperature.para,6039,preserve_run_inputs_products_and_provenance
runs/strict_continuum_3d_q_v1/models/m2p50_a0p50_q3p50_i0p05/disk_envelope_m2p50_a0p50_q3p50_i0p05_rt.para,6038,preserve_run_inputs_products_and_provenance
runs/strict_continuum_3d_q_v1/models/m2p50_a0p50_q3p50_i0p05/disk_envelope_m2p50_a0p50_q3p50_i0p05_temperature.para,6038,preserve_run_inputs_products_and_provenance
runs/strict_continuum_3d_q_v1/models/m2p50_a0p50_q3p75_i0p05/disk_envelope_m2p50_a0p50_q3p75_i0p05_rt.para,6039,preserve_run_inputs_products_and_provenance
runs/strict_continuum_3d_q_v1/models/m2p50_a0p50_q3p75_i0p05/disk_envelope_m2p50_a0p50_q3p75_i0p05_temperature.para,6039,preserve_run_inputs_products_and_provenance
runs/strict_continuum_3d_q_v1/models/m2p50_a0p50_q4p00_i0p05/disk_envelope_m2p50_a0p50_q4p00_i0p05_rt.para,6036,preserve_run_inputs_products_and_provenance
runs/strict_continuum_3d_q_v1/models/m2p50_a0p50_q4p00_i0p05/disk_envelope_m2p50_a0p50_q4p00_i0p05_temperature.para,6036,preserve_run_inputs_products_and_provenance
runs/strict_continuum_3d_q_v1/models/m2p50_a0p60_q3p25_i0p05/disk_envelope_m2p50_a0p60_q3p25_i0p05_rt.para,6039,preserve_run_inputs_products_and_provenance
runs/strict_continuum_3d_q_v1/models/m2p50_a0p60_q3p25_i0p05/disk_envelope_m2p50_a0p60_q3p25_i0p05_temperature.para,6039,preserve_run_inputs_products_and_provenance
runs/strict_continuum_3d_q_v1/models/m2p50_a0p60_q3p50_i0p05/disk_envelope_m2p50_a0p60_q3p50_i0p05_rt.para,6038,preserve_run_inputs_products_and_provenance
runs/strict_continuum_3d_q_v1/models/m2p50_a0p60_q3p50_i0p05/disk_envelope_m2p50_a0p60_q3p50_i0p05_temperature.para,6038,preserve_run_inputs_products_and_provenance
runs/strict_continuum_3d_q_v1/models/m2p50_a0p60_q3p75_i0p05/disk_envelope_m2p50_a0p60_q3p75_i0p05_rt.para,6039,preserve_run_inputs_products_and_provenance
runs/strict_continuum_3d_q_v1/models/m2p50_a0p60_q3p75_i0p05/disk_envelope_m2p50_a0p60_q3p75_i0p05_temperature.para,6039,preserve_run_inputs_products_and_provenance
runs/strict_continuum_3d_q_v1/models/m2p50_a0p60_q4p00_i0p05/disk_envelope_m2p50_a0p60_q4p00_i0p05_rt.para,6036,preserve_run_inputs_products_and_provenance
runs/strict_continuum_3d_q_v1/models/m2p50_a0p60_q4p00_i0p05/disk_envelope_m2p50_a0p60_q4p00_i0p05_temperature.para,6036,preserve_run_inputs_products_and_provenance
runs/strict_continuum_3d_q_v1/models.tsv,16094,preserve_run_inputs_products_and_provenance
runs/strict_continuum_3d_q_v1/reused_cells.tsv,47363,preserve_run_inputs_products_and_provenance
runs/strict_continuum_3d_q_v1/rt_tasks.tsv,224495,preserve_run_inputs_products_and_provenance
runs/strict_continuum_3d_q_v1/run_task.py,20696,preserve_run_inputs_products_and_provenance
runs/strict_continuum_3d_q_v1/submit.sh,3556,preserve_run_inputs_products_and_provenance
runs/strict_continuum_3d_q_v1/temperature_tasks.tsv,9902,preserve_run_inputs_products_and_provenance
runs/strict_continuum_3d_q_v1_primary9_v1/job_primary9_analysis.sh,1831,preserve_run_inputs_products_and_provenance
runs/strict_continuum_3d_q_v1_primary9_v1/policy_manifest.json,7482,preserve_run_inputs_products_and_provenance
runs/strict_continuum_3d_q_v1_task024_recovery_v1/input_manifest.json,5809,preserve_run_inputs_products_and_provenance
runs/strict_continuum_3d_q_v1_task024_recovery_v1/inputs/disk_envelope_m2p00_a0p40_q3p75_i0p05_rt.para,6038,preserve_run_inputs_products_and_provenance
runs/strict_continuum_3d_q_v1_task024_recovery_v1/inputs/strict_continuum_anchor.lambda,81,preserve_run_inputs_products_and_provenance
runs/strict_continuum_3d_q_v1_task024_recovery_v1/workflow_manifest.json,1465,preserve_run_inputs_products_and_provenance
runs/strict_continuum_3d_q_v1_task024_seed41002_recovery_primary9_v1/job_primary9_analysis.sh,1946,preserve_run_inputs_products_and_provenance
runs/strict_continuum_3d_q_v1_task024_seed41002_recovery_primary9_v1/policy_manifest.json,5751,preserve_run_inputs_products_and_provenance
runs/strict_continuum_3d_q_v1_task024_seed41002_recovery_primary9_v1/provenance/README.md,719,preserve_run_inputs_products_and_provenance
runs/strict_continuum_3d_q_v1_task024_seed41002_recovery_primary9_v1/provenance/policy_manifest_a812e3007699270b240037fa6c9853eb1b5bd96eb9a67834c4134df4a537d5b5_superseded_pre_run_draine_hash_typo.json,5751,preserve_run_inputs_products_and_provenance
runs/strict_continuum_3d_q_v1_task024_seed41002_recovery_v1/analysis_manifest.json,8027,preserve_run_inputs_products_and_provenance
runs/strict_continuum_3d_q_v1_task024_seed41002_recovery_v1/job_analysis.sh,1186,preserve_run_inputs_products_and_provenance
runs/strict_continuum_cavity_mass_q_highn_convergence_v2/adjudication.json,7826,preserve_run_inputs_products_and_provenance
runs/strict_continuum_cavity_mass_q_highn_convergence_v2/execution_amendment_array_throttle_4.json,1524,preserve_run_inputs_products_and_provenance
runs/strict_continuum_cavity_mass_q_highn_convergence_v2/input_manifest.json,3367,preserve_run_inputs_products_and_provenance
runs/strict_continuum_cavity_mass_q_highn_convergence_v2/inputs/task002/disk_envelope_m2p25_c15p0_a0p40_q2p75_i0p05_rt.para,6042,preserve_run_inputs_products_and_provenance
runs/strict_continuum_cavity_mass_q_highn_convergence_v2/inputs/task002/strict_continuum_anchor.lambda,85,preserve_run_inputs_products_and_provenance
runs/strict_continuum_cavity_mass_q_highn_convergence_v2/inputs/task046/disk_envelope_m2p25_c15p0_a0p40_q3p00_i0p05_rt.para,6039,preserve_run_inputs_products_and_provenance
runs/strict_continuum_cavity_mass_q_highn_convergence_v2/inputs/task046/strict_continuum_anchor.lambda,85,preserve_run_inputs_products_and_provenance
runs/strict_continuum_cavity_mass_q_highn_convergence_v2/policy_manifest.json,2635,preserve_run_inputs_products_and_provenance
runs/strict_continuum_cavity_mass_q_highn_convergence_v2/realizations/task002_seed42001/closure.json,2631,preserve_run_inputs_products_and_provenance
runs/strict_continuum_cavity_mass_q_highn_convergence_v2/realizations/task002_seed42001/complete.json,2733,preserve_run_inputs_products_and_provenance
runs/strict_continuum_cavity_mass_q_highn_convergence_v2/realizations/task002_seed42001/input/_dust_prop_SED.tmp,782745,preserve_run_inputs_products_and_provenance
runs/strict_continuum_cavity_mass_q_highn_convergence_v2/realizations/task002_seed42001/input/disk_envelope_m2p25_c15p0_a0p40_q2p75_i0p05_rt.para,6042,preserve_run_inputs_products_and_provenance
runs/strict_continuum_cavity_mass_q_highn_convergence_v2/realizations/task002_seed42001/input/strict_continuum_anchor.lambda,85,preserve_run_inputs_products_and_provenance
runs/strict_continuum_cavity_mass_q_highn_convergence_v2/realizations/task002_seed42001/measurement.json,12088,preserve_run_inputs_products_and_provenance
runs/strict_continuum_cavity_mass_q_highn_convergence_v2/realizations/task002_seed42002/closure.json,2655,preserve_run_inputs_products_and_provenance
runs/strict_continuum_cavity_mass_q_highn_convergence_v2/realizations/task002_seed42002/complete.json,2733,preserve_run_inputs_products_and_provenance
runs/strict_continuum_cavity_mass_q_highn_convergence_v2/realizations/task002_seed42002/input/_dust_prop_SED.tmp,782745,preserve_run_inputs_products_and_provenance
runs/strict_continuum_cavity_mass_q_highn_convergence_v2/realizations/task002_seed42002/input/disk_envelope_m2p25_c15p0_a0p40_q2p75_i0p05_rt.para,6042,preserve_run_inputs_products_and_provenance
runs/strict_continuum_cavity_mass_q_highn_convergence_v2/realizations/task002_seed42002/input/strict_continuum_anchor.lambda,85,preserve_run_inputs_products_and_provenance
runs/strict_continuum_cavity_mass_q_highn_convergence_v2/realizations/task002_seed42002/measurement.json,12134,preserve_run_inputs_products_and_provenance
runs/strict_continuum_cavity_mass_q_highn_convergence_v2/realizations/task046_seed42001/closure.json,2625,preserve_run_inputs_products_and_provenance
runs/strict_continuum_cavity_mass_q_highn_convergence_v2/realizations/task046_seed42001/complete.json,2734,preserve_run_inputs_products_and_provenance
runs/strict_continuum_cavity_mass_q_highn_convergence_v2/realizations/task046_seed42001/input/_dust_prop_SED.tmp,782745,preserve_run_inputs_products_and_provenance
runs/strict_continuum_cavity_mass_q_highn_convergence_v2/realizations/task046_seed42001/input/disk_envelope_m2p25_c15p0_a0p40_q3p00_i0p05_rt.para,6039,preserve_run_inputs_products_and_provenance
runs/strict_continuum_cavity_mass_q_highn_convergence_v2/realizations/task046_seed42001/input/strict_continuum_anchor.lambda,85,preserve_run_inputs_products_and_provenance
runs/strict_continuum_cavity_mass_q_highn_convergence_v2/realizations/task046_seed42001/measurement.json,12124,preserve_run_inputs_products_and_provenance
runs/strict_continuum_cavity_mass_q_highn_convergence_v2/realizations/task046_seed42002/closure.json,2626,preserve_run_inputs_products_and_provenance
runs/strict_continuum_cavity_mass_q_highn_convergence_v2/realizations/task046_seed42002/complete.json,2734,preserve_run_inputs_products_and_provenance
runs/strict_continuum_cavity_mass_q_highn_convergence_v2/realizations/task046_seed42002/input/_dust_prop_SED.tmp,782745,preserve_run_inputs_products_and_provenance
runs/strict_continuum_cavity_mass_q_highn_convergence_v2/realizations/task046_seed42002/input/disk_envelope_m2p25_c15p0_a0p40_q3p00_i0p05_rt.para,6039,preserve_run_inputs_products_and_provenance
runs/strict_continuum_cavity_mass_q_highn_convergence_v2/realizations/task046_seed42002/input/strict_continuum_anchor.lambda,85,preserve_run_inputs_products_and_provenance
runs/strict_continuum_cavity_mass_q_highn_convergence_v2/realizations/task046_seed42002/measurement.json,12091,preserve_run_inputs_products_and_provenance
runs/strict_continuum_cavity_mass_q_highn_convergence_v2/slurm-tmc1a_cmq_hn2-15165367_0.err,311,preserve_run_inputs_products_and_provenance
runs/strict_continuum_cavity_mass_q_highn_convergence_v2/slurm-tmc1a_cmq_hn2-15165367_0.out,934,preserve_run_inputs_products_and_provenance
runs/strict_continuum_cavity_mass_q_highn_convergence_v2/slurm-tmc1a_cmq_hn2-15165367_1.err,311,preserve_run_inputs_products_and_provenance
runs/strict_continuum_cavity_mass_q_highn_convergence_v2/slurm-tmc1a_cmq_hn2-15165367_1.out,934,preserve_run_inputs_products_and_provenance
runs/strict_continuum_cavity_mass_q_highn_convergence_v2/slurm-tmc1a_cmq_hn2-15165367_2.err,103,preserve_run_inputs_products_and_provenance
runs/strict_continuum_cavity_mass_q_highn_convergence_v2/slurm-tmc1a_cmq_hn2-15165367_2.out,935,preserve_run_inputs_products_and_provenance
runs/strict_continuum_cavity_mass_q_highn_convergence_v2/slurm-tmc1a_cmq_hn2-15165367_3.err,311,preserve_run_inputs_products_and_provenance
runs/strict_continuum_cavity_mass_q_highn_convergence_v2/slurm-tmc1a_cmq_hn2-15165367_3.out,935,preserve_run_inputs_products_and_provenance
runs/strict_continuum_cavity_mass_q_highn_convergence_v2/slurm-tmc1a_cmq_hn2_adj-15165368.err,207,preserve_run_inputs_products_and_provenance
runs/strict_continuum_cavity_mass_q_highn_convergence_v2/slurm-tmc1a_cmq_hn2_adj-15165368.out,51,preserve_run_inputs_products_and_provenance
runs/strict_continuum_cavity_mass_q_highn_convergence_v2/source_failure_spec.json,10749,preserve_run_inputs_products_and_provenance
runs/strict_continuum_cavity_mass_q_highn_convergence_v2/tasks.tsv,3752,preserve_run_inputs_products_and_provenance
runs/strict_continuum_cavity_mass_q_highn_convergence_v2/workflow_manifest.json,2041,preserve_run_inputs_products_and_provenance
runs/strict_continuum_cavity_mass_q_task371_highn_convergence_v1/input_manifest.json,3334,preserve_run_inputs_products_and_provenance
runs/strict_continuum_cavity_mass_q_task371_highn_convergence_v1/inputs/task371/disk_envelope_m2p75_c17p5_a0p40_q3p25_i0p05_rt.para,6042,preserve_run_inputs_products_and_provenance
runs/strict_continuum_cavity_mass_q_task371_highn_convergence_v1/inputs/task371/strict_continuum_anchor.lambda,85,preserve_run_inputs_products_and_provenance
runs/strict_continuum_cavity_mass_q_task371_highn_convergence_v1/policy_manifest.json,2672,preserve_run_inputs_products_and_provenance
runs/strict_continuum_cavity_mass_q_task371_highn_convergence_v1/source_audit.json,8724,preserve_run_inputs_products_and_provenance
runs/strict_continuum_cavity_mass_q_task371_highn_convergence_v1/tasks.tsv,2114,preserve_run_inputs_products_and_provenance
runs/strict_continuum_cavity_mass_q_task371_highn_convergence_v1/workflow_manifest.json,2605,preserve_run_inputs_products_and_provenance
runs/strict_continuum_cavity_mass_q_task371_highn_convergence_v2/adjudication.json,8421,preserve_run_inputs_products_and_provenance
runs/strict_continuum_cavity_mass_q_task371_highn_convergence_v2/input_manifest.json,6588,preserve_run_inputs_products_and_provenance
runs/strict_continuum_cavity_mass_q_task371_highn_convergence_v2/inputs/task371/disk_envelope_m2p75_c17p5_a0p40_q3p25_i0p05_rt.para,6042,preserve_run_inputs_products_and_provenance
runs/strict_continuum_cavity_mass_q_task371_highn_convergence_v2/inputs/task371/strict_continuum_anchor.lambda,85,preserve_run_inputs_products_and_provenance
runs/strict_continuum_cavity_mass_q_task371_highn_convergence_v2/launch_state/array_submission.json,1108,preserve_run_inputs_products_and_provenance
runs/strict_continuum_cavity_mass_q_task371_highn_convergence_v2/launch_state/final_receipt.json,3261,preserve_run_inputs_products_and_provenance
runs/strict_continuum_cavity_mass_q_task371_highn_convergence_v2/launch_state/launch_intent.json,2624,preserve_run_inputs_products_and_provenance
runs/strict_continuum_cavity_mass_q_task371_highn_convergence_v2/policy_manifest.json,3266,preserve_run_inputs_products_and_provenance
runs/strict_continuum_cavity_mass_q_task371_highn_convergence_v2/realizations/task371_seed42001/closure.json,2641,preserve_run_inputs_products_and_provenance
runs/strict_continuum_cavity_mass_q_task371_highn_convergence_v2/realizations/task371_seed42001/complete.json,3368,preserve_run_inputs_products_and_provenance
runs/strict_continuum_cavity_mass_q_task371_highn_convergence_v2/realizations/task371_seed42001/measurement.json,12477,preserve_run_inputs_products_and_provenance
runs/strict_continuum_cavity_mass_q_task371_highn_convergence_v2/realizations/task371_seed42002/closure.json,2638,preserve_run_inputs_products_and_provenance
runs/strict_continuum_cavity_mass_q_task371_highn_convergence_v2/realizations/task371_seed42002/complete.json,3368,preserve_run_inputs_products_and_provenance
runs/strict_continuum_cavity_mass_q_task371_highn_convergence_v2/realizations/task371_seed42002/measurement.json,12572,preserve_run_inputs_products_and_provenance
runs/strict_continuum_cavity_mass_q_task371_highn_convergence_v2/slurm-tmc1a_t371_hn2-15168720_0.err,311,preserve_run_inputs_products_and_provenance
runs/strict_continuum_cavity_mass_q_task371_highn_convergence_v2/slurm-tmc1a_t371_hn2-15168720_0.out,931,preserve_run_inputs_products_and_provenance
runs/strict_continuum_cavity_mass_q_task371_highn_convergence_v2/slurm-tmc1a_t371_hn2-15168720_1.err,311,preserve_run_inputs_products_and_provenance
runs/strict_continuum_cavity_mass_q_task371_highn_convergence_v2/slurm-tmc1a_t371_hn2-15168720_1.out,932,preserve_run_inputs_products_and_provenance
runs/strict_continuum_cavity_mass_q_task371_highn_convergence_v2/source_audit.json,9011,preserve_run_inputs_products_and_provenance
runs/strict_continuum_cavity_mass_q_task371_highn_convergence_v2/tasks.tsv,2114,preserve_run_inputs_products_and_provenance
runs/strict_continuum_cavity_mass_q_task371_highn_convergence_v2/workflow_manifest.json,2978,preserve_run_inputs_products_and_provenance
runs/strict_continuum_cavity_mass_q_uniform_v2_v1/policy_manifest.json,7475,preserve_run_inputs_products_and_provenance
runs/strict_continuum_cavity_mass_q_uniform_v2_v1/workflow_manifest.json,3029,preserve_run_inputs_products_and_provenance
runs/strict_continuum_cavity_mass_q_uniform_v2_v1_analysis_v1/analysis_policy_manifest.json,10973,preserve_run_inputs_products_and_provenance
runs/strict_continuum_cavity_mass_q_uniform_v2_v1_analysis_v2/analysis_policy_manifest.json,12010,preserve_run_inputs_products_and_provenance
runs/strict_continuum_cavity_mass_q_v1/__pycache__/build_completion_index.cpython-312.pyc,12493,regenerable_cache
runs/strict_continuum_cavity_mass_q_v1/__pycache__/launch.cpython-312.pyc,20648,regenerable_cache
runs/strict_continuum_cavity_mass_q_v1/__pycache__/make_inputs.cpython-312.pyc,27793,regenerable_cache
runs/strict_continuum_cavity_mass_q_v1/__pycache__/run_task.cpython-312.pyc,33836,regenerable_cache
runs/strict_continuum_cavity_mass_q_v1/anchors/w001/strict_continuum_anchor.lambda,85,preserve_run_inputs_products_and_provenance
runs/strict_continuum_cavity_mass_q_v1/anchors/w002/strict_continuum_anchor.lambda,85,preserve_run_inputs_products_and_provenance
runs/strict_continuum_cavity_mass_q_v1/anchors/w003/strict_continuum_anchor.lambda,85,preserve_run_inputs_products_and_provenance
runs/strict_continuum_cavity_mass_q_v1/anchors/w004/strict_continuum_anchor.lambda,85,preserve_run_inputs_products_and_provenance
runs/strict_continuum_cavity_mass_q_v1/anchors/w005/strict_continuum_anchor.lambda,84,preserve_run_inputs_products_and_provenance
runs/strict_continuum_cavity_mass_q_v1/anchors/w006/strict_continuum_anchor.lambda,85,preserve_run_inputs_products_and_provenance
runs/strict_continuum_cavity_mass_q_v1/anchors/w007/strict_continuum_anchor.lambda,85,preserve_run_inputs_products_and_provenance
runs/strict_continuum_cavity_mass_q_v1/anchors/w008/strict_continuum_anchor.lambda,85,preserve_run_inputs_products_and_provenance
runs/strict_continuum_cavity_mass_q_v1/anchors/w009/strict_continuum_anchor.lambda,85,preserve_run_inputs_products_and_provenance
runs/strict_continuum_cavity_mass_q_v1/anchors.tsv,3341,preserve_run_inputs_products_and_provenance
runs/strict_continuum_cavity_mass_q_v1/build_completion_index.py,8800,preserve_run_inputs_products_and_provenance
runs/strict_continuum_cavity_mass_q_v1/design_config.json,4568,preserve_run_inputs_products_and_provenance
runs/strict_continuum_cavity_mass_q_v1/execution_amendment_array_throttle_9_20260725.json,1508,preserve_run_inputs_products_and_provenance
runs/strict_continuum_cavity_mass_q_v1/input_manifest.json,29692,preserve_run_inputs_products_and_provenance
runs/strict_continuum_cavity_mass_q_v1/job_completion_index.sh,1264,preserve_run_inputs_products_and_provenance
runs/strict_continuum_cavity_mass_q_v1/job_rt_array.sh,1754,preserve_run_inputs_products_and_provenance
runs/strict_continuum_cavity_mass_q_v1/job_temperature_array.sh,1753,preserve_run_inputs_products_and_provenance
runs/strict_continuum_cavity_mass_q_v1/launch.py,15434,preserve_run_inputs_products_and_provenance
runs/strict_continuum_cavity_mass_q_v1/launch_receipts/latest_launch_receipt.json,3398,preserve_run_inputs_products_and_provenance
runs/strict_continuum_cavity_mass_q_v1/launch_receipts/launch_20260725T083907+0000_T15164640_RT15164641.json,3398,preserve_run_inputs_products_and_provenance
runs/strict_continuum_cavity_mass_q_v1/make_inputs.py,22759,preserve_run_inputs_products_and_provenance
runs/strict_continuum_cavity_mass_q_v1/models/m2p25_c15p0_a0p40_q2p75_i0p05/disk_envelope_m2p25_c15p0_a0p40_q2p75_i0p05_rt.para,6040,preserve_run_inputs_products_and_provenance
runs/strict_continuum_cavity_mass_q_v1/models/m2p25_c15p0_a0p40_q2p75_i0p05/disk_envelope_m2p25_c15p0_a0p40_q2p75_i0p05_temperature.para,6040,preserve_run_inputs_products_and_provenance
runs/strict_continuum_cavity_mass_q_v1/models/m2p25_c15p0_a0p40_q3p00_i0p05/disk_envelope_m2p25_c15p0_a0p40_q3p00_i0p05_rt.para,6037,preserve_run_inputs_products_and_provenance
runs/strict_continuum_cavity_mass_q_v1/models/m2p25_c15p0_a0p40_q3p00_i0p05/disk_envelope_m2p25_c15p0_a0p40_q3p00_i0p05_temperature.para,6037,preserve_run_inputs_products_and_provenance
runs/strict_continuum_cavity_mass_q_v1/models/m2p25_c15p0_a0p40_q3p25_i0p05/disk_envelope_m2p25_c15p0_a0p40_q3p25_i0p05_rt.para,6040,preserve_run_inputs_products_and_provenance
runs/strict_continuum_cavity_mass_q_v1/models/m2p25_c15p0_a0p40_q3p25_i0p05/disk_envelope_m2p25_c15p0_a0p40_q3p25_i0p05_temperature.para,6040,preserve_run_inputs_products_and_provenance
runs/strict_continuum_cavity_mass_q_v1/models/m2p25_c17p5_a0p40_q2p75_i0p05/disk_envelope_m2p25_c17p5_a0p40_q2p75_i0p05_rt.para,6040,preserve_run_inputs_products_and_provenance
runs/strict_continuum_cavity_mass_q_v1/models/m2p25_c17p5_a0p40_q2p75_i0p05/disk_envelope_m2p25_c17p5_a0p40_q2p75_i0p05_temperature.para,6040,preserve_run_inputs_products_and_provenance
runs/strict_continuum_cavity_mass_q_v1/models/m2p25_c17p5_a0p40_q3p00_i0p05/disk_envelope_m2p25_c17p5_a0p40_q3p00_i0p05_rt.para,6037,preserve_run_inputs_products_and_provenance
runs/strict_continuum_cavity_mass_q_v1/models/m2p25_c17p5_a0p40_q3p00_i0p05/disk_envelope_m2p25_c17p5_a0p40_q3p00_i0p05_temperature.para,6037,preserve_run_inputs_products_and_provenance
runs/strict_continuum_cavity_mass_q_v1/models/m2p25_c17p5_a0p40_q3p25_i0p05/disk_envelope_m2p25_c17p5_a0p40_q3p25_i0p05_rt.para,6040,preserve_run_inputs_products_and_provenance
runs/strict_continuum_cavity_mass_q_v1/models/m2p25_c17p5_a0p40_q3p25_i0p05/disk_envelope_m2p25_c17p5_a0p40_q3p25_i0p05_temperature.para,6040,preserve_run_inputs_products_and_provenance
runs/strict_continuum_cavity_mass_q_v1/models/m2p25_c20p0_a0p40_q2p75_i0p05/disk_envelope_m2p25_c20p0_a0p40_q2p75_i0p05_rt.para,6040,preserve_run_inputs_products_and_provenance
runs/strict_continuum_cavity_mass_q_v1/models/m2p25_c20p0_a0p40_q2p75_i0p05/disk_envelope_m2p25_c20p0_a0p40_q2p75_i0p05_temperature.para,6040,preserve_run_inputs_products_and_provenance
runs/strict_continuum_cavity_mass_q_v1/models/m2p25_c20p0_a0p40_q3p00_i0p05/disk_envelope_m2p25_c20p0_a0p40_q3p00_i0p05_rt.para,6037,preserve_run_inputs_products_and_provenance
runs/strict_continuum_cavity_mass_q_v1/models/m2p25_c20p0_a0p40_q3p00_i0p05/disk_envelope_m2p25_c20p0_a0p40_q3p00_i0p05_temperature.para,6037,preserve_run_inputs_products_and_provenance
runs/strict_continuum_cavity_mass_q_v1/models/m2p25_c20p0_a0p40_q3p25_i0p05/disk_envelope_m2p25_c20p0_a0p40_q3p25_i0p05_rt.para,6040,preserve_run_inputs_products_and_provenance
runs/strict_continuum_cavity_mass_q_v1/models/m2p25_c20p0_a0p40_q3p25_i0p05/disk_envelope_m2p25_c20p0_a0p40_q3p25_i0p05_temperature.para,6040,preserve_run_inputs_products_and_provenance
runs/strict_continuum_cavity_mass_q_v1/models/m2p25_c22p0_a0p40_q2p75_i0p05/disk_envelope_m2p25_c22p0_a0p40_q2p75_i0p05_rt.para,6040,preserve_run_inputs_products_and_provenance
runs/strict_continuum_cavity_mass_q_v1/models/m2p25_c22p0_a0p40_q2p75_i0p05/disk_envelope_m2p25_c22p0_a0p40_q2p75_i0p05_temperature.para,6040,preserve_run_inputs_products_and_provenance
runs/strict_continuum_cavity_mass_q_v1/models/m2p25_c22p0_a0p40_q3p00_i0p05/disk_envelope_m2p25_c22p0_a0p40_q3p00_i0p05_rt.para,6037,preserve_run_inputs_products_and_provenance
runs/strict_continuum_cavity_mass_q_v1/models/m2p25_c22p0_a0p40_q3p00_i0p05/disk_envelope_m2p25_c22p0_a0p40_q3p00_i0p05_temperature.para,6037,preserve_run_inputs_products_and_provenance
runs/strict_continuum_cavity_mass_q_v1/models/m2p25_c22p0_a0p40_q3p25_i0p05/disk_envelope_m2p25_c22p0_a0p40_q3p25_i0p05_rt.para,6040,preserve_run_inputs_products_and_provenance
runs/strict_continuum_cavity_mass_q_v1/models/m2p25_c22p0_a0p40_q3p25_i0p05/disk_envelope_m2p25_c22p0_a0p40_q3p25_i0p05_temperature.para,6040,preserve_run_inputs_products_and_provenance
runs/strict_continuum_cavity_mass_q_v1/models/m2p25_c24p0_a0p40_q2p75_i0p05/disk_envelope_m2p25_c24p0_a0p40_q2p75_i0p05_rt.para,6040,preserve_run_inputs_products_and_provenance
runs/strict_continuum_cavity_mass_q_v1/models/m2p25_c24p0_a0p40_q2p75_i0p05/disk_envelope_m2p25_c24p0_a0p40_q2p75_i0p05_temperature.para,6040,preserve_run_inputs_products_and_provenance
runs/strict_continuum_cavity_mass_q_v1/models/m2p25_c24p0_a0p40_q3p00_i0p05/disk_envelope_m2p25_c24p0_a0p40_q3p00_i0p05_rt.para,6037,preserve_run_inputs_products_and_provenance
runs/strict_continuum_cavity_mass_q_v1/models/m2p25_c24p0_a0p40_q3p00_i0p05/disk_envelope_m2p25_c24p0_a0p40_q3p00_i0p05_temperature.para,6037,preserve_run_inputs_products_and_provenance
runs/strict_continuum_cavity_mass_q_v1/models/m2p25_c24p0_a0p40_q3p25_i0p05/disk_envelope_m2p25_c24p0_a0p40_q3p25_i0p05_rt.para,6040,preserve_run_inputs_products_and_provenance
runs/strict_continuum_cavity_mass_q_v1/models/m2p25_c24p0_a0p40_q3p25_i0p05/disk_envelope_m2p25_c24p0_a0p40_q3p25_i0p05_temperature.para,6040,preserve_run_inputs_products_and_provenance
runs/strict_continuum_cavity_mass_q_v1/models/m2p50_c15p0_a0p40_q2p75_i0p05/disk_envelope_m2p50_c15p0_a0p40_q2p75_i0p05_rt.para,6039,preserve_run_inputs_products_and_provenance
runs/strict_continuum_cavity_mass_q_v1/models/m2p50_c15p0_a0p40_q2p75_i0p05/disk_envelope_m2p50_c15p0_a0p40_q2p75_i0p05_temperature.para,6039,preserve_run_inputs_products_and_provenance
runs/strict_continuum_cavity_mass_q_v1/models/m2p50_c15p0_a0p40_q3p00_i0p05/disk_envelope_m2p50_c15p0_a0p40_q3p00_i0p05_rt.para,6036,preserve_run_inputs_products_and_provenance
runs/strict_continuum_cavity_mass_q_v1/models/m2p50_c15p0_a0p40_q3p00_i0p05/disk_envelope_m2p50_c15p0_a0p40_q3p00_i0p05_temperature.para,6036,preserve_run_inputs_products_and_provenance
runs/strict_continuum_cavity_mass_q_v1/models/m2p50_c15p0_a0p40_q3p25_i0p05/disk_envelope_m2p50_c15p0_a0p40_q3p25_i0p05_rt.para,6039,preserve_run_inputs_products_and_provenance
runs/strict_continuum_cavity_mass_q_v1/models/m2p50_c15p0_a0p40_q3p25_i0p05/disk_envelope_m2p50_c15p0_a0p40_q3p25_i0p05_temperature.para,6039,preserve_run_inputs_products_and_provenance
runs/strict_continuum_cavity_mass_q_v1/models/m2p50_c17p5_a0p40_q2p75_i0p05/disk_envelope_m2p50_c17p5_a0p40_q2p75_i0p05_rt.para,6039,preserve_run_inputs_products_and_provenance
runs/strict_continuum_cavity_mass_q_v1/models/m2p50_c17p5_a0p40_q2p75_i0p05/disk_envelope_m2p50_c17p5_a0p40_q2p75_i0p05_temperature.para,6039,preserve_run_inputs_products_and_provenance
runs/strict_continuum_cavity_mass_q_v1/models/m2p50_c17p5_a0p40_q3p00_i0p05/disk_envelope_m2p50_c17p5_a0p40_q3p00_i0p05_rt.para,6036,preserve_run_inputs_products_and_provenance
runs/strict_continuum_cavity_mass_q_v1/models/m2p50_c17p5_a0p40_q3p00_i0p05/disk_envelope_m2p50_c17p5_a0p40_q3p00_i0p05_temperature.para,6036,preserve_run_inputs_products_and_provenance
runs/strict_continuum_cavity_mass_q_v1/models/m2p50_c17p5_a0p40_q3p25_i0p05/disk_envelope_m2p50_c17p5_a0p40_q3p25_i0p05_rt.para,6039,preserve_run_inputs_products_and_provenance
runs/strict_continuum_cavity_mass_q_v1/models/m2p50_c17p5_a0p40_q3p25_i0p05/disk_envelope_m2p50_c17p5_a0p40_q3p25_i0p05_temperature.para,6039,preserve_run_inputs_products_and_provenance
runs/strict_continuum_cavity_mass_q_v1/models/m2p50_c20p0_a0p40_q2p75_i0p05/disk_envelope_m2p50_c20p0_a0p40_q2p75_i0p05_rt.para,6039,preserve_run_inputs_products_and_provenance
runs/strict_continuum_cavity_mass_q_v1/models/m2p50_c20p0_a0p40_q2p75_i0p05/disk_envelope_m2p50_c20p0_a0p40_q2p75_i0p05_temperature.para,6039,preserve_run_inputs_products_and_provenance
runs/strict_continuum_cavity_mass_q_v1/models/m2p50_c20p0_a0p40_q3p00_i0p05/disk_envelope_m2p50_c20p0_a0p40_q3p00_i0p05_rt.para,6036,preserve_run_inputs_products_and_provenance
runs/strict_continuum_cavity_mass_q_v1/models/m2p50_c20p0_a0p40_q3p00_i0p05/disk_envelope_m2p50_c20p0_a0p40_q3p00_i0p05_temperature.para,6036,preserve_run_inputs_products_and_provenance
runs/strict_continuum_cavity_mass_q_v1/models/m2p50_c20p0_a0p40_q3p25_i0p05/disk_envelope_m2p50_c20p0_a0p40_q3p25_i0p05_rt.para,6039,preserve_run_inputs_products_and_provenance
runs/strict_continuum_cavity_mass_q_v1/models/m2p50_c20p0_a0p40_q3p25_i0p05/disk_envelope_m2p50_c20p0_a0p40_q3p25_i0p05_temperature.para,6039,preserve_run_inputs_products_and_provenance
runs/strict_continuum_cavity_mass_q_v1/models/m2p50_c22p0_a0p40_q2p75_i0p05/disk_envelope_m2p50_c22p0_a0p40_q2p75_i0p05_rt.para,6039,preserve_run_inputs_products_and_provenance
runs/strict_continuum_cavity_mass_q_v1/models/m2p50_c22p0_a0p40_q2p75_i0p05/disk_envelope_m2p50_c22p0_a0p40_q2p75_i0p05_temperature.para,6039,preserve_run_inputs_products_and_provenance
runs/strict_continuum_cavity_mass_q_v1/models/m2p50_c22p0_a0p40_q3p00_i0p05/disk_envelope_m2p50_c22p0_a0p40_q3p00_i0p05_rt.para,6036,preserve_run_inputs_products_and_provenance
runs/strict_continuum_cavity_mass_q_v1/models/m2p50_c22p0_a0p40_q3p00_i0p05/disk_envelope_m2p50_c22p0_a0p40_q3p00_i0p05_temperature.para,6036,preserve_run_inputs_products_and_provenance
runs/strict_continuum_cavity_mass_q_v1/models/m2p50_c22p0_a0p40_q3p25_i0p05/disk_envelope_m2p50_c22p0_a0p40_q3p25_i0p05_rt.para,6039,preserve_run_inputs_products_and_provenance
runs/strict_continuum_cavity_mass_q_v1/models/m2p50_c22p0_a0p40_q3p25_i0p05/disk_envelope_m2p50_c22p0_a0p40_q3p25_i0p05_temperature.para,6039,preserve_run_inputs_products_and_provenance
runs/strict_continuum_cavity_mass_q_v1/models/m2p50_c24p0_a0p40_q2p75_i0p05/disk_envelope_m2p50_c24p0_a0p40_q2p75_i0p05_rt.para,6039,preserve_run_inputs_products_and_provenance
runs/strict_continuum_cavity_mass_q_v1/models/m2p50_c24p0_a0p40_q2p75_i0p05/disk_envelope_m2p50_c24p0_a0p40_q2p75_i0p05_temperature.para,6039,preserve_run_inputs_products_and_provenance
runs/strict_continuum_cavity_mass_q_v1/models/m2p50_c24p0_a0p40_q3p00_i0p05/disk_envelope_m2p50_c24p0_a0p40_q3p00_i0p05_rt.para,6036,preserve_run_inputs_products_and_provenance
runs/strict_continuum_cavity_mass_q_v1/models/m2p50_c24p0_a0p40_q3p00_i0p05/disk_envelope_m2p50_c24p0_a0p40_q3p00_i0p05_temperature.para,6036,preserve_run_inputs_products_and_provenance
runs/strict_continuum_cavity_mass_q_v1/models/m2p50_c24p0_a0p40_q3p25_i0p05/disk_envelope_m2p50_c24p0_a0p40_q3p25_i0p05_rt.para,6039,preserve_run_inputs_products_and_provenance
runs/strict_continuum_cavity_mass_q_v1/models/m2p50_c24p0_a0p40_q3p25_i0p05/disk_envelope_m2p50_c24p0_a0p40_q3p25_i0p05_temperature.para,6039,preserve_run_inputs_products_and_provenance
runs/strict_continuum_cavity_mass_q_v1/models/m2p75_c15p0_a0p40_q2p75_i0p05/disk_envelope_m2p75_c15p0_a0p40_q2p75_i0p05_rt.para,6040,preserve_run_inputs_products_and_provenance
runs/strict_continuum_cavity_mass_q_v1/models/m2p75_c15p0_a0p40_q2p75_i0p05/disk_envelope_m2p75_c15p0_a0p40_q2p75_i0p05_temperature.para,6040,preserve_run_inputs_products_and_provenance
runs/strict_continuum_cavity_mass_q_v1/models/m2p75_c15p0_a0p40_q3p00_i0p05/disk_envelope_m2p75_c15p0_a0p40_q3p00_i0p05_rt.para,6037,preserve_run_inputs_products_and_provenance
runs/strict_continuum_cavity_mass_q_v1/models/m2p75_c15p0_a0p40_q3p00_i0p05/disk_envelope_m2p75_c15p0_a0p40_q3p00_i0p05_temperature.para,6037,preserve_run_inputs_products_and_provenance
runs/strict_continuum_cavity_mass_q_v1/models/m2p75_c15p0_a0p40_q3p25_i0p05/disk_envelope_m2p75_c15p0_a0p40_q3p25_i0p05_rt.para,6040,preserve_run_inputs_products_and_provenance
runs/strict_continuum_cavity_mass_q_v1/models/m2p75_c15p0_a0p40_q3p25_i0p05/disk_envelope_m2p75_c15p0_a0p40_q3p25_i0p05_temperature.para,6040,preserve_run_inputs_products_and_provenance
runs/strict_continuum_cavity_mass_q_v1/models/m2p75_c17p5_a0p40_q2p75_i0p05/disk_envelope_m2p75_c17p5_a0p40_q2p75_i0p05_rt.para,6040,preserve_run_inputs_products_and_provenance
runs/strict_continuum_cavity_mass_q_v1/models/m2p75_c17p5_a0p40_q2p75_i0p05/disk_envelope_m2p75_c17p5_a0p40_q2p75_i0p05_temperature.para,6040,preserve_run_inputs_products_and_provenance
runs/strict_continuum_cavity_mass_q_v1/models/m2p75_c17p5_a0p40_q3p00_i0p05/disk_envelope_m2p75_c17p5_a0p40_q3p00_i0p05_rt.para,6037,preserve_run_inputs_products_and_provenance
runs/strict_continuum_cavity_mass_q_v1/models/m2p75_c17p5_a0p40_q3p00_i0p05/disk_envelope_m2p75_c17p5_a0p40_q3p00_i0p05_temperature.para,6037,preserve_run_inputs_products_and_provenance
runs/strict_continuum_cavity_mass_q_v1/models/m2p75_c17p5_a0p40_q3p25_i0p05/disk_envelope_m2p75_c17p5_a0p40_q3p25_i0p05_rt.para,6040,preserve_run_inputs_products_and_provenance
runs/strict_continuum_cavity_mass_q_v1/models/m2p75_c17p5_a0p40_q3p25_i0p05/disk_envelope_m2p75_c17p5_a0p40_q3p25_i0p05_temperature.para,6040,preserve_run_inputs_products_and_provenance
runs/strict_continuum_cavity_mass_q_v1/models/m2p75_c17p5_a0p40_q3p25_i0p05/temperature/seed=41001/data_th/Temperature.fits.gz,24548,preserve_run_inputs_products_and_provenance
runs/strict_continuum_cavity_mass_q_v1/models/m2p75_c20p0_a0p40_q2p75_i0p05/disk_envelope_m2p75_c20p0_a0p40_q2p75_i0p05_rt.para,6040,preserve_run_inputs_products_and_provenance
runs/strict_continuum_cavity_mass_q_v1/models/m2p75_c20p0_a0p40_q2p75_i0p05/disk_envelope_m2p75_c20p0_a0p40_q2p75_i0p05_temperature.para,6040,preserve_run_inputs_products_and_provenance
runs/strict_continuum_cavity_mass_q_v1/models/m2p75_c20p0_a0p40_q3p00_i0p05/disk_envelope_m2p75_c20p0_a0p40_q3p00_i0p05_rt.para,6037,preserve_run_inputs_products_and_provenance
runs/strict_continuum_cavity_mass_q_v1/models/m2p75_c20p0_a0p40_q3p00_i0p05/disk_envelope_m2p75_c20p0_a0p40_q3p00_i0p05_temperature.para,6037,preserve_run_inputs_products_and_provenance
runs/strict_continuum_cavity_mass_q_v1/models/m2p75_c20p0_a0p40_q3p25_i0p05/disk_envelope_m2p75_c20p0_a0p40_q3p25_i0p05_rt.para,6040,preserve_run_inputs_products_and_provenance
runs/strict_continuum_cavity_mass_q_v1/models/m2p75_c20p0_a0p40_q3p25_i0p05/disk_envelope_m2p75_c20p0_a0p40_q3p25_i0p05_temperature.para,6040,preserve_run_inputs_products_and_provenance
runs/strict_continuum_cavity_mass_q_v1/models/m2p75_c22p0_a0p40_q2p75_i0p05/disk_envelope_m2p75_c22p0_a0p40_q2p75_i0p05_rt.para,6040,preserve_run_inputs_products_and_provenance
runs/strict_continuum_cavity_mass_q_v1/models/m2p75_c22p0_a0p40_q2p75_i0p05/disk_envelope_m2p75_c22p0_a0p40_q2p75_i0p05_temperature.para,6040,preserve_run_inputs_products_and_provenance
runs/strict_continuum_cavity_mass_q_v1/models/m2p75_c22p0_a0p40_q3p00_i0p05/disk_envelope_m2p75_c22p0_a0p40_q3p00_i0p05_rt.para,6037,preserve_run_inputs_products_and_provenance
runs/strict_continuum_cavity_mass_q_v1/models/m2p75_c22p0_a0p40_q3p00_i0p05/disk_envelope_m2p75_c22p0_a0p40_q3p00_i0p05_temperature.para,6037,preserve_run_inputs_products_and_provenance
runs/strict_continuum_cavity_mass_q_v1/models/m2p75_c22p0_a0p40_q3p25_i0p05/disk_envelope_m2p75_c22p0_a0p40_q3p25_i0p05_rt.para,6040,preserve_run_inputs_products_and_provenance
runs/strict_continuum_cavity_mass_q_v1/models/m2p75_c22p0_a0p40_q3p25_i0p05/disk_envelope_m2p75_c22p0_a0p40_q3p25_i0p05_temperature.para,6040,preserve_run_inputs_products_and_provenance
runs/strict_continuum_cavity_mass_q_v1/models/m2p75_c24p0_a0p40_q2p75_i0p05/disk_envelope_m2p75_c24p0_a0p40_q2p75_i0p05_rt.para,6040,preserve_run_inputs_products_and_provenance
runs/strict_continuum_cavity_mass_q_v1/models/m2p75_c24p0_a0p40_q2p75_i0p05/disk_envelope_m2p75_c24p0_a0p40_q2p75_i0p05_temperature.para,6040,preserve_run_inputs_products_and_provenance
runs/strict_continuum_cavity_mass_q_v1/models/m2p75_c24p0_a0p40_q3p00_i0p05/disk_envelope_m2p75_c24p0_a0p40_q3p00_i0p05_rt.para,6037,preserve_run_inputs_products_and_provenance
runs/strict_continuum_cavity_mass_q_v1/models/m2p75_c24p0_a0p40_q3p00_i0p05/disk_envelope_m2p75_c24p0_a0p40_q3p00_i0p05_temperature.para,6037,preserve_run_inputs_products_and_provenance
runs/strict_continuum_cavity_mass_q_v1/models/m2p75_c24p0_a0p40_q3p25_i0p05/disk_envelope_m2p75_c24p0_a0p40_q3p25_i0p05_rt.para,6040,preserve_run_inputs_products_and_provenance
runs/strict_continuum_cavity_mass_q_v1/models/m2p75_c24p0_a0p40_q3p25_i0p05/disk_envelope_m2p75_c24p0_a0p40_q3p25_i0p05_temperature.para,6040,preserve_run_inputs_products_and_provenance
runs/strict_continuum_cavity_mass_q_v1/models.tsv,24572,preserve_run_inputs_products_and_provenance
runs/strict_continuum_cavity_mass_q_v1/rt_tasks.tsv,359150,preserve_run_inputs_products_and_provenance
runs/strict_continuum_cavity_mass_q_v1/run_task.py,26498,preserve_run_inputs_products_and_provenance
runs/strict_continuum_cavity_mass_q_v1/slurm-tmc1a_cmq_RT-15164641_371.err,1774,preserve_run_inputs_products_and_provenance
runs/strict_continuum_cavity_mass_q_v1/slurm-tmc1a_cmq_RT-15164641_371.out,978,preserve_run_inputs_products_and_provenance
runs/strict_continuum_cavity_mass_q_v1/submit.sh,441,preserve_run_inputs_products_and_provenance
runs/strict_continuum_cavity_mass_q_v1/task371_v2diag-15168717.err,103,preserve_run_inputs_products_and_provenance
runs/strict_continuum_cavity_mass_q_v1/task371_v2diag-15168717.out,1369,preserve_run_inputs_products_and_provenance
runs/strict_continuum_cavity_mass_q_v1/temperature_tasks.tsv,19939,preserve_run_inputs_products_and_provenance
runs/strict_continuum_cavity_mass_q_v1_analysis_v1/analysis_policy_manifest.json,10323,preserve_run_inputs_products_and_provenance
runs/strict_continuum_cavity_mass_q_v1_analysis_v1/job_analysis.sh,2641,preserve_run_inputs_products_and_provenance
runs/strict_continuum_cavity_mass_q_v1_postindex_v1/__pycache__/submit_analysis_after_index.cpython-312.pyc,25786,regenerable_cache
runs/strict_continuum_cavity_mass_q_v1_postindex_v1/__pycache__/submit_analysis_after_index.cpython-39.pyc,16078,regenerable_cache
runs/strict_continuum_cavity_mass_q_v1_postindex_v1/__pycache__/test_submit_analysis_after_index.cpython-312.pyc,12015,regenerable_cache
runs/strict_continuum_cavity_mass_q_v1_postindex_v1/job_submit_analysis_after_index.sh,1469,preserve_run_inputs_products_and_provenance
runs/strict_continuum_cavity_mass_q_v1_postindex_v1/submit_analysis_after_index.py,20047,preserve_run_inputs_products_and_provenance
runs/strict_continuum_cavity_mass_q_v1_postindex_v1/test_submit_analysis_after_index.py,7503,preserve_run_inputs_products_and_provenance
runs/strict_continuum_cavity_mass_q_v1_task002_seed41002_recovered_v1/CANONICAL_RECOVERY_CONTRACT.md,1751,preserve_run_inputs_products_and_provenance
runs/strict_continuum_cavity_mass_q_v1_task002_seed41002_recovered_v1/job_recovered_analysis.sh,2786,preserve_run_inputs_products_and_provenance
runs/strict_continuum_cavity_mass_q_v1_task002_seed41002_recovered_v1/job_recovered_completion_index.sh,2835,preserve_run_inputs_products_and_provenance
runs/strict_continuum_cavity_mass_q_v1_task002_seed41002_recovered_v1/job_submit_recovered_analysis.sh,2214,preserve_run_inputs_products_and_provenance
runs/strict_continuum_cavity_mass_q_v1_task002_seed41002_recovery_v1/CANONICAL_AMENDMENT_PLAN.md,2163,preserve_run_inputs_products_and_provenance
runs/strict_continuum_cavity_mass_q_v1_task002_seed41002_recovery_v1/failed_recovery_audit_job15165201.json,13824,preserve_run_inputs_products_and_provenance
runs/strict_continuum_cavity_mass_q_v1_task002_seed41002_recovery_v1/failed_recovery_audit_job15165201.sha256,105,preserve_run_inputs_products_and_provenance
runs/strict_continuum_cavity_mass_q_v1_task002_seed41002_recovery_v1/input_manifest.json,4949,preserve_run_inputs_products_and_provenance
runs/strict_continuum_cavity_mass_q_v1_task002_seed41002_recovery_v1/inputs/disk_envelope_m2p25_c15p0_a0p40_q2p75_i0p05_rt.para,6040,preserve_run_inputs_products_and_provenance
runs/strict_continuum_cavity_mass_q_v1_task002_seed41002_recovery_v1/inputs/strict_continuum_anchor.lambda,85,preserve_run_inputs_products_and_provenance
runs/strict_continuum_cavity_mass_q_v1_task002_seed41002_recovery_v1/policy_manifest.json,12505,preserve_run_inputs_products_and_provenance
runs/strict_continuum_cavity_mass_q_v1_task002_seed41002_recovery_v1/source_seed41001_diagnostic.json,7301,preserve_run_inputs_products_and_provenance
runs/strict_continuum_cavity_mass_q_v1_task002_seed41002_recovery_v1/workflow_manifest.json,3157,preserve_run_inputs_products_and_provenance
runs/strict_continuum_cavity_mass_q_v1_task046_seed41002_recovery_v1/TERMINAL_AGGREGATION_HANDOFF.md,1833,preserve_run_inputs_products_and_provenance
runs/strict_continuum_cavity_mass_q_v1_task046_seed41002_recovery_v1/input_manifest.json,6202,preserve_run_inputs_products_and_provenance
runs/strict_continuum_cavity_mass_q_v1_task046_seed41002_recovery_v1/inputs/disk_envelope_m2p25_c15p0_a0p40_q3p00_i0p05_rt.para,6037,preserve_run_inputs_products_and_provenance
runs/strict_continuum_cavity_mass_q_v1_task046_seed41002_recovery_v1/inputs/strict_continuum_anchor.lambda,85,preserve_run_inputs_products_and_provenance
runs/strict_continuum_cavity_mass_q_v1_task046_seed41002_recovery_v1/policy_manifest.json,14784,preserve_run_inputs_products_and_provenance
runs/strict_continuum_cavity_mass_q_v1_task046_seed41002_recovery_v1/source_seed41001_diagnostic.json,8896,preserve_run_inputs_products_and_provenance
runs/strict_continuum_cavity_mass_q_v1_task046_seed41002_recovery_v1/workflow_manifest.json,3956,preserve_run_inputs_products_and_provenance
runs/strict_continuum_cavity_mass_q_v1_task046_seed41002_recovery_v2/TERMINAL_AGGREGATION_HANDOFF.md,1834,preserve_run_inputs_products_and_provenance
runs/strict_continuum_cavity_mass_q_v1_task046_seed41002_recovery_v2/V2_GEOMETRY_PRECISION_AMENDMENT.md,1560,preserve_run_inputs_products_and_provenance
runs/strict_continuum_cavity_mass_q_v1_task046_seed41002_recovery_v2/input_manifest.json,6799,preserve_run_inputs_products_and_provenance
runs/strict_continuum_cavity_mass_q_v1_task046_seed41002_recovery_v2/inputs/disk_envelope_m2p25_c15p0_a0p40_q3p00_i0p05_rt.para,6037,preserve_run_inputs_products_and_provenance
runs/strict_continuum_cavity_mass_q_v1_task046_seed41002_recovery_v2/inputs/strict_continuum_anchor.lambda,85,preserve_run_inputs_products_and_provenance
runs/strict_continuum_cavity_mass_q_v1_task046_seed41002_recovery_v2/policy_manifest.json,16390,preserve_run_inputs_products_and_provenance
runs/strict_continuum_cavity_mass_q_v1_task046_seed41002_recovery_v2/source_seed41001_diagnostic.json,9515,preserve_run_inputs_products_and_provenance
runs/strict_continuum_cavity_mass_q_v1_task046_seed41002_recovery_v2/workflow_manifest.json,4307,preserve_run_inputs_products_and_provenance
runs/strict_continuum_cavity_mass_q_v1_task046_seed41002_recovery_v3/TERMINAL_AGGREGATION_HANDOFF.md,1835,preserve_run_inputs_products_and_provenance
runs/strict_continuum_cavity_mass_q_v1_task046_seed41002_recovery_v3/V3_GEOMETRY_RECORD_SEMANTICS.md,2005,preserve_run_inputs_products_and_provenance
runs/strict_continuum_cavity_mass_q_v1_task046_seed41002_recovery_v3/input_manifest.json,6796,preserve_run_inputs_products_and_provenance
runs/strict_continuum_cavity_mass_q_v1_task046_seed41002_recovery_v3/inputs/disk_envelope_m2p25_c15p0_a0p40_q3p00_i0p05_rt.para,6037,preserve_run_inputs_products_and_provenance
runs/strict_continuum_cavity_mass_q_v1_task046_seed41002_recovery_v3/inputs/strict_continuum_anchor.lambda,85,preserve_run_inputs_products_and_provenance
runs/strict_continuum_cavity_mass_q_v1_task046_seed41002_recovery_v3/policy_manifest.json,16800,preserve_run_inputs_products_and_provenance
runs/strict_continuum_cavity_mass_q_v1_task046_seed41002_recovery_v3/source_seed41001_diagnostic.json,9839,preserve_run_inputs_products_and_provenance
runs/strict_continuum_cavity_mass_q_v1_task046_seed41002_recovery_v3/workflow_manifest.json,4304,preserve_run_inputs_products_and_provenance
runs/strict_continuum_cavity_mass_q_v1_terminal_recoveries_v1/CANONICAL_TERMINAL_RECOVERY_CONTRACT.md,2487,preserve_run_inputs_products_and_provenance
runs/strict_continuum_cavity_mass_q_v1_terminal_recoveries_v1/CONTINUE_AFTER_SOURCE_TERMINAL.md,2853,preserve_run_inputs_products_and_provenance
runs/strict_continuum_cavity_mass_q_v1_terminal_recoveries_v1/aggregation_policy_manifest.json,7458,preserve_run_inputs_products_and_provenance
runs/strict_continuum_cavity_mass_q_v1_terminal_recoveries_v1/job_submit_terminal_recovery_analysis.sh,1865,preserve_run_inputs_products_and_provenance
runs/strict_continuum_cavity_mass_q_v1_terminal_recoveries_v1/job_terminal_recovery_analysis.sh,2351,preserve_run_inputs_products_and_provenance
runs/strict_continuum_cavity_mass_q_v1_terminal_recoveries_v1/job_terminal_recovery_completion_index.sh,2007,preserve_run_inputs_products_and_provenance
runs/strict_continuum_cavity_mass_q_v1_terminal_recoveries_v1/job_terminal_source_accounting.sh,1320,preserve_run_inputs_products_and_provenance
runs/strict_continuum_cavity_mass_v1/SUPERSEDED_PRELAUNCH.md,392,preserve_run_inputs_products_and_provenance
runs/strict_continuum_cavity_mass_v1/__pycache__/build_completion_index.cpython-312.pyc,12325,regenerable_cache
runs/strict_continuum_cavity_mass_v1/__pycache__/build_completion_index.cpython-39.pyc,7358,regenerable_cache
runs/strict_continuum_cavity_mass_v1/__pycache__/launch.cpython-312.pyc,20638,regenerable_cache
runs/strict_continuum_cavity_mass_v1/__pycache__/launch.cpython-39.pyc,12798,regenerable_cache
runs/strict_continuum_cavity_mass_v1/__pycache__/make_inputs.cpython-312.pyc,27176,regenerable_cache
runs/strict_continuum_cavity_mass_v1/__pycache__/make_inputs.cpython-39.pyc,17652,regenerable_cache
runs/strict_continuum_cavity_mass_v1/__pycache__/run_task.cpython-312.pyc,33413,regenerable_cache
runs/strict_continuum_cavity_mass_v1/__pycache__/run_task.cpython-39.pyc,18885,regenerable_cache
runs/strict_continuum_cavity_mass_v1/anchors/w001/strict_continuum_anchor.lambda,83,preserve_run_inputs_products_and_provenance
runs/strict_continuum_cavity_mass_v1/anchors/w002/strict_continuum_anchor.lambda,83,preserve_run_inputs_products_and_provenance
runs/strict_continuum_cavity_mass_v1/anchors/w003/strict_continuum_anchor.lambda,83,preserve_run_inputs_products_and_provenance
runs/strict_continuum_cavity_mass_v1/anchors/w004/strict_continuum_anchor.lambda,83,preserve_run_inputs_products_and_provenance
runs/strict_continuum_cavity_mass_v1/anchors/w005/strict_continuum_anchor.lambda,82,preserve_run_inputs_products_and_provenance
runs/strict_continuum_cavity_mass_v1/anchors/w006/strict_continuum_anchor.lambda,83,preserve_run_inputs_products_and_provenance
runs/strict_continuum_cavity_mass_v1/anchors/w007/strict_continuum_anchor.lambda,83,preserve_run_inputs_products_and_provenance
runs/strict_continuum_cavity_mass_v1/anchors/w008/strict_continuum_anchor.lambda,83,preserve_run_inputs_products_and_provenance
runs/strict_continuum_cavity_mass_v1/anchors/w009/strict_continuum_anchor.lambda,83,preserve_run_inputs_products_and_provenance
runs/strict_continuum_cavity_mass_v1/anchors.tsv,3323,preserve_run_inputs_products_and_provenance
runs/strict_continuum_cavity_mass_v1/build_completion_index.py,8633,preserve_run_inputs_products_and_provenance
runs/strict_continuum_cavity_mass_v1/design_config.json,4185,preserve_run_inputs_products_and_provenance
runs/strict_continuum_cavity_mass_v1/input_manifest.json,16173,preserve_run_inputs_products_and_provenance
runs/strict_continuum_cavity_mass_v1/job_completion_index.sh,1257,preserve_run_inputs_products_and_provenance
runs/strict_continuum_cavity_mass_v1/job_rt_array.sh,1743,preserve_run_inputs_products_and_provenance
runs/strict_continuum_cavity_mass_v1/job_temperature_array.sh,1735,preserve_run_inputs_products_and_provenance
runs/strict_continuum_cavity_mass_v1/launch.py,15424,preserve_run_inputs_products_and_provenance
runs/strict_continuum_cavity_mass_v1/make_inputs.py,21756,preserve_run_inputs_products_and_provenance
runs/strict_continuum_cavity_mass_v1/models/m2p25_c15p0_a0p40_q3p25_i0p05/disk_envelope_m2p25_c15p0_a0p40_q3p25_i0p05_rt.para,6040,preserve_run_inputs_products_and_provenance
runs/strict_continuum_cavity_mass_v1/models/m2p25_c15p0_a0p40_q3p25_i0p05/disk_envelope_m2p25_c15p0_a0p40_q3p25_i0p05_temperature.para,6040,preserve_run_inputs_products_and_provenance
runs/strict_continuum_cavity_mass_v1/models/m2p25_c17p5_a0p40_q3p25_i0p05/disk_envelope_m2p25_c17p5_a0p40_q3p25_i0p05_rt.para,6040,preserve_run_inputs_products_and_provenance
runs/strict_continuum_cavity_mass_v1/models/m2p25_c17p5_a0p40_q3p25_i0p05/disk_envelope_m2p25_c17p5_a0p40_q3p25_i0p05_temperature.para,6040,preserve_run_inputs_products_and_provenance
runs/strict_continuum_cavity_mass_v1/models/m2p25_c20p0_a0p40_q3p25_i0p05/disk_envelope_m2p25_c20p0_a0p40_q3p25_i0p05_rt.para,6040,preserve_run_inputs_products_and_provenance
runs/strict_continuum_cavity_mass_v1/models/m2p25_c20p0_a0p40_q3p25_i0p05/disk_envelope_m2p25_c20p0_a0p40_q3p25_i0p05_temperature.para,6040,preserve_run_inputs_products_and_provenance
runs/strict_continuum_cavity_mass_v1/models/m2p25_c22p0_a0p40_q3p25_i0p05/disk_envelope_m2p25_c22p0_a0p40_q3p25_i0p05_rt.para,6040,preserve_run_inputs_products_and_provenance
runs/strict_continuum_cavity_mass_v1/models/m2p25_c22p0_a0p40_q3p25_i0p05/disk_envelope_m2p25_c22p0_a0p40_q3p25_i0p05_temperature.para,6040,preserve_run_inputs_products_and_provenance
runs/strict_continuum_cavity_mass_v1/models/m2p25_c24p0_a0p40_q3p25_i0p05/disk_envelope_m2p25_c24p0_a0p40_q3p25_i0p05_rt.para,6040,preserve_run_inputs_products_and_provenance
runs/strict_continuum_cavity_mass_v1/models/m2p25_c24p0_a0p40_q3p25_i0p05/disk_envelope_m2p25_c24p0_a0p40_q3p25_i0p05_temperature.para,6040,preserve_run_inputs_products_and_provenance
runs/strict_continuum_cavity_mass_v1/models/m2p50_c15p0_a0p40_q3p25_i0p05/disk_envelope_m2p50_c15p0_a0p40_q3p25_i0p05_rt.para,6039,preserve_run_inputs_products_and_provenance
runs/strict_continuum_cavity_mass_v1/models/m2p50_c15p0_a0p40_q3p25_i0p05/disk_envelope_m2p50_c15p0_a0p40_q3p25_i0p05_temperature.para,6039,preserve_run_inputs_products_and_provenance
runs/strict_continuum_cavity_mass_v1/models/m2p50_c17p5_a0p40_q3p25_i0p05/disk_envelope_m2p50_c17p5_a0p40_q3p25_i0p05_rt.para,6039,preserve_run_inputs_products_and_provenance
runs/strict_continuum_cavity_mass_v1/models/m2p50_c17p5_a0p40_q3p25_i0p05/disk_envelope_m2p50_c17p5_a0p40_q3p25_i0p05_temperature.para,6039,preserve_run_inputs_products_and_provenance
runs/strict_continuum_cavity_mass_v1/models/m2p50_c20p0_a0p40_q3p25_i0p05/disk_envelope_m2p50_c20p0_a0p40_q3p25_i0p05_rt.para,6039,preserve_run_inputs_products_and_provenance
runs/strict_continuum_cavity_mass_v1/models/m2p50_c20p0_a0p40_q3p25_i0p05/disk_envelope_m2p50_c20p0_a0p40_q3p25_i0p05_temperature.para,6039,preserve_run_inputs_products_and_provenance
runs/strict_continuum_cavity_mass_v1/models/m2p50_c22p0_a0p40_q3p25_i0p05/disk_envelope_m2p50_c22p0_a0p40_q3p25_i0p05_rt.para,6039,preserve_run_inputs_products_and_provenance
runs/strict_continuum_cavity_mass_v1/models/m2p50_c22p0_a0p40_q3p25_i0p05/disk_envelope_m2p50_c22p0_a0p40_q3p25_i0p05_temperature.para,6039,preserve_run_inputs_products_and_provenance
runs/strict_continuum_cavity_mass_v1/models/m2p50_c24p0_a0p40_q3p25_i0p05/disk_envelope_m2p50_c24p0_a0p40_q3p25_i0p05_rt.para,6039,preserve_run_inputs_products_and_provenance
runs/strict_continuum_cavity_mass_v1/models/m2p50_c24p0_a0p40_q3p25_i0p05/disk_envelope_m2p50_c24p0_a0p40_q3p25_i0p05_temperature.para,6039,preserve_run_inputs_products_and_provenance
runs/strict_continuum_cavity_mass_v1/models/m2p75_c15p0_a0p40_q3p25_i0p05/disk_envelope_m2p75_c15p0_a0p40_q3p25_i0p05_rt.para,6040,preserve_run_inputs_products_and_provenance
runs/strict_continuum_cavity_mass_v1/models/m2p75_c15p0_a0p40_q3p25_i0p05/disk_envelope_m2p75_c15p0_a0p40_q3p25_i0p05_temperature.para,6040,preserve_run_inputs_products_and_provenance
runs/strict_continuum_cavity_mass_v1/models/m2p75_c17p5_a0p40_q3p25_i0p05/disk_envelope_m2p75_c17p5_a0p40_q3p25_i0p05_rt.para,6040,preserve_run_inputs_products_and_provenance
runs/strict_continuum_cavity_mass_v1/models/m2p75_c17p5_a0p40_q3p25_i0p05/disk_envelope_m2p75_c17p5_a0p40_q3p25_i0p05_temperature.para,6040,preserve_run_inputs_products_and_provenance
runs/strict_continuum_cavity_mass_v1/models/m2p75_c20p0_a0p40_q3p25_i0p05/disk_envelope_m2p75_c20p0_a0p40_q3p25_i0p05_rt.para,6040,preserve_run_inputs_products_and_provenance
runs/strict_continuum_cavity_mass_v1/models/m2p75_c20p0_a0p40_q3p25_i0p05/disk_envelope_m2p75_c20p0_a0p40_q3p25_i0p05_temperature.para,6040,preserve_run_inputs_products_and_provenance
runs/strict_continuum_cavity_mass_v1/models/m2p75_c22p0_a0p40_q3p25_i0p05/disk_envelope_m2p75_c22p0_a0p40_q3p25_i0p05_rt.para,6040,preserve_run_inputs_products_and_provenance
runs/strict_continuum_cavity_mass_v1/models/m2p75_c22p0_a0p40_q3p25_i0p05/disk_envelope_m2p75_c22p0_a0p40_q3p25_i0p05_temperature.para,6040,preserve_run_inputs_products_and_provenance
runs/strict_continuum_cavity_mass_v1/models/m2p75_c24p0_a0p40_q3p25_i0p05/disk_envelope_m2p75_c24p0_a0p40_q3p25_i0p05_rt.para,6040,preserve_run_inputs_products_and_provenance
runs/strict_continuum_cavity_mass_v1/models/m2p75_c24p0_a0p40_q3p25_i0p05/disk_envelope_m2p75_c24p0_a0p40_q3p25_i0p05_temperature.para,6040,preserve_run_inputs_products_and_provenance
runs/strict_continuum_cavity_mass_v1/models.tsv,8358,preserve_run_inputs_products_and_provenance
runs/strict_continuum_cavity_mass_v1/rt_tasks.tsv,118874,preserve_run_inputs_products_and_provenance
runs/strict_continuum_cavity_mass_v1/run_task.py,26045,preserve_run_inputs_products_and_provenance
runs/strict_continuum_cavity_mass_v1/submit.sh,441,preserve_run_inputs_products_and_provenance
runs/strict_continuum_cavity_mass_v1/temperature_tasks.tsv,6785,preserve_run_inputs_products_and_provenance
runs/strict_continuum_cavity_mass_v1_analysis_v1/SUPERSEDED.md,412,preserve_run_inputs_products_and_provenance
runs/strict_continuum_cavity_mass_v1_analysis_v1/analysis_policy_manifest.json,9897,preserve_run_inputs_products_and_provenance
runs/strict_continuum_cavity_mass_v1_analysis_v1/job_analysis.sh,2355,preserve_run_inputs_products_and_provenance
runs/strict_continuum_refinement_v1/__pycache__/make_inputs.cpython-312.pyc,13350,regenerable_cache
runs/strict_continuum_refinement_v1/__pycache__/run_task.cpython-312.pyc,15101,regenerable_cache
runs/strict_continuum_refinement_v1/amendments/component_support_diagnosis_v1.json,4490,preserve_run_inputs_products_and_provenance
runs/strict_continuum_refinement_v1/amendments/scheduler_concurrency_64_20260724.json,1482,preserve_run_inputs_products_and_provenance
runs/strict_continuum_refinement_v1/analysis_manifest.json,4099,preserve_run_inputs_products_and_provenance
runs/strict_continuum_refinement_v1/execution_amendment_64cores.json,1367,preserve_run_inputs_products_and_provenance
runs/strict_continuum_refinement_v1/execution_amendment_96cores.json,1560,preserve_run_inputs_products_and_provenance
runs/strict_continuum_refinement_v1/fresh_models.tsv,223,preserve_run_inputs_products_and_provenance
runs/strict_continuum_refinement_v1/input_manifest.json,7243,preserve_run_inputs_products_and_provenance
runs/strict_continuum_refinement_v1/job_analysis.sh,1379,preserve_run_inputs_products_and_provenance
runs/strict_continuum_refinement_v1/job_rt_array.sh,1455,preserve_run_inputs_products_and_provenance
runs/strict_continuum_refinement_v1/job_temperature_array.sh,1462,preserve_run_inputs_products_and_provenance
runs/strict_continuum_refinement_v1/make_inputs.py,10927,preserve_run_inputs_products_and_provenance
runs/strict_continuum_refinement_v1/models/m2p00_a0p60_i0p05/disk_envelope_m2p00_a0p60_i0p05_rt.para,6037,preserve_run_inputs_products_and_provenance
runs/strict_continuum_refinement_v1/models/m2p00_a0p60_i0p05/disk_envelope_m2p00_a0p60_i0p05_temperature.para,6037,preserve_run_inputs_products_and_provenance
runs/strict_continuum_refinement_v1/models/m2p00_a0p70_i0p05/disk_envelope_m2p00_a0p70_i0p05_rt.para,6037,preserve_run_inputs_products_and_provenance
runs/strict_continuum_refinement_v1/models/m2p00_a0p70_i0p05/disk_envelope_m2p00_a0p70_i0p05_temperature.para,6037,preserve_run_inputs_products_and_provenance
runs/strict_continuum_refinement_v1/models/m2p25_a0p50_i0p05/disk_envelope_m2p25_a0p50_i0p05_rt.para,6039,preserve_run_inputs_products_and_provenance
runs/strict_continuum_refinement_v1/models/m2p25_a0p50_i0p05/disk_envelope_m2p25_a0p50_i0p05_temperature.para,6039,preserve_run_inputs_products_and_provenance
runs/strict_continuum_refinement_v1/models/m2p25_a0p60_i0p05/disk_envelope_m2p25_a0p60_i0p05_rt.para,6039,preserve_run_inputs_products_and_provenance
runs/strict_continuum_refinement_v1/models/m2p25_a0p60_i0p05/disk_envelope_m2p25_a0p60_i0p05_temperature.para,6039,preserve_run_inputs_products_and_provenance
runs/strict_continuum_refinement_v1/models/m2p25_a0p70_i0p05/disk_envelope_m2p25_a0p70_i0p05_rt.para,6039,preserve_run_inputs_products_and_provenance
runs/strict_continuum_refinement_v1/models/m2p25_a0p70_i0p05/disk_envelope_m2p25_a0p70_i0p05_temperature.para,6039,preserve_run_inputs_products_and_provenance
runs/strict_continuum_refinement_v1/models/m2p50_a0p50_i0p05/disk_envelope_m2p50_a0p50_i0p05_rt.para,6038,preserve_run_inputs_products_and_provenance
runs/strict_continuum_refinement_v1/models/m2p50_a0p50_i0p05/disk_envelope_m2p50_a0p50_i0p05_temperature.para,6038,preserve_run_inputs_products_and_provenance
runs/strict_continuum_refinement_v1/models/m2p50_a0p60_i0p05/disk_envelope_m2p50_a0p60_i0p05_rt.para,6038,preserve_run_inputs_products_and_provenance
runs/strict_continuum_refinement_v1/models/m2p50_a0p60_i0p05/disk_envelope_m2p50_a0p60_i0p05_temperature.para,6038,preserve_run_inputs_products_and_provenance
runs/strict_continuum_refinement_v1/models/m2p50_a0p70_i0p05/disk_envelope_m2p50_a0p70_i0p05_rt.para,6038,preserve_run_inputs_products_and_provenance
runs/strict_continuum_refinement_v1/models/m2p50_a0p70_i0p05/disk_envelope_m2p50_a0p70_i0p05_temperature.para,6038,preserve_run_inputs_products_and_provenance
runs/strict_continuum_refinement_v1/models.tsv,3864,preserve_run_inputs_products_and_provenance
runs/strict_continuum_refinement_v1/rt_tasks.tsv,58382,preserve_run_inputs_products_and_provenance
runs/strict_continuum_refinement_v1/run_task.py,10404,preserve_run_inputs_products_and_provenance
runs/strict_continuum_refinement_v1/submit.sh,2498,preserve_run_inputs_products_and_provenance
runs/strict_continuum_refinement_v1/temperature_tasks.tsv,2541,preserve_run_inputs_products_and_provenance
runs/strict_continuum_refinement_v1_support_v1/__pycache__/make_inputs.cpython-312.pyc,25797,regenerable_cache
runs/strict_continuum_refinement_v1_support_v1/__pycache__/run_task.cpython-312.pyc,27027,regenerable_cache
runs/strict_continuum_refinement_v1_support_v1/analysis_manifest.json,5583,preserve_run_inputs_products_and_provenance
runs/strict_continuum_refinement_v1_support_v1/analyzer_retry_incident_15157823.json,1602,preserve_run_inputs_products_and_provenance
runs/strict_continuum_refinement_v1_support_v1/analyzer_retry_launch_15159553.json,961,preserve_run_inputs_products_and_provenance
runs/strict_continuum_refinement_v1_support_v1/anchors/w006/strict_continuum_anchor.lambda,75,preserve_run_inputs_products_and_provenance
runs/strict_continuum_refinement_v1_support_v1/anchors/w007/strict_continuum_anchor.lambda,75,preserve_run_inputs_products_and_provenance
runs/strict_continuum_refinement_v1_support_v1/anchors.tsv,1210,preserve_run_inputs_products_and_provenance
runs/strict_continuum_refinement_v1_support_v1/input_manifest.json,16656,preserve_run_inputs_products_and_provenance
runs/strict_continuum_refinement_v1_support_v1/job_analysis.sh,1646,preserve_run_inputs_products_and_provenance
runs/strict_continuum_refinement_v1_support_v1/job_rt_array.sh,1486,preserve_run_inputs_products_and_provenance
runs/strict_continuum_refinement_v1_support_v1/make_inputs.py,25351,preserve_run_inputs_products_and_provenance
runs/strict_continuum_refinement_v1_support_v1/models/m2p00_a0p50_i0p05/disk_envelope_m2p00_a0p50_i0p05_rt.para,6037,preserve_run_inputs_products_and_provenance
runs/strict_continuum_refinement_v1_support_v1/models/m2p00_a0p50_i0p05/disk_envelope_m2p00_a0p50_i0p05_temperature.para,6037,preserve_run_inputs_products_and_provenance
runs/strict_continuum_refinement_v1_support_v1/models/m2p00_a0p60_i0p05/disk_envelope_m2p00_a0p60_i0p05_rt.para,6037,preserve_run_inputs_products_and_provenance
runs/strict_continuum_refinement_v1_support_v1/models/m2p00_a0p60_i0p05/disk_envelope_m2p00_a0p60_i0p05_temperature.para,6037,preserve_run_inputs_products_and_provenance
runs/strict_continuum_refinement_v1_support_v1/models/m2p00_a0p70_i0p05/disk_envelope_m2p00_a0p70_i0p05_rt.para,6037,preserve_run_inputs_products_and_provenance
runs/strict_continuum_refinement_v1_support_v1/models/m2p00_a0p70_i0p05/disk_envelope_m2p00_a0p70_i0p05_temperature.para,6037,preserve_run_inputs_products_and_provenance
runs/strict_continuum_refinement_v1_support_v1/models/m2p25_a0p50_i0p05/disk_envelope_m2p25_a0p50_i0p05_rt.para,6039,preserve_run_inputs_products_and_provenance
runs/strict_continuum_refinement_v1_support_v1/models/m2p25_a0p50_i0p05/disk_envelope_m2p25_a0p50_i0p05_temperature.para,6039,preserve_run_inputs_products_and_provenance
runs/strict_continuum_refinement_v1_support_v1/models/m2p25_a0p60_i0p05/disk_envelope_m2p25_a0p60_i0p05_rt.para,6039,preserve_run_inputs_products_and_provenance
runs/strict_continuum_refinement_v1_support_v1/models/m2p25_a0p60_i0p05/disk_envelope_m2p25_a0p60_i0p05_temperature.para,6039,preserve_run_inputs_products_and_provenance
runs/strict_continuum_refinement_v1_support_v1/models/m2p25_a0p70_i0p05/disk_envelope_m2p25_a0p70_i0p05_rt.para,6039,preserve_run_inputs_products_and_provenance
runs/strict_continuum_refinement_v1_support_v1/models/m2p25_a0p70_i0p05/disk_envelope_m2p25_a0p70_i0p05_temperature.para,6039,preserve_run_inputs_products_and_provenance
runs/strict_continuum_refinement_v1_support_v1/models/m2p50_a0p50_i0p05/disk_envelope_m2p50_a0p50_i0p05_rt.para,6038,preserve_run_inputs_products_and_provenance
runs/strict_continuum_refinement_v1_support_v1/models/m2p50_a0p50_i0p05/disk_envelope_m2p50_a0p50_i0p05_temperature.para,6038,preserve_run_inputs_products_and_provenance
runs/strict_continuum_refinement_v1_support_v1/models/m2p50_a0p60_i0p05/disk_envelope_m2p50_a0p60_i0p05_rt.para,6038,preserve_run_inputs_products_and_provenance
runs/strict_continuum_refinement_v1_support_v1/models/m2p50_a0p60_i0p05/disk_envelope_m2p50_a0p60_i0p05_temperature.para,6038,preserve_run_inputs_products_and_provenance
runs/strict_continuum_refinement_v1_support_v1/models/m2p50_a0p70_i0p05/disk_envelope_m2p50_a0p70_i0p05_rt.para,6038,preserve_run_inputs_products_and_provenance
runs/strict_continuum_refinement_v1_support_v1/models/m2p50_a0p70_i0p05/disk_envelope_m2p50_a0p70_i0p05_temperature.para,6038,preserve_run_inputs_products_and_provenance
runs/strict_continuum_refinement_v1_support_v1/models.tsv,10151,preserve_run_inputs_products_and_provenance
runs/strict_continuum_refinement_v1_support_v1/rt_tasks.tsv,24276,preserve_run_inputs_products_and_provenance
runs/strict_continuum_refinement_v1_support_v1/run_task.py,19426,preserve_run_inputs_products_and_provenance
runs/strict_continuum_refinement_v1_support_v1/submit.sh,1966,preserve_run_inputs_products_and_provenance
runs/strict_continuum_refinement_v1_support_v1/temperature_sources.tsv,5958,preserve_run_inputs_products_and_provenance
runs/strict_continuum_screen/amendments/fit_policy_v1/policy.json,5241,preserve_run_inputs_products_and_provenance
runs/strict_continuum_screen/amendments/fit_policy_v1/workflow_manifest.json,1747,preserve_run_inputs_products_and_provenance
runs/strict_continuum_screen/amendments/internal_closure_v1/amendment_manifest.json,3943,preserve_run_inputs_products_and_provenance
runs/strict_continuum_screen/amendments/polarized_plane0_v2/amendment_manifest.json,7324,preserve_run_inputs_products_and_provenance
runs/strict_continuum_screen/amendments/polarized_plane0_v2/stokes_semantics_evidence.json,3522,preserve_run_inputs_products_and_provenance
runs/strict_continuum_screen/amendments/polarized_plane0_v3/amendment_manifest.json,6209,preserve_run_inputs_products_and_provenance
runs/strict_continuum_screen/amendments/polarized_plane0_v3/stokes_semantics_and_v3_contract.json,5087,preserve_run_inputs_products_and_provenance
runs/strict_continuum_screen/anchors/w000/strict_continuum_anchor.lambda,75,preserve_run_inputs_products_and_provenance
runs/strict_continuum_screen/anchors/w001/strict_continuum_anchor.lambda,75,preserve_run_inputs_products_and_provenance
runs/strict_continuum_screen/anchors/w002/strict_continuum_anchor.lambda,75,preserve_run_inputs_products_and_provenance
runs/strict_continuum_screen/anchors/w003/strict_continuum_anchor.lambda,75,preserve_run_inputs_products_and_provenance
runs/strict_continuum_screen/anchors/w004/strict_continuum_anchor.lambda,75,preserve_run_inputs_products_and_provenance
runs/strict_continuum_screen/anchors/w005/strict_continuum_anchor.lambda,74,preserve_run_inputs_products_and_provenance
runs/strict_continuum_screen/anchors/w006/strict_continuum_anchor.lambda,75,preserve_run_inputs_products_and_provenance
runs/strict_continuum_screen/anchors/w007/strict_continuum_anchor.lambda,75,preserve_run_inputs_products_and_provenance
runs/strict_continuum_screen/anchors/w008/strict_continuum_anchor.lambda,75,preserve_run_inputs_products_and_provenance
runs/strict_continuum_screen/anchors/w009/strict_continuum_anchor.lambda,75,preserve_run_inputs_products_and_provenance
runs/strict_continuum_screen/anchors.tsv,3869,preserve_run_inputs_products_and_provenance
runs/strict_continuum_screen/input_manifest.json,14496,preserve_run_inputs_products_and_provenance
runs/strict_continuum_screen/models/m1p25_a0p10_i0p05/disk_envelope_m1p25_a0p10_i0p05_rt.para,6039,preserve_run_inputs_products_and_provenance
runs/strict_continuum_screen/models/m1p25_a0p10_i0p05/disk_envelope_m1p25_a0p10_i0p05_temperature.para,6039,preserve_run_inputs_products_and_provenance
runs/strict_continuum_screen/models/m1p25_a0p20_i0p05/disk_envelope_m1p25_a0p20_i0p05_rt.para,6039,preserve_run_inputs_products_and_provenance
runs/strict_continuum_screen/models/m1p25_a0p20_i0p05/disk_envelope_m1p25_a0p20_i0p05_temperature.para,6039,preserve_run_inputs_products_and_provenance
runs/strict_continuum_screen/models/m1p25_a0p35_i0p05/disk_envelope_m1p25_a0p35_i0p05_rt.para,6040,preserve_run_inputs_products_and_provenance
runs/strict_continuum_screen/models/m1p25_a0p35_i0p05/disk_envelope_m1p25_a0p35_i0p05_temperature.para,6040,preserve_run_inputs_products_and_provenance
runs/strict_continuum_screen/models/m1p25_a0p50_i0p05/disk_envelope_m1p25_a0p50_i0p05_rt.para,6039,preserve_run_inputs_products_and_provenance
runs/strict_continuum_screen/models/m1p25_a0p50_i0p05/disk_envelope_m1p25_a0p50_i0p05_temperature.para,6039,preserve_run_inputs_products_and_provenance
runs/strict_continuum_screen/models/m1p50_a0p10_i0p05/disk_envelope_m1p50_a0p10_i0p05_rt.para,6038,preserve_run_inputs_products_and_provenance
runs/strict_continuum_screen/models/m1p50_a0p10_i0p05/disk_envelope_m1p50_a0p10_i0p05_temperature.para,6038,preserve_run_inputs_products_and_provenance
runs/strict_continuum_screen/models/m1p50_a0p20_i0p05/disk_envelope_m1p50_a0p20_i0p05_rt.para,6038,preserve_run_inputs_products_and_provenance
runs/strict_continuum_screen/models/m1p50_a0p20_i0p05/disk_envelope_m1p50_a0p20_i0p05_temperature.para,6038,preserve_run_inputs_products_and_provenance
runs/strict_continuum_screen/models/m1p50_a0p35_i0p05/disk_envelope_m1p50_a0p35_i0p05_rt.para,6039,preserve_run_inputs_products_and_provenance
runs/strict_continuum_screen/models/m1p50_a0p35_i0p05/disk_envelope_m1p50_a0p35_i0p05_temperature.para,6039,preserve_run_inputs_products_and_provenance
runs/strict_continuum_screen/models/m1p50_a0p50_i0p05/disk_envelope_m1p50_a0p50_i0p05_rt.para,6038,preserve_run_inputs_products_and_provenance
runs/strict_continuum_screen/models/m1p50_a0p50_i0p05/disk_envelope_m1p50_a0p50_i0p05_temperature.para,6038,preserve_run_inputs_products_and_provenance
runs/strict_continuum_screen/models/m1p75_a0p10_i0p05/disk_envelope_m1p75_a0p10_i0p05_rt.para,6039,preserve_run_inputs_products_and_provenance
runs/strict_continuum_screen/models/m1p75_a0p10_i0p05/disk_envelope_m1p75_a0p10_i0p05_temperature.para,6039,preserve_run_inputs_products_and_provenance
runs/strict_continuum_screen/models/m1p75_a0p20_i0p05/disk_envelope_m1p75_a0p20_i0p05_rt.para,6039,preserve_run_inputs_products_and_provenance
runs/strict_continuum_screen/models/m1p75_a0p20_i0p05/disk_envelope_m1p75_a0p20_i0p05_temperature.para,6039,preserve_run_inputs_products_and_provenance
runs/strict_continuum_screen/models/m1p75_a0p35_i0p05/disk_envelope_m1p75_a0p35_i0p05_rt.para,6040,preserve_run_inputs_products_and_provenance
runs/strict_continuum_screen/models/m1p75_a0p35_i0p05/disk_envelope_m1p75_a0p35_i0p05_temperature.para,6040,preserve_run_inputs_products_and_provenance
runs/strict_continuum_screen/models/m1p75_a0p50_i0p05/disk_envelope_m1p75_a0p50_i0p05_rt.para,6039,preserve_run_inputs_products_and_provenance
runs/strict_continuum_screen/models/m1p75_a0p50_i0p05/disk_envelope_m1p75_a0p50_i0p05_temperature.para,6039,preserve_run_inputs_products_and_provenance
runs/strict_continuum_screen/models/m2p00_a0p10_i0p05/disk_envelope_m2p00_a0p10_i0p05_rt.para,6037,preserve_run_inputs_products_and_provenance
runs/strict_continuum_screen/models/m2p00_a0p10_i0p05/disk_envelope_m2p00_a0p10_i0p05_temperature.para,6037,preserve_run_inputs_products_and_provenance
runs/strict_continuum_screen/models/m2p00_a0p20_i0p05/disk_envelope_m2p00_a0p20_i0p05_rt.para,6037,preserve_run_inputs_products_and_provenance
runs/strict_continuum_screen/models/m2p00_a0p20_i0p05/disk_envelope_m2p00_a0p20_i0p05_temperature.para,6037,preserve_run_inputs_products_and_provenance
runs/strict_continuum_screen/models/m2p00_a0p35_i0p05/disk_envelope_m2p00_a0p35_i0p05_rt.para,6038,preserve_run_inputs_products_and_provenance
runs/strict_continuum_screen/models/m2p00_a0p35_i0p05/disk_envelope_m2p00_a0p35_i0p05_temperature.para,6038,preserve_run_inputs_products_and_provenance
runs/strict_continuum_screen/models/m2p00_a0p50_i0p05/disk_envelope_m2p00_a0p50_i0p05_rt.para,6037,preserve_run_inputs_products_and_provenance
runs/strict_continuum_screen/models/m2p00_a0p50_i0p05/disk_envelope_m2p00_a0p50_i0p05_temperature.para,6037,preserve_run_inputs_products_and_provenance
runs/strict_continuum_screen/models.tsv,7848,preserve_run_inputs_products_and_provenance
runs/strict_continuum_screen/rt_tasks.tsv,112819,preserve_run_inputs_products_and_provenance
runs/strict_continuum_screen/submission_gate.json,725,preserve_run_inputs_products_and_provenance
runs/strict_continuum_screen/temperature_tasks.tsv,4756,preserve_run_inputs_products_and_provenance
runs/strict_continuum_screen/workflow_manifest.json,2120,preserve_run_inputs_products_and_provenance
runs/strict_continuum_task114_plane0_recovery/input_manifest.json,7966,preserve_run_inputs_products_and_provenance
runs/strict_continuum_task114_plane0_recovery/inputs/disk_envelope_m1p75_a0p50_i0p05_rt_seed41002_128k.para,6039,preserve_run_inputs_products_and_provenance
runs/strict_continuum_task114_plane0_recovery/inputs/disk_envelope_m1p75_a0p50_i0p05_rt_seed41002_512k.para,6039,preserve_run_inputs_products_and_provenance
runs/strict_continuum_task114_plane0_recovery/inputs/strict_continuum_anchor.lambda,75,preserve_run_inputs_products_and_provenance
runs/strict_continuum_task114_plane0_recovery/seed41002_128k/complete.txt,1975,preserve_run_inputs_products_and_provenance
runs/strict_continuum_task114_plane0_recovery/seed41002_512k/complete.txt,1976,preserve_run_inputs_products_and_provenance
runs/strict_continuum_task114_plane0_recovery/source_task114_seed41001_128k_snapshot.json,9881,preserve_run_inputs_products_and_provenance
runs/strict_continuum_task114_plane0_recovery/workflow_manifest.json,2545,preserve_run_inputs_products_and_provenance
runs/strict_continuum_task22_recovery_512k/input_manifest.json,5479,preserve_run_inputs_products_and_provenance
runs/strict_continuum_task22_recovery_512k/inputs/disk_envelope_m1p25_a0p35_i0p05_rt_512k.para,6040,preserve_run_inputs_products_and_provenance
runs/strict_continuum_task22_recovery_512k/inputs/strict_continuum_anchor.lambda,75,preserve_run_inputs_products_and_provenance
runs/strict_continuum_task22_recovery_512k/source_task22_snapshot.json,8912,preserve_run_inputs_products_and_provenance
runs/strict_continuum_task22_recovery_512k/source_task22_snapshot_v2.json,8912,preserve_run_inputs_products_and_provenance
runs/strict_continuum_task22_recovery_512k/workflow_manifest.json,2101,preserve_run_inputs_products_and_provenance
runs/tmc1a_literature_rgb_v1/_dust_prop_th.tmp,38208945,preserve_run_inputs_products_and_provenance
runs/tmc1a_literature_rgb_v1/_superseded_attempts/duplicate_local_runner_20260730T1633/input/Users/harrisonlo/Downloads/Project_5_Les_Houches/jwst_mcfost/runs/tmc1a_l,30,preserve_run_inputs_products_and_provenance
runs/tmc1a_literature_rgb_v1/_superseded_attempts/duplicate_local_runner_20260730T1633/input/Users/harrisonlo/Downloads/Project_5_Les_Houches/jwst_mcfost/runs/tmc1a_literature_rgb_v1/temperature/seed=61001/data_th/.sed_th.fits.gz,1823,preserve_run_inputs_products_and_provenance
runs/tmc1a_literature_rgb_v1/_superseded_attempts/duplicate_local_runner_20260730T1633/input/Users/harrisonlo/Downloads/Project_5_Les_Houches/jwst_mcfost/runs/tmc1a_literature_rgb_v1/temperature/seed=61001/data_th/Temperature.fits.gz,24680,preserve_run_inputs_products_and_provenance
runs/tmc1a_literature_rgb_v1/_superseded_attempts/duplicate_local_runner_20260730T1633/input/Users/harrisonlo/Downloads/Project_5_Les_Houches/jwst_mcfost/runs/tmc1a_literature_rgb_v1/temperature/seed=61001/data_th/disk_envelope_tmc1a_literature_rgb_v1.para,6294,preserve_run_inputs_products_and_provenance
runs/tmc1a_literature_rgb_v1/_superseded_attempts/duplicate_local_runner_20260730T1633/input/_dust_prop_SED.tmp,4601745,preserve_run_inputs_products_and_provenance
runs/tmc1a_literature_rgb_v1/_superseded_attempts/duplicate_local_runner_20260730T1633/input/_dust_prop_th.tmp,38208945,preserve_run_inputs_products_and_provenance
runs/tmc1a_literature_rgb_v1/_superseded_attempts/duplicate_local_runner_20260730T1633/input/disk_envelope_tmc1a_literature_rgb_v1.para,6020,preserve_run_inputs_products_and_provenance
runs/tmc1a_literature_rgb_v1/_superseded_attempts/duplicate_local_runner_20260730T1633/input/tmc1a_literature_rgb_v1.lambda,123,preserve_run_inputs_products_and_provenance
runs/tmc1a_literature_rgb_v1/_superseded_attempts/duplicate_local_runner_20260730T1633/input_manifest.json,3162,preserve_run_inputs_products_and_provenance
runs/tmc1a_literature_rgb_v1/_superseded_attempts/duplicate_local_runner_20260730T1633/temperature_and_six_point_sed.log,4906,preserve_run_inputs_products_and_provenance
runs/tmc1a_literature_rgb_v1/data_1.50/RT.fits.gz,21038834,preserve_run_inputs_products_and_provenance
runs/tmc1a_literature_rgb_v1/data_1.50/tmc1a_literature_rgb_v1.para,6497,preserve_run_inputs_products_and_provenance
runs/tmc1a_literature_rgb_v1/data_12.80/RT.fits.gz,17240226,preserve_run_inputs_products_and_provenance
runs/tmc1a_literature_rgb_v1/data_12.80/tmc1a_literature_rgb_v1.para,6498,preserve_run_inputs_products_and_provenance
runs/tmc1a_literature_rgb_v1/data_2.00/RT.fits.gz,21122631,preserve_run_inputs_products_and_provenance
runs/tmc1a_literature_rgb_v1/data_2.00/tmc1a_literature_rgb_v1.para,6497,preserve_run_inputs_products_and_provenance
runs/tmc1a_literature_rgb_v1/data_21.00/RT.fits.gz,21089346,preserve_run_inputs_products_and_provenance
runs/tmc1a_literature_rgb_v1/data_21.00/tmc1a_literature_rgb_v1.para,6498,preserve_run_inputs_products_and_provenance
runs/tmc1a_literature_rgb_v1/data_4.44/RT.fits.gz,20833129,preserve_run_inputs_products_and_provenance
runs/tmc1a_literature_rgb_v1/data_4.44/tmc1a_literature_rgb_v1.para,6497,preserve_run_inputs_products_and_provenance
runs/tmc1a_literature_rgb_v1/data_7.70/RT.fits.gz,19658381,preserve_run_inputs_products_and_provenance
runs/tmc1a_literature_rgb_v1/data_7.70/tmc1a_literature_rgb_v1.para,6497,preserve_run_inputs_products_and_provenance
runs/tmc1a_literature_rgb_v1/data_th/.sed_th.fits.gz,1857,preserve_run_inputs_products_and_provenance
runs/tmc1a_literature_rgb_v1/data_th/Temperature.fits.gz,24652,preserve_run_inputs_products_and_provenance
runs/tmc1a_literature_rgb_v1/data_th/tmc1a_literature_rgb_v1.para,6435,preserve_run_inputs_products_and_provenance
runs/tmc1a_literature_rgb_v1/logs/image_1.50.log,5124,preserve_run_inputs_products_and_provenance
runs/tmc1a_literature_rgb_v1/logs/image_12.80.log,5125,preserve_run_inputs_products_and_provenance
runs/tmc1a_literature_rgb_v1/logs/image_2.00.log,5124,preserve_run_inputs_products_and_provenance
runs/tmc1a_literature_rgb_v1/logs/image_21.00.log,5113,preserve_run_inputs_products_and_provenance
runs/tmc1a_literature_rgb_v1/logs/image_4.44.log,5124,preserve_run_inputs_products_and_provenance
runs/tmc1a_literature_rgb_v1/logs/image_7.70.log,5112,preserve_run_inputs_products_and_provenance
runs/tmc1a_literature_rgb_v1/logs/temperature.log,4746,preserve_run_inputs_products_and_provenance
runs/tmc1a_literature_rgb_v1/model_provenance.json,3334,preserve_run_inputs_products_and_provenance
runs/tmc1a_literature_rgb_v1/tmc1a_literature_rgb_v1.para,6070,preserve_run_inputs_products_and_provenance
runs/tmc1a_literature_rgb_v2/_dust_prop_th.tmp,38208945,preserve_run_inputs_products_and_provenance
runs/tmc1a_literature_rgb_v2/data_2.00/RT.fits.gz,21141969,preserve_run_inputs_products_and_provenance
runs/tmc1a_literature_rgb_v2/data_2.00/tmc1a_literature_rgb_v2.para,6498,preserve_run_inputs_products_and_provenance
runs/tmc1a_literature_rgb_v2/data_th/.sed_th.fits.gz,1843,preserve_run_inputs_products_and_provenance
runs/tmc1a_literature_rgb_v2/data_th/Temperature.fits.gz,159320,preserve_run_inputs_products_and_provenance
runs/tmc1a_literature_rgb_v2/data_th/tmc1a_literature_rgb_v2.para,6436,preserve_run_inputs_products_and_provenance
runs/tmc1a_literature_rgb_v2/logs/image_2.00.log,5124,preserve_run_inputs_products_and_provenance
runs/tmc1a_literature_rgb_v2/logs/temperature.log,4810,preserve_run_inputs_products_and_provenance
runs/tmc1a_literature_rgb_v2/model_provenance.json,3638,preserve_run_inputs_products_and_provenance
runs/tmc1a_literature_rgb_v2/tmc1a_literature_rgb_v2.para,6071,preserve_run_inputs_products_and_provenance
runs/tmc1a_literature_rgb_v3/_dust_prop_th.tmp,38208945,preserve_run_inputs_products_and_provenance
runs/tmc1a_literature_rgb_v3/data_1.50/tmc1a_literature_rgb_v3.para,6498,preserve_run_inputs_products_and_provenance
runs/tmc1a_literature_rgb_v3/data_th/.sed_th.fits.gz,1956,preserve_run_inputs_products_and_provenance
runs/tmc1a_literature_rgb_v3/data_th/Temperature.fits.gz,218779,preserve_run_inputs_products_and_provenance
runs/tmc1a_literature_rgb_v3/data_th/tmc1a_literature_rgb_v3.para,6436,preserve_run_inputs_products_and_provenance
runs/tmc1a_literature_rgb_v3/logs/.image_1.50.log.partial,4492,preserve_run_inputs_products_and_provenance
runs/tmc1a_literature_rgb_v3/logs/temperature.log,4890,preserve_run_inputs_products_and_provenance
runs/tmc1a_literature_rgb_v3/model_provenance.json,3375,preserve_run_inputs_products_and_provenance
runs/tmc1a_literature_rgb_v3/tmc1a_literature_rgb_v3.para,6071,preserve_run_inputs_products_and_provenance
runs/tmc1a_literature_rgb_v4/_dust_prop_th.tmp,38208945,preserve_run_inputs_products_and_provenance
runs/tmc1a_literature_rgb_v4/data_1.50/RT.fits.gz,5317954,preserve_run_inputs_products_and_provenance
runs/tmc1a_literature_rgb_v4/data_1.50/tmc1a_literature_rgb_v4.para,6494,preserve_run_inputs_products_and_provenance
runs/tmc1a_literature_rgb_v4/data_12.80/RT.fits.gz,4345508,preserve_run_inputs_products_and_provenance
runs/tmc1a_literature_rgb_v4/data_12.80/tmc1a_literature_rgb_v4.para,6495,preserve_run_inputs_products_and_provenance
runs/tmc1a_literature_rgb_v4/data_2.00/RT.fits.gz,5286296,preserve_run_inputs_products_and_provenance
runs/tmc1a_literature_rgb_v4/data_2.00/tmc1a_literature_rgb_v4.para,6494,preserve_run_inputs_products_and_provenance
runs/tmc1a_literature_rgb_v4/data_21.00/RT.fits.gz,5308449,preserve_run_inputs_products_and_provenance
runs/tmc1a_literature_rgb_v4/data_21.00/tmc1a_literature_rgb_v4.para,6495,preserve_run_inputs_products_and_provenance
runs/tmc1a_literature_rgb_v4/data_4.44/RT.fits.gz,4962590,preserve_run_inputs_products_and_provenance
runs/tmc1a_literature_rgb_v4/data_4.44/tmc1a_literature_rgb_v4.para,6494,preserve_run_inputs_products_and_provenance
runs/tmc1a_literature_rgb_v4/data_7.70/RT.fits.gz,4912790,preserve_run_inputs_products_and_provenance
runs/tmc1a_literature_rgb_v4/data_7.70/tmc1a_literature_rgb_v4.para,6494,preserve_run_inputs_products_and_provenance
runs/tmc1a_literature_rgb_v4/data_th/.sed_th.fits.gz,1962,preserve_run_inputs_products_and_provenance
runs/tmc1a_literature_rgb_v4/data_th/Temperature.fits.gz,218805,preserve_run_inputs_products_and_provenance
runs/tmc1a_literature_rgb_v4/data_th/tmc1a_literature_rgb_v4.para,6434,preserve_run_inputs_products_and_provenance
runs/tmc1a_literature_rgb_v4/logs/image_1.50.log,5124,preserve_run_inputs_products_and_provenance
runs/tmc1a_literature_rgb_v4/logs/image_12.80.log,5125,preserve_run_inputs_products_and_provenance
runs/tmc1a_literature_rgb_v4/logs/image_2.00.log,5124,preserve_run_inputs_products_and_provenance
runs/tmc1a_literature_rgb_v4/logs/image_21.00.log,5125,preserve_run_inputs_products_and_provenance
runs/tmc1a_literature_rgb_v4/logs/image_4.44.log,5124,preserve_run_inputs_products_and_provenance
runs/tmc1a_literature_rgb_v4/logs/image_7.70.log,5124,preserve_run_inputs_products_and_provenance
runs/tmc1a_literature_rgb_v4/logs/temperature.log,4890,preserve_run_inputs_products_and_provenance
runs/tmc1a_literature_rgb_v4/model_provenance.json,3373,preserve_run_inputs_products_and_provenance
runs/tmc1a_literature_rgb_v4/tmc1a_literature_rgb_v4.para,6069,preserve_run_inputs_products_and_provenance
runs/tmc1a_literature_rgb_v5/_dust_prop_th.tmp,38208945,preserve_run_inputs_products_and_provenance
runs/tmc1a_literature_rgb_v5/data_1.50/RT.fits.gz,5321184,preserve_run_inputs_products_and_provenance
runs/tmc1a_literature_rgb_v5/data_1.50/tmc1a_literature_rgb_v5.para,6495,preserve_run_inputs_products_and_provenance
runs/tmc1a_literature_rgb_v5/data_12.80/RT.fits.gz,4346361,preserve_run_inputs_products_and_provenance
runs/tmc1a_literature_rgb_v5/data_12.80/tmc1a_literature_rgb_v5.para,6496,preserve_run_inputs_products_and_provenance
runs/tmc1a_literature_rgb_v5/data_2.00/RT.fits.gz,5288521,preserve_run_inputs_products_and_provenance
runs/tmc1a_literature_rgb_v5/data_2.00/tmc1a_literature_rgb_v5.para,6495,preserve_run_inputs_products_and_provenance
runs/tmc1a_literature_rgb_v5/data_21.00/RT.fits.gz,5302166,preserve_run_inputs_products_and_provenance
runs/tmc1a_literature_rgb_v5/data_21.00/tmc1a_literature_rgb_v5.para,6496,preserve_run_inputs_products_and_provenance
runs/tmc1a_literature_rgb_v5/data_4.44/RT.fits.gz,5283266,preserve_run_inputs_products_and_provenance
runs/tmc1a_literature_rgb_v5/data_4.44/tmc1a_literature_rgb_v5.para,6495,preserve_run_inputs_products_and_provenance
runs/tmc1a_literature_rgb_v5/data_7.70/RT.fits.gz,5090056,preserve_run_inputs_products_and_provenance
runs/tmc1a_literature_rgb_v5/data_7.70/tmc1a_literature_rgb_v5.para,6495,preserve_run_inputs_products_and_provenance
runs/tmc1a_literature_rgb_v5/data_th/.sed_th.fits.gz,1954,preserve_run_inputs_products_and_provenance
runs/tmc1a_literature_rgb_v5/data_th/Temperature.fits.gz,218795,preserve_run_inputs_products_and_provenance
runs/tmc1a_literature_rgb_v5/data_th/tmc1a_literature_rgb_v5.para,6435,preserve_run_inputs_products_and_provenance
runs/tmc1a_literature_rgb_v5/logs/image_1.50.log,5124,preserve_run_inputs_products_and_provenance
runs/tmc1a_literature_rgb_v5/logs/image_12.80.log,5125,preserve_run_inputs_products_and_provenance
runs/tmc1a_literature_rgb_v5/logs/image_2.00.log,5124,preserve_run_inputs_products_and_provenance
runs/tmc1a_literature_rgb_v5/logs/image_21.00.log,5125,preserve_run_inputs_products_and_provenance
runs/tmc1a_literature_rgb_v5/logs/image_4.44.log,5124,preserve_run_inputs_products_and_provenance
runs/tmc1a_literature_rgb_v5/logs/image_7.70.log,5124,preserve_run_inputs_products_and_provenance
runs/tmc1a_literature_rgb_v5/logs/temperature.log,4878,preserve_run_inputs_products_and_provenance
runs/tmc1a_literature_rgb_v5/model_provenance.json,3594,preserve_run_inputs_products_and_provenance
runs/tmc1a_literature_rgb_v5/tmc1a_literature_rgb_v5.para,6070,preserve_run_inputs_products_and_provenance
score_component_rt2_pilot.py,41232,path_sensitive_legacy_source
seal_h2o_3um_continuum_handoff_v1.py,37963,path_sensitive_legacy_source
seal_h2o_3um_opacity_choice_v1.py,31874,path_sensitive_legacy_source
seal_ice_feature_continuum_winner_v2.py,26362,path_sensitive_legacy_source
seal_ice_feature_method2_pilot_v2_convergence.py,8379,path_sensitive_legacy_source
seal_ice_feature_opacity_choice_v2.py,23589,path_sensitive_legacy_source
seal_strict_continuum_cavity_mass_q_source128k_uniform_v2_v1.py,12297,path_sensitive_legacy_source
seal_strict_continuum_cavity_mass_q_uniform_v2_v1.py,14279,path_sensitive_legacy_source
seal_strict_continuum_cavity_mass_q_uniform_v2_v2.py,16533,path_sensitive_legacy_source
slurm-tmc1a_plane0_v3-15156774.err,207,accounting_and_recovery_evidence
slurm-tmc1a_plane0_v3-15156774.out,316,accounting_and_recovery_evidence
slurm-tmc1a_t114_r128-15156803.err,207,accounting_and_recovery_evidence
slurm-tmc1a_t114_r128-15156803.out,4226,accounting_and_recovery_evidence
slurm-tmc1a_t114_r512-15156821.err,207,accounting_and_recovery_evidence
slurm-tmc1a_t114_r512-15156821.out,4232,accounting_and_recovery_evidence
source_archives/h2o_3um_method2_screen_v1_cancelled_convergence/archive_manifest.json,11734,preserve_historical_archive
source_archives/h2o_3um_method2_screen_v1_cancelled_convergence/archive_manifest.sha256,88,preserve_historical_archive
source_archives/h2o_3um_method2_screen_v1_cancelled_convergence/support_failure_summary.json,6656,preserve_historical_archive
source_archives/h2o_3um_opacity_screen_v1_execution_records/candidates/bruggeman_emt__dhs_vmax0p8/execution_record.json,1894,preserve_historical_archive
source_archives/h2o_3um_opacity_screen_v1_execution_records/candidates/bruggeman_emt__dhs_vmax0p8/execution_record.sha256,88,preserve_historical_archive
source_archives/h2o_3um_opacity_screen_v1_execution_records/candidates/bruggeman_emt__dhs_vmax0p8/mcfost.stderr.log,15,preserve_historical_archive
source_archives/h2o_3um_opacity_screen_v1_execution_records/candidates/bruggeman_emt__dhs_vmax0p8/mcfost.stdout.log,1199,preserve_historical_archive
source_archives/h2o_3um_opacity_screen_v1_execution_records/candidates/bruggeman_emt__mie/execution_record.json,1838,preserve_historical_archive
source_archives/h2o_3um_opacity_screen_v1_execution_records/candidates/bruggeman_emt__mie/execution_record.sha256,88,preserve_historical_archive
source_archives/h2o_3um_opacity_screen_v1_execution_records/candidates/bruggeman_emt__mie/mcfost.stderr.log,15,preserve_historical_archive
source_archives/h2o_3um_opacity_screen_v1_execution_records/candidates/bruggeman_emt__mie/mcfost.stdout.log,1199,preserve_historical_archive
source_archives/h2o_3um_opacity_screen_v1_execution_records/candidates/disjoint_populations__dhs_vmax0p8/execution_record.json,1943,preserve_historical_archive
source_archives/h2o_3um_opacity_screen_v1_execution_records/candidates/disjoint_populations__dhs_vmax0p8/execution_record.sha256,88,preserve_historical_archive
source_archives/h2o_3um_opacity_screen_v1_execution_records/candidates/disjoint_populations__dhs_vmax0p8/mcfost.stderr.log,15,preserve_historical_archive
source_archives/h2o_3um_opacity_screen_v1_execution_records/candidates/disjoint_populations__dhs_vmax0p8/mcfost.stdout.log,1125,preserve_historical_archive
source_archives/h2o_3um_opacity_screen_v1_execution_records/candidates/disjoint_populations__mie/execution_record.json,1887,preserve_historical_archive
source_archives/h2o_3um_opacity_screen_v1_execution_records/candidates/disjoint_populations__mie/execution_record.sha256,88,preserve_historical_archive
source_archives/h2o_3um_opacity_screen_v1_execution_records/candidates/disjoint_populations__mie/mcfost.stderr.log,15,preserve_historical_archive
source_archives/h2o_3um_opacity_screen_v1_execution_records/candidates/disjoint_populations__mie/mcfost.stdout.log,1125,preserve_historical_archive
source_archives/h2o_3um_opacity_screen_v1_execution_records/candidates/generic_ice_coating__mie_control/execution_record.json,1936,preserve_historical_archive
source_archives/h2o_3um_opacity_screen_v1_execution_records/candidates/generic_ice_coating__mie_control/execution_record.sha256,88,preserve_historical_archive
source_archives/h2o_3um_opacity_screen_v1_execution_records/candidates/generic_ice_coating__mie_control/mcfost.stderr.log,15,preserve_historical_archive
source_archives/h2o_3um_opacity_screen_v1_execution_records/candidates/generic_ice_coating__mie_control/mcfost.stdout.log,1186,preserve_historical_archive
source_archives/h2o_3um_opacity_screen_v1_execution_records/candidates/two_component_coating__mie/execution_record.json,1894,preserve_historical_archive
source_archives/h2o_3um_opacity_screen_v1_execution_records/candidates/two_component_coating__mie/execution_record.sha256,88,preserve_historical_archive
source_archives/h2o_3um_opacity_screen_v1_execution_records/candidates/two_component_coating__mie/mcfost.stderr.log,15,preserve_historical_archive
source_archives/h2o_3um_opacity_screen_v1_execution_records/candidates/two_component_coating__mie/mcfost.stdout.log,1199,preserve_historical_archive
strict_continuum_3d_q_task024_recovery_v1_common.py,8152,path_sensitive_legacy_source
strict_continuum_amendment_v1_common.py,12794,path_sensitive_legacy_source
strict_continuum_cavity_mass_q_source128k_raw_only_failure_evidence_v1.json,14839,review_before_moving
strict_continuum_cavity_mass_q_source128k_uniform_v2_v1_common.py,51728,path_sensitive_legacy_source
strict_continuum_cavity_mass_q_task002_recovery_v1_common.py,17401,path_sensitive_legacy_source
strict_continuum_cavity_mass_q_task046_recovery_v1_common.py,19496,path_sensitive_legacy_source
strict_continuum_cavity_mass_q_task046_recovery_v2_common.py,21021,path_sensitive_legacy_source
strict_continuum_cavity_mass_q_task046_recovery_v3_common.py,21168,path_sensitive_legacy_source
strict_continuum_cavity_mass_q_task371_highn_convergence_v1_common.py,14323,path_sensitive_legacy_source
strict_continuum_cavity_mass_q_task371_highn_convergence_v2_common.py,18523,path_sensitive_legacy_source
strict_continuum_cavity_mass_q_uniform_v2_v1_common.py,33420,path_sensitive_legacy_source
strict_continuum_cavity_mass_q_uniform_v2_v2_common.py,42140,path_sensitive_legacy_source
strict_continuum_cavity_mass_q_v1_task002_recovered_v1_common.py,18802,path_sensitive_legacy_source
strict_continuum_cavity_mass_q_v1_terminal_recoveries_v1_common.py,17576,path_sensitive_legacy_source
strict_continuum_measurement_kernel_v1.py,44347,path_sensitive_legacy_source
strict_continuum_measurement_kernel_v2.py,18024,path_sensitive_legacy_source
strict_continuum_measurement_kernel_v3.py,41663,path_sensitive_legacy_source
strict_continuum_polarized_plane0_v2_common.py,17046,path_sensitive_legacy_source
strict_continuum_polarized_plane0_v3_common.py,14537,path_sensitive_legacy_source
strict_continuum_screen_common.py,8035,path_sensitive_legacy_source
strict_continuum_task114_plane0_recovery_common.py,9909,path_sensitive_legacy_source
strict_continuum_task22_recovery_common.py,9181,path_sensitive_legacy_source
strict_continuum_task22_recovery_policy_common.py,16320,path_sensitive_legacy_source
submit_aperture_normalization_convergence.sh,4116,path_sensitive_legacy_source
submit_aperture_spatial_convergence.sh,3499,path_sensitive_legacy_source
submit_aperture_spatial_convergence_stage2.sh,2817,path_sensitive_legacy_source
submit_aperture_spatial_convergence_stage3.sh,2444,path_sensitive_legacy_source
submit_aperture_spatial_convergence_stage4.sh,2984,path_sensitive_legacy_source
submit_aperture_spatial_convergence_stage4b.sh,6499,path_sensitive_legacy_source
submit_cmq_highn_convergence_v2.sh,1184,path_sensitive_legacy_source
submit_cmq_technical_recovery_held_v1.sh,5216,path_sensitive_legacy_source
submit_component_rt2_pilot.sh,10768,path_sensitive_legacy_source
submit_high_photon_feature_sed_array.sh,3632,path_sensitive_legacy_source
submit_literature_boundary.sh,3666,path_sensitive_legacy_source
submit_literature_screen.sh,4133,path_sensitive_legacy_source
submit_matched_method2_closure.sh,7169,path_sensitive_legacy_source
submit_matched_method2_nearir.sh,8340,path_sensitive_legacy_source
submit_strict_continuum_3d_q_task024_recovery_v1_held.sh,2807,path_sensitive_legacy_source
submit_strict_continuum_amended_postprocess_v1.sh,4515,path_sensitive_legacy_source
submit_strict_continuum_cavity_mass_q_source128k_uniform_v2_v1.sh,4254,path_sensitive_legacy_source
submit_strict_continuum_cavity_mass_q_task002_recovery_v1_held.sh,5578,path_sensitive_legacy_source
submit_strict_continuum_cavity_mass_q_task046_recovery_v1_held.sh,5579,path_sensitive_legacy_source
submit_strict_continuum_cavity_mass_q_task046_recovery_v2_held.sh,5580,path_sensitive_legacy_source
submit_strict_continuum_cavity_mass_q_task046_recovery_v3_held.sh,5581,path_sensitive_legacy_source
submit_strict_continuum_cavity_mass_q_task371_highn_convergence_v1.py,7672,path_sensitive_legacy_source
submit_strict_continuum_cavity_mass_q_task371_highn_convergence_v2.py,11078,path_sensitive_legacy_source
submit_strict_continuum_cavity_mass_q_uniform_v2_v1.sh,1774,path_sensitive_legacy_source
submit_strict_continuum_cavity_mass_q_uniform_v2_v2.sh,3738,path_sensitive_legacy_source
submit_strict_continuum_cavity_mass_q_v1_terminal_recoveries_v1.py,8972,path_sensitive_legacy_source
submit_strict_continuum_cavity_mass_q_v1_terminal_recoveries_v1_analysis.py,9100,path_sensitive_legacy_source
submit_strict_continuum_polarized_plane0_v2_held.sh,3760,path_sensitive_legacy_source
submit_strict_continuum_polarized_plane0_v3_held.sh,3494,path_sensitive_legacy_source
submit_strict_continuum_screen.sh,6072,path_sensitive_legacy_source
submit_strict_continuum_task114_plane0_recovery_held.sh,8030,path_sensitive_legacy_source
submit_strict_continuum_task22_recovery.sh,5824,path_sensitive_legacy_source
supplement_h2o_3um_method2_screen_v1.py,137166,path_sensitive_legacy_source
sync_h2o_3um_method2_screen_v1_compact.py,54131,path_sensitive_legacy_source
test_archive_h2o_3um_method2_screen_v1_convergence_attempt.py,12212,path_sensitive_legacy_source
test_cmq_highn_convergence_v2.py,11154,path_sensitive_legacy_source
test_cmq_technical_recovery_v1.py,11956,path_sensitive_legacy_source
test_current_model_against_mrt.py,31697,path_sensitive_legacy_source
test_freeze_h2o_3um_method2_postpilot_guard_field_recovery_v1.py,4178,path_sensitive_legacy_source
test_freeze_h2o_3um_method2_postpilot_v1.py,2123,path_sensitive_legacy_source
test_freeze_h2o_3um_method2_screen_v3.py,12094,path_sensitive_legacy_source
test_h2o_3um_abundance_grid_v1.py,8273,path_sensitive_legacy_source
test_h2o_3um_continuum_handoff_v1.py,17444,path_sensitive_legacy_source
test_h2o_3um_dust_axis_band_v1.py,15927,path_sensitive_legacy_source
test_h2o_3um_dust_axis_grid_v1.py,18131,path_sensitive_legacy_source
test_h2o_3um_method2_measurement_v3.py,24267,path_sensitive_legacy_source
test_h2o_3um_method2_postpilot_guard_field_recovery_v1_analysis.py,21773,path_sensitive_legacy_source
test_h2o_3um_method2_postpilot_guard_field_recovery_v1_execution.py,14666,path_sensitive_legacy_source
test_h2o_3um_method2_postpilot_v1_analysis.py,12795,path_sensitive_legacy_source
test_h2o_3um_method2_postpilot_v1_execution.py,7533,path_sensitive_legacy_source
test_h2o_3um_method2_screen_v1.py,40309,path_sensitive_legacy_source
test_h2o_3um_method2_screen_v3_runner.py,15333,path_sensitive_legacy_source
test_h2o_3um_observation_v2.py,11732,path_sensitive_legacy_source
test_h2o_3um_observation_v3.py,20367,path_sensitive_legacy_source
test_h2o_3um_opacity_rescore_v2.py,10191,path_sensitive_legacy_source
test_h2o_3um_opacity_screen_v1.py,16972,path_sensitive_legacy_source
test_h2o_3um_selfconsistent_grid_v1.py,15944,path_sensitive_legacy_source
test_h2o_sparse_continuum_kernel_v2.py,8183,path_sensitive_legacy_source
test_ice_feature_anchor_contract.py,6857,path_sensitive_legacy_source
test_ice_feature_method2_pilot_v1.py,15887,path_sensitive_legacy_source
test_ice_feature_method2_pilot_v2.py,120599,path_sensitive_legacy_source
test_launch_h2o_3um_method2_postpilot_guard_field_recovery_v1.py,5659,path_sensitive_legacy_source
test_launch_h2o_3um_method2_postpilot_v1.py,3879,path_sensitive_legacy_source
test_launch_h2o_3um_method2_screen_v3.py,3044,path_sensitive_legacy_source
test_miri_registration.py,11746,path_sensitive_legacy_source
test_reproducible_ice_h2o_audit_v1.py,9940,path_sensitive_legacy_source
test_strict_continuum_amendment_v1.py,17471,path_sensitive_legacy_source
test_strict_continuum_cavity_mass_q_source128k_uniform_v2_v1.py,29665,path_sensitive_legacy_source
test_strict_continuum_cavity_mass_q_source128k_uniform_v2_v1_analysis.py,14639,path_sensitive_legacy_source
test_strict_continuum_cavity_mass_q_task002_recovery_v1.py,9608,path_sensitive_legacy_source
test_strict_continuum_cavity_mass_q_task046_recovery_v1.py,10540,path_sensitive_legacy_source
test_strict_continuum_cavity_mass_q_task046_recovery_v2.py,12447,path_sensitive_legacy_source
test_strict_continuum_cavity_mass_q_task046_recovery_v3.py,12922,path_sensitive_legacy_source
test_strict_continuum_cavity_mass_q_task371_highn_convergence_v1.py,8118,path_sensitive_legacy_source
test_strict_continuum_cavity_mass_q_task371_highn_convergence_v2.py,17094,path_sensitive_legacy_source
test_strict_continuum_cavity_mass_q_uniform_v2_v1.py,8940,path_sensitive_legacy_source
test_strict_continuum_cavity_mass_q_uniform_v2_v1_analysis.py,6342,path_sensitive_legacy_source
test_strict_continuum_cavity_mass_q_uniform_v2_v2.py,23331,path_sensitive_legacy_source
test_strict_continuum_cavity_mass_q_uniform_v2_v2_analysis.py,11024,path_sensitive_legacy_source
test_strict_continuum_cavity_mass_q_v1_analysis.py,7754,path_sensitive_legacy_source
test_strict_continuum_cavity_mass_q_v1_terminal_recoveries_v1.py,22632,path_sensitive_legacy_source
test_strict_continuum_cavity_mass_v1_analysis.py,8607,path_sensitive_legacy_source
test_strict_continuum_measurement_kernel_v1.py,11974,path_sensitive_legacy_source
test_strict_continuum_measurement_kernel_v3.py,24279,path_sensitive_legacy_source
test_strict_continuum_polarized_plane0_v2.py,7947,path_sensitive_legacy_source
test_strict_continuum_polarized_plane0_v3.py,9427,path_sensitive_legacy_source
test_strict_continuum_task114_plane0_recovery.py,7005,path_sensitive_legacy_source
test_strict_continuum_task22_recovery.py,5658,path_sensitive_legacy_source
test_strict_continuum_task22_recovery_policy.py,26295,path_sensitive_legacy_source
test_strict_continuum_workflow.py,8364,path_sensitive_legacy_source
test_supplement_h2o_3um_method2_screen_v1.py,34444,path_sensitive_legacy_source
test_sync_h2o_3um_method2_screen_v1_compact.py,28580,path_sensitive_legacy_source
tests/fixtures/cmq_technical_recovery_v1/task002_like_single_clip.json,3322,review_before_moving
tests/fixtures/cmq_technical_recovery_v1/task046_like_component_and_clip.json,3526,review_before_moving
validate_aperture_normalization_convergence.py,52433,path_sensitive_legacy_source
validate_aperture_spatial_convergence.py,32073,path_sensitive_legacy_source
validate_aperture_spatial_convergence_stage2.py,20200,path_sensitive_legacy_source
validate_aperture_spatial_convergence_stage3.py,15615,path_sensitive_legacy_source
validate_aperture_spatial_convergence_stage4.py,28815,path_sensitive_legacy_source
validate_aperture_spatial_convergence_stage4b.py,49919,path_sensitive_legacy_source
validate_component_rt2_pilot.py,18566,path_sensitive_legacy_source
validate_dust_grid_screen.py,23824,path_sensitive_legacy_source
validate_dust_refinement_screen.py,46000,path_sensitive_legacy_source
validate_feature_grid_screen.py,83153,path_sensitive_legacy_source
validate_full_r100_aperture_images.py,46876,path_sensitive_legacy_source
validate_full_r100_finalists.py,47337,path_sensitive_legacy_source
validate_h2o_3um_method2_screen_v1_affinity_smoke.py,2706,path_sensitive_legacy_source
validate_h2o_3um_method2_screen_v1_lambda_contract_smoke.py,6372,path_sensitive_legacy_source
validate_h2o_3um_method2_screen_v3_affinity_smoke.py,3649,path_sensitive_legacy_source
validate_h2o_3um_method2_screen_v3_lambda_contract_smoke.py,6707,path_sensitive_legacy_source
validate_high_photon_feature_sed.py,27446,path_sensitive_legacy_source
validate_literature_boundary.py,29720,path_sensitive_legacy_source
validate_literature_screen.py,28171,path_sensitive_legacy_source
validate_matched_method2_closure.py,46216,path_sensitive_legacy_source
validate_matched_method2_nearir.py,28214,path_sensitive_legacy_source
validate_rt_sed_spatial_sampler.py,7890,path_sensitive_legacy_source
validate_strict_continuum_rt.py,24549,path_sensitive_legacy_source
validate_strict_continuum_rt_amended_v1.py,21775,path_sensitive_legacy_source
validate_strict_continuum_rt_polarized_plane0_v2.py,22534,path_sensitive_legacy_source
validate_strict_continuum_rt_polarized_plane0_v3.py,33993,path_sensitive_legacy_source
validate_strict_continuum_screen_recovery_v2.py,22611,path_sensitive_legacy_source
validate_strict_continuum_submission_gate.py,6362,path_sensitive_legacy_source
validate_strict_continuum_task114_plane0_recovery.py,38142,path_sensitive_legacy_source
validate_strict_continuum_task22_recovery.py,43778,path_sensitive_legacy_source
validate_strict_continuum_temperature.py,9667,path_sensitive_legacy_source
verify_cmq_technical_recovery_source_v1.py,11837,path_sensitive_legacy_source
