task_index	phase	seed	parent_kind	parent_id	score_anchor_id	continuum_target_id	analysis_partition	source_table	source_table_sha256	source_row_sha256	target_wavelength_um	lsf_node_global_index	lsf_node_index	lsf_quadrature_weight	lsf_profile	target_resolving_power_R	wavelength_um	instrument	source_segment	native_run_id	model_input_representation	conversion_before_aggregation	aggregated_representation	wavelength_file	wavelength_file_sha256	spatial_config	zoom_token	nx	ny	expected_fov_au	expected_pixel_au	expected_cdelt_deg	aperture_name	east_arcsec	north_arcsec	aperture_radius_arcsec	model_index	model_label	mass_factor	envelope_size_exponent	cavity_tag	requested_half_opening_deg	cavity_h0_token	cavity_r0_token	cavity_exponent_token	mdot_token	inclination_deg	envelope_amin_um	envelope_amax_um	accepted_packets	rt_sed_method	processes_per_task	openmp_threads	temperature_file	temperature_file_sha256	temperature_role	optical_coverage_role	direct_scoring_role	h2o_mass_fraction	silicate_mass_fraction	abundance_token	reference_h2o_mass_fraction	source_phase	source_task_index	source_task_row_sha256	parameter_role	parameter	parameter_sha256	dust_role	task_workdir	task_row_sha256
0	full_h2o	52001	logical_target	h2o_3um_v3_w001	h2o_3um_v3_w001		h2o_feature_optical_depth	jwst_mcfost/output/h2o_3um_observation_v3/stellar_center_h2o_target_lsf_nodes_R2400_v3.tsv	bc54da8f9e376921527db29400677e165b6e2f4aed158fd3aaa5162a66b325a7	fce5efbf3d6c71f41470de4414a9f72385ce37dec95ab55ac43bd347d15f2890	2.6122960249124896	0	0	0.011257411327720693	Gaussian_in_log_lambda_constant_resolving_power	2400	2.6109757956979753	NIRSpec	G235H	G235H_run01	lambda_F_lambda_W_m-2	F_nu_Jy=lambda_F_lambda*lambda_um*1e20/c_m_s	F_nu_Jy	jwst_mcfost/runs/h2o_3um_method2_screen_v3/anchors/full_h2o/logical_target/h2o_3um_v3_w001/node00.lambda	f837effd132adde9de61efe712fb2649b30ffb3cf07b53647d3868fe89548263	expanded_n2401	1.9975051980918284	2401	2401	3003.7468767198525	1.2510399319949406	2.4822220872915486e-06	stellar_center	0.0	0.0	0.35	1	m2p25_c17p5_a0p40_q2p75_i0p05	2.25	2.75	c17p5	17.5	317.159480236321	100	1.0	7.3011756855e-08	70.0	0.03	0.4	128000	2	1	16	jwst_mcfost/runs/strict_continuum_cavity_mass_q_v1/models/m2p25_c17p5_a0p40_q2p75_i0p05/temperature/seed=41001/data_th/Temperature.fits.gz	1bd212f2f54dd8c1701a6064e129ba7fdb5721cb3fe296472433bbdd3b79ec1c	reused_accepted_continuum_temperature_screening_only_not_self_consistent_for_changed_dust	inside_h2o_optical_constants	continuum_wing_nuisance_not_scored	0.02	0.98	x0p02	0.05	full_h2o	0	9d4bc60e71c2f0df3fc519cbc969dbacba330894a5d18113f008985672bc16fb	h2o_selected_x0p02	jwst_mcfost/runs/h2o_3um_abundance_grid_v1/parameters/h2o_x0p02_rt.para	1bf5e1b037fd810c4a875a51ee0c868e9e1ba6045f3e673249945ce67707bbbc	selected_h2o_disjoint_dhs_abundance_grid_screening_dust	jwst_mcfost/runs/h2o_3um_abundance_grid_v1/tasks/x0p02/t000_h2o_3um_v3_w001_n00_s52001	07ec785da14276796979a5e7109073aa2ef65e8eeb65f62f26579431226a43c1
1	full_h2o	52001	logical_target	h2o_3um_v3_w001	h2o_3um_v3_w001		h2o_feature_optical_depth	jwst_mcfost/output/h2o_3um_observation_v3/stellar_center_h2o_target_lsf_nodes_R2400_v3.tsv	bc54da8f9e376921527db29400677e165b6e2f4aed158fd3aaa5162a66b325a7	5f06e02e62fc5371f39ff6e6ff01b0c7dcf2a2b17836e4759ff72a4e17331804	2.6122960249124896	1	1	0.2220759220056126	Gaussian_in_log_lambda_constant_resolving_power	2400	2.61166949575688	NIRSpec	G235H	G235H_run01	lambda_F_lambda_W_m-2	F_nu_Jy=lambda_F_lambda*lambda_um*1e20/c_m_s	F_nu_Jy	jwst_mcfost/runs/h2o_3um_method2_screen_v3/anchors/full_h2o/logical_target/h2o_3um_v3_w001/node01.lambda	c84d8d33dd33b6245a9793c7a03efa56538693ddd1e350f12834b20d0e870101	expanded_n2401	1.9975051980918284	2401	2401	3003.7468767198525	1.2510399319949406	2.4822220872915486e-06	stellar_center	0.0	0.0	0.35	1	m2p25_c17p5_a0p40_q2p75_i0p05	2.25	2.75	c17p5	17.5	317.159480236321	100	1.0	7.3011756855e-08	70.0	0.03	0.4	128000	2	1	16	jwst_mcfost/runs/strict_continuum_cavity_mass_q_v1/models/m2p25_c17p5_a0p40_q2p75_i0p05/temperature/seed=41001/data_th/Temperature.fits.gz	1bd212f2f54dd8c1701a6064e129ba7fdb5721cb3fe296472433bbdd3b79ec1c	reused_accepted_continuum_temperature_screening_only_not_self_consistent_for_changed_dust	inside_h2o_optical_constants	continuum_wing_nuisance_not_scored	0.02	0.98	x0p02	0.05	full_h2o	1	b2587ec26fbd3ec2912e8f706e21b0466fcd54c7f1962ba57cd4806e93bdc324	h2o_selected_x0p02	jwst_mcfost/runs/h2o_3um_abundance_grid_v1/parameters/h2o_x0p02_rt.para	1bf5e1b037fd810c4a875a51ee0c868e9e1ba6045f3e673249945ce67707bbbc	selected_h2o_disjoint_dhs_abundance_grid_screening_dust	jwst_mcfost/runs/h2o_3um_abundance_grid_v1/tasks/x0p02/t001_h2o_3um_v3_w001_n01_s52001	662fcccec1578a5197bef106d4535a635bd60d60d6297c8628547037decf2ef9
2	full_h2o	52001	logical_target	h2o_3um_v3_w001	h2o_3um_v3_w001		h2o_feature_optical_depth	jwst_mcfost/output/h2o_3um_observation_v3/stellar_center_h2o_target_lsf_nodes_R2400_v3.tsv	bc54da8f9e376921527db29400677e165b6e2f4aed158fd3aaa5162a66b325a7	58bc6c470443af7cb492b693c964c357882ad9415420c0fc7bd62a9b66714bb0	2.6122960249124896	2	2	0.53333333333333333	Gaussian_in_log_lambda_constant_resolving_power	2400	2.6122960249124896	NIRSpec	G235H	G235H_run01	lambda_F_lambda_W_m-2	F_nu_Jy=lambda_F_lambda*lambda_um*1e20/c_m_s	F_nu_Jy	jwst_mcfost/runs/h2o_3um_method2_screen_v3/anchors/full_h2o/logical_target/h2o_3um_v3_w001/node02.lambda	0e84cf42d019b3ce7e6fc4b3a1dcf0b0a714d3cf2c881c3522bad8daa6144c6a	expanded_n2401	1.9975051980918284	2401	2401	3003.7468767198525	1.2510399319949406	2.4822220872915486e-06	stellar_center	0.0	0.0	0.35	1	m2p25_c17p5_a0p40_q2p75_i0p05	2.25	2.75	c17p5	17.5	317.159480236321	100	1.0	7.3011756855e-08	70.0	0.03	0.4	128000	2	1	16	jwst_mcfost/runs/strict_continuum_cavity_mass_q_v1/models/m2p25_c17p5_a0p40_q2p75_i0p05/temperature/seed=41001/data_th/Temperature.fits.gz	1bd212f2f54dd8c1701a6064e129ba7fdb5721cb3fe296472433bbdd3b79ec1c	reused_accepted_continuum_temperature_screening_only_not_self_consistent_for_changed_dust	inside_h2o_optical_constants	continuum_wing_nuisance_not_scored	0.02	0.98	x0p02	0.05	full_h2o	2	632fd2f9203f647e721a3c59b1bd159a1aead06ed0ac7769f3412fe73d7b53ab	h2o_selected_x0p02	jwst_mcfost/runs/h2o_3um_abundance_grid_v1/parameters/h2o_x0p02_rt.para	1bf5e1b037fd810c4a875a51ee0c868e9e1ba6045f3e673249945ce67707bbbc	selected_h2o_disjoint_dhs_abundance_grid_screening_dust	jwst_mcfost/runs/h2o_3um_abundance_grid_v1/tasks/x0p02/t002_h2o_3um_v3_w001_n02_s52001	8aae7f6ad5ba081ffa124cc0142146fae880861b56557ae0d7914afeacdeab25
3	full_h2o	52001	logical_target	h2o_3um_v3_w001	h2o_3um_v3_w001		h2o_feature_optical_depth	jwst_mcfost/output/h2o_3um_observation_v3/stellar_center_h2o_target_lsf_nodes_R2400_v3.tsv	bc54da8f9e376921527db29400677e165b6e2f4aed158fd3aaa5162a66b325a7	62a364aaf8152587832915ae241382b918d28af178a00494a9774559ac8e2d65	2.6122960249124896	3	3	0.2220759220056126	Gaussian_in_log_lambda_constant_resolving_power	2400	2.612922704369959	NIRSpec	G235H	G235H_run01	lambda_F_lambda_W_m-2	F_nu_Jy=lambda_F_lambda*lambda_um*1e20/c_m_s	F_nu_Jy	jwst_mcfost/runs/h2o_3um_method2_screen_v3/anchors/full_h2o/logical_target/h2o_3um_v3_w001/node03.lambda	1cbbaebe9d60c3234b25e42d2e2ac549ab540ac4a9e3a3de23d4d7cc5cfc1d19	expanded_n2401	1.9975051980918284	2401	2401	3003.7468767198525	1.2510399319949406	2.4822220872915486e-06	stellar_center	0.0	0.0	0.35	1	m2p25_c17p5_a0p40_q2p75_i0p05	2.25	2.75	c17p5	17.5	317.159480236321	100	1.0	7.3011756855e-08	70.0	0.03	0.4	128000	2	1	16	jwst_mcfost/runs/strict_continuum_cavity_mass_q_v1/models/m2p25_c17p5_a0p40_q2p75_i0p05/temperature/seed=41001/data_th/Temperature.fits.gz	1bd212f2f54dd8c1701a6064e129ba7fdb5721cb3fe296472433bbdd3b79ec1c	reused_accepted_continuum_temperature_screening_only_not_self_consistent_for_changed_dust	inside_h2o_optical_constants	continuum_wing_nuisance_not_scored	0.02	0.98	x0p02	0.05	full_h2o	3	ee953d29062c6c52e2d035db941a3ebedc41e9f5d47eed933d6462614809e5c6	h2o_selected_x0p02	jwst_mcfost/runs/h2o_3um_abundance_grid_v1/parameters/h2o_x0p02_rt.para	1bf5e1b037fd810c4a875a51ee0c868e9e1ba6045f3e673249945ce67707bbbc	selected_h2o_disjoint_dhs_abundance_grid_screening_dust	jwst_mcfost/runs/h2o_3um_abundance_grid_v1/tasks/x0p02/t003_h2o_3um_v3_w001_n03_s52001	f63ebbc05b411d9bd5e70cfa8be5c7ab726c2c46b809dd4338a4cfe0d18e883c
4	full_h2o	52001	logical_target	h2o_3um_v3_w001	h2o_3um_v3_w001		h2o_feature_optical_depth	jwst_mcfost/output/h2o_3um_observation_v3/stellar_center_h2o_target_lsf_nodes_R2400_v3.tsv	bc54da8f9e376921527db29400677e165b6e2f4aed158fd3aaa5162a66b325a7	9d83036bfb4d8ad14fe8a056c7e0f3043dade5e3d0a4b63b12e975b3ddc923a8	2.6122960249124896	4	4	0.011257411327720693	Gaussian_in_log_lambda_constant_resolving_power	2400	2.6136169216954976	NIRSpec	G235H	G235H_run01	lambda_F_lambda_W_m-2	F_nu_Jy=lambda_F_lambda*lambda_um*1e20/c_m_s	F_nu_Jy	jwst_mcfost/runs/h2o_3um_method2_screen_v3/anchors/full_h2o/logical_target/h2o_3um_v3_w001/node04.lambda	34a619220145b1a7f32812f3f95f6037fbd3cbbbcc5687882aa35c347ad44da8	expanded_n2401	1.9975051980918284	2401	2401	3003.7468767198525	1.2510399319949406	2.4822220872915486e-06	stellar_center	0.0	0.0	0.35	1	m2p25_c17p5_a0p40_q2p75_i0p05	2.25	2.75	c17p5	17.5	317.159480236321	100	1.0	7.3011756855e-08	70.0	0.03	0.4	128000	2	1	16	jwst_mcfost/runs/strict_continuum_cavity_mass_q_v1/models/m2p25_c17p5_a0p40_q2p75_i0p05/temperature/seed=41001/data_th/Temperature.fits.gz	1bd212f2f54dd8c1701a6064e129ba7fdb5721cb3fe296472433bbdd3b79ec1c	reused_accepted_continuum_temperature_screening_only_not_self_consistent_for_changed_dust	inside_h2o_optical_constants	continuum_wing_nuisance_not_scored	0.02	0.98	x0p02	0.05	full_h2o	4	5bfeef029938644f48617604860d65a6764df00bffb99b65d42d38e2ed21fd62	h2o_selected_x0p02	jwst_mcfost/runs/h2o_3um_abundance_grid_v1/parameters/h2o_x0p02_rt.para	1bf5e1b037fd810c4a875a51ee0c868e9e1ba6045f3e673249945ce67707bbbc	selected_h2o_disjoint_dhs_abundance_grid_screening_dust	jwst_mcfost/runs/h2o_3um_abundance_grid_v1/tasks/x0p02/t004_h2o_3um_v3_w001_n04_s52001	b6ac36840a9cc888523c90be2c54c7540775227d6749d56c1217c4c31929c66f
5	full_h2o	52001	logical_target	h2o_3um_v3_w002	h2o_3um_v3_w002		h2o_feature_optical_depth	jwst_mcfost/output/h2o_3um_observation_v3/stellar_center_h2o_target_lsf_nodes_R2400_v3.tsv	bc54da8f9e376921527db29400677e165b6e2f4aed158fd3aaa5162a66b325a7	4b88197ca527d73f256a92b7dd5667b318d90a151ef3c7f6448884dca52cd338	2.8572041864979223	5	0	0.011257411327720693	Gaussian_in_log_lambda_constant_resolving_power	2400	2.8557601830607644	NIRSpec	G235H	G235H_run01	lambda_F_lambda_W_m-2	F_nu_Jy=lambda_F_lambda*lambda_um*1e20/c_m_s	F_nu_Jy	jwst_mcfost/runs/h2o_3um_method2_screen_v3/anchors/full_h2o/logical_target/h2o_3um_v3_w002/node00.lambda	05f54abdcf1f34d96cedeea53d3618dcaef49513f685edff368ddef4d3dbe5d9	expanded_n2401	1.9975051980918284	2401	2401	3003.7468767198525	1.2510399319949406	2.4822220872915486e-06	stellar_center	0.0	0.0	0.35	1	m2p25_c17p5_a0p40_q2p75_i0p05	2.25	2.75	c17p5	17.5	317.159480236321	100	1.0	7.3011756855e-08	70.0	0.03	0.4	128000	2	1	16	jwst_mcfost/runs/strict_continuum_cavity_mass_q_v1/models/m2p25_c17p5_a0p40_q2p75_i0p05/temperature/seed=41001/data_th/Temperature.fits.gz	1bd212f2f54dd8c1701a6064e129ba7fdb5721cb3fe296472433bbdd3b79ec1c	reused_accepted_continuum_temperature_screening_only_not_self_consistent_for_changed_dust	inside_h2o_optical_constants	feature_shape_scored	0.02	0.98	x0p02	0.05	full_h2o	5	4620df45c2c03c5fbab421f098e731029ced857763fd9f34bdaac3649cc651a4	h2o_selected_x0p02	jwst_mcfost/runs/h2o_3um_abundance_grid_v1/parameters/h2o_x0p02_rt.para	1bf5e1b037fd810c4a875a51ee0c868e9e1ba6045f3e673249945ce67707bbbc	selected_h2o_disjoint_dhs_abundance_grid_screening_dust	jwst_mcfost/runs/h2o_3um_abundance_grid_v1/tasks/x0p02/t005_h2o_3um_v3_w002_n00_s52001	3054f76a20b88ecf5f5b5630c7f955578de6f539dd569f176cc029e029e0c8c0
6	full_h2o	52001	logical_target	h2o_3um_v3_w002	h2o_3um_v3_w002		h2o_feature_optical_depth	jwst_mcfost/output/h2o_3um_observation_v3/stellar_center_h2o_target_lsf_nodes_R2400_v3.tsv	bc54da8f9e376921527db29400677e165b6e2f4aed158fd3aaa5162a66b325a7	50b539675bd3fc2196b359f18bd839977b01cf46c56f578ebebbdb93bc0ad02b	2.8572041864979223	6	1	0.2220759220056126	Gaussian_in_log_lambda_constant_resolving_power	2400	2.856518918936628	NIRSpec	G235H	G235H_run01	lambda_F_lambda_W_m-2	F_nu_Jy=lambda_F_lambda*lambda_um*1e20/c_m_s	F_nu_Jy	jwst_mcfost/runs/h2o_3um_method2_screen_v3/anchors/full_h2o/logical_target/h2o_3um_v3_w002/node01.lambda	1440409f1d3f053263f71d95121cd45d15a666f509471b6ddc9079bcb59ad250	expanded_n2401	1.9975051980918284	2401	2401	3003.7468767198525	1.2510399319949406	2.4822220872915486e-06	stellar_center	0.0	0.0	0.35	1	m2p25_c17p5_a0p40_q2p75_i0p05	2.25	2.75	c17p5	17.5	317.159480236321	100	1.0	7.3011756855e-08	70.0	0.03	0.4	128000	2	1	16	jwst_mcfost/runs/strict_continuum_cavity_mass_q_v1/models/m2p25_c17p5_a0p40_q2p75_i0p05/temperature/seed=41001/data_th/Temperature.fits.gz	1bd212f2f54dd8c1701a6064e129ba7fdb5721cb3fe296472433bbdd3b79ec1c	reused_accepted_continuum_temperature_screening_only_not_self_consistent_for_changed_dust	inside_h2o_optical_constants	feature_shape_scored	0.02	0.98	x0p02	0.05	full_h2o	6	ec6df5309656df032a31c6b49d7fca45810b337d9ec61894626cd441bf882c00	h2o_selected_x0p02	jwst_mcfost/runs/h2o_3um_abundance_grid_v1/parameters/h2o_x0p02_rt.para	1bf5e1b037fd810c4a875a51ee0c868e9e1ba6045f3e673249945ce67707bbbc	selected_h2o_disjoint_dhs_abundance_grid_screening_dust	jwst_mcfost/runs/h2o_3um_abundance_grid_v1/tasks/x0p02/t006_h2o_3um_v3_w002_n01_s52001	9164eae0f8ff4ad5c5254e54d92dd0bcd509a5e42b082e1a2f03520d519d45ce
7	full_h2o	52001	logical_target	h2o_3um_v3_w002	h2o_3um_v3_w002		h2o_feature_optical_depth	jwst_mcfost/output/h2o_3um_observation_v3/stellar_center_h2o_target_lsf_nodes_R2400_v3.tsv	bc54da8f9e376921527db29400677e165b6e2f4aed158fd3aaa5162a66b325a7	d455ab9a88ba1a4c3ff62d32f9bdd59bb017783b66c4e8b98c3641f3e9b89cf0	2.8572041864979223	7	2	0.53333333333333333	Gaussian_in_log_lambda_constant_resolving_power	2400	2.8572041864979223	NIRSpec	G235H	G235H_run01	lambda_F_lambda_W_m-2	F_nu_Jy=lambda_F_lambda*lambda_um*1e20/c_m_s	F_nu_Jy	jwst_mcfost/runs/h2o_3um_method2_screen_v3/anchors/full_h2o/logical_target/h2o_3um_v3_w002/node02.lambda	a62f238a516ba39528b9b6fcdfdda607da5c6ddd493183effbd3870e88b70a65	expanded_n2401	1.9975051980918284	2401	2401	3003.7468767198525	1.2510399319949406	2.4822220872915486e-06	stellar_center	0.0	0.0	0.35	1	m2p25_c17p5_a0p40_q2p75_i0p05	2.25	2.75	c17p5	17.5	317.159480236321	100	1.0	7.3011756855e-08	70.0	0.03	0.4	128000	2	1	16	jwst_mcfost/runs/strict_continuum_cavity_mass_q_v1/models/m2p25_c17p5_a0p40_q2p75_i0p05/temperature/seed=41001/data_th/Temperature.fits.gz	1bd212f2f54dd8c1701a6064e129ba7fdb5721cb3fe296472433bbdd3b79ec1c	reused_accepted_continuum_temperature_screening_only_not_self_consistent_for_changed_dust	inside_h2o_optical_constants	feature_shape_scored	0.02	0.98	x0p02	0.05	full_h2o	7	cca177bcdaf36d460ccf78c38ff4d07b2fec52b9922ebb66e227cf7e4fc9166e	h2o_selected_x0p02	jwst_mcfost/runs/h2o_3um_abundance_grid_v1/parameters/h2o_x0p02_rt.para	1bf5e1b037fd810c4a875a51ee0c868e9e1ba6045f3e673249945ce67707bbbc	selected_h2o_disjoint_dhs_abundance_grid_screening_dust	jwst_mcfost/runs/h2o_3um_abundance_grid_v1/tasks/x0p02/t007_h2o_3um_v3_w002_n02_s52001	bc31d5f4e030b04b8090d1c721548e5f11cc6c02b55971387d97977bcc528845
8	full_h2o	52001	logical_target	h2o_3um_v3_w002	h2o_3um_v3_w002		h2o_feature_optical_depth	jwst_mcfost/output/h2o_3um_observation_v3/stellar_center_h2o_target_lsf_nodes_R2400_v3.tsv	bc54da8f9e376921527db29400677e165b6e2f4aed158fd3aaa5162a66b325a7	876446a15400f81541df81723dd7eaeeb4b3f1e64034f296a2b691b7254b8bb4	2.8572041864979223	8	3	0.2220759220056126	Gaussian_in_log_lambda_constant_resolving_power	2400	2.8578896184521869	NIRSpec	G235H	G235H_run01	lambda_F_lambda_W_m-2	F_nu_Jy=lambda_F_lambda*lambda_um*1e20/c_m_s	F_nu_Jy	jwst_mcfost/runs/h2o_3um_method2_screen_v3/anchors/full_h2o/logical_target/h2o_3um_v3_w002/node03.lambda	214ae06aab6c78ec0d375d1f3a89e2deeaf109beb868021e97929cc9561c2bc3	expanded_n2401	1.9975051980918284	2401	2401	3003.7468767198525	1.2510399319949406	2.4822220872915486e-06	stellar_center	0.0	0.0	0.35	1	m2p25_c17p5_a0p40_q2p75_i0p05	2.25	2.75	c17p5	17.5	317.159480236321	100	1.0	7.3011756855e-08	70.0	0.03	0.4	128000	2	1	16	jwst_mcfost/runs/strict_continuum_cavity_mass_q_v1/models/m2p25_c17p5_a0p40_q2p75_i0p05/temperature/seed=41001/data_th/Temperature.fits.gz	1bd212f2f54dd8c1701a6064e129ba7fdb5721cb3fe296472433bbdd3b79ec1c	reused_accepted_continuum_temperature_screening_only_not_self_consistent_for_changed_dust	inside_h2o_optical_constants	feature_shape_scored	0.02	0.98	x0p02	0.05	full_h2o	8	df2a10804d1dedf9cf4831b40cd7ff5d1d8c12a1529f7503a32e9310045f423d	h2o_selected_x0p02	jwst_mcfost/runs/h2o_3um_abundance_grid_v1/parameters/h2o_x0p02_rt.para	1bf5e1b037fd810c4a875a51ee0c868e9e1ba6045f3e673249945ce67707bbbc	selected_h2o_disjoint_dhs_abundance_grid_screening_dust	jwst_mcfost/runs/h2o_3um_abundance_grid_v1/tasks/x0p02/t008_h2o_3um_v3_w002_n03_s52001	f5f1d4c4d1119419f28d42d0cb72cd08240d5b34985a0e9d4280a86a3683bb97
9	full_h2o	52001	logical_target	h2o_3um_v3_w002	h2o_3um_v3_w002		h2o_feature_optical_depth	jwst_mcfost/output/h2o_3um_observation_v3/stellar_center_h2o_target_lsf_nodes_R2400_v3.tsv	bc54da8f9e376921527db29400677e165b6e2f4aed158fd3aaa5162a66b325a7	8ca030766ecb004394ae6213f0712804a9f4f1532c8bd6f20340a9745c8692d4	2.8572041864979223	9	4	0.011257411327720693	Gaussian_in_log_lambda_constant_resolving_power	2400	2.8586489200895024	NIRSpec	G235H	G235H_run01	lambda_F_lambda_W_m-2	F_nu_Jy=lambda_F_lambda*lambda_um*1e20/c_m_s	F_nu_Jy	jwst_mcfost/runs/h2o_3um_method2_screen_v3/anchors/full_h2o/logical_target/h2o_3um_v3_w002/node04.lambda	29f024a20bb28951e60b5d8f2ea289fa5320b9b998affa7ab3abb419bbc00364	expanded_n2401	1.9975051980918284	2401	2401	3003.7468767198525	1.2510399319949406	2.4822220872915486e-06	stellar_center	0.0	0.0	0.35	1	m2p25_c17p5_a0p40_q2p75_i0p05	2.25	2.75	c17p5	17.5	317.159480236321	100	1.0	7.3011756855e-08	70.0	0.03	0.4	128000	2	1	16	jwst_mcfost/runs/strict_continuum_cavity_mass_q_v1/models/m2p25_c17p5_a0p40_q2p75_i0p05/temperature/seed=41001/data_th/Temperature.fits.gz	1bd212f2f54dd8c1701a6064e129ba7fdb5721cb3fe296472433bbdd3b79ec1c	reused_accepted_continuum_temperature_screening_only_not_self_consistent_for_changed_dust	inside_h2o_optical_constants	feature_shape_scored	0.02	0.98	x0p02	0.05	full_h2o	9	30c4ae956d37c53efc4b93e0aa82f575facfb858de0e50cc9926f4fcd011fdf7	h2o_selected_x0p02	jwst_mcfost/runs/h2o_3um_abundance_grid_v1/parameters/h2o_x0p02_rt.para	1bf5e1b037fd810c4a875a51ee0c868e9e1ba6045f3e673249945ce67707bbbc	selected_h2o_disjoint_dhs_abundance_grid_screening_dust	jwst_mcfost/runs/h2o_3um_abundance_grid_v1/tasks/x0p02/t009_h2o_3um_v3_w002_n04_s52001	fad453007145b349033f21081d3aff57fcb889abb398d0255b52f73655de8718
10	full_h2o	52001	logical_target	h2o_3um_v3_w003	h2o_3um_v3_w003		h2o_feature_optical_depth	jwst_mcfost/output/h2o_3um_observation_v3/stellar_center_h2o_target_lsf_nodes_R2400_v3.tsv	bc54da8f9e376921527db29400677e165b6e2f4aed158fd3aaa5162a66b325a7	b6ac6641beeb92be050dad2933099c80df1519b89e9c0de0bea8b814405cd4fe	2.9025080554554101	10	0	0.011257411327720693	Gaussian_in_log_lambda_constant_resolving_power	2400	2.9010411558798523	NIRSpec	G235H	G235H_run01	lambda_F_lambda_W_m-2	F_nu_Jy=lambda_F_lambda*lambda_um*1e20/c_m_s	F_nu_Jy	jwst_mcfost/runs/h2o_3um_method2_screen_v3/anchors/full_h2o/logical_target/h2o_3um_v3_w003/node00.lambda	2e07abaf9f7bfc35b6d62d60b449ea8381feef10ccfa3711865ab85d1bf8d96d	expanded_n2401	1.9975051980918284	2401	2401	3003.7468767198525	1.2510399319949406	2.4822220872915486e-06	stellar_center	0.0	0.0	0.35	1	m2p25_c17p5_a0p40_q2p75_i0p05	2.25	2.75	c17p5	17.5	317.159480236321	100	1.0	7.3011756855e-08	70.0	0.03	0.4	128000	2	1	16	jwst_mcfost/runs/strict_continuum_cavity_mass_q_v1/models/m2p25_c17p5_a0p40_q2p75_i0p05/temperature/seed=41001/data_th/Temperature.fits.gz	1bd212f2f54dd8c1701a6064e129ba7fdb5721cb3fe296472433bbdd3b79ec1c	reused_accepted_continuum_temperature_screening_only_not_self_consistent_for_changed_dust	inside_h2o_optical_constants	feature_shape_scored	0.02	0.98	x0p02	0.05	full_h2o	10	8110bd9d2f0e891df9a1cfbb54ede381f0b142e542d2d9d5254d1a3ad078da75	h2o_selected_x0p02	jwst_mcfost/runs/h2o_3um_abundance_grid_v1/parameters/h2o_x0p02_rt.para	1bf5e1b037fd810c4a875a51ee0c868e9e1ba6045f3e673249945ce67707bbbc	selected_h2o_disjoint_dhs_abundance_grid_screening_dust	jwst_mcfost/runs/h2o_3um_abundance_grid_v1/tasks/x0p02/t010_h2o_3um_v3_w003_n00_s52001	1f1cfd8e66347989016df4705d1ff16e4e77631d2dbf6013e11b3945ff9b5582
11	full_h2o	52001	logical_target	h2o_3um_v3_w003	h2o_3um_v3_w003		h2o_feature_optical_depth	jwst_mcfost/output/h2o_3um_observation_v3/stellar_center_h2o_target_lsf_nodes_R2400_v3.tsv	bc54da8f9e376921527db29400677e165b6e2f4aed158fd3aaa5162a66b325a7	b12b712ad8f395d3e968747a3639ceed31575566c2d23a98bfee406e199eb6e4	2.9025080554554101	11	1	0.2220759220056126	Gaussian_in_log_lambda_constant_resolving_power	2400	2.9018119222822203	NIRSpec	G235H	G235H_run01	lambda_F_lambda_W_m-2	F_nu_Jy=lambda_F_lambda*lambda_um*1e20/c_m_s	F_nu_Jy	jwst_mcfost/runs/h2o_3um_method2_screen_v3/anchors/full_h2o/logical_target/h2o_3um_v3_w003/node01.lambda	3837d7fd6ff1a3915ae5711adf5a75ad1fd25eec5730a5fecdbc028eae0354b0	expanded_n2401	1.9975051980918284	2401	2401	3003.7468767198525	1.2510399319949406	2.4822220872915486e-06	stellar_center	0.0	0.0	0.35	1	m2p25_c17p5_a0p40_q2p75_i0p05	2.25	2.75	c17p5	17.5	317.159480236321	100	1.0	7.3011756855e-08	70.0	0.03	0.4	128000	2	1	16	jwst_mcfost/runs/strict_continuum_cavity_mass_q_v1/models/m2p25_c17p5_a0p40_q2p75_i0p05/temperature/seed=41001/data_th/Temperature.fits.gz	1bd212f2f54dd8c1701a6064e129ba7fdb5721cb3fe296472433bbdd3b79ec1c	reused_accepted_continuum_temperature_screening_only_not_self_consistent_for_changed_dust	inside_h2o_optical_constants	feature_shape_scored	0.02	0.98	x0p02	0.05	full_h2o	11	80139b75eab9e9a978c7186b785271c9e89aae64a088ffe5a849fff41b40fa00	h2o_selected_x0p02	jwst_mcfost/runs/h2o_3um_abundance_grid_v1/parameters/h2o_x0p02_rt.para	1bf5e1b037fd810c4a875a51ee0c868e9e1ba6045f3e673249945ce67707bbbc	selected_h2o_disjoint_dhs_abundance_grid_screening_dust	jwst_mcfost/runs/h2o_3um_abundance_grid_v1/tasks/x0p02/t011_h2o_3um_v3_w003_n01_s52001	b0805beeb5851d5989c2b276c580a5fd896a00890616deb874f50e2aac7b6831
12	full_h2o	52001	logical_target	h2o_3um_v3_w003	h2o_3um_v3_w003		h2o_feature_optical_depth	jwst_mcfost/output/h2o_3um_observation_v3/stellar_center_h2o_target_lsf_nodes_R2400_v3.tsv	bc54da8f9e376921527db29400677e165b6e2f4aed158fd3aaa5162a66b325a7	f3857fdec1a7fb8e4477782ecd440c5abe73f8abe4761e1e10a3bb2e7f86c009	2.9025080554554101	12	2	0.53333333333333333	Gaussian_in_log_lambda_constant_resolving_power	2400	2.9025080554554101	NIRSpec	G235H	G235H_run01	lambda_F_lambda_W_m-2	F_nu_Jy=lambda_F_lambda*lambda_um*1e20/c_m_s	F_nu_Jy	jwst_mcfost/runs/h2o_3um_method2_screen_v3/anchors/full_h2o/logical_target/h2o_3um_v3_w003/node02.lambda	81d5422b3abd61fe2bf0cf88a627520cc772e4bb0813b506c2f1f8e2850affc2	expanded_n2401	1.9975051980918284	2401	2401	3003.7468767198525	1.2510399319949406	2.4822220872915486e-06	stellar_center	0.0	0.0	0.35	1	m2p25_c17p5_a0p40_q2p75_i0p05	2.25	2.75	c17p5	17.5	317.159480236321	100	1.0	7.3011756855e-08	70.0	0.03	0.4	128000	2	1	16	jwst_mcfost/runs/strict_continuum_cavity_mass_q_v1/models/m2p25_c17p5_a0p40_q2p75_i0p05/temperature/seed=41001/data_th/Temperature.fits.gz	1bd212f2f54dd8c1701a6064e129ba7fdb5721cb3fe296472433bbdd3b79ec1c	reused_accepted_continuum_temperature_screening_only_not_self_consistent_for_changed_dust	inside_h2o_optical_constants	feature_shape_scored	0.02	0.98	x0p02	0.05	full_h2o	12	67d955fd98cc74c18eb7cc4b20712aafc2e82514125dd074b4c703d57bdc7a74	h2o_selected_x0p02	jwst_mcfost/runs/h2o_3um_abundance_grid_v1/parameters/h2o_x0p02_rt.para	1bf5e1b037fd810c4a875a51ee0c868e9e1ba6045f3e673249945ce67707bbbc	selected_h2o_disjoint_dhs_abundance_grid_screening_dust	jwst_mcfost/runs/h2o_3um_abundance_grid_v1/tasks/x0p02/t012_h2o_3um_v3_w003_n02_s52001	0ab46d17923c72d4f357ca5db95854a5129dde15467c792809bc9041b012a8bc
13	full_h2o	52001	logical_target	h2o_3um_v3_w003	h2o_3um_v3_w003		h2o_feature_optical_depth	jwst_mcfost/output/h2o_3um_observation_v3/stellar_center_h2o_target_lsf_nodes_R2400_v3.tsv	bc54da8f9e376921527db29400677e165b6e2f4aed158fd3aaa5162a66b325a7	41bc626c9cb9041e51ddcb0f7b2b54b205b0709a197399edcb312e6c4a22cc2d	2.9025080554554101	13	3	0.2220759220056126	Gaussian_in_log_lambda_constant_resolving_power	2400	2.9032043556281879	NIRSpec	G235H	G235H_run01	lambda_F_lambda_W_m-2	F_nu_Jy=lambda_F_lambda*lambda_um*1e20/c_m_s	F_nu_Jy	jwst_mcfost/runs/h2o_3um_method2_screen_v3/anchors/full_h2o/logical_target/h2o_3um_v3_w003/node03.lambda	8b937b90038da38bc14235b11daeb67f6167e49013f249f19ff7b340c977791f	expanded_n2401	1.9975051980918284	2401	2401	3003.7468767198525	1.2510399319949406	2.4822220872915486e-06	stellar_center	0.0	0.0	0.35	1	m2p25_c17p5_a0p40_q2p75_i0p05	2.25	2.75	c17p5	17.5	317.159480236321	100	1.0	7.3011756855e-08	70.0	0.03	0.4	128000	2	1	16	jwst_mcfost/runs/strict_continuum_cavity_mass_q_v1/models/m2p25_c17p5_a0p40_q2p75_i0p05/temperature/seed=41001/data_th/Temperature.fits.gz	1bd212f2f54dd8c1701a6064e129ba7fdb5721cb3fe296472433bbdd3b79ec1c	reused_accepted_continuum_temperature_screening_only_not_self_consistent_for_changed_dust	inside_h2o_optical_constants	feature_shape_scored	0.02	0.98	x0p02	0.05	full_h2o	13	3aaa95dd580978d3131b2047db672f903b040fa9458609966c468f518696c107	h2o_selected_x0p02	jwst_mcfost/runs/h2o_3um_abundance_grid_v1/parameters/h2o_x0p02_rt.para	1bf5e1b037fd810c4a875a51ee0c868e9e1ba6045f3e673249945ce67707bbbc	selected_h2o_disjoint_dhs_abundance_grid_screening_dust	jwst_mcfost/runs/h2o_3um_abundance_grid_v1/tasks/x0p02/t013_h2o_3um_v3_w003_n03_s52001	86dd2fd31faa4c8410b9be4389126aec53a4673fc37c60c4c8ba7388d6f2ca45
14	full_h2o	52001	logical_target	h2o_3um_v3_w003	h2o_3um_v3_w003		h2o_feature_optical_depth	jwst_mcfost/output/h2o_3um_observation_v3/stellar_center_h2o_target_lsf_nodes_R2400_v3.tsv	bc54da8f9e376921527db29400677e165b6e2f4aed158fd3aaa5162a66b325a7	a1be188b9661b54c5412794576196fe599d09d68d0d371423d82517dfe8492aa	2.9025080554554101	14	4	0.011257411327720693	Gaussian_in_log_lambda_constant_resolving_power	2400	2.9039756967627288	NIRSpec	G235H	G235H_run01	lambda_F_lambda_W_m-2	F_nu_Jy=lambda_F_lambda*lambda_um*1e20/c_m_s	F_nu_Jy	jwst_mcfost/runs/h2o_3um_method2_screen_v3/anchors/full_h2o/logical_target/h2o_3um_v3_w003/node04.lambda	2ecad41d6da3dabd9ce432e21338d23dddacbd2efc06516ec79ded1e48fb5848	expanded_n2401	1.9975051980918284	2401	2401	3003.7468767198525	1.2510399319949406	2.4822220872915486e-06	stellar_center	0.0	0.0	0.35	1	m2p25_c17p5_a0p40_q2p75_i0p05	2.25	2.75	c17p5	17.5	317.159480236321	100	1.0	7.3011756855e-08	70.0	0.03	0.4	128000	2	1	16	jwst_mcfost/runs/strict_continuum_cavity_mass_q_v1/models/m2p25_c17p5_a0p40_q2p75_i0p05/temperature/seed=41001/data_th/Temperature.fits.gz	1bd212f2f54dd8c1701a6064e129ba7fdb5721cb3fe296472433bbdd3b79ec1c	reused_accepted_continuum_temperature_screening_only_not_self_consistent_for_changed_dust	inside_h2o_optical_constants	feature_shape_scored	0.02	0.98	x0p02	0.05	full_h2o	14	7e38f5f8bd3fc261fd07f124a3c0875963428eebf8d6edb6f431081619de1403	h2o_selected_x0p02	jwst_mcfost/runs/h2o_3um_abundance_grid_v1/parameters/h2o_x0p02_rt.para	1bf5e1b037fd810c4a875a51ee0c868e9e1ba6045f3e673249945ce67707bbbc	selected_h2o_disjoint_dhs_abundance_grid_screening_dust	jwst_mcfost/runs/h2o_3um_abundance_grid_v1/tasks/x0p02/t014_h2o_3um_v3_w003_n04_s52001	78d388997019e179ca921280a8b2cb7472002918cd39a8a7c52577b74dc90035
15	full_h2o	52001	logical_target	h2o_3um_v3_w004	h2o_3um_v3_w004		h2o_feature_optical_depth	jwst_mcfost/output/h2o_3um_observation_v3/stellar_center_h2o_target_lsf_nodes_R2400_v3.tsv	bc54da8f9e376921527db29400677e165b6e2f4aed158fd3aaa5162a66b325a7	d7fdd6effcbebf66dba0948d2692ef823c09ca465b36f02283f232114bac3ebb	2.9489444454747278	15	0	0.011257411327720693	Gaussian_in_log_lambda_constant_resolving_power	2400	2.9474540773955487	NIRSpec	G235H	G235H_run01	lambda_F_lambda_W_m-2	F_nu_Jy=lambda_F_lambda*lambda_um*1e20/c_m_s	F_nu_Jy	jwst_mcfost/runs/h2o_3um_method2_screen_v3/anchors/full_h2o/logical_target/h2o_3um_v3_w004/node00.lambda	14ae29313f0ef2e83a67a1040506949938773f66fc81a95ef5fb827d02ccec22	expanded_n2401	1.9975051980918284	2401	2401	3003.7468767198525	1.2510399319949406	2.4822220872915486e-06	stellar_center	0.0	0.0	0.35	1	m2p25_c17p5_a0p40_q2p75_i0p05	2.25	2.75	c17p5	17.5	317.159480236321	100	1.0	7.3011756855e-08	70.0	0.03	0.4	128000	2	1	16	jwst_mcfost/runs/strict_continuum_cavity_mass_q_v1/models/m2p25_c17p5_a0p40_q2p75_i0p05/temperature/seed=41001/data_th/Temperature.fits.gz	1bd212f2f54dd8c1701a6064e129ba7fdb5721cb3fe296472433bbdd3b79ec1c	reused_accepted_continuum_temperature_screening_only_not_self_consistent_for_changed_dust	inside_h2o_optical_constants	feature_shape_scored	0.02	0.98	x0p02	0.05	full_h2o	15	915f8c3a54b0103f7dc2097e983902c3a15ad5118c4a64c8480fdf616930b64a	h2o_selected_x0p02	jwst_mcfost/runs/h2o_3um_abundance_grid_v1/parameters/h2o_x0p02_rt.para	1bf5e1b037fd810c4a875a51ee0c868e9e1ba6045f3e673249945ce67707bbbc	selected_h2o_disjoint_dhs_abundance_grid_screening_dust	jwst_mcfost/runs/h2o_3um_abundance_grid_v1/tasks/x0p02/t015_h2o_3um_v3_w004_n00_s52001	8aa26ad38793553b0a05a47450aaf9164e513fbba090f9cb1fb1686cba5c4d1d
16	full_h2o	52001	logical_target	h2o_3um_v3_w004	h2o_3um_v3_w004		h2o_feature_optical_depth	jwst_mcfost/output/h2o_3um_observation_v3/stellar_center_h2o_target_lsf_nodes_R2400_v3.tsv	bc54da8f9e376921527db29400677e165b6e2f4aed158fd3aaa5162a66b325a7	7a1c4832cddc953498a55dada251f2a0cb985e774824ceb355ec3f920e486746	2.9489444454747278	16	1	0.2220759220056126	Gaussian_in_log_lambda_constant_resolving_power	2400	2.9482371750674914	NIRSpec	G235H	G235H_run01	lambda_F_lambda_W_m-2	F_nu_Jy=lambda_F_lambda*lambda_um*1e20/c_m_s	F_nu_Jy	jwst_mcfost/runs/h2o_3um_method2_screen_v3/anchors/full_h2o/logical_target/h2o_3um_v3_w004/node01.lambda	4ad98779007b8e623fd11726cab036958b1a80f4944d0a1b272aae3c82efe04e	expanded_n2401	1.9975051980918284	2401	2401	3003.7468767198525	1.2510399319949406	2.4822220872915486e-06	stellar_center	0.0	0.0	0.35	1	m2p25_c17p5_a0p40_q2p75_i0p05	2.25	2.75	c17p5	17.5	317.159480236321	100	1.0	7.3011756855e-08	70.0	0.03	0.4	128000	2	1	16	jwst_mcfost/runs/strict_continuum_cavity_mass_q_v1/models/m2p25_c17p5_a0p40_q2p75_i0p05/temperature/seed=41001/data_th/Temperature.fits.gz	1bd212f2f54dd8c1701a6064e129ba7fdb5721cb3fe296472433bbdd3b79ec1c	reused_accepted_continuum_temperature_screening_only_not_self_consistent_for_changed_dust	inside_h2o_optical_constants	feature_shape_scored	0.02	0.98	x0p02	0.05	full_h2o	16	608a3facb36c3e988b921aa0f8b686a568590e33dce198b22036b43ec67ea806	h2o_selected_x0p02	jwst_mcfost/runs/h2o_3um_abundance_grid_v1/parameters/h2o_x0p02_rt.para	1bf5e1b037fd810c4a875a51ee0c868e9e1ba6045f3e673249945ce67707bbbc	selected_h2o_disjoint_dhs_abundance_grid_screening_dust	jwst_mcfost/runs/h2o_3um_abundance_grid_v1/tasks/x0p02/t016_h2o_3um_v3_w004_n01_s52001	05a6e8926c10b090838f4420cba55a68c00a193236f3b4cfe6c0d9df6c8bf7c9
17	full_h2o	52001	logical_target	h2o_3um_v3_w004	h2o_3um_v3_w004		h2o_feature_optical_depth	jwst_mcfost/output/h2o_3um_observation_v3/stellar_center_h2o_target_lsf_nodes_R2400_v3.tsv	bc54da8f9e376921527db29400677e165b6e2f4aed158fd3aaa5162a66b325a7	5ba6b4f9110de56beb77b0b234ae6d12d187729fa20e5955d7edcbd62dc7c30f	2.9489444454747278	17	2	0.53333333333333333	Gaussian_in_log_lambda_constant_resolving_power	2400	2.9489444454747278	NIRSpec	G235H	G235H_run01	lambda_F_lambda_W_m-2	F_nu_Jy=lambda_F_lambda*lambda_um*1e20/c_m_s	F_nu_Jy	jwst_mcfost/runs/h2o_3um_method2_screen_v3/anchors/full_h2o/logical_target/h2o_3um_v3_w004/node02.lambda	f5ec7925d3fc81a1d1e145d3a9f9cf4413b8df3e58e5d75885f9a87c3af86faf	expanded_n2401	1.9975051980918284	2401	2401	3003.7468767198525	1.2510399319949406	2.4822220872915486e-06	stellar_center	0.0	0.0	0.35	1	m2p25_c17p5_a0p40_q2p75_i0p05	2.25	2.75	c17p5	17.5	317.159480236321	100	1.0	7.3011756855e-08	70.0	0.03	0.4	128000	2	1	16	jwst_mcfost/runs/strict_continuum_cavity_mass_q_v1/models/m2p25_c17p5_a0p40_q2p75_i0p05/temperature/seed=41001/data_th/Temperature.fits.gz	1bd212f2f54dd8c1701a6064e129ba7fdb5721cb3fe296472433bbdd3b79ec1c	reused_accepted_continuum_temperature_screening_only_not_self_consistent_for_changed_dust	inside_h2o_optical_constants	feature_shape_scored	0.02	0.98	x0p02	0.05	full_h2o	17	9e120e6fa35e4b114e460e7d5f2aafe0e4c6027f53f07d817ba92c91da7429d0	h2o_selected_x0p02	jwst_mcfost/runs/h2o_3um_abundance_grid_v1/parameters/h2o_x0p02_rt.para	1bf5e1b037fd810c4a875a51ee0c868e9e1ba6045f3e673249945ce67707bbbc	selected_h2o_disjoint_dhs_abundance_grid_screening_dust	jwst_mcfost/runs/h2o_3um_abundance_grid_v1/tasks/x0p02/t017_h2o_3um_v3_w004_n02_s52001	648b0d3ca7f822a6a37fa0bc8fad7af0f3276421f64682fef8778a20f81c074c
18	full_h2o	52001	logical_target	h2o_3um_v3_w004	h2o_3um_v3_w004		h2o_feature_optical_depth	jwst_mcfost/output/h2o_3um_observation_v3/stellar_center_h2o_target_lsf_nodes_R2400_v3.tsv	bc54da8f9e376921527db29400677e165b6e2f4aed158fd3aaa5162a66b325a7	27836b4b116b81c17e1e4097af097306f2951732973531d5affdc8a56bbc7837	2.9489444454747278	18	3	0.2220759220056126	Gaussian_in_log_lambda_constant_resolving_power	2400	2.9496518855533305	NIRSpec	G235H	G235H_run01	lambda_F_lambda_W_m-2	F_nu_Jy=lambda_F_lambda*lambda_um*1e20/c_m_s	F_nu_Jy	jwst_mcfost/runs/h2o_3um_method2_screen_v3/anchors/full_h2o/logical_target/h2o_3um_v3_w004/node03.lambda	21d325104915d555ef142fde6d4bcad159829add274aaee3964f5d74cabfad61	expanded_n2401	1.9975051980918284	2401	2401	3003.7468767198525	1.2510399319949406	2.4822220872915486e-06	stellar_center	0.0	0.0	0.35	1	m2p25_c17p5_a0p40_q2p75_i0p05	2.25	2.75	c17p5	17.5	317.159480236321	100	1.0	7.3011756855e-08	70.0	0.03	0.4	128000	2	1	16	jwst_mcfost/runs/strict_continuum_cavity_mass_q_v1/models/m2p25_c17p5_a0p40_q2p75_i0p05/temperature/seed=41001/data_th/Temperature.fits.gz	1bd212f2f54dd8c1701a6064e129ba7fdb5721cb3fe296472433bbdd3b79ec1c	reused_accepted_continuum_temperature_screening_only_not_self_consistent_for_changed_dust	inside_h2o_optical_constants	feature_shape_scored	0.02	0.98	x0p02	0.05	full_h2o	18	5f532c12feefd60032a8576dd5a20fe058e316769b506fc6abefe7e2c58eee9c	h2o_selected_x0p02	jwst_mcfost/runs/h2o_3um_abundance_grid_v1/parameters/h2o_x0p02_rt.para	1bf5e1b037fd810c4a875a51ee0c868e9e1ba6045f3e673249945ce67707bbbc	selected_h2o_disjoint_dhs_abundance_grid_screening_dust	jwst_mcfost/runs/h2o_3um_abundance_grid_v1/tasks/x0p02/t018_h2o_3um_v3_w004_n03_s52001	e3ed7b21e609d6dc67cc34144744a71233124b95f0394ed117ef22500df43cbf
19	full_h2o	52001	logical_target	h2o_3um_v3_w004	h2o_3um_v3_w004		h2o_feature_optical_depth	jwst_mcfost/output/h2o_3um_observation_v3/stellar_center_h2o_target_lsf_nodes_R2400_v3.tsv	bc54da8f9e376921527db29400677e165b6e2f4aed158fd3aaa5162a66b325a7	382c6b19d4c3a9ed9f3722f1f54da9ca0a05a51673cdc9c7e24c7b7523a9d815	2.9489444454747278	19	4	0.011257411327720693	Gaussian_in_log_lambda_constant_resolving_power	2400	2.9504355671524207	NIRSpec	G235H	G235H_run01	lambda_F_lambda_W_m-2	F_nu_Jy=lambda_F_lambda*lambda_um*1e20/c_m_s	F_nu_Jy	jwst_mcfost/runs/h2o_3um_method2_screen_v3/anchors/full_h2o/logical_target/h2o_3um_v3_w004/node04.lambda	5af88554461142068f3abce918fb47afdd0a15470e593cbc2695b2da9c1ba49d	expanded_n2401	1.9975051980918284	2401	2401	3003.7468767198525	1.2510399319949406	2.4822220872915486e-06	stellar_center	0.0	0.0	0.35	1	m2p25_c17p5_a0p40_q2p75_i0p05	2.25	2.75	c17p5	17.5	317.159480236321	100	1.0	7.3011756855e-08	70.0	0.03	0.4	128000	2	1	16	jwst_mcfost/runs/strict_continuum_cavity_mass_q_v1/models/m2p25_c17p5_a0p40_q2p75_i0p05/temperature/seed=41001/data_th/Temperature.fits.gz	1bd212f2f54dd8c1701a6064e129ba7fdb5721cb3fe296472433bbdd3b79ec1c	reused_accepted_continuum_temperature_screening_only_not_self_consistent_for_changed_dust	inside_h2o_optical_constants	feature_shape_scored	0.02	0.98	x0p02	0.05	full_h2o	19	e50c26899649147a024e69e834a834ec3f08ffeb408cd0dcb7a755468eabf548	h2o_selected_x0p02	jwst_mcfost/runs/h2o_3um_abundance_grid_v1/parameters/h2o_x0p02_rt.para	1bf5e1b037fd810c4a875a51ee0c868e9e1ba6045f3e673249945ce67707bbbc	selected_h2o_disjoint_dhs_abundance_grid_screening_dust	jwst_mcfost/runs/h2o_3um_abundance_grid_v1/tasks/x0p02/t019_h2o_3um_v3_w004_n04_s52001	b8b1363c0a6c5edb65448934dcefb7b8274ca190ba8af9babb29b9e969511b08
20	full_h2o	52001	logical_target	h2o_3um_v3_w005	h2o_3um_v3_w005		h2o_feature_optical_depth	jwst_mcfost/output/h2o_3um_observation_v3/stellar_center_h2o_target_lsf_nodes_R2400_v3.tsv	bc54da8f9e376921527db29400677e165b6e2f4aed158fd3aaa5162a66b325a7	17d87708a0dbbdaf4ce7a60872e3962bf34e06acc8751c6fd63cc3903488f607	3.008775542271851	20	0	0.011257411327720693	Gaussian_in_log_lambda_constant_resolving_power	2400	3.007254936133442	NIRSpec	G235H	G235H_run01	lambda_F_lambda_W_m-2	F_nu_Jy=lambda_F_lambda*lambda_um*1e20/c_m_s	F_nu_Jy	jwst_mcfost/runs/h2o_3um_method2_screen_v3/anchors/full_h2o/logical_target/h2o_3um_v3_w005/node00.lambda	000503f9d6e8001dee5a0005bc06f284ea020e6c55f96b71958de7483bf4ffcd	expanded_n2401	1.9975051980918284	2401	2401	3003.7468767198525	1.2510399319949406	2.4822220872915486e-06	stellar_center	0.0	0.0	0.35	1	m2p25_c17p5_a0p40_q2p75_i0p05	2.25	2.75	c17p5	17.5	317.159480236321	100	1.0	7.3011756855e-08	70.0	0.03	0.4	128000	2	1	16	jwst_mcfost/runs/strict_continuum_cavity_mass_q_v1/models/m2p25_c17p5_a0p40_q2p75_i0p05/temperature/seed=41001/data_th/Temperature.fits.gz	1bd212f2f54dd8c1701a6064e129ba7fdb5721cb3fe296472433bbdd3b79ec1c	reused_accepted_continuum_temperature_screening_only_not_self_consistent_for_changed_dust	inside_h2o_optical_constants	feature_shape_scored	0.02	0.98	x0p02	0.05	full_h2o	20	4e0bcd79197b611bc9cd49900584ac26ebff9ce61ce311ce4bdb497e43759fbb	h2o_selected_x0p02	jwst_mcfost/runs/h2o_3um_abundance_grid_v1/parameters/h2o_x0p02_rt.para	1bf5e1b037fd810c4a875a51ee0c868e9e1ba6045f3e673249945ce67707bbbc	selected_h2o_disjoint_dhs_abundance_grid_screening_dust	jwst_mcfost/runs/h2o_3um_abundance_grid_v1/tasks/x0p02/t020_h2o_3um_v3_w005_n00_s52001	a6b6c1473197d825982b8080c0928d492ddecb92b2fe46faa9d8b8fa13b5cfd9
21	full_h2o	52001	logical_target	h2o_3um_v3_w005	h2o_3um_v3_w005		h2o_feature_optical_depth	jwst_mcfost/output/h2o_3um_observation_v3/stellar_center_h2o_target_lsf_nodes_R2400_v3.tsv	bc54da8f9e376921527db29400677e165b6e2f4aed158fd3aaa5162a66b325a7	4faa08b8dd483a8732e53bc5e796fd61c11f7c621c867cbae09abe7ec81e0105	3.008775542271851	21	1	0.2220759220056126	Gaussian_in_log_lambda_constant_resolving_power	2400	3.0080539220642097	NIRSpec	G235H	G235H_run01	lambda_F_lambda_W_m-2	F_nu_Jy=lambda_F_lambda*lambda_um*1e20/c_m_s	F_nu_Jy	jwst_mcfost/runs/h2o_3um_method2_screen_v3/anchors/full_h2o/logical_target/h2o_3um_v3_w005/node01.lambda	e0b7b1db1e3a1589b1f219cd9b052b18acc51d82c355910e3d3036f5ae1f7cd2	expanded_n2401	1.9975051980918284	2401	2401	3003.7468767198525	1.2510399319949406	2.4822220872915486e-06	stellar_center	0.0	0.0	0.35	1	m2p25_c17p5_a0p40_q2p75_i0p05	2.25	2.75	c17p5	17.5	317.159480236321	100	1.0	7.3011756855e-08	70.0	0.03	0.4	128000	2	1	16	jwst_mcfost/runs/strict_continuum_cavity_mass_q_v1/models/m2p25_c17p5_a0p40_q2p75_i0p05/temperature/seed=41001/data_th/Temperature.fits.gz	1bd212f2f54dd8c1701a6064e129ba7fdb5721cb3fe296472433bbdd3b79ec1c	reused_accepted_continuum_temperature_screening_only_not_self_consistent_for_changed_dust	inside_h2o_optical_constants	feature_shape_scored	0.02	0.98	x0p02	0.05	full_h2o	21	19007ecdadd8581a91f1e267ed50aa4152b060f2f181f165dd93f4f9c4773e58	h2o_selected_x0p02	jwst_mcfost/runs/h2o_3um_abundance_grid_v1/parameters/h2o_x0p02_rt.para	1bf5e1b037fd810c4a875a51ee0c868e9e1ba6045f3e673249945ce67707bbbc	selected_h2o_disjoint_dhs_abundance_grid_screening_dust	jwst_mcfost/runs/h2o_3um_abundance_grid_v1/tasks/x0p02/t021_h2o_3um_v3_w005_n01_s52001	048cf87f8a46ce5b4168261b087fa4e9225e061bfe7d0c02c70c02242d2ea678
22	full_h2o	52001	logical_target	h2o_3um_v3_w005	h2o_3um_v3_w005		h2o_feature_optical_depth	jwst_mcfost/output/h2o_3um_observation_v3/stellar_center_h2o_target_lsf_nodes_R2400_v3.tsv	bc54da8f9e376921527db29400677e165b6e2f4aed158fd3aaa5162a66b325a7	114b170f6fa7ce4ffe544239c9e931ada79d77ced3f40e85953ffd2554ffd0ca	3.008775542271851	22	2	0.53333333333333333	Gaussian_in_log_lambda_constant_resolving_power	2400	3.008775542271851	NIRSpec	G235H	G235H_run01	lambda_F_lambda_W_m-2	F_nu_Jy=lambda_F_lambda*lambda_um*1e20/c_m_s	F_nu_Jy	jwst_mcfost/runs/h2o_3um_method2_screen_v3/anchors/full_h2o/logical_target/h2o_3um_v3_w005/node02.lambda	8039ec1f99d3698a67790561a9666309301b94a57a491ea99789ed928f2be83c	expanded_n2401	1.9975051980918284	2401	2401	3003.7468767198525	1.2510399319949406	2.4822220872915486e-06	stellar_center	0.0	0.0	0.35	1	m2p25_c17p5_a0p40_q2p75_i0p05	2.25	2.75	c17p5	17.5	317.159480236321	100	1.0	7.3011756855e-08	70.0	0.03	0.4	128000	2	1	16	jwst_mcfost/runs/strict_continuum_cavity_mass_q_v1/models/m2p25_c17p5_a0p40_q2p75_i0p05/temperature/seed=41001/data_th/Temperature.fits.gz	1bd212f2f54dd8c1701a6064e129ba7fdb5721cb3fe296472433bbdd3b79ec1c	reused_accepted_continuum_temperature_screening_only_not_self_consistent_for_changed_dust	inside_h2o_optical_constants	feature_shape_scored	0.02	0.98	x0p02	0.05	full_h2o	22	995d903e5b1d490759ff36e9b5d8166b6fa59a1beff61f3e065f2661e5431110	h2o_selected_x0p02	jwst_mcfost/runs/h2o_3um_abundance_grid_v1/parameters/h2o_x0p02_rt.para	1bf5e1b037fd810c4a875a51ee0c868e9e1ba6045f3e673249945ce67707bbbc	selected_h2o_disjoint_dhs_abundance_grid_screening_dust	jwst_mcfost/runs/h2o_3um_abundance_grid_v1/tasks/x0p02/t022_h2o_3um_v3_w005_n02_s52001	3022d8f4ca4fd56c635fc92f667bbeecfbdbceb47b21b4084374c74d904b0248
23	full_h2o	52001	logical_target	h2o_3um_v3_w005	h2o_3um_v3_w005		h2o_feature_optical_depth	jwst_mcfost/output/h2o_3um_observation_v3/stellar_center_h2o_target_lsf_nodes_R2400_v3.tsv	bc54da8f9e376921527db29400677e165b6e2f4aed158fd3aaa5162a66b325a7	7e31f5e47647dd3d80d70e02455d14a9878c5765732d9d789b3524df52914b6f	3.008775542271851	23	3	0.2220759220056126	Gaussian_in_log_lambda_constant_resolving_power	2400	3.0094973355933186	NIRSpec	G235H	G235H_run01	lambda_F_lambda_W_m-2	F_nu_Jy=lambda_F_lambda*lambda_um*1e20/c_m_s	F_nu_Jy	jwst_mcfost/runs/h2o_3um_method2_screen_v3/anchors/full_h2o/logical_target/h2o_3um_v3_w005/node03.lambda	12d4be248bbd36dacd0ab019520ab3b086a10ca66113e4f6404f41c911a20652	expanded_n2401	1.9975051980918284	2401	2401	3003.7468767198525	1.2510399319949406	2.4822220872915486e-06	stellar_center	0.0	0.0	0.35	1	m2p25_c17p5_a0p40_q2p75_i0p05	2.25	2.75	c17p5	17.5	317.159480236321	100	1.0	7.3011756855e-08	70.0	0.03	0.4	128000	2	1	16	jwst_mcfost/runs/strict_continuum_cavity_mass_q_v1/models/m2p25_c17p5_a0p40_q2p75_i0p05/temperature/seed=41001/data_th/Temperature.fits.gz	1bd212f2f54dd8c1701a6064e129ba7fdb5721cb3fe296472433bbdd3b79ec1c	reused_accepted_continuum_temperature_screening_only_not_self_consistent_for_changed_dust	inside_h2o_optical_constants	feature_shape_scored	0.02	0.98	x0p02	0.05	full_h2o	23	33c8860842d42545f68ac1e2e09e09cfaf97fc3170cab694987ed4f9de0f0c81	h2o_selected_x0p02	jwst_mcfost/runs/h2o_3um_abundance_grid_v1/parameters/h2o_x0p02_rt.para	1bf5e1b037fd810c4a875a51ee0c868e9e1ba6045f3e673249945ce67707bbbc	selected_h2o_disjoint_dhs_abundance_grid_screening_dust	jwst_mcfost/runs/h2o_3um_abundance_grid_v1/tasks/x0p02/t023_h2o_3um_v3_w005_n03_s52001	8fa364d1a41c1b2722fad332ba81ca4a522bb9efe4966b8a60eb4051b1539b7a
24	full_h2o	52001	logical_target	h2o_3um_v3_w005	h2o_3um_v3_w005		h2o_feature_optical_depth	jwst_mcfost/output/h2o_3um_observation_v3/stellar_center_h2o_target_lsf_nodes_R2400_v3.tsv	bc54da8f9e376921527db29400677e165b6e2f4aed158fd3aaa5162a66b325a7	0191e54eba320420adb5acf285d40c366402d3a2b58da4be66948e78d4fbbe40	3.008775542271851	24	4	0.011257411327720693	Gaussian_in_log_lambda_constant_resolving_power	2400	3.0102969172985246	NIRSpec	G235H	G235H_run01	lambda_F_lambda_W_m-2	F_nu_Jy=lambda_F_lambda*lambda_um*1e20/c_m_s	F_nu_Jy	jwst_mcfost/runs/h2o_3um_method2_screen_v3/anchors/full_h2o/logical_target/h2o_3um_v3_w005/node04.lambda	b780db8f022f3e86ab80f7ebc51b336fc6b11c8311461549cfdef7e65a510928	expanded_n2401	1.9975051980918284	2401	2401	3003.7468767198525	1.2510399319949406	2.4822220872915486e-06	stellar_center	0.0	0.0	0.35	1	m2p25_c17p5_a0p40_q2p75_i0p05	2.25	2.75	c17p5	17.5	317.159480236321	100	1.0	7.3011756855e-08	70.0	0.03	0.4	128000	2	1	16	jwst_mcfost/runs/strict_continuum_cavity_mass_q_v1/models/m2p25_c17p5_a0p40_q2p75_i0p05/temperature/seed=41001/data_th/Temperature.fits.gz	1bd212f2f54dd8c1701a6064e129ba7fdb5721cb3fe296472433bbdd3b79ec1c	reused_accepted_continuum_temperature_screening_only_not_self_consistent_for_changed_dust	inside_h2o_optical_constants	feature_shape_scored	0.02	0.98	x0p02	0.05	full_h2o	24	a6defcf390a804244edc91c7608371eaa32fe5db8143fa8f566912ce2d0ca5a4	h2o_selected_x0p02	jwst_mcfost/runs/h2o_3um_abundance_grid_v1/parameters/h2o_x0p02_rt.para	1bf5e1b037fd810c4a875a51ee0c868e9e1ba6045f3e673249945ce67707bbbc	selected_h2o_disjoint_dhs_abundance_grid_screening_dust	jwst_mcfost/runs/h2o_3um_abundance_grid_v1/tasks/x0p02/t024_h2o_3um_v3_w005_n04_s52001	b77038bfc42683073317870c8a7e9b1a3951c8bfa07a03ee83def865bb32465a
25	full_h2o	52001	logical_target	h2o_3um_v3_w006	h2o_3um_v3_w006		h2o_feature_optical_depth	jwst_mcfost/output/h2o_3um_observation_v3/stellar_center_h2o_target_lsf_nodes_R2400_v3.tsv	bc54da8f9e376921527db29400677e165b6e2f4aed158fd3aaa5162a66b325a7	004a066982db005ca3a789c1e17279ca8be14991ce71a05934aff7de29e1becd	3.0764795490679795	25	0	0.011257411327720693	Gaussian_in_log_lambda_constant_resolving_power	2400	3.0749247259775636	NIRSpec	G395H	G395H_run00	lambda_F_lambda_W_m-2	F_nu_Jy=lambda_F_lambda*lambda_um*1e20/c_m_s	F_nu_Jy	jwst_mcfost/runs/h2o_3um_method2_screen_v3/anchors/full_h2o/logical_target/h2o_3um_v3_w006/node00.lambda	540aaf71ff5aa769254fdac60769cd5207d108bf03ac4bda30c107ea674e2694	expanded_n2401	1.9975051980918284	2401	2401	3003.7468767198525	1.2510399319949406	2.4822220872915486e-06	stellar_center	0.0	0.0	0.35	1	m2p25_c17p5_a0p40_q2p75_i0p05	2.25	2.75	c17p5	17.5	317.159480236321	100	1.0	7.3011756855e-08	70.0	0.03	0.4	128000	2	1	16	jwst_mcfost/runs/strict_continuum_cavity_mass_q_v1/models/m2p25_c17p5_a0p40_q2p75_i0p05/temperature/seed=41001/data_th/Temperature.fits.gz	1bd212f2f54dd8c1701a6064e129ba7fdb5721cb3fe296472433bbdd3b79ec1c	reused_accepted_continuum_temperature_screening_only_not_self_consistent_for_changed_dust	inside_h2o_optical_constants	feature_shape_scored	0.02	0.98	x0p02	0.05	full_h2o	25	1284ecf98782ab470febf6d855dcf362ed2e2896cd7df85a1f132d15fcddccd3	h2o_selected_x0p02	jwst_mcfost/runs/h2o_3um_abundance_grid_v1/parameters/h2o_x0p02_rt.para	1bf5e1b037fd810c4a875a51ee0c868e9e1ba6045f3e673249945ce67707bbbc	selected_h2o_disjoint_dhs_abundance_grid_screening_dust	jwst_mcfost/runs/h2o_3um_abundance_grid_v1/tasks/x0p02/t025_h2o_3um_v3_w006_n00_s52001	97cbda9fd0275d001888474a10d90d6befe5793e3b02080ff39ba7524028c80a
26	full_h2o	52001	logical_target	h2o_3um_v3_w006	h2o_3um_v3_w006		h2o_feature_optical_depth	jwst_mcfost/output/h2o_3um_observation_v3/stellar_center_h2o_target_lsf_nodes_R2400_v3.tsv	bc54da8f9e376921527db29400677e165b6e2f4aed158fd3aaa5162a66b325a7	a4793ff3fcd8d8e3fd0ada1e94a62ad97a68a0951dc172fdb6f9b1fdd1848872	3.0764795490679795	26	1	0.2220759220056126	Gaussian_in_log_lambda_constant_resolving_power	2400	3.0757416908330226	NIRSpec	G395H	G395H_run00	lambda_F_lambda_W_m-2	F_nu_Jy=lambda_F_lambda*lambda_um*1e20/c_m_s	F_nu_Jy	jwst_mcfost/runs/h2o_3um_method2_screen_v3/anchors/full_h2o/logical_target/h2o_3um_v3_w006/node01.lambda	a9ad385155cf7108cfe2826e50f4a79066a845fc381755296a3acbb5982b4e2b	expanded_n2401	1.9975051980918284	2401	2401	3003.7468767198525	1.2510399319949406	2.4822220872915486e-06	stellar_center	0.0	0.0	0.35	1	m2p25_c17p5_a0p40_q2p75_i0p05	2.25	2.75	c17p5	17.5	317.159480236321	100	1.0	7.3011756855e-08	70.0	0.03	0.4	128000	2	1	16	jwst_mcfost/runs/strict_continuum_cavity_mass_q_v1/models/m2p25_c17p5_a0p40_q2p75_i0p05/temperature/seed=41001/data_th/Temperature.fits.gz	1bd212f2f54dd8c1701a6064e129ba7fdb5721cb3fe296472433bbdd3b79ec1c	reused_accepted_continuum_temperature_screening_only_not_self_consistent_for_changed_dust	inside_h2o_optical_constants	feature_shape_scored	0.02	0.98	x0p02	0.05	full_h2o	26	62d1e447a8c1629d2d735d15839a342dfcb35fb4565a8acc47460a6b800c0598	h2o_selected_x0p02	jwst_mcfost/runs/h2o_3um_abundance_grid_v1/parameters/h2o_x0p02_rt.para	1bf5e1b037fd810c4a875a51ee0c868e9e1ba6045f3e673249945ce67707bbbc	selected_h2o_disjoint_dhs_abundance_grid_screening_dust	jwst_mcfost/runs/h2o_3um_abundance_grid_v1/tasks/x0p02/t026_h2o_3um_v3_w006_n01_s52001	6df179215fb91f88a3ef3eb0426643b30c4ef63b3bb5e79009251ca0c0b83267
27	full_h2o	52001	logical_target	h2o_3um_v3_w006	h2o_3um_v3_w006		h2o_feature_optical_depth	jwst_mcfost/output/h2o_3um_observation_v3/stellar_center_h2o_target_lsf_nodes_R2400_v3.tsv	bc54da8f9e376921527db29400677e165b6e2f4aed158fd3aaa5162a66b325a7	2cc093809e70c4e77232f365a7f4d89ee53d9c5dd9799984dc81bed364faca58	3.0764795490679795	27	2	0.53333333333333333	Gaussian_in_log_lambda_constant_resolving_power	2400	3.0764795490679795	NIRSpec	G395H	G395H_run00	lambda_F_lambda_W_m-2	F_nu_Jy=lambda_F_lambda*lambda_um*1e20/c_m_s	F_nu_Jy	jwst_mcfost/runs/h2o_3um_method2_screen_v3/anchors/full_h2o/logical_target/h2o_3um_v3_w006/node02.lambda	ccda11e0440c3d2374e801ae505d1627e1529bc086bd9713d80ef5869fa4f24e	expanded_n2401	1.9975051980918284	2401	2401	3003.7468767198525	1.2510399319949406	2.4822220872915486e-06	stellar_center	0.0	0.0	0.35	1	m2p25_c17p5_a0p40_q2p75_i0p05	2.25	2.75	c17p5	17.5	317.159480236321	100	1.0	7.3011756855e-08	70.0	0.03	0.4	128000	2	1	16	jwst_mcfost/runs/strict_continuum_cavity_mass_q_v1/models/m2p25_c17p5_a0p40_q2p75_i0p05/temperature/seed=41001/data_th/Temperature.fits.gz	1bd212f2f54dd8c1701a6064e129ba7fdb5721cb3fe296472433bbdd3b79ec1c	reused_accepted_continuum_temperature_screening_only_not_self_consistent_for_changed_dust	inside_h2o_optical_constants	feature_shape_scored	0.02	0.98	x0p02	0.05	full_h2o	27	8f7a1d0fd8a3a1aa74607c4dc85cc2c0bac0870db1a5433075b83362464030ac	h2o_selected_x0p02	jwst_mcfost/runs/h2o_3um_abundance_grid_v1/parameters/h2o_x0p02_rt.para	1bf5e1b037fd810c4a875a51ee0c868e9e1ba6045f3e673249945ce67707bbbc	selected_h2o_disjoint_dhs_abundance_grid_screening_dust	jwst_mcfost/runs/h2o_3um_abundance_grid_v1/tasks/x0p02/t027_h2o_3um_v3_w006_n02_s52001	7b964d30dd82f4c4c8c6bb0a6515664eabc1a29f50aa91e6824a851f3f65d0fd
28	full_h2o	52001	logical_target	h2o_3um_v3_w006	h2o_3um_v3_w006		h2o_feature_optical_depth	jwst_mcfost/output/h2o_3um_observation_v3/stellar_center_h2o_target_lsf_nodes_R2400_v3.tsv	bc54da8f9e376921527db29400677e165b6e2f4aed158fd3aaa5162a66b325a7	e459a139569d4ee8cb624870710d06b116b3c2e96cd7acd7ccb2bfc8524774aa	3.0764795490679795	28	3	0.2220759220056126	Gaussian_in_log_lambda_constant_resolving_power	2400	3.0772175843122009	NIRSpec	G395H	G395H_run00	lambda_F_lambda_W_m-2	F_nu_Jy=lambda_F_lambda*lambda_um*1e20/c_m_s	F_nu_Jy	jwst_mcfost/runs/h2o_3um_method2_screen_v3/anchors/full_h2o/logical_target/h2o_3um_v3_w006/node03.lambda	046a3feec39160659a011b17fa1ff833439b5ae55f1474bc49cc04a7e03b9ab5	expanded_n2401	1.9975051980918284	2401	2401	3003.7468767198525	1.2510399319949406	2.4822220872915486e-06	stellar_center	0.0	0.0	0.35	1	m2p25_c17p5_a0p40_q2p75_i0p05	2.25	2.75	c17p5	17.5	317.159480236321	100	1.0	7.3011756855e-08	70.0	0.03	0.4	128000	2	1	16	jwst_mcfost/runs/strict_continuum_cavity_mass_q_v1/models/m2p25_c17p5_a0p40_q2p75_i0p05/temperature/seed=41001/data_th/Temperature.fits.gz	1bd212f2f54dd8c1701a6064e129ba7fdb5721cb3fe296472433bbdd3b79ec1c	reused_accepted_continuum_temperature_screening_only_not_self_consistent_for_changed_dust	inside_h2o_optical_constants	feature_shape_scored	0.02	0.98	x0p02	0.05	full_h2o	28	333cd20633b11c94d32af69023f65777c3ba8f5db54aa4869629a2d62cded690	h2o_selected_x0p02	jwst_mcfost/runs/h2o_3um_abundance_grid_v1/parameters/h2o_x0p02_rt.para	1bf5e1b037fd810c4a875a51ee0c868e9e1ba6045f3e673249945ce67707bbbc	selected_h2o_disjoint_dhs_abundance_grid_screening_dust	jwst_mcfost/runs/h2o_3um_abundance_grid_v1/tasks/x0p02/t028_h2o_3um_v3_w006_n03_s52001	120aa13f7a4d3110a45fb90fde3b6fece8049b7be314ceb54d270d4ff52ba75f
29	full_h2o	52001	logical_target	h2o_3um_v3_w006	h2o_3um_v3_w006		h2o_feature_optical_depth	jwst_mcfost/output/h2o_3um_observation_v3/stellar_center_h2o_target_lsf_nodes_R2400_v3.tsv	bc54da8f9e376921527db29400677e165b6e2f4aed158fd3aaa5162a66b325a7	67272680c0f1525635170018329acacc6fc62d5d179ab1b314a2213fa5732201	3.0764795490679795	29	4	0.011257411327720693	Gaussian_in_log_lambda_constant_resolving_power	2400	3.0780351583483214	NIRSpec	G395H	G395H_run00	lambda_F_lambda_W_m-2	F_nu_Jy=lambda_F_lambda*lambda_um*1e20/c_m_s	F_nu_Jy	jwst_mcfost/runs/h2o_3um_method2_screen_v3/anchors/full_h2o/logical_target/h2o_3um_v3_w006/node04.lambda	aca6087756645b6fb996c8799536f2e3d3c1900b5324313521836f7b13d8061e	expanded_n2401	1.9975051980918284	2401	2401	3003.7468767198525	1.2510399319949406	2.4822220872915486e-06	stellar_center	0.0	0.0	0.35	1	m2p25_c17p5_a0p40_q2p75_i0p05	2.25	2.75	c17p5	17.5	317.159480236321	100	1.0	7.3011756855e-08	70.0	0.03	0.4	128000	2	1	16	jwst_mcfost/runs/strict_continuum_cavity_mass_q_v1/models/m2p25_c17p5_a0p40_q2p75_i0p05/temperature/seed=41001/data_th/Temperature.fits.gz	1bd212f2f54dd8c1701a6064e129ba7fdb5721cb3fe296472433bbdd3b79ec1c	reused_accepted_continuum_temperature_screening_only_not_self_consistent_for_changed_dust	inside_h2o_optical_constants	feature_shape_scored	0.02	0.98	x0p02	0.05	full_h2o	29	dde022d19dd94a4f9ca25055fe308d672de4a217b6fde812534acd0fefe622ce	h2o_selected_x0p02	jwst_mcfost/runs/h2o_3um_abundance_grid_v1/parameters/h2o_x0p02_rt.para	1bf5e1b037fd810c4a875a51ee0c868e9e1ba6045f3e673249945ce67707bbbc	selected_h2o_disjoint_dhs_abundance_grid_screening_dust	jwst_mcfost/runs/h2o_3um_abundance_grid_v1/tasks/x0p02/t029_h2o_3um_v3_w006_n04_s52001	79ca55c9209ba36b81ea93580886c5f49de82eceded34a4e7e92aca119509e71
30	full_h2o	52001	logical_target	h2o_3um_v3_w007	h2o_3um_v3_w007		h2o_feature_optical_depth	jwst_mcfost/output/h2o_3um_observation_v3/stellar_center_h2o_target_lsf_nodes_R2400_v3.tsv	bc54da8f9e376921527db29400677e165b6e2f4aed158fd3aaa5162a66b325a7	3f7589c8f801fca885b3d7a28b088a9ce857edd8cb73a6bf860c3234676a4a0a	3.1192136084987556	30	0	0.011257411327720693	Gaussian_in_log_lambda_constant_resolving_power	2400	3.1176371880268876	NIRSpec	G395H	G395H_run00	lambda_F_lambda_W_m-2	F_nu_Jy=lambda_F_lambda*lambda_um*1e20/c_m_s	F_nu_Jy	jwst_mcfost/runs/h2o_3um_method2_screen_v3/anchors/full_h2o/logical_target/h2o_3um_v3_w007/node00.lambda	9c6ca9c5976d5f008675ddff138ed8e3fcbd17bfe8a2f5e7f2049a69220cc79c	expanded_n2401	1.9975051980918284	2401	2401	3003.7468767198525	1.2510399319949406	2.4822220872915486e-06	stellar_center	0.0	0.0	0.35	1	m2p25_c17p5_a0p40_q2p75_i0p05	2.25	2.75	c17p5	17.5	317.159480236321	100	1.0	7.3011756855e-08	70.0	0.03	0.4	128000	2	1	16	jwst_mcfost/runs/strict_continuum_cavity_mass_q_v1/models/m2p25_c17p5_a0p40_q2p75_i0p05/temperature/seed=41001/data_th/Temperature.fits.gz	1bd212f2f54dd8c1701a6064e129ba7fdb5721cb3fe296472433bbdd3b79ec1c	reused_accepted_continuum_temperature_screening_only_not_self_consistent_for_changed_dust	inside_h2o_optical_constants	feature_shape_scored	0.02	0.98	x0p02	0.05	full_h2o	30	791cf294329ebcae6082e880cc23667d9a397c6b870391ca01686499688232bd	h2o_selected_x0p02	jwst_mcfost/runs/h2o_3um_abundance_grid_v1/parameters/h2o_x0p02_rt.para	1bf5e1b037fd810c4a875a51ee0c868e9e1ba6045f3e673249945ce67707bbbc	selected_h2o_disjoint_dhs_abundance_grid_screening_dust	jwst_mcfost/runs/h2o_3um_abundance_grid_v1/tasks/x0p02/t030_h2o_3um_v3_w007_n00_s52001	a8c941acee9499ae0b645921e79f83773d66511d72cf6fcd5ef1dbb085295a92
31	full_h2o	52001	logical_target	h2o_3um_v3_w007	h2o_3um_v3_w007		h2o_feature_optical_depth	jwst_mcfost/output/h2o_3um_observation_v3/stellar_center_h2o_target_lsf_nodes_R2400_v3.tsv	bc54da8f9e376921527db29400677e165b6e2f4aed158fd3aaa5162a66b325a7	5241b454361065215253183ef40bf44ed0d6551df8da0cebb075d9ae451f9011	3.1192136084987556	31	1	0.2220759220056126	Gaussian_in_log_lambda_constant_resolving_power	2400	3.1184655009911606	NIRSpec	G395H	G395H_run00	lambda_F_lambda_W_m-2	F_nu_Jy=lambda_F_lambda*lambda_um*1e20/c_m_s	F_nu_Jy	jwst_mcfost/runs/h2o_3um_method2_screen_v3/anchors/full_h2o/logical_target/h2o_3um_v3_w007/node01.lambda	cdf74bfb064b55c30dc9ea67b007a8224cb2c137dcfcb03d55b8deb4e7c8f2ba	expanded_n2401	1.9975051980918284	2401	2401	3003.7468767198525	1.2510399319949406	2.4822220872915486e-06	stellar_center	0.0	0.0	0.35	1	m2p25_c17p5_a0p40_q2p75_i0p05	2.25	2.75	c17p5	17.5	317.159480236321	100	1.0	7.3011756855e-08	70.0	0.03	0.4	128000	2	1	16	jwst_mcfost/runs/strict_continuum_cavity_mass_q_v1/models/m2p25_c17p5_a0p40_q2p75_i0p05/temperature/seed=41001/data_th/Temperature.fits.gz	1bd212f2f54dd8c1701a6064e129ba7fdb5721cb3fe296472433bbdd3b79ec1c	reused_accepted_continuum_temperature_screening_only_not_self_consistent_for_changed_dust	inside_h2o_optical_constants	feature_shape_scored	0.02	0.98	x0p02	0.05	full_h2o	31	cee8ee9e9783ede674a3152cc2c28f48da9c7808c888c42c828f759ef1466533	h2o_selected_x0p02	jwst_mcfost/runs/h2o_3um_abundance_grid_v1/parameters/h2o_x0p02_rt.para	1bf5e1b037fd810c4a875a51ee0c868e9e1ba6045f3e673249945ce67707bbbc	selected_h2o_disjoint_dhs_abundance_grid_screening_dust	jwst_mcfost/runs/h2o_3um_abundance_grid_v1/tasks/x0p02/t031_h2o_3um_v3_w007_n01_s52001	487918e5c23931cf6cc7785562c61dfd0b2942634f1bf9f9ea59b7dfda9e9422
32	full_h2o	52001	logical_target	h2o_3um_v3_w007	h2o_3um_v3_w007		h2o_feature_optical_depth	jwst_mcfost/output/h2o_3um_observation_v3/stellar_center_h2o_target_lsf_nodes_R2400_v3.tsv	bc54da8f9e376921527db29400677e165b6e2f4aed158fd3aaa5162a66b325a7	4fd107063f149800aa7c668dfe12dc16f4dd2bd990b23b977c6aff525573c326	3.1192136084987556	32	2	0.53333333333333333	Gaussian_in_log_lambda_constant_resolving_power	2400	3.1192136084987556	NIRSpec	G395H	G395H_run00	lambda_F_lambda_W_m-2	F_nu_Jy=lambda_F_lambda*lambda_um*1e20/c_m_s	F_nu_Jy	jwst_mcfost/runs/h2o_3um_method2_screen_v3/anchors/full_h2o/logical_target/h2o_3um_v3_w007/node02.lambda	2f0cc4061a98a8defbc37c26cbf096cc171d1d3c01c4865a971c12eb960ddc3b	expanded_n2401	1.9975051980918284	2401	2401	3003.7468767198525	1.2510399319949406	2.4822220872915486e-06	stellar_center	0.0	0.0	0.35	1	m2p25_c17p5_a0p40_q2p75_i0p05	2.25	2.75	c17p5	17.5	317.159480236321	100	1.0	7.3011756855e-08	70.0	0.03	0.4	128000	2	1	16	jwst_mcfost/runs/strict_continuum_cavity_mass_q_v1/models/m2p25_c17p5_a0p40_q2p75_i0p05/temperature/seed=41001/data_th/Temperature.fits.gz	1bd212f2f54dd8c1701a6064e129ba7fdb5721cb3fe296472433bbdd3b79ec1c	reused_accepted_continuum_temperature_screening_only_not_self_consistent_for_changed_dust	inside_h2o_optical_constants	feature_shape_scored	0.02	0.98	x0p02	0.05	full_h2o	32	6a9782b190ff558b9057b77e9d62ad973b7dd0d78b859db475e43dc1d9f470f2	h2o_selected_x0p02	jwst_mcfost/runs/h2o_3um_abundance_grid_v1/parameters/h2o_x0p02_rt.para	1bf5e1b037fd810c4a875a51ee0c868e9e1ba6045f3e673249945ce67707bbbc	selected_h2o_disjoint_dhs_abundance_grid_screening_dust	jwst_mcfost/runs/h2o_3um_abundance_grid_v1/tasks/x0p02/t032_h2o_3um_v3_w007_n02_s52001	817ec599813c613c7268d61c4decef61fd0420f64bc59823804ec6597bd8914d
33	full_h2o	52001	logical_target	h2o_3um_v3_w007	h2o_3um_v3_w007		h2o_feature_optical_depth	jwst_mcfost/output/h2o_3um_observation_v3/stellar_center_h2o_target_lsf_nodes_R2400_v3.tsv	bc54da8f9e376921527db29400677e165b6e2f4aed158fd3aaa5162a66b325a7	d46f8f7d7897957539e2922a5c66b8830eb9f288d3881e488c138b2b0f63fb75	3.1192136084987556	33	3	0.2220759220056126	Gaussian_in_log_lambda_constant_resolving_power	2400	3.1199618954743751	NIRSpec	G395H	G395H_run00	lambda_F_lambda_W_m-2	F_nu_Jy=lambda_F_lambda*lambda_um*1e20/c_m_s	F_nu_Jy	jwst_mcfost/runs/h2o_3um_method2_screen_v3/anchors/full_h2o/logical_target/h2o_3um_v3_w007/node03.lambda	bd836312f2f7a103d17822dd83cb21ee33ef61bc170b39accbd7180ea4a65c68	expanded_n2401	1.9975051980918284	2401	2401	3003.7468767198525	1.2510399319949406	2.4822220872915486e-06	stellar_center	0.0	0.0	0.35	1	m2p25_c17p5_a0p40_q2p75_i0p05	2.25	2.75	c17p5	17.5	317.159480236321	100	1.0	7.3011756855e-08	70.0	0.03	0.4	128000	2	1	16	jwst_mcfost/runs/strict_continuum_cavity_mass_q_v1/models/m2p25_c17p5_a0p40_q2p75_i0p05/temperature/seed=41001/data_th/Temperature.fits.gz	1bd212f2f54dd8c1701a6064e129ba7fdb5721cb3fe296472433bbdd3b79ec1c	reused_accepted_continuum_temperature_screening_only_not_self_consistent_for_changed_dust	inside_h2o_optical_constants	feature_shape_scored	0.02	0.98	x0p02	0.05	full_h2o	33	11747d4b889a6c222ef1889447fbdada7a74f6e8f0d9d5734fb076d0f50a4c7c	h2o_selected_x0p02	jwst_mcfost/runs/h2o_3um_abundance_grid_v1/parameters/h2o_x0p02_rt.para	1bf5e1b037fd810c4a875a51ee0c868e9e1ba6045f3e673249945ce67707bbbc	selected_h2o_disjoint_dhs_abundance_grid_screening_dust	jwst_mcfost/runs/h2o_3um_abundance_grid_v1/tasks/x0p02/t033_h2o_3um_v3_w007_n03_s52001	1d44795ba18d29007ed43ee81d8ca52211334f889e68bea588d52048e5dbd3eb
34	full_h2o	52001	logical_target	h2o_3um_v3_w007	h2o_3um_v3_w007		h2o_feature_optical_depth	jwst_mcfost/output/h2o_3um_observation_v3/stellar_center_h2o_target_lsf_nodes_R2400_v3.tsv	bc54da8f9e376921527db29400677e165b6e2f4aed158fd3aaa5162a66b325a7	d80c5d6aeb2f039b22917ec8c73f57f705998525a96ecde05ff410a39d971b90	3.1192136084987556	34	4	0.011257411327720693	Gaussian_in_log_lambda_constant_resolving_power	2400	3.1207908260811772	NIRSpec	G395H	G395H_run00	lambda_F_lambda_W_m-2	F_nu_Jy=lambda_F_lambda*lambda_um*1e20/c_m_s	F_nu_Jy	jwst_mcfost/runs/h2o_3um_method2_screen_v3/anchors/full_h2o/logical_target/h2o_3um_v3_w007/node04.lambda	277d2a0f864a1b5280fe67df42c47a1cde5b6f114917a18dbf630a01a3a18cbc	expanded_n2401	1.9975051980918284	2401	2401	3003.7468767198525	1.2510399319949406	2.4822220872915486e-06	stellar_center	0.0	0.0	0.35	1	m2p25_c17p5_a0p40_q2p75_i0p05	2.25	2.75	c17p5	17.5	317.159480236321	100	1.0	7.3011756855e-08	70.0	0.03	0.4	128000	2	1	16	jwst_mcfost/runs/strict_continuum_cavity_mass_q_v1/models/m2p25_c17p5_a0p40_q2p75_i0p05/temperature/seed=41001/data_th/Temperature.fits.gz	1bd212f2f54dd8c1701a6064e129ba7fdb5721cb3fe296472433bbdd3b79ec1c	reused_accepted_continuum_temperature_screening_only_not_self_consistent_for_changed_dust	inside_h2o_optical_constants	feature_shape_scored	0.02	0.98	x0p02	0.05	full_h2o	34	ad678e931d2e1b96d0e3b64478884713b13d49320c84047fbb90c1a6e01d6a3a	h2o_selected_x0p02	jwst_mcfost/runs/h2o_3um_abundance_grid_v1/parameters/h2o_x0p02_rt.para	1bf5e1b037fd810c4a875a51ee0c868e9e1ba6045f3e673249945ce67707bbbc	selected_h2o_disjoint_dhs_abundance_grid_screening_dust	jwst_mcfost/runs/h2o_3um_abundance_grid_v1/tasks/x0p02/t034_h2o_3um_v3_w007_n04_s52001	ad3c898ef26f1babc9e88b3bd231a5fc005bc729f3d7ba3c2ae2fb4b4239949f
35	full_h2o	52001	logical_target	h2o_3um_v3_w008	h2o_3um_v3_w008		h2o_feature_optical_depth	jwst_mcfost/output/h2o_3um_observation_v3/stellar_center_h2o_target_lsf_nodes_R2400_v3.tsv	bc54da8f9e376921527db29400677e165b6e2f4aed158fd3aaa5162a66b325a7	73361524e31f88369781915b661095d61e2d763650d07928435085146cda9523	3.1583025782429441	35	0	0.011257411327720693	Gaussian_in_log_lambda_constant_resolving_power	2400	3.156706402582794	NIRSpec	G395H	G395H_run00	lambda_F_lambda_W_m-2	F_nu_Jy=lambda_F_lambda*lambda_um*1e20/c_m_s	F_nu_Jy	jwst_mcfost/runs/h2o_3um_method2_screen_v3/anchors/full_h2o/logical_target/h2o_3um_v3_w008/node00.lambda	a26aef8bd1a5deae634ac6488bffa33881609b301831f9213508359c4f140e43	expanded_n2401	1.9975051980918284	2401	2401	3003.7468767198525	1.2510399319949406	2.4822220872915486e-06	stellar_center	0.0	0.0	0.35	1	m2p25_c17p5_a0p40_q2p75_i0p05	2.25	2.75	c17p5	17.5	317.159480236321	100	1.0	7.3011756855e-08	70.0	0.03	0.4	128000	2	1	16	jwst_mcfost/runs/strict_continuum_cavity_mass_q_v1/models/m2p25_c17p5_a0p40_q2p75_i0p05/temperature/seed=41001/data_th/Temperature.fits.gz	1bd212f2f54dd8c1701a6064e129ba7fdb5721cb3fe296472433bbdd3b79ec1c	reused_accepted_continuum_temperature_screening_only_not_self_consistent_for_changed_dust	inside_h2o_optical_constants	feature_shape_scored	0.02	0.98	x0p02	0.05	full_h2o	35	94a051a0a4fbf6b38be3cffba0c008c2f7797df220cd7f6fb5b3dbe6411e364b	h2o_selected_x0p02	jwst_mcfost/runs/h2o_3um_abundance_grid_v1/parameters/h2o_x0p02_rt.para	1bf5e1b037fd810c4a875a51ee0c868e9e1ba6045f3e673249945ce67707bbbc	selected_h2o_disjoint_dhs_abundance_grid_screening_dust	jwst_mcfost/runs/h2o_3um_abundance_grid_v1/tasks/x0p02/t035_h2o_3um_v3_w008_n00_s52001	4d1cda53e2332db16d3d062e8697927d2468e73281596de196a7ac9ca278d14e
36	full_h2o	52001	logical_target	h2o_3um_v3_w008	h2o_3um_v3_w008		h2o_feature_optical_depth	jwst_mcfost/output/h2o_3um_observation_v3/stellar_center_h2o_target_lsf_nodes_R2400_v3.tsv	bc54da8f9e376921527db29400677e165b6e2f4aed158fd3aaa5162a66b325a7	630e4a6e135ea1862fac5ff760dcef0ab9303d3dfbd0c223387120b22de833f9	3.1583025782429441	36	1	0.2220759220056126	Gaussian_in_log_lambda_constant_resolving_power	2400	3.1575450956955473	NIRSpec	G395H	G395H_run00	lambda_F_lambda_W_m-2	F_nu_Jy=lambda_F_lambda*lambda_um*1e20/c_m_s	F_nu_Jy	jwst_mcfost/runs/h2o_3um_method2_screen_v3/anchors/full_h2o/logical_target/h2o_3um_v3_w008/node01.lambda	c7bed5ecc044321b32068d2006cbebbd5886bfb7753a360d27221b24981ce09f	expanded_n2401	1.9975051980918284	2401	2401	3003.7468767198525	1.2510399319949406	2.4822220872915486e-06	stellar_center	0.0	0.0	0.35	1	m2p25_c17p5_a0p40_q2p75_i0p05	2.25	2.75	c17p5	17.5	317.159480236321	100	1.0	7.3011756855e-08	70.0	0.03	0.4	128000	2	1	16	jwst_mcfost/runs/strict_continuum_cavity_mass_q_v1/models/m2p25_c17p5_a0p40_q2p75_i0p05/temperature/seed=41001/data_th/Temperature.fits.gz	1bd212f2f54dd8c1701a6064e129ba7fdb5721cb3fe296472433bbdd3b79ec1c	reused_accepted_continuum_temperature_screening_only_not_self_consistent_for_changed_dust	inside_h2o_optical_constants	feature_shape_scored	0.02	0.98	x0p02	0.05	full_h2o	36	f65c101f93dd2ef1fc8485e5792ded3e225844bafc52dd4193a88d2660c5fdbf	h2o_selected_x0p02	jwst_mcfost/runs/h2o_3um_abundance_grid_v1/parameters/h2o_x0p02_rt.para	1bf5e1b037fd810c4a875a51ee0c868e9e1ba6045f3e673249945ce67707bbbc	selected_h2o_disjoint_dhs_abundance_grid_screening_dust	jwst_mcfost/runs/h2o_3um_abundance_grid_v1/tasks/x0p02/t036_h2o_3um_v3_w008_n01_s52001	735c604b1186991e6c6f7ac7da4942fbdc4f2ba5569ae21e06983d15b49e7cb8
37	full_h2o	52001	logical_target	h2o_3um_v3_w008	h2o_3um_v3_w008		h2o_feature_optical_depth	jwst_mcfost/output/h2o_3um_observation_v3/stellar_center_h2o_target_lsf_nodes_R2400_v3.tsv	bc54da8f9e376921527db29400677e165b6e2f4aed158fd3aaa5162a66b325a7	e34ea7b53b5abf55caefee6fe6ccb15d3039a1710d06e636caf204ac7c2d747f	3.1583025782429441	37	2	0.53333333333333333	Gaussian_in_log_lambda_constant_resolving_power	2400	3.1583025782429441	NIRSpec	G395H	G395H_run00	lambda_F_lambda_W_m-2	F_nu_Jy=lambda_F_lambda*lambda_um*1e20/c_m_s	F_nu_Jy	jwst_mcfost/runs/h2o_3um_method2_screen_v3/anchors/full_h2o/logical_target/h2o_3um_v3_w008/node02.lambda	472ec98e3ea99ec7e776bf1c5e9215ef16ff568537014aa9016a415a135a3a5d	expanded_n2401	1.9975051980918284	2401	2401	3003.7468767198525	1.2510399319949406	2.4822220872915486e-06	stellar_center	0.0	0.0	0.35	1	m2p25_c17p5_a0p40_q2p75_i0p05	2.25	2.75	c17p5	17.5	317.159480236321	100	1.0	7.3011756855e-08	70.0	0.03	0.4	128000	2	1	16	jwst_mcfost/runs/strict_continuum_cavity_mass_q_v1/models/m2p25_c17p5_a0p40_q2p75_i0p05/temperature/seed=41001/data_th/Temperature.fits.gz	1bd212f2f54dd8c1701a6064e129ba7fdb5721cb3fe296472433bbdd3b79ec1c	reused_accepted_continuum_temperature_screening_only_not_self_consistent_for_changed_dust	inside_h2o_optical_constants	feature_shape_scored	0.02	0.98	x0p02	0.05	full_h2o	37	445f2766149f2abf4e1cf4711b2eba2aa5b93919d5246935d25e118a92b34f3e	h2o_selected_x0p02	jwst_mcfost/runs/h2o_3um_abundance_grid_v1/parameters/h2o_x0p02_rt.para	1bf5e1b037fd810c4a875a51ee0c868e9e1ba6045f3e673249945ce67707bbbc	selected_h2o_disjoint_dhs_abundance_grid_screening_dust	jwst_mcfost/runs/h2o_3um_abundance_grid_v1/tasks/x0p02/t037_h2o_3um_v3_w008_n02_s52001	9e31d6c9004f67d5b36783d7ea566f0a3337a539de004bf89d0cb50051214fe9
38	full_h2o	52001	logical_target	h2o_3um_v3_w008	h2o_3um_v3_w008		h2o_feature_optical_depth	jwst_mcfost/output/h2o_3um_observation_v3/stellar_center_h2o_target_lsf_nodes_R2400_v3.tsv	bc54da8f9e376921527db29400677e165b6e2f4aed158fd3aaa5162a66b325a7	ec762f0620b58536a43e2be24f7a0d4fb603f454aa3f4f183e455dee764caa74	3.1583025782429441	38	3	0.2220759220056126	Gaussian_in_log_lambda_constant_resolving_power	2400	3.1590602425074001	NIRSpec	G395H	G395H_run00	lambda_F_lambda_W_m-2	F_nu_Jy=lambda_F_lambda*lambda_um*1e20/c_m_s	F_nu_Jy	jwst_mcfost/runs/h2o_3um_method2_screen_v3/anchors/full_h2o/logical_target/h2o_3um_v3_w008/node03.lambda	b8a2b16d6388856a7918c6f317b3c59b4d7e82bc0720188b7878ca527521695b	expanded_n2401	1.9975051980918284	2401	2401	3003.7468767198525	1.2510399319949406	2.4822220872915486e-06	stellar_center	0.0	0.0	0.35	1	m2p25_c17p5_a0p40_q2p75_i0p05	2.25	2.75	c17p5	17.5	317.159480236321	100	1.0	7.3011756855e-08	70.0	0.03	0.4	128000	2	1	16	jwst_mcfost/runs/strict_continuum_cavity_mass_q_v1/models/m2p25_c17p5_a0p40_q2p75_i0p05/temperature/seed=41001/data_th/Temperature.fits.gz	1bd212f2f54dd8c1701a6064e129ba7fdb5721cb3fe296472433bbdd3b79ec1c	reused_accepted_continuum_temperature_screening_only_not_self_consistent_for_changed_dust	inside_h2o_optical_constants	feature_shape_scored	0.02	0.98	x0p02	0.05	full_h2o	38	ad23618e7d68cc892f55e30a9d8814713b99b4be1fc89bea06b32da6dfa20644	h2o_selected_x0p02	jwst_mcfost/runs/h2o_3um_abundance_grid_v1/parameters/h2o_x0p02_rt.para	1bf5e1b037fd810c4a875a51ee0c868e9e1ba6045f3e673249945ce67707bbbc	selected_h2o_disjoint_dhs_abundance_grid_screening_dust	jwst_mcfost/runs/h2o_3um_abundance_grid_v1/tasks/x0p02/t038_h2o_3um_v3_w008_n03_s52001	aedd6196cab8a0711d58f0fca5e4071e1ee59bef6aaf467339bc9de268237129
39	full_h2o	52001	logical_target	h2o_3um_v3_w008	h2o_3um_v3_w008		h2o_feature_optical_depth	jwst_mcfost/output/h2o_3um_observation_v3/stellar_center_h2o_target_lsf_nodes_R2400_v3.tsv	bc54da8f9e376921527db29400677e165b6e2f4aed158fd3aaa5162a66b325a7	dd7174a2ed679855b8a80313d958bf88e48222be763650173e12d276db946149	3.1583025782429441	39	4	0.011257411327720693	Gaussian_in_log_lambda_constant_resolving_power	2400	3.1598995610027778	NIRSpec	G395H	G395H_run00	lambda_F_lambda_W_m-2	F_nu_Jy=lambda_F_lambda*lambda_um*1e20/c_m_s	F_nu_Jy	jwst_mcfost/runs/h2o_3um_method2_screen_v3/anchors/full_h2o/logical_target/h2o_3um_v3_w008/node04.lambda	eec10978988fe80b6b7dc2ae6e0e2a53ba338db86e833f2fad2f04b84c0c9d81	expanded_n2401	1.9975051980918284	2401	2401	3003.7468767198525	1.2510399319949406	2.4822220872915486e-06	stellar_center	0.0	0.0	0.35	1	m2p25_c17p5_a0p40_q2p75_i0p05	2.25	2.75	c17p5	17.5	317.159480236321	100	1.0	7.3011756855e-08	70.0	0.03	0.4	128000	2	1	16	jwst_mcfost/runs/strict_continuum_cavity_mass_q_v1/models/m2p25_c17p5_a0p40_q2p75_i0p05/temperature/seed=41001/data_th/Temperature.fits.gz	1bd212f2f54dd8c1701a6064e129ba7fdb5721cb3fe296472433bbdd3b79ec1c	reused_accepted_continuum_temperature_screening_only_not_self_consistent_for_changed_dust	inside_h2o_optical_constants	feature_shape_scored	0.02	0.98	x0p02	0.05	full_h2o	39	d9ece9b458737fda76b89c94508767643dbc6bf4ee8a2f6418a62b7c89a63999	h2o_selected_x0p02	jwst_mcfost/runs/h2o_3um_abundance_grid_v1/parameters/h2o_x0p02_rt.para	1bf5e1b037fd810c4a875a51ee0c868e9e1ba6045f3e673249945ce67707bbbc	selected_h2o_disjoint_dhs_abundance_grid_screening_dust	jwst_mcfost/runs/h2o_3um_abundance_grid_v1/tasks/x0p02/t039_h2o_3um_v3_w008_n04_s52001	be01ce749b7ddae5c8b31499521a1401b1c8243b00da85182189f07b2fde56b8
40	full_h2o	52001	logical_target	h2o_3um_v3_w009	h2o_3um_v3_w009		h2o_feature_optical_depth	jwst_mcfost/output/h2o_3um_observation_v3/stellar_center_h2o_target_lsf_nodes_R2400_v3.tsv	bc54da8f9e376921527db29400677e165b6e2f4aed158fd3aaa5162a66b325a7	8479b3628d9417fdf46a1e94ec43353eaf4001e22fd1419455f0cd85f99cb274	3.2181646979389318	40	0	0.011257411327720693	Gaussian_in_log_lambda_constant_resolving_power	2400	3.2165382685408774	NIRSpec	G395H	G395H_run00	lambda_F_lambda_W_m-2	F_nu_Jy=lambda_F_lambda*lambda_um*1e20/c_m_s	F_nu_Jy	jwst_mcfost/runs/h2o_3um_method2_screen_v3/anchors/full_h2o/logical_target/h2o_3um_v3_w009/node00.lambda	e41f946e14f22d10a8881ff9a9aec3f8a4d4699bb40b023e00feb52932d7f6a3	expanded_n2401	1.9975051980918284	2401	2401	3003.7468767198525	1.2510399319949406	2.4822220872915486e-06	stellar_center	0.0	0.0	0.35	1	m2p25_c17p5_a0p40_q2p75_i0p05	2.25	2.75	c17p5	17.5	317.159480236321	100	1.0	7.3011756855e-08	70.0	0.03	0.4	128000	2	1	16	jwst_mcfost/runs/strict_continuum_cavity_mass_q_v1/models/m2p25_c17p5_a0p40_q2p75_i0p05/temperature/seed=41001/data_th/Temperature.fits.gz	1bd212f2f54dd8c1701a6064e129ba7fdb5721cb3fe296472433bbdd3b79ec1c	reused_accepted_continuum_temperature_screening_only_not_self_consistent_for_changed_dust	inside_h2o_optical_constants	feature_shape_scored	0.02	0.98	x0p02	0.05	full_h2o	40	9e7c9875f11886f0cc5498340c644e4582a74f61f2e543f83a91bb21e079b32d	h2o_selected_x0p02	jwst_mcfost/runs/h2o_3um_abundance_grid_v1/parameters/h2o_x0p02_rt.para	1bf5e1b037fd810c4a875a51ee0c868e9e1ba6045f3e673249945ce67707bbbc	selected_h2o_disjoint_dhs_abundance_grid_screening_dust	jwst_mcfost/runs/h2o_3um_abundance_grid_v1/tasks/x0p02/t040_h2o_3um_v3_w009_n00_s52001	ba780dd3ada04976e2060514e2b04e9487479a133654d60b9f2c8c523dd4a76d
41	full_h2o	52001	logical_target	h2o_3um_v3_w009	h2o_3um_v3_w009		h2o_feature_optical_depth	jwst_mcfost/output/h2o_3um_observation_v3/stellar_center_h2o_target_lsf_nodes_R2400_v3.tsv	bc54da8f9e376921527db29400677e165b6e2f4aed158fd3aaa5162a66b325a7	355c4174639a91297982170c3e76c9e57a0839c3838a3eb94836b359e9799e8e	3.2181646979389318	41	1	0.2220759220056126	Gaussian_in_log_lambda_constant_resolving_power	2400	3.2173928581506446	NIRSpec	G395H	G395H_run00	lambda_F_lambda_W_m-2	F_nu_Jy=lambda_F_lambda*lambda_um*1e20/c_m_s	F_nu_Jy	jwst_mcfost/runs/h2o_3um_method2_screen_v3/anchors/full_h2o/logical_target/h2o_3um_v3_w009/node01.lambda	2dc4b8a40177fb304ce53dad5cd7517d70837c255bdc0c552595790f5fa1e8a8	expanded_n2401	1.9975051980918284	2401	2401	3003.7468767198525	1.2510399319949406	2.4822220872915486e-06	stellar_center	0.0	0.0	0.35	1	m2p25_c17p5_a0p40_q2p75_i0p05	2.25	2.75	c17p5	17.5	317.159480236321	100	1.0	7.3011756855e-08	70.0	0.03	0.4	128000	2	1	16	jwst_mcfost/runs/strict_continuum_cavity_mass_q_v1/models/m2p25_c17p5_a0p40_q2p75_i0p05/temperature/seed=41001/data_th/Temperature.fits.gz	1bd212f2f54dd8c1701a6064e129ba7fdb5721cb3fe296472433bbdd3b79ec1c	reused_accepted_continuum_temperature_screening_only_not_self_consistent_for_changed_dust	inside_h2o_optical_constants	feature_shape_scored	0.02	0.98	x0p02	0.05	full_h2o	41	c117d7c7224d8350964cd5681a4af50bf9fa7cb24a02383dece4dc4ba38844b0	h2o_selected_x0p02	jwst_mcfost/runs/h2o_3um_abundance_grid_v1/parameters/h2o_x0p02_rt.para	1bf5e1b037fd810c4a875a51ee0c868e9e1ba6045f3e673249945ce67707bbbc	selected_h2o_disjoint_dhs_abundance_grid_screening_dust	jwst_mcfost/runs/h2o_3um_abundance_grid_v1/tasks/x0p02/t041_h2o_3um_v3_w009_n01_s52001	47e5f95a3c6bbe04262d9c5965f7e73b50157cd356eb6364a6c48b5e9c44fda4
42	full_h2o	52001	logical_target	h2o_3um_v3_w009	h2o_3um_v3_w009		h2o_feature_optical_depth	jwst_mcfost/output/h2o_3um_observation_v3/stellar_center_h2o_target_lsf_nodes_R2400_v3.tsv	bc54da8f9e376921527db29400677e165b6e2f4aed158fd3aaa5162a66b325a7	1d36308d24a14e68b1b6ff42879e2db215e7ce4e819ae523fb9b8e43e202a2a1	3.2181646979389318	42	2	0.53333333333333333	Gaussian_in_log_lambda_constant_resolving_power	2400	3.2181646979389318	NIRSpec	G395H	G395H_run00	lambda_F_lambda_W_m-2	F_nu_Jy=lambda_F_lambda*lambda_um*1e20/c_m_s	F_nu_Jy	jwst_mcfost/runs/h2o_3um_method2_screen_v3/anchors/full_h2o/logical_target/h2o_3um_v3_w009/node02.lambda	d51a0f04b8f2d4ff4db044a954980259b4dda2b544d5e29683c084b881fdeebd	expanded_n2401	1.9975051980918284	2401	2401	3003.7468767198525	1.2510399319949406	2.4822220872915486e-06	stellar_center	0.0	0.0	0.35	1	m2p25_c17p5_a0p40_q2p75_i0p05	2.25	2.75	c17p5	17.5	317.159480236321	100	1.0	7.3011756855e-08	70.0	0.03	0.4	128000	2	1	16	jwst_mcfost/runs/strict_continuum_cavity_mass_q_v1/models/m2p25_c17p5_a0p40_q2p75_i0p05/temperature/seed=41001/data_th/Temperature.fits.gz	1bd212f2f54dd8c1701a6064e129ba7fdb5721cb3fe296472433bbdd3b79ec1c	reused_accepted_continuum_temperature_screening_only_not_self_consistent_for_changed_dust	inside_h2o_optical_constants	feature_shape_scored	0.02	0.98	x0p02	0.05	full_h2o	42	628e171baff79e43322f7a3c2564c0c31a2bc1a92ef164e19b1b5fbf67f644a2	h2o_selected_x0p02	jwst_mcfost/runs/h2o_3um_abundance_grid_v1/parameters/h2o_x0p02_rt.para	1bf5e1b037fd810c4a875a51ee0c868e9e1ba6045f3e673249945ce67707bbbc	selected_h2o_disjoint_dhs_abundance_grid_screening_dust	jwst_mcfost/runs/h2o_3um_abundance_grid_v1/tasks/x0p02/t042_h2o_3um_v3_w009_n02_s52001	a6071d053bf607cd029d14cc6e760c215e7e3f3d26d340067a59bfe19a9f8639
43	full_h2o	52001	logical_target	h2o_3um_v3_w009	h2o_3um_v3_w009		h2o_feature_optical_depth	jwst_mcfost/output/h2o_3um_observation_v3/stellar_center_h2o_target_lsf_nodes_R2400_v3.tsv	bc54da8f9e376921527db29400677e165b6e2f4aed158fd3aaa5162a66b325a7	65bc288e591708e5bd3d4895856f85871facfdb807a7e4e90170726022a83961	3.2181646979389318	43	3	0.2220759220056126	Gaussian_in_log_lambda_constant_resolving_power	2400	3.2189367228885231	NIRSpec	G395H	G395H_run00	lambda_F_lambda_W_m-2	F_nu_Jy=lambda_F_lambda*lambda_um*1e20/c_m_s	F_nu_Jy	jwst_mcfost/runs/h2o_3um_method2_screen_v3/anchors/full_h2o/logical_target/h2o_3um_v3_w009/node03.lambda	18be5eb524d3d5370c50dc2e1de1cb0de77cf870e2a15b2f718dd1efa4f2011d	expanded_n2401	1.9975051980918284	2401	2401	3003.7468767198525	1.2510399319949406	2.4822220872915486e-06	stellar_center	0.0	0.0	0.35	1	m2p25_c17p5_a0p40_q2p75_i0p05	2.25	2.75	c17p5	17.5	317.159480236321	100	1.0	7.3011756855e-08	70.0	0.03	0.4	128000	2	1	16	jwst_mcfost/runs/strict_continuum_cavity_mass_q_v1/models/m2p25_c17p5_a0p40_q2p75_i0p05/temperature/seed=41001/data_th/Temperature.fits.gz	1bd212f2f54dd8c1701a6064e129ba7fdb5721cb3fe296472433bbdd3b79ec1c	reused_accepted_continuum_temperature_screening_only_not_self_consistent_for_changed_dust	inside_h2o_optical_constants	feature_shape_scored	0.02	0.98	x0p02	0.05	full_h2o	43	fd9fb5e99c8437ce2987fe94f2819c59add991a675c7027edb03dc6c310a2ee2	h2o_selected_x0p02	jwst_mcfost/runs/h2o_3um_abundance_grid_v1/parameters/h2o_x0p02_rt.para	1bf5e1b037fd810c4a875a51ee0c868e9e1ba6045f3e673249945ce67707bbbc	selected_h2o_disjoint_dhs_abundance_grid_screening_dust	jwst_mcfost/runs/h2o_3um_abundance_grid_v1/tasks/x0p02/t043_h2o_3um_v3_w009_n03_s52001	37c423e4a5f922ac442143695b43bf8391e7837b4ad898cad3b71dbd8a64ed74
44	full_h2o	52001	logical_target	h2o_3um_v3_w009	h2o_3um_v3_w009		h2o_feature_optical_depth	jwst_mcfost/output/h2o_3um_observation_v3/stellar_center_h2o_target_lsf_nodes_R2400_v3.tsv	bc54da8f9e376921527db29400677e165b6e2f4aed158fd3aaa5162a66b325a7	829de0f4ca8071bc3809d2d0a498a9b111a1be57db5ba5553fb10499e1249174	3.2181646979389318	44	4	0.011257411327720693	Gaussian_in_log_lambda_constant_resolving_power	2400	3.2197919497343483	NIRSpec	G395H	G395H_run00	lambda_F_lambda_W_m-2	F_nu_Jy=lambda_F_lambda*lambda_um*1e20/c_m_s	F_nu_Jy	jwst_mcfost/runs/h2o_3um_method2_screen_v3/anchors/full_h2o/logical_target/h2o_3um_v3_w009/node04.lambda	9fed9201c6445aa51cf58a3af97ef00c5933459669ce387a3432548a86cb0ef4	expanded_n2401	1.9975051980918284	2401	2401	3003.7468767198525	1.2510399319949406	2.4822220872915486e-06	stellar_center	0.0	0.0	0.35	1	m2p25_c17p5_a0p40_q2p75_i0p05	2.25	2.75	c17p5	17.5	317.159480236321	100	1.0	7.3011756855e-08	70.0	0.03	0.4	128000	2	1	16	jwst_mcfost/runs/strict_continuum_cavity_mass_q_v1/models/m2p25_c17p5_a0p40_q2p75_i0p05/temperature/seed=41001/data_th/Temperature.fits.gz	1bd212f2f54dd8c1701a6064e129ba7fdb5721cb3fe296472433bbdd3b79ec1c	reused_accepted_continuum_temperature_screening_only_not_self_consistent_for_changed_dust	inside_h2o_optical_constants	feature_shape_scored	0.02	0.98	x0p02	0.05	full_h2o	44	4fa9ed03c994bee695dc7a728f51091c62943ed49aad7554fae976b909dd9a94	h2o_selected_x0p02	jwst_mcfost/runs/h2o_3um_abundance_grid_v1/parameters/h2o_x0p02_rt.para	1bf5e1b037fd810c4a875a51ee0c868e9e1ba6045f3e673249945ce67707bbbc	selected_h2o_disjoint_dhs_abundance_grid_screening_dust	jwst_mcfost/runs/h2o_3um_abundance_grid_v1/tasks/x0p02/t044_h2o_3um_v3_w009_n04_s52001	93e728b752a1c2dcb9b67859c0976e852d57594d78873148bb300c7d9b2fc9bb
45	full_h2o	52001	logical_target	h2o_3um_v3_w010	h2o_3um_v3_w010		h2o_feature_optical_depth	jwst_mcfost/output/h2o_3um_observation_v3/stellar_center_h2o_target_lsf_nodes_R2400_v3.tsv	bc54da8f9e376921527db29400677e165b6e2f4aed158fd3aaa5162a66b325a7	e4e3e7b745bb2cc66c48bf5848ccaf477eb92ed36fe9394da7e897874a3b75cd	3.2961688801068254	45	0	0.011257411327720693	Gaussian_in_log_lambda_constant_resolving_power	2400	3.2945030281474801	NIRSpec	G395H	G395H_run00	lambda_F_lambda_W_m-2	F_nu_Jy=lambda_F_lambda*lambda_um*1e20/c_m_s	F_nu_Jy	jwst_mcfost/runs/h2o_3um_method2_screen_v3/anchors/full_h2o/logical_target/h2o_3um_v3_w010/node00.lambda	e2ddbd618c2c3a79c6e938d188d633981b31e62465d62cb52c4e349f6654e9cb	expanded_n2401	1.9975051980918284	2401	2401	3003.7468767198525	1.2510399319949406	2.4822220872915486e-06	stellar_center	0.0	0.0	0.35	1	m2p25_c17p5_a0p40_q2p75_i0p05	2.25	2.75	c17p5	17.5	317.159480236321	100	1.0	7.3011756855e-08	70.0	0.03	0.4	128000	2	1	16	jwst_mcfost/runs/strict_continuum_cavity_mass_q_v1/models/m2p25_c17p5_a0p40_q2p75_i0p05/temperature/seed=41001/data_th/Temperature.fits.gz	1bd212f2f54dd8c1701a6064e129ba7fdb5721cb3fe296472433bbdd3b79ec1c	reused_accepted_continuum_temperature_screening_only_not_self_consistent_for_changed_dust	inside_h2o_optical_constants	feature_shape_scored	0.02	0.98	x0p02	0.05	full_h2o	45	ba043cfe124065594244cf942d7f6cd42cd5ca130b037b2289e0cb0e0b668cbd	h2o_selected_x0p02	jwst_mcfost/runs/h2o_3um_abundance_grid_v1/parameters/h2o_x0p02_rt.para	1bf5e1b037fd810c4a875a51ee0c868e9e1ba6045f3e673249945ce67707bbbc	selected_h2o_disjoint_dhs_abundance_grid_screening_dust	jwst_mcfost/runs/h2o_3um_abundance_grid_v1/tasks/x0p02/t045_h2o_3um_v3_w010_n00_s52001	caf37f89e521f0fb4ef4d2476e1ae9b62b2fdfd7c4a3efe02686e2949161ce6c
46	full_h2o	52001	logical_target	h2o_3um_v3_w010	h2o_3um_v3_w010		h2o_feature_optical_depth	jwst_mcfost/output/h2o_3um_observation_v3/stellar_center_h2o_target_lsf_nodes_R2400_v3.tsv	bc54da8f9e376921527db29400677e165b6e2f4aed158fd3aaa5162a66b325a7	f794598e03a9a230745449239c50f51a9a50d022f4c651cd36716e3fc718d794	3.2961688801068254	46	1	0.2220759220056126	Gaussian_in_log_lambda_constant_resolving_power	2400	3.2953783319126297	NIRSpec	G395H	G395H_run00	lambda_F_lambda_W_m-2	F_nu_Jy=lambda_F_lambda*lambda_um*1e20/c_m_s	F_nu_Jy	jwst_mcfost/runs/h2o_3um_method2_screen_v3/anchors/full_h2o/logical_target/h2o_3um_v3_w010/node01.lambda	08be09f83ed4b9ef484fdde363c98b19d1ecc53afad79a1efec604a72b296edd	expanded_n2401	1.9975051980918284	2401	2401	3003.7468767198525	1.2510399319949406	2.4822220872915486e-06	stellar_center	0.0	0.0	0.35	1	m2p25_c17p5_a0p40_q2p75_i0p05	2.25	2.75	c17p5	17.5	317.159480236321	100	1.0	7.3011756855e-08	70.0	0.03	0.4	128000	2	1	16	jwst_mcfost/runs/strict_continuum_cavity_mass_q_v1/models/m2p25_c17p5_a0p40_q2p75_i0p05/temperature/seed=41001/data_th/Temperature.fits.gz	1bd212f2f54dd8c1701a6064e129ba7fdb5721cb3fe296472433bbdd3b79ec1c	reused_accepted_continuum_temperature_screening_only_not_self_consistent_for_changed_dust	inside_h2o_optical_constants	feature_shape_scored	0.02	0.98	x0p02	0.05	full_h2o	46	3f069d85315de7046e94f7f8732773d84d222b02873050cf5964db4e711d2828	h2o_selected_x0p02	jwst_mcfost/runs/h2o_3um_abundance_grid_v1/parameters/h2o_x0p02_rt.para	1bf5e1b037fd810c4a875a51ee0c868e9e1ba6045f3e673249945ce67707bbbc	selected_h2o_disjoint_dhs_abundance_grid_screening_dust	jwst_mcfost/runs/h2o_3um_abundance_grid_v1/tasks/x0p02/t046_h2o_3um_v3_w010_n01_s52001	ae4f4b931409ad8d967db368fcea34b8d4ec1b234d1fec2b7217399eb3b9f9c4
47	full_h2o	52001	logical_target	h2o_3um_v3_w010	h2o_3um_v3_w010		h2o_feature_optical_depth	jwst_mcfost/output/h2o_3um_observation_v3/stellar_center_h2o_target_lsf_nodes_R2400_v3.tsv	bc54da8f9e376921527db29400677e165b6e2f4aed158fd3aaa5162a66b325a7	35e59b25dde0679fe1f4cadaa37cd22a468a1e036bb9b30d9c5eeda3711e6cf1	3.2961688801068254	47	2	0.53333333333333333	Gaussian_in_log_lambda_constant_resolving_power	2400	3.2961688801068254	NIRSpec	G395H	G395H_run00	lambda_F_lambda_W_m-2	F_nu_Jy=lambda_F_lambda*lambda_um*1e20/c_m_s	F_nu_Jy	jwst_mcfost/runs/h2o_3um_method2_screen_v3/anchors/full_h2o/logical_target/h2o_3um_v3_w010/node02.lambda	c16844f6196b6a30d76ef41da199c1ad35170cafa57e1a5b0f201ee14a68c71b	expanded_n2401	1.9975051980918284	2401	2401	3003.7468767198525	1.2510399319949406	2.4822220872915486e-06	stellar_center	0.0	0.0	0.35	1	m2p25_c17p5_a0p40_q2p75_i0p05	2.25	2.75	c17p5	17.5	317.159480236321	100	1.0	7.3011756855e-08	70.0	0.03	0.4	128000	2	1	16	jwst_mcfost/runs/strict_continuum_cavity_mass_q_v1/models/m2p25_c17p5_a0p40_q2p75_i0p05/temperature/seed=41001/data_th/Temperature.fits.gz	1bd212f2f54dd8c1701a6064e129ba7fdb5721cb3fe296472433bbdd3b79ec1c	reused_accepted_continuum_temperature_screening_only_not_self_consistent_for_changed_dust	inside_h2o_optical_constants	feature_shape_scored	0.02	0.98	x0p02	0.05	full_h2o	47	519c6dac30597d3d12ceaebd1089a1d2e72975857a26507696e50977f1337614	h2o_selected_x0p02	jwst_mcfost/runs/h2o_3um_abundance_grid_v1/parameters/h2o_x0p02_rt.para	1bf5e1b037fd810c4a875a51ee0c868e9e1ba6045f3e673249945ce67707bbbc	selected_h2o_disjoint_dhs_abundance_grid_screening_dust	jwst_mcfost/runs/h2o_3um_abundance_grid_v1/tasks/x0p02/t047_h2o_3um_v3_w010_n02_s52001	6d56adec211afe4a3512b70c866075b8097343c28bedc5b82e7006f95cd51540
48	full_h2o	52001	logical_target	h2o_3um_v3_w010	h2o_3um_v3_w010		h2o_feature_optical_depth	jwst_mcfost/output/h2o_3um_observation_v3/stellar_center_h2o_target_lsf_nodes_R2400_v3.tsv	bc54da8f9e376921527db29400677e165b6e2f4aed158fd3aaa5162a66b325a7	145194528fff639ca7d592adbf9206633648460676308ec60d98f20916cef9c6	3.2961688801068254	48	3	0.2220759220056126	Gaussian_in_log_lambda_constant_resolving_power	2400	3.2969596179503977	NIRSpec	G395H	G395H_run00	lambda_F_lambda_W_m-2	F_nu_Jy=lambda_F_lambda*lambda_um*1e20/c_m_s	F_nu_Jy	jwst_mcfost/runs/h2o_3um_method2_screen_v3/anchors/full_h2o/logical_target/h2o_3um_v3_w010/node03.lambda	4bb6f4e975708a5648c155bdc3d2727c6533f5f4aa5a0148eb20bb6fde17d830	expanded_n2401	1.9975051980918284	2401	2401	3003.7468767198525	1.2510399319949406	2.4822220872915486e-06	stellar_center	0.0	0.0	0.35	1	m2p25_c17p5_a0p40_q2p75_i0p05	2.25	2.75	c17p5	17.5	317.159480236321	100	1.0	7.3011756855e-08	70.0	0.03	0.4	128000	2	1	16	jwst_mcfost/runs/strict_continuum_cavity_mass_q_v1/models/m2p25_c17p5_a0p40_q2p75_i0p05/temperature/seed=41001/data_th/Temperature.fits.gz	1bd212f2f54dd8c1701a6064e129ba7fdb5721cb3fe296472433bbdd3b79ec1c	reused_accepted_continuum_temperature_screening_only_not_self_consistent_for_changed_dust	inside_h2o_optical_constants	feature_shape_scored	0.02	0.98	x0p02	0.05	full_h2o	48	667412a6c255a21f3dfc10b8d9d4e762e3633c188f28b902d6c7a54443d1e5ce	h2o_selected_x0p02	jwst_mcfost/runs/h2o_3um_abundance_grid_v1/parameters/h2o_x0p02_rt.para	1bf5e1b037fd810c4a875a51ee0c868e9e1ba6045f3e673249945ce67707bbbc	selected_h2o_disjoint_dhs_abundance_grid_screening_dust	jwst_mcfost/runs/h2o_3um_abundance_grid_v1/tasks/x0p02/t048_h2o_3um_v3_w010_n03_s52001	44f3b14503e4612a66be7fb19caf31b7d34fb8ce9175b1696caee53c0ab9a249
49	full_h2o	52001	logical_target	h2o_3um_v3_w010	h2o_3um_v3_w010		h2o_feature_optical_depth	jwst_mcfost/output/h2o_3um_observation_v3/stellar_center_h2o_target_lsf_nodes_R2400_v3.tsv	bc54da8f9e376921527db29400677e165b6e2f4aed158fd3aaa5162a66b325a7	aa7b63886376e45069c3a5194d73e1c6e589b7ef46a8d1c5df39e17830366770	3.2961688801068254	49	4	0.011257411327720693	Gaussian_in_log_lambda_constant_resolving_power	2400	3.2978355743973897	NIRSpec	G395H	G395H_run00	lambda_F_lambda_W_m-2	F_nu_Jy=lambda_F_lambda*lambda_um*1e20/c_m_s	F_nu_Jy	jwst_mcfost/runs/h2o_3um_method2_screen_v3/anchors/full_h2o/logical_target/h2o_3um_v3_w010/node04.lambda	8ef66117ab8d7f5ff2c12c2ba91efe90e0ca1d9afc38ff7e333d1535668f307b	expanded_n2401	1.9975051980918284	2401	2401	3003.7468767198525	1.2510399319949406	2.4822220872915486e-06	stellar_center	0.0	0.0	0.35	1	m2p25_c17p5_a0p40_q2p75_i0p05	2.25	2.75	c17p5	17.5	317.159480236321	100	1.0	7.3011756855e-08	70.0	0.03	0.4	128000	2	1	16	jwst_mcfost/runs/strict_continuum_cavity_mass_q_v1/models/m2p25_c17p5_a0p40_q2p75_i0p05/temperature/seed=41001/data_th/Temperature.fits.gz	1bd212f2f54dd8c1701a6064e129ba7fdb5721cb3fe296472433bbdd3b79ec1c	reused_accepted_continuum_temperature_screening_only_not_self_consistent_for_changed_dust	inside_h2o_optical_constants	feature_shape_scored	0.02	0.98	x0p02	0.05	full_h2o	49	59f6e700b50aa86732a9de00a667f6ad3755472ffbf0c8dad457f314a5ee3b3c	h2o_selected_x0p02	jwst_mcfost/runs/h2o_3um_abundance_grid_v1/parameters/h2o_x0p02_rt.para	1bf5e1b037fd810c4a875a51ee0c868e9e1ba6045f3e673249945ce67707bbbc	selected_h2o_disjoint_dhs_abundance_grid_screening_dust	jwst_mcfost/runs/h2o_3um_abundance_grid_v1/tasks/x0p02/t049_h2o_3um_v3_w010_n04_s52001	acbefe8ba33f4f8d3055206fea38c6324b8e7f3ef1ae3ff90081eab5806d171d
50	full_h2o	52001	logical_target	h2o_3um_v3_w011	h2o_3um_v3_w011		h2o_feature_optical_depth	jwst_mcfost/output/h2o_3um_observation_v3/stellar_center_h2o_target_lsf_nodes_R2400_v3.tsv	bc54da8f9e376921527db29400677e165b6e2f4aed158fd3aaa5162a66b325a7	f77e1ee269084a22dd808cdda1873c865bdb7b3194ea98e0a11cb35f6355cdb2	3.5744323010028149	50	0	0.011257411327720693	Gaussian_in_log_lambda_constant_resolving_power	2400	3.5726258173944934	NIRSpec	G395H	G395H_run00	lambda_F_lambda_W_m-2	F_nu_Jy=lambda_F_lambda*lambda_um*1e20/c_m_s	F_nu_Jy	jwst_mcfost/runs/h2o_3um_method2_screen_v3/anchors/full_h2o/logical_target/h2o_3um_v3_w011/node00.lambda	056d085f2250246eda617755302a06563ff339f5a0859cd1f7c37d52fe9e89b1	expanded_n2401	1.9975051980918284	2401	2401	3003.7468767198525	1.2510399319949406	2.4822220872915486e-06	stellar_center	0.0	0.0	0.35	1	m2p25_c17p5_a0p40_q2p75_i0p05	2.25	2.75	c17p5	17.5	317.159480236321	100	1.0	7.3011756855e-08	70.0	0.03	0.4	128000	2	1	16	jwst_mcfost/runs/strict_continuum_cavity_mass_q_v1/models/m2p25_c17p5_a0p40_q2p75_i0p05/temperature/seed=41001/data_th/Temperature.fits.gz	1bd212f2f54dd8c1701a6064e129ba7fdb5721cb3fe296472433bbdd3b79ec1c	reused_accepted_continuum_temperature_screening_only_not_self_consistent_for_changed_dust	inside_h2o_optical_constants	continuum_wing_nuisance_not_scored	0.02	0.98	x0p02	0.05	full_h2o	50	825f06a33c696efcdb0680a6cada7917cde39eaf510294ad250c0d317e7f63a5	h2o_selected_x0p02	jwst_mcfost/runs/h2o_3um_abundance_grid_v1/parameters/h2o_x0p02_rt.para	1bf5e1b037fd810c4a875a51ee0c868e9e1ba6045f3e673249945ce67707bbbc	selected_h2o_disjoint_dhs_abundance_grid_screening_dust	jwst_mcfost/runs/h2o_3um_abundance_grid_v1/tasks/x0p02/t050_h2o_3um_v3_w011_n00_s52001	66c400e0f2eb56bd7bf1c823cd3dbcd6a6e4ac190eea72f0e017eb95ce4cfdd6
51	full_h2o	52001	logical_target	h2o_3um_v3_w011	h2o_3um_v3_w011		h2o_feature_optical_depth	jwst_mcfost/output/h2o_3um_observation_v3/stellar_center_h2o_target_lsf_nodes_R2400_v3.tsv	bc54da8f9e376921527db29400677e165b6e2f4aed158fd3aaa5162a66b325a7	896bb17127e4315e28c714b23705363a98a26132560e1059867ede44b0bc9efc	3.5744323010028149	51	1	0.2220759220056126	Gaussian_in_log_lambda_constant_resolving_power	2400	3.5735750145276324	NIRSpec	G395H	G395H_run00	lambda_F_lambda_W_m-2	F_nu_Jy=lambda_F_lambda*lambda_um*1e20/c_m_s	F_nu_Jy	jwst_mcfost/runs/h2o_3um_method2_screen_v3/anchors/full_h2o/logical_target/h2o_3um_v3_w011/node01.lambda	8662342337a6bec65683e86fa2b2a979225e52abf507e242e1025ff10420b635	expanded_n2401	1.9975051980918284	2401	2401	3003.7468767198525	1.2510399319949406	2.4822220872915486e-06	stellar_center	0.0	0.0	0.35	1	m2p25_c17p5_a0p40_q2p75_i0p05	2.25	2.75	c17p5	17.5	317.159480236321	100	1.0	7.3011756855e-08	70.0	0.03	0.4	128000	2	1	16	jwst_mcfost/runs/strict_continuum_cavity_mass_q_v1/models/m2p25_c17p5_a0p40_q2p75_i0p05/temperature/seed=41001/data_th/Temperature.fits.gz	1bd212f2f54dd8c1701a6064e129ba7fdb5721cb3fe296472433bbdd3b79ec1c	reused_accepted_continuum_temperature_screening_only_not_self_consistent_for_changed_dust	inside_h2o_optical_constants	continuum_wing_nuisance_not_scored	0.02	0.98	x0p02	0.05	full_h2o	51	3028a7fccad64a9a347b01c11213fc74d5a7c9eb80e3b813aa7b400d7e369294	h2o_selected_x0p02	jwst_mcfost/runs/h2o_3um_abundance_grid_v1/parameters/h2o_x0p02_rt.para	1bf5e1b037fd810c4a875a51ee0c868e9e1ba6045f3e673249945ce67707bbbc	selected_h2o_disjoint_dhs_abundance_grid_screening_dust	jwst_mcfost/runs/h2o_3um_abundance_grid_v1/tasks/x0p02/t051_h2o_3um_v3_w011_n01_s52001	b2c49b84e27adf2fc8cff0b3bad58fb1f71ac96d16f936c99f14b52b3118d229
52	full_h2o	52001	logical_target	h2o_3um_v3_w011	h2o_3um_v3_w011		h2o_feature_optical_depth	jwst_mcfost/output/h2o_3um_observation_v3/stellar_center_h2o_target_lsf_nodes_R2400_v3.tsv	bc54da8f9e376921527db29400677e165b6e2f4aed158fd3aaa5162a66b325a7	2a3a0cdefb7019c2fe3f0a0bacbeb9f2e9fff72138c73be340e09afd0ab39104	3.5744323010028149	52	2	0.53333333333333333	Gaussian_in_log_lambda_constant_resolving_power	2400	3.5744323010028149	NIRSpec	G395H	G395H_run00	lambda_F_lambda_W_m-2	F_nu_Jy=lambda_F_lambda*lambda_um*1e20/c_m_s	F_nu_Jy	jwst_mcfost/runs/h2o_3um_method2_screen_v3/anchors/full_h2o/logical_target/h2o_3um_v3_w011/node02.lambda	6e1d7a4449544f7c599611a3f686861c29391687e12a2d6688b12a50c3dd67df	expanded_n2401	1.9975051980918284	2401	2401	3003.7468767198525	1.2510399319949406	2.4822220872915486e-06	stellar_center	0.0	0.0	0.35	1	m2p25_c17p5_a0p40_q2p75_i0p05	2.25	2.75	c17p5	17.5	317.159480236321	100	1.0	7.3011756855e-08	70.0	0.03	0.4	128000	2	1	16	jwst_mcfost/runs/strict_continuum_cavity_mass_q_v1/models/m2p25_c17p5_a0p40_q2p75_i0p05/temperature/seed=41001/data_th/Temperature.fits.gz	1bd212f2f54dd8c1701a6064e129ba7fdb5721cb3fe296472433bbdd3b79ec1c	reused_accepted_continuum_temperature_screening_only_not_self_consistent_for_changed_dust	inside_h2o_optical_constants	continuum_wing_nuisance_not_scored	0.02	0.98	x0p02	0.05	full_h2o	52	0c43fb61db1eec068a54a0b745cfe280ff4417d9fb9e2704079a9d961da56940	h2o_selected_x0p02	jwst_mcfost/runs/h2o_3um_abundance_grid_v1/parameters/h2o_x0p02_rt.para	1bf5e1b037fd810c4a875a51ee0c868e9e1ba6045f3e673249945ce67707bbbc	selected_h2o_disjoint_dhs_abundance_grid_screening_dust	jwst_mcfost/runs/h2o_3um_abundance_grid_v1/tasks/x0p02/t052_h2o_3um_v3_w011_n02_s52001	3c4b88be68d076864c2eb33fd79a22bc69954340d3f4b388f0c495209add318a
53	full_h2o	52001	logical_target	h2o_3um_v3_w011	h2o_3um_v3_w011		h2o_feature_optical_depth	jwst_mcfost/output/h2o_3um_observation_v3/stellar_center_h2o_target_lsf_nodes_R2400_v3.tsv	bc54da8f9e376921527db29400677e165b6e2f4aed158fd3aaa5162a66b325a7	513ae13dc1c458a2063b52f299ad22b6ea530aa6ef26db5c058b4e33383778e6	3.5744323010028149	53	3	0.2220759220056126	Gaussian_in_log_lambda_constant_resolving_power	2400	3.5752897931376233	NIRSpec	G395H	G395H_run00	lambda_F_lambda_W_m-2	F_nu_Jy=lambda_F_lambda*lambda_um*1e20/c_m_s	F_nu_Jy	jwst_mcfost/runs/h2o_3um_method2_screen_v3/anchors/full_h2o/logical_target/h2o_3um_v3_w011/node03.lambda	09fe7051a3c425ef2a877f74c26ad7cfb24edc8806b961ec97ebd988f5e0a5b8	expanded_n2401	1.9975051980918284	2401	2401	3003.7468767198525	1.2510399319949406	2.4822220872915486e-06	stellar_center	0.0	0.0	0.35	1	m2p25_c17p5_a0p40_q2p75_i0p05	2.25	2.75	c17p5	17.5	317.159480236321	100	1.0	7.3011756855e-08	70.0	0.03	0.4	128000	2	1	16	jwst_mcfost/runs/strict_continuum_cavity_mass_q_v1/models/m2p25_c17p5_a0p40_q2p75_i0p05/temperature/seed=41001/data_th/Temperature.fits.gz	1bd212f2f54dd8c1701a6064e129ba7fdb5721cb3fe296472433bbdd3b79ec1c	reused_accepted_continuum_temperature_screening_only_not_self_consistent_for_changed_dust	inside_h2o_optical_constants	continuum_wing_nuisance_not_scored	0.02	0.98	x0p02	0.05	full_h2o	53	d3cfd06551501d4b634762e941056bfb27146a6141ae3b5698a64591025825cb	h2o_selected_x0p02	jwst_mcfost/runs/h2o_3um_abundance_grid_v1/parameters/h2o_x0p02_rt.para	1bf5e1b037fd810c4a875a51ee0c868e9e1ba6045f3e673249945ce67707bbbc	selected_h2o_disjoint_dhs_abundance_grid_screening_dust	jwst_mcfost/runs/h2o_3um_abundance_grid_v1/tasks/x0p02/t053_h2o_3um_v3_w011_n03_s52001	1a5585947abc0808ac11f70d9543ce6ee3c7c2de2fe54de5f0ba56f4d92abd1d
54	full_h2o	52001	logical_target	h2o_3um_v3_w011	h2o_3um_v3_w011		h2o_feature_optical_depth	jwst_mcfost/output/h2o_3um_observation_v3/stellar_center_h2o_target_lsf_nodes_R2400_v3.tsv	bc54da8f9e376921527db29400677e165b6e2f4aed158fd3aaa5162a66b325a7	505dedecfc8e371a55ce5c7dfbf643b07266d2f3fd013727d3ce4b994ebfb089	3.5744323010028149	54	4	0.011257411327720693	Gaussian_in_log_lambda_constant_resolving_power	2400	3.5762396980521727	NIRSpec	G395H	G395H_run00	lambda_F_lambda_W_m-2	F_nu_Jy=lambda_F_lambda*lambda_um*1e20/c_m_s	F_nu_Jy	jwst_mcfost/runs/h2o_3um_method2_screen_v3/anchors/full_h2o/logical_target/h2o_3um_v3_w011/node04.lambda	f71150b37566b5185b79f6734bd1a71f7bd353245af44633b159b157e95eaadc	expanded_n2401	1.9975051980918284	2401	2401	3003.7468767198525	1.2510399319949406	2.4822220872915486e-06	stellar_center	0.0	0.0	0.35	1	m2p25_c17p5_a0p40_q2p75_i0p05	2.25	2.75	c17p5	17.5	317.159480236321	100	1.0	7.3011756855e-08	70.0	0.03	0.4	128000	2	1	16	jwst_mcfost/runs/strict_continuum_cavity_mass_q_v1/models/m2p25_c17p5_a0p40_q2p75_i0p05/temperature/seed=41001/data_th/Temperature.fits.gz	1bd212f2f54dd8c1701a6064e129ba7fdb5721cb3fe296472433bbdd3b79ec1c	reused_accepted_continuum_temperature_screening_only_not_self_consistent_for_changed_dust	inside_h2o_optical_constants	continuum_wing_nuisance_not_scored	0.02	0.98	x0p02	0.05	full_h2o	54	de9dc2c01d5503eeeb76c78301bb1b6607dd9e581378d93a60b7babd175361ea	h2o_selected_x0p02	jwst_mcfost/runs/h2o_3um_abundance_grid_v1/parameters/h2o_x0p02_rt.para	1bf5e1b037fd810c4a875a51ee0c868e9e1ba6045f3e673249945ce67707bbbc	selected_h2o_disjoint_dhs_abundance_grid_screening_dust	jwst_mcfost/runs/h2o_3um_abundance_grid_v1/tasks/x0p02/t054_h2o_3um_v3_w011_n04_s52001	3bb373a36deaa53bb8690284fdfed4dcfedf8c6bc0f3d9876ba089d40cea360e
55	full_h2o	52001	continuum_support	h2o_continuum_blue_q20		h2o_continuum_blue_q20	h2o_feature_optical_depth	jwst_mcfost/output/h2o_3um_observation_v3/stellar_center_h2o_continuum_lsf_nodes_R2400_v3.tsv	07f25fef793bf100873ab1f963bc44c55e49b0f171865ef57da62eb4db1d56d2	78ec238b138658dbb2f02c7ad960a0ccd3e1964c1497590c0ea6e6300d20d9cf	2.5747747777204344	0	0	0.011257411327720693	Gaussian_in_log_lambda_constant_resolving_power	2400	2.5734735113823457	NIRSpec	G235H	G235H_run01	lambda_F_lambda_W_m-2	F_nu_Jy=lambda_F_lambda*lambda_um*1e20/c_m_s	F_nu_Jy	jwst_mcfost/runs/h2o_3um_method2_screen_v3/anchors/full_h2o/continuum_support/h2o_continuum_blue_q20/node00.lambda	bb5006a85014df8b9af1bfb8a5920ae7f25f6c3f60c60f2daf5e2cef5179f3da	expanded_n2401	1.9975051980918284	2401	2401	3003.7468767198525	1.2510399319949406	2.4822220872915486e-06	stellar_center	0.0	0.0	0.35	1	m2p25_c17p5_a0p40_q2p75_i0p05	2.25	2.75	c17p5	17.5	317.159480236321	100	1.0	7.3011756855e-08	70.0	0.03	0.4	128000	2	1	16	jwst_mcfost/runs/strict_continuum_cavity_mass_q_v1/models/m2p25_c17p5_a0p40_q2p75_i0p05/temperature/seed=41001/data_th/Temperature.fits.gz	1bd212f2f54dd8c1701a6064e129ba7fdb5721cb3fe296472433bbdd3b79ec1c	reused_accepted_continuum_temperature_screening_only_not_self_consistent_for_changed_dust	inside_h2o_optical_constants	continuum_reconstruction_not_scored	0.02	0.98	x0p02	0.05	full_h2o	55	696527eb2adf40d24b90495854bb3428723841404261bb51cf25567e3922e1ef	h2o_selected_x0p02	jwst_mcfost/runs/h2o_3um_abundance_grid_v1/parameters/h2o_x0p02_rt.para	1bf5e1b037fd810c4a875a51ee0c868e9e1ba6045f3e673249945ce67707bbbc	selected_h2o_disjoint_dhs_abundance_grid_screening_dust	jwst_mcfost/runs/h2o_3um_abundance_grid_v1/tasks/x0p02/t055_h2o_continuum_blue_q20_n00_s52001	3ee4480b483dc21f525a91fb08df329b52510100c8d2ca22604101b20c4108b7
56	full_h2o	52001	continuum_support	h2o_continuum_blue_q20		h2o_continuum_blue_q20	h2o_feature_optical_depth	jwst_mcfost/output/h2o_3um_observation_v3/stellar_center_h2o_continuum_lsf_nodes_R2400_v3.tsv	07f25fef793bf100873ab1f963bc44c55e49b0f171865ef57da62eb4db1d56d2	54fe5355ee40d66760ed195791ec0cc4a4448eb2b8d1f4b3ca1bd43ef7fb4fb6	2.5747747777204344	1	1	0.2220759220056126	Gaussian_in_log_lambda_constant_resolving_power	2400	2.5741572476044041	NIRSpec	G235H	G235H_run01	lambda_F_lambda_W_m-2	F_nu_Jy=lambda_F_lambda*lambda_um*1e20/c_m_s	F_nu_Jy	jwst_mcfost/runs/h2o_3um_method2_screen_v3/anchors/full_h2o/continuum_support/h2o_continuum_blue_q20/node01.lambda	c06eafeb605e5e51ed5019a58e632d5373e3602a43712428652fced45d904658	expanded_n2401	1.9975051980918284	2401	2401	3003.7468767198525	1.2510399319949406	2.4822220872915486e-06	stellar_center	0.0	0.0	0.35	1	m2p25_c17p5_a0p40_q2p75_i0p05	2.25	2.75	c17p5	17.5	317.159480236321	100	1.0	7.3011756855e-08	70.0	0.03	0.4	128000	2	1	16	jwst_mcfost/runs/strict_continuum_cavity_mass_q_v1/models/m2p25_c17p5_a0p40_q2p75_i0p05/temperature/seed=41001/data_th/Temperature.fits.gz	1bd212f2f54dd8c1701a6064e129ba7fdb5721cb3fe296472433bbdd3b79ec1c	reused_accepted_continuum_temperature_screening_only_not_self_consistent_for_changed_dust	inside_h2o_optical_constants	continuum_reconstruction_not_scored	0.02	0.98	x0p02	0.05	full_h2o	56	be3acceadb710001700d9c7b17531fd20fb035fc7407cb7adc69b8a29496ea66	h2o_selected_x0p02	jwst_mcfost/runs/h2o_3um_abundance_grid_v1/parameters/h2o_x0p02_rt.para	1bf5e1b037fd810c4a875a51ee0c868e9e1ba6045f3e673249945ce67707bbbc	selected_h2o_disjoint_dhs_abundance_grid_screening_dust	jwst_mcfost/runs/h2o_3um_abundance_grid_v1/tasks/x0p02/t056_h2o_continuum_blue_q20_n01_s52001	e7d02abc3298637f0534ea84b0d2adfa171846bcb4ceff0f23bd3254e538d049
57	full_h2o	52001	continuum_support	h2o_continuum_blue_q20		h2o_continuum_blue_q20	h2o_feature_optical_depth	jwst_mcfost/output/h2o_3um_observation_v3/stellar_center_h2o_continuum_lsf_nodes_R2400_v3.tsv	07f25fef793bf100873ab1f963bc44c55e49b0f171865ef57da62eb4db1d56d2	cf78524a52bff46c783b6daa34e429ecc7b565780603d8706b22ff47608426cc	2.5747747777204344	2	2	0.53333333333333333	Gaussian_in_log_lambda_constant_resolving_power	2400	2.5747747777204344	NIRSpec	G235H	G235H_run01	lambda_F_lambda_W_m-2	F_nu_Jy=lambda_F_lambda*lambda_um*1e20/c_m_s	F_nu_Jy	jwst_mcfost/runs/h2o_3um_method2_screen_v3/anchors/full_h2o/continuum_support/h2o_continuum_blue_q20/node02.lambda	3f2e21b1cee344aa246cbd4a5236c60c2d928c11e1bae94709d4cc6a5fab49c3	expanded_n2401	1.9975051980918284	2401	2401	3003.7468767198525	1.2510399319949406	2.4822220872915486e-06	stellar_center	0.0	0.0	0.35	1	m2p25_c17p5_a0p40_q2p75_i0p05	2.25	2.75	c17p5	17.5	317.159480236321	100	1.0	7.3011756855e-08	70.0	0.03	0.4	128000	2	1	16	jwst_mcfost/runs/strict_continuum_cavity_mass_q_v1/models/m2p25_c17p5_a0p40_q2p75_i0p05/temperature/seed=41001/data_th/Temperature.fits.gz	1bd212f2f54dd8c1701a6064e129ba7fdb5721cb3fe296472433bbdd3b79ec1c	reused_accepted_continuum_temperature_screening_only_not_self_consistent_for_changed_dust	inside_h2o_optical_constants	continuum_reconstruction_not_scored	0.02	0.98	x0p02	0.05	full_h2o	57	e866b9c09f2009fb01f765516012d06c16ab42890f219471f73ec276a387fefe	h2o_selected_x0p02	jwst_mcfost/runs/h2o_3um_abundance_grid_v1/parameters/h2o_x0p02_rt.para	1bf5e1b037fd810c4a875a51ee0c868e9e1ba6045f3e673249945ce67707bbbc	selected_h2o_disjoint_dhs_abundance_grid_screening_dust	jwst_mcfost/runs/h2o_3um_abundance_grid_v1/tasks/x0p02/t057_h2o_continuum_blue_q20_n02_s52001	60c708ddeb0c9de433d243843690f0bce591620ab70762c8acd9726c83e41544
58	full_h2o	52001	continuum_support	h2o_continuum_blue_q20		h2o_continuum_blue_q20	h2o_feature_optical_depth	jwst_mcfost/output/h2o_3um_observation_v3/stellar_center_h2o_continuum_lsf_nodes_R2400_v3.tsv	07f25fef793bf100873ab1f963bc44c55e49b0f171865ef57da62eb4db1d56d2	f5cc37844bbaa03a52bf002773012d4500409ea57892ff2a100b7619aa7482dc	2.5747747777204344	3	3	0.2220759220056126	Gaussian_in_log_lambda_constant_resolving_power	2400	2.5753924559794905	NIRSpec	G235H	G235H_run01	lambda_F_lambda_W_m-2	F_nu_Jy=lambda_F_lambda*lambda_um*1e20/c_m_s	F_nu_Jy	jwst_mcfost/runs/h2o_3um_method2_screen_v3/anchors/full_h2o/continuum_support/h2o_continuum_blue_q20/node03.lambda	5ab38611785e6df1bde74f9050dabc19c9c9ab0cc51551264fc3fce150e2173e	expanded_n2401	1.9975051980918284	2401	2401	3003.7468767198525	1.2510399319949406	2.4822220872915486e-06	stellar_center	0.0	0.0	0.35	1	m2p25_c17p5_a0p40_q2p75_i0p05	2.25	2.75	c17p5	17.5	317.159480236321	100	1.0	7.3011756855e-08	70.0	0.03	0.4	128000	2	1	16	jwst_mcfost/runs/strict_continuum_cavity_mass_q_v1/models/m2p25_c17p5_a0p40_q2p75_i0p05/temperature/seed=41001/data_th/Temperature.fits.gz	1bd212f2f54dd8c1701a6064e129ba7fdb5721cb3fe296472433bbdd3b79ec1c	reused_accepted_continuum_temperature_screening_only_not_self_consistent_for_changed_dust	inside_h2o_optical_constants	continuum_reconstruction_not_scored	0.02	0.98	x0p02	0.05	full_h2o	58	724d232002d4b25417e93268d32ca81a76782ac95a3e5f6ade14aa48984ac0ce	h2o_selected_x0p02	jwst_mcfost/runs/h2o_3um_abundance_grid_v1/parameters/h2o_x0p02_rt.para	1bf5e1b037fd810c4a875a51ee0c868e9e1ba6045f3e673249945ce67707bbbc	selected_h2o_disjoint_dhs_abundance_grid_screening_dust	jwst_mcfost/runs/h2o_3um_abundance_grid_v1/tasks/x0p02/t058_h2o_continuum_blue_q20_n03_s52001	73d088d9498d99e55dcf69fbdb52fa317cbefff1679a3b1743f5a644f53dd961
59	full_h2o	52001	continuum_support	h2o_continuum_blue_q20		h2o_continuum_blue_q20	h2o_feature_optical_depth	jwst_mcfost/output/h2o_3um_observation_v3/stellar_center_h2o_continuum_lsf_nodes_R2400_v3.tsv	07f25fef793bf100873ab1f963bc44c55e49b0f171865ef57da62eb4db1d56d2	b44ef7ed0150a6fdd805472ca2d1c1ea0b66d0a5d0d66ea71f6bb85840639c58	2.5747747777204344	4	4	0.011257411327720693	Gaussian_in_log_lambda_constant_resolving_power	2400	2.5760767020385162	NIRSpec	G235H	G235H_run01	lambda_F_lambda_W_m-2	F_nu_Jy=lambda_F_lambda*lambda_um*1e20/c_m_s	F_nu_Jy	jwst_mcfost/runs/h2o_3um_method2_screen_v3/anchors/full_h2o/continuum_support/h2o_continuum_blue_q20/node04.lambda	510277276b54bc7f781872f1f42ff91112187ef46de65259ac3af63d03618dce	expanded_n2401	1.9975051980918284	2401	2401	3003.7468767198525	1.2510399319949406	2.4822220872915486e-06	stellar_center	0.0	0.0	0.35	1	m2p25_c17p5_a0p40_q2p75_i0p05	2.25	2.75	c17p5	17.5	317.159480236321	100	1.0	7.3011756855e-08	70.0	0.03	0.4	128000	2	1	16	jwst_mcfost/runs/strict_continuum_cavity_mass_q_v1/models/m2p25_c17p5_a0p40_q2p75_i0p05/temperature/seed=41001/data_th/Temperature.fits.gz	1bd212f2f54dd8c1701a6064e129ba7fdb5721cb3fe296472433bbdd3b79ec1c	reused_accepted_continuum_temperature_screening_only_not_self_consistent_for_changed_dust	inside_h2o_optical_constants	continuum_reconstruction_not_scored	0.02	0.98	x0p02	0.05	full_h2o	59	54a84271e3666b61a8365177a5adb5618a119b3423df015e4f568dfdbd7a8f3e	h2o_selected_x0p02	jwst_mcfost/runs/h2o_3um_abundance_grid_v1/parameters/h2o_x0p02_rt.para	1bf5e1b037fd810c4a875a51ee0c868e9e1ba6045f3e673249945ce67707bbbc	selected_h2o_disjoint_dhs_abundance_grid_screening_dust	jwst_mcfost/runs/h2o_3um_abundance_grid_v1/tasks/x0p02/t059_h2o_continuum_blue_q20_n04_s52001	bfbae27cce9da3df2c7bcd5de9c3b95e5a69f0cdf495bd7c1ab18d95a6acef3d
60	full_h2o	52001	continuum_support	h2o_continuum_blue_q50		h2o_continuum_blue_q50	h2o_feature_optical_depth	jwst_mcfost/output/h2o_3um_observation_v3/stellar_center_h2o_continuum_lsf_nodes_R2400_v3.tsv	07f25fef793bf100873ab1f963bc44c55e49b0f171865ef57da62eb4db1d56d2	84a7854dfe22ecef7018b4c91b6b3a7bd32798c8f8bd9a4c2cf6a272bd3a4231	2.6122960249124896	5	0	0.011257411327720693	Gaussian_in_log_lambda_constant_resolving_power	2400	2.6109757956979753	NIRSpec	G235H	G235H_run01	lambda_F_lambda_W_m-2	F_nu_Jy=lambda_F_lambda*lambda_um*1e20/c_m_s	F_nu_Jy	jwst_mcfost/runs/h2o_3um_method2_screen_v3/anchors/full_h2o/continuum_support/h2o_continuum_blue_q50/node00.lambda	f837effd132adde9de61efe712fb2649b30ffb3cf07b53647d3868fe89548263	expanded_n2401	1.9975051980918284	2401	2401	3003.7468767198525	1.2510399319949406	2.4822220872915486e-06	stellar_center	0.0	0.0	0.35	1	m2p25_c17p5_a0p40_q2p75_i0p05	2.25	2.75	c17p5	17.5	317.159480236321	100	1.0	7.3011756855e-08	70.0	0.03	0.4	128000	2	1	16	jwst_mcfost/runs/strict_continuum_cavity_mass_q_v1/models/m2p25_c17p5_a0p40_q2p75_i0p05/temperature/seed=41001/data_th/Temperature.fits.gz	1bd212f2f54dd8c1701a6064e129ba7fdb5721cb3fe296472433bbdd3b79ec1c	reused_accepted_continuum_temperature_screening_only_not_self_consistent_for_changed_dust	inside_h2o_optical_constants	continuum_reconstruction_not_scored	0.02	0.98	x0p02	0.05	full_h2o	60	7c58350ce253b47dd111eeceabb8d4da75022d40cf7a84e01e3f513eb1fc5f8d	h2o_selected_x0p02	jwst_mcfost/runs/h2o_3um_abundance_grid_v1/parameters/h2o_x0p02_rt.para	1bf5e1b037fd810c4a875a51ee0c868e9e1ba6045f3e673249945ce67707bbbc	selected_h2o_disjoint_dhs_abundance_grid_screening_dust	jwst_mcfost/runs/h2o_3um_abundance_grid_v1/tasks/x0p02/t060_h2o_continuum_blue_q50_n00_s52001	827ee3d7d676a73049f0480e7c1b518db481868dd288bd9e78af62b1f8df30a3
61	full_h2o	52001	continuum_support	h2o_continuum_blue_q50		h2o_continuum_blue_q50	h2o_feature_optical_depth	jwst_mcfost/output/h2o_3um_observation_v3/stellar_center_h2o_continuum_lsf_nodes_R2400_v3.tsv	07f25fef793bf100873ab1f963bc44c55e49b0f171865ef57da62eb4db1d56d2	a7173d8233a1ffabea214c47eda74399158f06bd457e07b56bac54e58c9637fb	2.6122960249124896	6	1	0.2220759220056126	Gaussian_in_log_lambda_constant_resolving_power	2400	2.61166949575688	NIRSpec	G235H	G235H_run01	lambda_F_lambda_W_m-2	F_nu_Jy=lambda_F_lambda*lambda_um*1e20/c_m_s	F_nu_Jy	jwst_mcfost/runs/h2o_3um_method2_screen_v3/anchors/full_h2o/continuum_support/h2o_continuum_blue_q50/node01.lambda	c84d8d33dd33b6245a9793c7a03efa56538693ddd1e350f12834b20d0e870101	expanded_n2401	1.9975051980918284	2401	2401	3003.7468767198525	1.2510399319949406	2.4822220872915486e-06	stellar_center	0.0	0.0	0.35	1	m2p25_c17p5_a0p40_q2p75_i0p05	2.25	2.75	c17p5	17.5	317.159480236321	100	1.0	7.3011756855e-08	70.0	0.03	0.4	128000	2	1	16	jwst_mcfost/runs/strict_continuum_cavity_mass_q_v1/models/m2p25_c17p5_a0p40_q2p75_i0p05/temperature/seed=41001/data_th/Temperature.fits.gz	1bd212f2f54dd8c1701a6064e129ba7fdb5721cb3fe296472433bbdd3b79ec1c	reused_accepted_continuum_temperature_screening_only_not_self_consistent_for_changed_dust	inside_h2o_optical_constants	continuum_reconstruction_not_scored	0.02	0.98	x0p02	0.05	full_h2o	61	af823a730dbdb9b2f630f2e1d5309598f16f9dd5e7c1c7b59cd10406064e9660	h2o_selected_x0p02	jwst_mcfost/runs/h2o_3um_abundance_grid_v1/parameters/h2o_x0p02_rt.para	1bf5e1b037fd810c4a875a51ee0c868e9e1ba6045f3e673249945ce67707bbbc	selected_h2o_disjoint_dhs_abundance_grid_screening_dust	jwst_mcfost/runs/h2o_3um_abundance_grid_v1/tasks/x0p02/t061_h2o_continuum_blue_q50_n01_s52001	f48b3b0e50f4cc3a326bf7c97348e831829bac8150d4d8e01f9c667227f825ae
62	full_h2o	52001	continuum_support	h2o_continuum_blue_q50		h2o_continuum_blue_q50	h2o_feature_optical_depth	jwst_mcfost/output/h2o_3um_observation_v3/stellar_center_h2o_continuum_lsf_nodes_R2400_v3.tsv	07f25fef793bf100873ab1f963bc44c55e49b0f171865ef57da62eb4db1d56d2	805de01f55f335c3c38b14f88d0bbdc3abbf81db2fc5cf90b9f3cdcee3efef45	2.6122960249124896	7	2	0.53333333333333333	Gaussian_in_log_lambda_constant_resolving_power	2400	2.6122960249124896	NIRSpec	G235H	G235H_run01	lambda_F_lambda_W_m-2	F_nu_Jy=lambda_F_lambda*lambda_um*1e20/c_m_s	F_nu_Jy	jwst_mcfost/runs/h2o_3um_method2_screen_v3/anchors/full_h2o/continuum_support/h2o_continuum_blue_q50/node02.lambda	0e84cf42d019b3ce7e6fc4b3a1dcf0b0a714d3cf2c881c3522bad8daa6144c6a	expanded_n2401	1.9975051980918284	2401	2401	3003.7468767198525	1.2510399319949406	2.4822220872915486e-06	stellar_center	0.0	0.0	0.35	1	m2p25_c17p5_a0p40_q2p75_i0p05	2.25	2.75	c17p5	17.5	317.159480236321	100	1.0	7.3011756855e-08	70.0	0.03	0.4	128000	2	1	16	jwst_mcfost/runs/strict_continuum_cavity_mass_q_v1/models/m2p25_c17p5_a0p40_q2p75_i0p05/temperature/seed=41001/data_th/Temperature.fits.gz	1bd212f2f54dd8c1701a6064e129ba7fdb5721cb3fe296472433bbdd3b79ec1c	reused_accepted_continuum_temperature_screening_only_not_self_consistent_for_changed_dust	inside_h2o_optical_constants	continuum_reconstruction_not_scored	0.02	0.98	x0p02	0.05	full_h2o	62	72b56f694228e925cf9cccc445e1355f16efd41c19c2e8f4be021b408ac58cc6	h2o_selected_x0p02	jwst_mcfost/runs/h2o_3um_abundance_grid_v1/parameters/h2o_x0p02_rt.para	1bf5e1b037fd810c4a875a51ee0c868e9e1ba6045f3e673249945ce67707bbbc	selected_h2o_disjoint_dhs_abundance_grid_screening_dust	jwst_mcfost/runs/h2o_3um_abundance_grid_v1/tasks/x0p02/t062_h2o_continuum_blue_q50_n02_s52001	aa2dc0dab3d2b593a700a4a6bb3fc3b5b0898df313680140af8f93f1f5c0fa76
63	full_h2o	52001	continuum_support	h2o_continuum_blue_q50		h2o_continuum_blue_q50	h2o_feature_optical_depth	jwst_mcfost/output/h2o_3um_observation_v3/stellar_center_h2o_continuum_lsf_nodes_R2400_v3.tsv	07f25fef793bf100873ab1f963bc44c55e49b0f171865ef57da62eb4db1d56d2	89062deafffa8728a6242efe2aed717900c9ab8e2d31ac17cbca6ab5d0114e59	2.6122960249124896	8	3	0.2220759220056126	Gaussian_in_log_lambda_constant_resolving_power	2400	2.612922704369959	NIRSpec	G235H	G235H_run01	lambda_F_lambda_W_m-2	F_nu_Jy=lambda_F_lambda*lambda_um*1e20/c_m_s	F_nu_Jy	jwst_mcfost/runs/h2o_3um_method2_screen_v3/anchors/full_h2o/continuum_support/h2o_continuum_blue_q50/node03.lambda	1cbbaebe9d60c3234b25e42d2e2ac549ab540ac4a9e3a3de23d4d7cc5cfc1d19	expanded_n2401	1.9975051980918284	2401	2401	3003.7468767198525	1.2510399319949406	2.4822220872915486e-06	stellar_center	0.0	0.0	0.35	1	m2p25_c17p5_a0p40_q2p75_i0p05	2.25	2.75	c17p5	17.5	317.159480236321	100	1.0	7.3011756855e-08	70.0	0.03	0.4	128000	2	1	16	jwst_mcfost/runs/strict_continuum_cavity_mass_q_v1/models/m2p25_c17p5_a0p40_q2p75_i0p05/temperature/seed=41001/data_th/Temperature.fits.gz	1bd212f2f54dd8c1701a6064e129ba7fdb5721cb3fe296472433bbdd3b79ec1c	reused_accepted_continuum_temperature_screening_only_not_self_consistent_for_changed_dust	inside_h2o_optical_constants	continuum_reconstruction_not_scored	0.02	0.98	x0p02	0.05	full_h2o	63	648d7f655b0622122baa3401738da39ae9d83e2d21ceb91ce61b3a350f8c6466	h2o_selected_x0p02	jwst_mcfost/runs/h2o_3um_abundance_grid_v1/parameters/h2o_x0p02_rt.para	1bf5e1b037fd810c4a875a51ee0c868e9e1ba6045f3e673249945ce67707bbbc	selected_h2o_disjoint_dhs_abundance_grid_screening_dust	jwst_mcfost/runs/h2o_3um_abundance_grid_v1/tasks/x0p02/t063_h2o_continuum_blue_q50_n03_s52001	6a1767104b958dfaac74c83b2daf88a4b4db5da3929c74b9069a49b03efaaf2c
64	full_h2o	52001	continuum_support	h2o_continuum_blue_q50		h2o_continuum_blue_q50	h2o_feature_optical_depth	jwst_mcfost/output/h2o_3um_observation_v3/stellar_center_h2o_continuum_lsf_nodes_R2400_v3.tsv	07f25fef793bf100873ab1f963bc44c55e49b0f171865ef57da62eb4db1d56d2	4fa9d76bddadb976fb008ba77b17f440ca69d36a5d00cf0c958e3bc6a8f564fd	2.6122960249124896	9	4	0.011257411327720693	Gaussian_in_log_lambda_constant_resolving_power	2400	2.6136169216954976	NIRSpec	G235H	G235H_run01	lambda_F_lambda_W_m-2	F_nu_Jy=lambda_F_lambda*lambda_um*1e20/c_m_s	F_nu_Jy	jwst_mcfost/runs/h2o_3um_method2_screen_v3/anchors/full_h2o/continuum_support/h2o_continuum_blue_q50/node04.lambda	34a619220145b1a7f32812f3f95f6037fbd3cbbbcc5687882aa35c347ad44da8	expanded_n2401	1.9975051980918284	2401	2401	3003.7468767198525	1.2510399319949406	2.4822220872915486e-06	stellar_center	0.0	0.0	0.35	1	m2p25_c17p5_a0p40_q2p75_i0p05	2.25	2.75	c17p5	17.5	317.159480236321	100	1.0	7.3011756855e-08	70.0	0.03	0.4	128000	2	1	16	jwst_mcfost/runs/strict_continuum_cavity_mass_q_v1/models/m2p25_c17p5_a0p40_q2p75_i0p05/temperature/seed=41001/data_th/Temperature.fits.gz	1bd212f2f54dd8c1701a6064e129ba7fdb5721cb3fe296472433bbdd3b79ec1c	reused_accepted_continuum_temperature_screening_only_not_self_consistent_for_changed_dust	inside_h2o_optical_constants	continuum_reconstruction_not_scored	0.02	0.98	x0p02	0.05	full_h2o	64	ac450a3d5c977eeb84536480e22818dd7aba84958dd163a3186d3d0f1bac3fc4	h2o_selected_x0p02	jwst_mcfost/runs/h2o_3um_abundance_grid_v1/parameters/h2o_x0p02_rt.para	1bf5e1b037fd810c4a875a51ee0c868e9e1ba6045f3e673249945ce67707bbbc	selected_h2o_disjoint_dhs_abundance_grid_screening_dust	jwst_mcfost/runs/h2o_3um_abundance_grid_v1/tasks/x0p02/t064_h2o_continuum_blue_q50_n04_s52001	3d3900af33c7b4ef2d0492501bb35db942579a9695c7a63b4cf13de091481f45
65	full_h2o	52001	continuum_support	h2o_continuum_blue_q80		h2o_continuum_blue_q80	h2o_feature_optical_depth	jwst_mcfost/output/h2o_3um_observation_v3/stellar_center_h2o_continuum_lsf_nodes_R2400_v3.tsv	07f25fef793bf100873ab1f963bc44c55e49b0f171865ef57da62eb4db1d56d2	c6f9cd11f9e2002ddbeade7d6456810a273ffb7352bf0b493f1f85e3e15e3c76	2.649991809092044	10	0	0.011257411327720693	Gaussian_in_log_lambda_constant_resolving_power	2400	2.6486525287917937	NIRSpec	G235H	G235H_run01	lambda_F_lambda_W_m-2	F_nu_Jy=lambda_F_lambda*lambda_um*1e20/c_m_s	F_nu_Jy	jwst_mcfost/runs/h2o_3um_method2_screen_v3/anchors/full_h2o/continuum_support/h2o_continuum_blue_q80/node00.lambda	9d18f09890f36c21fecfc44ae15d1fe88b062c99ffe69bd1ae4daefb1696b782	expanded_n2401	1.9975051980918284	2401	2401	3003.7468767198525	1.2510399319949406	2.4822220872915486e-06	stellar_center	0.0	0.0	0.35	1	m2p25_c17p5_a0p40_q2p75_i0p05	2.25	2.75	c17p5	17.5	317.159480236321	100	1.0	7.3011756855e-08	70.0	0.03	0.4	128000	2	1	16	jwst_mcfost/runs/strict_continuum_cavity_mass_q_v1/models/m2p25_c17p5_a0p40_q2p75_i0p05/temperature/seed=41001/data_th/Temperature.fits.gz	1bd212f2f54dd8c1701a6064e129ba7fdb5721cb3fe296472433bbdd3b79ec1c	reused_accepted_continuum_temperature_screening_only_not_self_consistent_for_changed_dust	inside_h2o_optical_constants	continuum_reconstruction_not_scored	0.02	0.98	x0p02	0.05	full_h2o	65	bad525d1f6361a490eb7cf4ab863fd1d472e4a126685ca5f87524cf6d10608a7	h2o_selected_x0p02	jwst_mcfost/runs/h2o_3um_abundance_grid_v1/parameters/h2o_x0p02_rt.para	1bf5e1b037fd810c4a875a51ee0c868e9e1ba6045f3e673249945ce67707bbbc	selected_h2o_disjoint_dhs_abundance_grid_screening_dust	jwst_mcfost/runs/h2o_3um_abundance_grid_v1/tasks/x0p02/t065_h2o_continuum_blue_q80_n00_s52001	b600554364dd2310e9c7bd7f5d0c1d491ac01321998b3c4facde0614c31df57a
66	full_h2o	52001	continuum_support	h2o_continuum_blue_q80		h2o_continuum_blue_q80	h2o_feature_optical_depth	jwst_mcfost/output/h2o_3um_observation_v3/stellar_center_h2o_continuum_lsf_nodes_R2400_v3.tsv	07f25fef793bf100873ab1f963bc44c55e49b0f171865ef57da62eb4db1d56d2	49b3302a9f1bd3eecfc082937cb918be850f6d981dc395d74fe4964b1ee93ace	2.649991809092044	11	1	0.2220759220056126	Gaussian_in_log_lambda_constant_resolving_power	2400	2.6493562390361665	NIRSpec	G235H	G235H_run01	lambda_F_lambda_W_m-2	F_nu_Jy=lambda_F_lambda*lambda_um*1e20/c_m_s	F_nu_Jy	jwst_mcfost/runs/h2o_3um_method2_screen_v3/anchors/full_h2o/continuum_support/h2o_continuum_blue_q80/node01.lambda	08f026c5c305288a8d8d83aae112d3bc1e74ef2b40fb8796ee604c1f9bd956d8	expanded_n2401	1.9975051980918284	2401	2401	3003.7468767198525	1.2510399319949406	2.4822220872915486e-06	stellar_center	0.0	0.0	0.35	1	m2p25_c17p5_a0p40_q2p75_i0p05	2.25	2.75	c17p5	17.5	317.159480236321	100	1.0	7.3011756855e-08	70.0	0.03	0.4	128000	2	1	16	jwst_mcfost/runs/strict_continuum_cavity_mass_q_v1/models/m2p25_c17p5_a0p40_q2p75_i0p05/temperature/seed=41001/data_th/Temperature.fits.gz	1bd212f2f54dd8c1701a6064e129ba7fdb5721cb3fe296472433bbdd3b79ec1c	reused_accepted_continuum_temperature_screening_only_not_self_consistent_for_changed_dust	inside_h2o_optical_constants	continuum_reconstruction_not_scored	0.02	0.98	x0p02	0.05	full_h2o	66	93131890230888e10638d1e65a87d39b9c9aa2fa5efa31cbbbf3cf7e578971a8	h2o_selected_x0p02	jwst_mcfost/runs/h2o_3um_abundance_grid_v1/parameters/h2o_x0p02_rt.para	1bf5e1b037fd810c4a875a51ee0c868e9e1ba6045f3e673249945ce67707bbbc	selected_h2o_disjoint_dhs_abundance_grid_screening_dust	jwst_mcfost/runs/h2o_3um_abundance_grid_v1/tasks/x0p02/t066_h2o_continuum_blue_q80_n01_s52001	d3434305449758c614c345cfae5292c488a14e1cabfae8844bb1d3292acd0001
67	full_h2o	52001	continuum_support	h2o_continuum_blue_q80		h2o_continuum_blue_q80	h2o_feature_optical_depth	jwst_mcfost/output/h2o_3um_observation_v3/stellar_center_h2o_continuum_lsf_nodes_R2400_v3.tsv	07f25fef793bf100873ab1f963bc44c55e49b0f171865ef57da62eb4db1d56d2	893bb333938fd1da7d2a260030fba579f5baa119dcd31caf5c803dadb4573796	2.649991809092044	12	2	0.53333333333333333	Gaussian_in_log_lambda_constant_resolving_power	2400	2.649991809092044	NIRSpec	G235H	G235H_run01	lambda_F_lambda_W_m-2	F_nu_Jy=lambda_F_lambda*lambda_um*1e20/c_m_s	F_nu_Jy	jwst_mcfost/runs/h2o_3um_method2_screen_v3/anchors/full_h2o/continuum_support/h2o_continuum_blue_q80/node02.lambda	e1c7b3832787a15afc6d4999881341ec18cfc666e70d3224d5b183584b95f689	expanded_n2401	1.9975051980918284	2401	2401	3003.7468767198525	1.2510399319949406	2.4822220872915486e-06	stellar_center	0.0	0.0	0.35	1	m2p25_c17p5_a0p40_q2p75_i0p05	2.25	2.75	c17p5	17.5	317.159480236321	100	1.0	7.3011756855e-08	70.0	0.03	0.4	128000	2	1	16	jwst_mcfost/runs/strict_continuum_cavity_mass_q_v1/models/m2p25_c17p5_a0p40_q2p75_i0p05/temperature/seed=41001/data_th/Temperature.fits.gz	1bd212f2f54dd8c1701a6064e129ba7fdb5721cb3fe296472433bbdd3b79ec1c	reused_accepted_continuum_temperature_screening_only_not_self_consistent_for_changed_dust	inside_h2o_optical_constants	continuum_reconstruction_not_scored	0.02	0.98	x0p02	0.05	full_h2o	67	b82439170e5f4ceec87337cc747c1a4f62743dc3dce3dbe09b177ec990a8af91	h2o_selected_x0p02	jwst_mcfost/runs/h2o_3um_abundance_grid_v1/parameters/h2o_x0p02_rt.para	1bf5e1b037fd810c4a875a51ee0c868e9e1ba6045f3e673249945ce67707bbbc	selected_h2o_disjoint_dhs_abundance_grid_screening_dust	jwst_mcfost/runs/h2o_3um_abundance_grid_v1/tasks/x0p02/t067_h2o_continuum_blue_q80_n02_s52001	9bb9d66885fd8fe03a2a1cc734610bf7c9e6d5c7d05cd83f6d56d6576a2d8a9f
68	full_h2o	52001	continuum_support	h2o_continuum_blue_q80		h2o_continuum_blue_q80	h2o_feature_optical_depth	jwst_mcfost/output/h2o_3um_observation_v3/stellar_center_h2o_continuum_lsf_nodes_R2400_v3.tsv	07f25fef793bf100873ab1f963bc44c55e49b0f171865ef57da62eb4db1d56d2	68d39365e9c88df020529999ad310dee94114967340df38ec254814551feed76	2.649991809092044	13	3	0.2220759220056126	Gaussian_in_log_lambda_constant_resolving_power	2400	2.6506275316186576	NIRSpec	G235H	G235H_run01	lambda_F_lambda_W_m-2	F_nu_Jy=lambda_F_lambda*lambda_um*1e20/c_m_s	F_nu_Jy	jwst_mcfost/runs/h2o_3um_method2_screen_v3/anchors/full_h2o/continuum_support/h2o_continuum_blue_q80/node03.lambda	fea3f351722c59071cda3888e41ff6d833ab17625a17cd80168d786db328dcc0	expanded_n2401	1.9975051980918284	2401	2401	3003.7468767198525	1.2510399319949406	2.4822220872915486e-06	stellar_center	0.0	0.0	0.35	1	m2p25_c17p5_a0p40_q2p75_i0p05	2.25	2.75	c17p5	17.5	317.159480236321	100	1.0	7.3011756855e-08	70.0	0.03	0.4	128000	2	1	16	jwst_mcfost/runs/strict_continuum_cavity_mass_q_v1/models/m2p25_c17p5_a0p40_q2p75_i0p05/temperature/seed=41001/data_th/Temperature.fits.gz	1bd212f2f54dd8c1701a6064e129ba7fdb5721cb3fe296472433bbdd3b79ec1c	reused_accepted_continuum_temperature_screening_only_not_self_consistent_for_changed_dust	inside_h2o_optical_constants	continuum_reconstruction_not_scored	0.02	0.98	x0p02	0.05	full_h2o	68	2d57526a282c35b640abacb42ab4c762d7db8bff6a86684e71c0e0ccec752528	h2o_selected_x0p02	jwst_mcfost/runs/h2o_3um_abundance_grid_v1/parameters/h2o_x0p02_rt.para	1bf5e1b037fd810c4a875a51ee0c868e9e1ba6045f3e673249945ce67707bbbc	selected_h2o_disjoint_dhs_abundance_grid_screening_dust	jwst_mcfost/runs/h2o_3um_abundance_grid_v1/tasks/x0p02/t068_h2o_continuum_blue_q80_n03_s52001	d32d0e235022549c03a162809a2e6153acaf3468e7dcf56ef7ae51e6fd2fc65b
69	full_h2o	52001	continuum_support	h2o_continuum_blue_q80		h2o_continuum_blue_q80	h2o_feature_optical_depth	jwst_mcfost/output/h2o_3um_observation_v3/stellar_center_h2o_continuum_lsf_nodes_R2400_v3.tsv	07f25fef793bf100873ab1f963bc44c55e49b0f171865ef57da62eb4db1d56d2	f23d4d12c62f5797076d63362fbd65c06c34d9ebd3507487b8d7825116f521f6	2.649991809092044	14	4	0.011257411327720693	Gaussian_in_log_lambda_constant_resolving_power	2400	2.6513317665938914	NIRSpec	G235H	G235H_run01	lambda_F_lambda_W_m-2	F_nu_Jy=lambda_F_lambda*lambda_um*1e20/c_m_s	F_nu_Jy	jwst_mcfost/runs/h2o_3um_method2_screen_v3/anchors/full_h2o/continuum_support/h2o_continuum_blue_q80/node04.lambda	acc1b26bf00f5ec96326cf2bdbf0e14c37f1f7c563dbd3fdd9d4ac592ef2d570	expanded_n2401	1.9975051980918284	2401	2401	3003.7468767198525	1.2510399319949406	2.4822220872915486e-06	stellar_center	0.0	0.0	0.35	1	m2p25_c17p5_a0p40_q2p75_i0p05	2.25	2.75	c17p5	17.5	317.159480236321	100	1.0	7.3011756855e-08	70.0	0.03	0.4	128000	2	1	16	jwst_mcfost/runs/strict_continuum_cavity_mass_q_v1/models/m2p25_c17p5_a0p40_q2p75_i0p05/temperature/seed=41001/data_th/Temperature.fits.gz	1bd212f2f54dd8c1701a6064e129ba7fdb5721cb3fe296472433bbdd3b79ec1c	reused_accepted_continuum_temperature_screening_only_not_self_consistent_for_changed_dust	inside_h2o_optical_constants	continuum_reconstruction_not_scored	0.02	0.98	x0p02	0.05	full_h2o	69	af883f14653c6729bde1876a362178fbf9b6958231eaa64d7be57935e59f2d37	h2o_selected_x0p02	jwst_mcfost/runs/h2o_3um_abundance_grid_v1/parameters/h2o_x0p02_rt.para	1bf5e1b037fd810c4a875a51ee0c868e9e1ba6045f3e673249945ce67707bbbc	selected_h2o_disjoint_dhs_abundance_grid_screening_dust	jwst_mcfost/runs/h2o_3um_abundance_grid_v1/tasks/x0p02/t069_h2o_continuum_blue_q80_n04_s52001	e4b46ef282689c9a949ccada5349fd0cd4d6c6ce6350a9278633fea3766d257b
70	full_h2o	52001	continuum_support	h2o_continuum_red_q20		h2o_continuum_red_q20	h2o_feature_optical_depth	jwst_mcfost/output/h2o_3um_observation_v3/stellar_center_h2o_continuum_lsf_nodes_R2400_v3.tsv	07f25fef793bf100873ab1f963bc44c55e49b0f171865ef57da62eb4db1d56d2	384dcae0e9fa6a6629717ba395d8b6b7103b993f408c2882f73cf3590833f026	3.549182441347746	15	0	0.011257411327720693	Gaussian_in_log_lambda_constant_resolving_power	2400	3.5473887187749509	NIRSpec	G395H	G395H_run00	lambda_F_lambda_W_m-2	F_nu_Jy=lambda_F_lambda*lambda_um*1e20/c_m_s	F_nu_Jy	jwst_mcfost/runs/h2o_3um_method2_screen_v3/anchors/full_h2o/continuum_support/h2o_continuum_red_q20/node00.lambda	547f75c04262e6b2ae7b8cd968e6f07d218d3529d82fe4c5ace5720b4a1f0076	expanded_n2401	1.9975051980918284	2401	2401	3003.7468767198525	1.2510399319949406	2.4822220872915486e-06	stellar_center	0.0	0.0	0.35	1	m2p25_c17p5_a0p40_q2p75_i0p05	2.25	2.75	c17p5	17.5	317.159480236321	100	1.0	7.3011756855e-08	70.0	0.03	0.4	128000	2	1	16	jwst_mcfost/runs/strict_continuum_cavity_mass_q_v1/models/m2p25_c17p5_a0p40_q2p75_i0p05/temperature/seed=41001/data_th/Temperature.fits.gz	1bd212f2f54dd8c1701a6064e129ba7fdb5721cb3fe296472433bbdd3b79ec1c	reused_accepted_continuum_temperature_screening_only_not_self_consistent_for_changed_dust	inside_h2o_optical_constants	continuum_reconstruction_not_scored	0.02	0.98	x0p02	0.05	full_h2o	70	bc6f2a106db76ae728db9368621566d3e888323a870476c5455a6926a14a5176	h2o_selected_x0p02	jwst_mcfost/runs/h2o_3um_abundance_grid_v1/parameters/h2o_x0p02_rt.para	1bf5e1b037fd810c4a875a51ee0c868e9e1ba6045f3e673249945ce67707bbbc	selected_h2o_disjoint_dhs_abundance_grid_screening_dust	jwst_mcfost/runs/h2o_3um_abundance_grid_v1/tasks/x0p02/t070_h2o_continuum_red_q20_n00_s52001	10b160a2e6ba1baac0fab111ba0e79d12fb1969c9eb9db7c83c155b8be32d70d
71	full_h2o	52001	continuum_support	h2o_continuum_red_q20		h2o_continuum_red_q20	h2o_feature_optical_depth	jwst_mcfost/output/h2o_3um_observation_v3/stellar_center_h2o_continuum_lsf_nodes_R2400_v3.tsv	07f25fef793bf100873ab1f963bc44c55e49b0f171865ef57da62eb4db1d56d2	c43196ba2e6cd5e60309458a2418767efcfedf050a9f6b4f237b700b4d3db65f	3.549182441347746	16	1	0.2220759220056126	Gaussian_in_log_lambda_constant_resolving_power	2400	3.5483312107609843	NIRSpec	G395H	G395H_run00	lambda_F_lambda_W_m-2	F_nu_Jy=lambda_F_lambda*lambda_um*1e20/c_m_s	F_nu_Jy	jwst_mcfost/runs/h2o_3um_method2_screen_v3/anchors/full_h2o/continuum_support/h2o_continuum_red_q20/node01.lambda	bfd5fd80b017167f7032355f954eca74c7db08bf049d32191a1c6a895c1e76db	expanded_n2401	1.9975051980918284	2401	2401	3003.7468767198525	1.2510399319949406	2.4822220872915486e-06	stellar_center	0.0	0.0	0.35	1	m2p25_c17p5_a0p40_q2p75_i0p05	2.25	2.75	c17p5	17.5	317.159480236321	100	1.0	7.3011756855e-08	70.0	0.03	0.4	128000	2	1	16	jwst_mcfost/runs/strict_continuum_cavity_mass_q_v1/models/m2p25_c17p5_a0p40_q2p75_i0p05/temperature/seed=41001/data_th/Temperature.fits.gz	1bd212f2f54dd8c1701a6064e129ba7fdb5721cb3fe296472433bbdd3b79ec1c	reused_accepted_continuum_temperature_screening_only_not_self_consistent_for_changed_dust	inside_h2o_optical_constants	continuum_reconstruction_not_scored	0.02	0.98	x0p02	0.05	full_h2o	71	680c4735cd8bd92357de8d8e4dfedd3dd634d6e23d8742b2d89e30fb049a85f2	h2o_selected_x0p02	jwst_mcfost/runs/h2o_3um_abundance_grid_v1/parameters/h2o_x0p02_rt.para	1bf5e1b037fd810c4a875a51ee0c868e9e1ba6045f3e673249945ce67707bbbc	selected_h2o_disjoint_dhs_abundance_grid_screening_dust	jwst_mcfost/runs/h2o_3um_abundance_grid_v1/tasks/x0p02/t071_h2o_continuum_red_q20_n01_s52001	2058e915dad9c5cf903e88ca4c07de3a3a2fa1427a681021e467297cca40bde2
72	full_h2o	52001	continuum_support	h2o_continuum_red_q20		h2o_continuum_red_q20	h2o_feature_optical_depth	jwst_mcfost/output/h2o_3um_observation_v3/stellar_center_h2o_continuum_lsf_nodes_R2400_v3.tsv	07f25fef793bf100873ab1f963bc44c55e49b0f171865ef57da62eb4db1d56d2	d187e663a6dde07bff9f6652e8498f09c0dff8f6b02d93bb44b01a4a963bfa3f	3.549182441347746	17	2	0.53333333333333333	Gaussian_in_log_lambda_constant_resolving_power	2400	3.549182441347746	NIRSpec	G395H	G395H_run00	lambda_F_lambda_W_m-2	F_nu_Jy=lambda_F_lambda*lambda_um*1e20/c_m_s	F_nu_Jy	jwst_mcfost/runs/h2o_3um_method2_screen_v3/anchors/full_h2o/continuum_support/h2o_continuum_red_q20/node02.lambda	8357429de9ad63cd1f793ad6f75351717c66ee992861eebebcddda0c2e0e0c6c	expanded_n2401	1.9975051980918284	2401	2401	3003.7468767198525	1.2510399319949406	2.4822220872915486e-06	stellar_center	0.0	0.0	0.35	1	m2p25_c17p5_a0p40_q2p75_i0p05	2.25	2.75	c17p5	17.5	317.159480236321	100	1.0	7.3011756855e-08	70.0	0.03	0.4	128000	2	1	16	jwst_mcfost/runs/strict_continuum_cavity_mass_q_v1/models/m2p25_c17p5_a0p40_q2p75_i0p05/temperature/seed=41001/data_th/Temperature.fits.gz	1bd212f2f54dd8c1701a6064e129ba7fdb5721cb3fe296472433bbdd3b79ec1c	reused_accepted_continuum_temperature_screening_only_not_self_consistent_for_changed_dust	inside_h2o_optical_constants	continuum_reconstruction_not_scored	0.02	0.98	x0p02	0.05	full_h2o	72	d940bf11af4293cb7dd43610890de87f2b57f3dae235fa18419c4c7e2ed76b24	h2o_selected_x0p02	jwst_mcfost/runs/h2o_3um_abundance_grid_v1/parameters/h2o_x0p02_rt.para	1bf5e1b037fd810c4a875a51ee0c868e9e1ba6045f3e673249945ce67707bbbc	selected_h2o_disjoint_dhs_abundance_grid_screening_dust	jwst_mcfost/runs/h2o_3um_abundance_grid_v1/tasks/x0p02/t072_h2o_continuum_red_q20_n02_s52001	ab4424f92b1a54f1ef738cba72c1205711c3b6355271304ea483b92756bdf5fd
73	full_h2o	52001	continuum_support	h2o_continuum_red_q20		h2o_continuum_red_q20	h2o_feature_optical_depth	jwst_mcfost/output/h2o_3um_observation_v3/stellar_center_h2o_continuum_lsf_nodes_R2400_v3.tsv	07f25fef793bf100873ab1f963bc44c55e49b0f171865ef57da62eb4db1d56d2	2901320e44664d37a6d4a76dddc133232c662e0b418d73f4e5ab24d64b4f514e	3.549182441347746	18	3	0.2220759220056126	Gaussian_in_log_lambda_constant_resolving_power	2400	3.5500338761413497	NIRSpec	G395H	G395H_run00	lambda_F_lambda_W_m-2	F_nu_Jy=lambda_F_lambda*lambda_um*1e20/c_m_s	F_nu_Jy	jwst_mcfost/runs/h2o_3um_method2_screen_v3/anchors/full_h2o/continuum_support/h2o_continuum_red_q20/node03.lambda	a693775c3051c6c8566f00577ba031040c6af5a3755f76c748eac79b22d155f3	expanded_n2401	1.9975051980918284	2401	2401	3003.7468767198525	1.2510399319949406	2.4822220872915486e-06	stellar_center	0.0	0.0	0.35	1	m2p25_c17p5_a0p40_q2p75_i0p05	2.25	2.75	c17p5	17.5	317.159480236321	100	1.0	7.3011756855e-08	70.0	0.03	0.4	128000	2	1	16	jwst_mcfost/runs/strict_continuum_cavity_mass_q_v1/models/m2p25_c17p5_a0p40_q2p75_i0p05/temperature/seed=41001/data_th/Temperature.fits.gz	1bd212f2f54dd8c1701a6064e129ba7fdb5721cb3fe296472433bbdd3b79ec1c	reused_accepted_continuum_temperature_screening_only_not_self_consistent_for_changed_dust	inside_h2o_optical_constants	continuum_reconstruction_not_scored	0.02	0.98	x0p02	0.05	full_h2o	73	a79c62ff15fd8c7f25c8219dce902430023136e02fe7c47a04c1314a25ed676c	h2o_selected_x0p02	jwst_mcfost/runs/h2o_3um_abundance_grid_v1/parameters/h2o_x0p02_rt.para	1bf5e1b037fd810c4a875a51ee0c868e9e1ba6045f3e673249945ce67707bbbc	selected_h2o_disjoint_dhs_abundance_grid_screening_dust	jwst_mcfost/runs/h2o_3um_abundance_grid_v1/tasks/x0p02/t073_h2o_continuum_red_q20_n03_s52001	7bef2ebf2efcfe4d19758c03ae633902896d71588d3158421aeefbdc5e21995c
74	full_h2o	52001	continuum_support	h2o_continuum_red_q20		h2o_continuum_red_q20	h2o_feature_optical_depth	jwst_mcfost/output/h2o_3um_observation_v3/stellar_center_h2o_continuum_lsf_nodes_R2400_v3.tsv	07f25fef793bf100873ab1f963bc44c55e49b0f171865ef57da62eb4db1d56d2	65ed4be81c375a9572cece9084376a70face3d0c69eb0ae67b48a8d90ecbd4fe	3.549182441347746	19	4	0.011257411327720693	Gaussian_in_log_lambda_constant_resolving_power	2400	3.550977070909012	NIRSpec	G395H	G395H_run00	lambda_F_lambda_W_m-2	F_nu_Jy=lambda_F_lambda*lambda_um*1e20/c_m_s	F_nu_Jy	jwst_mcfost/runs/h2o_3um_method2_screen_v3/anchors/full_h2o/continuum_support/h2o_continuum_red_q20/node04.lambda	5125f5fb9a4e7f9e49be883c313263dfdbd3819595c48403dfae31ea65b66031	expanded_n2401	1.9975051980918284	2401	2401	3003.7468767198525	1.2510399319949406	2.4822220872915486e-06	stellar_center	0.0	0.0	0.35	1	m2p25_c17p5_a0p40_q2p75_i0p05	2.25	2.75	c17p5	17.5	317.159480236321	100	1.0	7.3011756855e-08	70.0	0.03	0.4	128000	2	1	16	jwst_mcfost/runs/strict_continuum_cavity_mass_q_v1/models/m2p25_c17p5_a0p40_q2p75_i0p05/temperature/seed=41001/data_th/Temperature.fits.gz	1bd212f2f54dd8c1701a6064e129ba7fdb5721cb3fe296472433bbdd3b79ec1c	reused_accepted_continuum_temperature_screening_only_not_self_consistent_for_changed_dust	inside_h2o_optical_constants	continuum_reconstruction_not_scored	0.02	0.98	x0p02	0.05	full_h2o	74	fb322f25db916d2dd0370f5a41319b606222020d96a566ccb803f25eb90e153c	h2o_selected_x0p02	jwst_mcfost/runs/h2o_3um_abundance_grid_v1/parameters/h2o_x0p02_rt.para	1bf5e1b037fd810c4a875a51ee0c868e9e1ba6045f3e673249945ce67707bbbc	selected_h2o_disjoint_dhs_abundance_grid_screening_dust	jwst_mcfost/runs/h2o_3um_abundance_grid_v1/tasks/x0p02/t074_h2o_continuum_red_q20_n04_s52001	67d6cb3f5d26e24e4b7b4d7e8ae002f5aeedfe707326312ee76ebd23f407edda
75	full_h2o	52001	continuum_support	h2o_continuum_red_q50		h2o_continuum_red_q50	h2o_feature_optical_depth	jwst_mcfost/output/h2o_3um_observation_v3/stellar_center_h2o_continuum_lsf_nodes_R2400_v3.tsv	07f25fef793bf100873ab1f963bc44c55e49b0f171865ef57da62eb4db1d56d2	3e6ad4a49e70e366230d387244898131aaf6dae1d946be761f0ada5397bd3464	3.5744323010028149	20	0	0.011257411327720693	Gaussian_in_log_lambda_constant_resolving_power	2400	3.5726258173944934	NIRSpec	G395H	G395H_run00	lambda_F_lambda_W_m-2	F_nu_Jy=lambda_F_lambda*lambda_um*1e20/c_m_s	F_nu_Jy	jwst_mcfost/runs/h2o_3um_method2_screen_v3/anchors/full_h2o/continuum_support/h2o_continuum_red_q50/node00.lambda	056d085f2250246eda617755302a06563ff339f5a0859cd1f7c37d52fe9e89b1	expanded_n2401	1.9975051980918284	2401	2401	3003.7468767198525	1.2510399319949406	2.4822220872915486e-06	stellar_center	0.0	0.0	0.35	1	m2p25_c17p5_a0p40_q2p75_i0p05	2.25	2.75	c17p5	17.5	317.159480236321	100	1.0	7.3011756855e-08	70.0	0.03	0.4	128000	2	1	16	jwst_mcfost/runs/strict_continuum_cavity_mass_q_v1/models/m2p25_c17p5_a0p40_q2p75_i0p05/temperature/seed=41001/data_th/Temperature.fits.gz	1bd212f2f54dd8c1701a6064e129ba7fdb5721cb3fe296472433bbdd3b79ec1c	reused_accepted_continuum_temperature_screening_only_not_self_consistent_for_changed_dust	inside_h2o_optical_constants	continuum_reconstruction_not_scored	0.02	0.98	x0p02	0.05	full_h2o	75	188931530bd7276533d5d54b2ba034eb03d62c355bbcaa9fadca2b24365f525b	h2o_selected_x0p02	jwst_mcfost/runs/h2o_3um_abundance_grid_v1/parameters/h2o_x0p02_rt.para	1bf5e1b037fd810c4a875a51ee0c868e9e1ba6045f3e673249945ce67707bbbc	selected_h2o_disjoint_dhs_abundance_grid_screening_dust	jwst_mcfost/runs/h2o_3um_abundance_grid_v1/tasks/x0p02/t075_h2o_continuum_red_q50_n00_s52001	e65e7e79d5bca7ddfe3ffeea79c4f1e1d59d63b1394c3f7fa719c14ed9f8329c
76	full_h2o	52001	continuum_support	h2o_continuum_red_q50		h2o_continuum_red_q50	h2o_feature_optical_depth	jwst_mcfost/output/h2o_3um_observation_v3/stellar_center_h2o_continuum_lsf_nodes_R2400_v3.tsv	07f25fef793bf100873ab1f963bc44c55e49b0f171865ef57da62eb4db1d56d2	9b9ec480202ec5154923505ed6383d434d12c2fff379606a9c0024b93ebae87f	3.5744323010028149	21	1	0.2220759220056126	Gaussian_in_log_lambda_constant_resolving_power	2400	3.5735750145276324	NIRSpec	G395H	G395H_run00	lambda_F_lambda_W_m-2	F_nu_Jy=lambda_F_lambda*lambda_um*1e20/c_m_s	F_nu_Jy	jwst_mcfost/runs/h2o_3um_method2_screen_v3/anchors/full_h2o/continuum_support/h2o_continuum_red_q50/node01.lambda	8662342337a6bec65683e86fa2b2a979225e52abf507e242e1025ff10420b635	expanded_n2401	1.9975051980918284	2401	2401	3003.7468767198525	1.2510399319949406	2.4822220872915486e-06	stellar_center	0.0	0.0	0.35	1	m2p25_c17p5_a0p40_q2p75_i0p05	2.25	2.75	c17p5	17.5	317.159480236321	100	1.0	7.3011756855e-08	70.0	0.03	0.4	128000	2	1	16	jwst_mcfost/runs/strict_continuum_cavity_mass_q_v1/models/m2p25_c17p5_a0p40_q2p75_i0p05/temperature/seed=41001/data_th/Temperature.fits.gz	1bd212f2f54dd8c1701a6064e129ba7fdb5721cb3fe296472433bbdd3b79ec1c	reused_accepted_continuum_temperature_screening_only_not_self_consistent_for_changed_dust	inside_h2o_optical_constants	continuum_reconstruction_not_scored	0.02	0.98	x0p02	0.05	full_h2o	76	3c87e5ee6a641af81158d79dff2f641e1695874da27ecedd782dcaa6e775a9dd	h2o_selected_x0p02	jwst_mcfost/runs/h2o_3um_abundance_grid_v1/parameters/h2o_x0p02_rt.para	1bf5e1b037fd810c4a875a51ee0c868e9e1ba6045f3e673249945ce67707bbbc	selected_h2o_disjoint_dhs_abundance_grid_screening_dust	jwst_mcfost/runs/h2o_3um_abundance_grid_v1/tasks/x0p02/t076_h2o_continuum_red_q50_n01_s52001	d89dce0b8e9e686c8f4ca6e10c3663e0ea268c843f783dd13f96cc53aced2576
77	full_h2o	52001	continuum_support	h2o_continuum_red_q50		h2o_continuum_red_q50	h2o_feature_optical_depth	jwst_mcfost/output/h2o_3um_observation_v3/stellar_center_h2o_continuum_lsf_nodes_R2400_v3.tsv	07f25fef793bf100873ab1f963bc44c55e49b0f171865ef57da62eb4db1d56d2	0c12ceff0a9cceec18551b835b18d1efb88f1220a11c5efa034c826745f3ce84	3.5744323010028149	22	2	0.53333333333333333	Gaussian_in_log_lambda_constant_resolving_power	2400	3.5744323010028149	NIRSpec	G395H	G395H_run00	lambda_F_lambda_W_m-2	F_nu_Jy=lambda_F_lambda*lambda_um*1e20/c_m_s	F_nu_Jy	jwst_mcfost/runs/h2o_3um_method2_screen_v3/anchors/full_h2o/continuum_support/h2o_continuum_red_q50/node02.lambda	6e1d7a4449544f7c599611a3f686861c29391687e12a2d6688b12a50c3dd67df	expanded_n2401	1.9975051980918284	2401	2401	3003.7468767198525	1.2510399319949406	2.4822220872915486e-06	stellar_center	0.0	0.0	0.35	1	m2p25_c17p5_a0p40_q2p75_i0p05	2.25	2.75	c17p5	17.5	317.159480236321	100	1.0	7.3011756855e-08	70.0	0.03	0.4	128000	2	1	16	jwst_mcfost/runs/strict_continuum_cavity_mass_q_v1/models/m2p25_c17p5_a0p40_q2p75_i0p05/temperature/seed=41001/data_th/Temperature.fits.gz	1bd212f2f54dd8c1701a6064e129ba7fdb5721cb3fe296472433bbdd3b79ec1c	reused_accepted_continuum_temperature_screening_only_not_self_consistent_for_changed_dust	inside_h2o_optical_constants	continuum_reconstruction_not_scored	0.02	0.98	x0p02	0.05	full_h2o	77	f95ca514e77b48a2e2e33ce2da4e9bc28ce8cafae09445e8b0ff9c66fb8d8ad4	h2o_selected_x0p02	jwst_mcfost/runs/h2o_3um_abundance_grid_v1/parameters/h2o_x0p02_rt.para	1bf5e1b037fd810c4a875a51ee0c868e9e1ba6045f3e673249945ce67707bbbc	selected_h2o_disjoint_dhs_abundance_grid_screening_dust	jwst_mcfost/runs/h2o_3um_abundance_grid_v1/tasks/x0p02/t077_h2o_continuum_red_q50_n02_s52001	cdd638c1ffff7833c6415518e7dc522adaf8a31a28a4dbbbbc4ef39e8f5582ea
78	full_h2o	52001	continuum_support	h2o_continuum_red_q50		h2o_continuum_red_q50	h2o_feature_optical_depth	jwst_mcfost/output/h2o_3um_observation_v3/stellar_center_h2o_continuum_lsf_nodes_R2400_v3.tsv	07f25fef793bf100873ab1f963bc44c55e49b0f171865ef57da62eb4db1d56d2	bcfedd1102a24c210bea917faa428d662e661ce5fdfeac992bcff83a34207d1d	3.5744323010028149	23	3	0.2220759220056126	Gaussian_in_log_lambda_constant_resolving_power	2400	3.5752897931376233	NIRSpec	G395H	G395H_run00	lambda_F_lambda_W_m-2	F_nu_Jy=lambda_F_lambda*lambda_um*1e20/c_m_s	F_nu_Jy	jwst_mcfost/runs/h2o_3um_method2_screen_v3/anchors/full_h2o/continuum_support/h2o_continuum_red_q50/node03.lambda	09fe7051a3c425ef2a877f74c26ad7cfb24edc8806b961ec97ebd988f5e0a5b8	expanded_n2401	1.9975051980918284	2401	2401	3003.7468767198525	1.2510399319949406	2.4822220872915486e-06	stellar_center	0.0	0.0	0.35	1	m2p25_c17p5_a0p40_q2p75_i0p05	2.25	2.75	c17p5	17.5	317.159480236321	100	1.0	7.3011756855e-08	70.0	0.03	0.4	128000	2	1	16	jwst_mcfost/runs/strict_continuum_cavity_mass_q_v1/models/m2p25_c17p5_a0p40_q2p75_i0p05/temperature/seed=41001/data_th/Temperature.fits.gz	1bd212f2f54dd8c1701a6064e129ba7fdb5721cb3fe296472433bbdd3b79ec1c	reused_accepted_continuum_temperature_screening_only_not_self_consistent_for_changed_dust	inside_h2o_optical_constants	continuum_reconstruction_not_scored	0.02	0.98	x0p02	0.05	full_h2o	78	af962128b5b115f4f7c49ecd49f5375cefef85811fe722b0834a1356d295c08d	h2o_selected_x0p02	jwst_mcfost/runs/h2o_3um_abundance_grid_v1/parameters/h2o_x0p02_rt.para	1bf5e1b037fd810c4a875a51ee0c868e9e1ba6045f3e673249945ce67707bbbc	selected_h2o_disjoint_dhs_abundance_grid_screening_dust	jwst_mcfost/runs/h2o_3um_abundance_grid_v1/tasks/x0p02/t078_h2o_continuum_red_q50_n03_s52001	2bb0a290923cd2f39092e229cc7cdb4d232e14093f0c7389aa13fc35df74db0c
79	full_h2o	52001	continuum_support	h2o_continuum_red_q50		h2o_continuum_red_q50	h2o_feature_optical_depth	jwst_mcfost/output/h2o_3um_observation_v3/stellar_center_h2o_continuum_lsf_nodes_R2400_v3.tsv	07f25fef793bf100873ab1f963bc44c55e49b0f171865ef57da62eb4db1d56d2	e1bacb70151dfbbef937eb34a233b6d941142b9eafcf7cb86efa34a5c2a68e1e	3.5744323010028149	24	4	0.011257411327720693	Gaussian_in_log_lambda_constant_resolving_power	2400	3.5762396980521727	NIRSpec	G395H	G395H_run00	lambda_F_lambda_W_m-2	F_nu_Jy=lambda_F_lambda*lambda_um*1e20/c_m_s	F_nu_Jy	jwst_mcfost/runs/h2o_3um_method2_screen_v3/anchors/full_h2o/continuum_support/h2o_continuum_red_q50/node04.lambda	f71150b37566b5185b79f6734bd1a71f7bd353245af44633b159b157e95eaadc	expanded_n2401	1.9975051980918284	2401	2401	3003.7468767198525	1.2510399319949406	2.4822220872915486e-06	stellar_center	0.0	0.0	0.35	1	m2p25_c17p5_a0p40_q2p75_i0p05	2.25	2.75	c17p5	17.5	317.159480236321	100	1.0	7.3011756855e-08	70.0	0.03	0.4	128000	2	1	16	jwst_mcfost/runs/strict_continuum_cavity_mass_q_v1/models/m2p25_c17p5_a0p40_q2p75_i0p05/temperature/seed=41001/data_th/Temperature.fits.gz	1bd212f2f54dd8c1701a6064e129ba7fdb5721cb3fe296472433bbdd3b79ec1c	reused_accepted_continuum_temperature_screening_only_not_self_consistent_for_changed_dust	inside_h2o_optical_constants	continuum_reconstruction_not_scored	0.02	0.98	x0p02	0.05	full_h2o	79	3505ac40319887f52ed28ca5d4153c53e02187fd33592708239b3bee1de51184	h2o_selected_x0p02	jwst_mcfost/runs/h2o_3um_abundance_grid_v1/parameters/h2o_x0p02_rt.para	1bf5e1b037fd810c4a875a51ee0c868e9e1ba6045f3e673249945ce67707bbbc	selected_h2o_disjoint_dhs_abundance_grid_screening_dust	jwst_mcfost/runs/h2o_3um_abundance_grid_v1/tasks/x0p02/t079_h2o_continuum_red_q50_n04_s52001	3b4bd728a6244e73a6c86c78ec50e6a8175ecce67503f092b4cfa8281a0aecb2
80	full_h2o	52001	continuum_support	h2o_continuum_red_q80		h2o_continuum_red_q80	h2o_feature_optical_depth	jwst_mcfost/output/h2o_3um_observation_v3/stellar_center_h2o_continuum_lsf_nodes_R2400_v3.tsv	07f25fef793bf100873ab1f963bc44c55e49b0f171865ef57da62eb4db1d56d2	d70aa29fb4ea21d5908761d82bea4d3e1da4c77fef1b24169f8a444de963ab64	3.5984826141459596	25	0	0.011257411327720693	Gaussian_in_log_lambda_constant_resolving_power	2400	3.596663975741349	NIRSpec	G395H	G395H_run00	lambda_F_lambda_W_m-2	F_nu_Jy=lambda_F_lambda*lambda_um*1e20/c_m_s	F_nu_Jy	jwst_mcfost/runs/h2o_3um_method2_screen_v3/anchors/full_h2o/continuum_support/h2o_continuum_red_q80/node00.lambda	29d9c513b9896376024c9b0c5295a25dc2b1db15db1a3f43b7d80138d7a95697	expanded_n2401	1.9975051980918284	2401	2401	3003.7468767198525	1.2510399319949406	2.4822220872915486e-06	stellar_center	0.0	0.0	0.35	1	m2p25_c17p5_a0p40_q2p75_i0p05	2.25	2.75	c17p5	17.5	317.159480236321	100	1.0	7.3011756855e-08	70.0	0.03	0.4	128000	2	1	16	jwst_mcfost/runs/strict_continuum_cavity_mass_q_v1/models/m2p25_c17p5_a0p40_q2p75_i0p05/temperature/seed=41001/data_th/Temperature.fits.gz	1bd212f2f54dd8c1701a6064e129ba7fdb5721cb3fe296472433bbdd3b79ec1c	reused_accepted_continuum_temperature_screening_only_not_self_consistent_for_changed_dust	inside_h2o_optical_constants	continuum_reconstruction_not_scored	0.02	0.98	x0p02	0.05	full_h2o	80	12a7c08612fea913a6c7da100718388b0d88b48d3e9fb470ebedd416d95f543e	h2o_selected_x0p02	jwst_mcfost/runs/h2o_3um_abundance_grid_v1/parameters/h2o_x0p02_rt.para	1bf5e1b037fd810c4a875a51ee0c868e9e1ba6045f3e673249945ce67707bbbc	selected_h2o_disjoint_dhs_abundance_grid_screening_dust	jwst_mcfost/runs/h2o_3um_abundance_grid_v1/tasks/x0p02/t080_h2o_continuum_red_q80_n00_s52001	b8033d86a02422f11d3993126f2255568f40c741399a846e1cd24b64ab7807d4
81	full_h2o	52001	continuum_support	h2o_continuum_red_q80		h2o_continuum_red_q80	h2o_feature_optical_depth	jwst_mcfost/output/h2o_3um_observation_v3/stellar_center_h2o_continuum_lsf_nodes_R2400_v3.tsv	07f25fef793bf100873ab1f963bc44c55e49b0f171865ef57da62eb4db1d56d2	51845001fd052f77ff131bfe5add583f0808dced08ad985ecc074ad4b114128d	3.5984826141459596	26	1	0.2220759220056126	Gaussian_in_log_lambda_constant_resolving_power	2400	3.5976195594797904	NIRSpec	G395H	G395H_run00	lambda_F_lambda_W_m-2	F_nu_Jy=lambda_F_lambda*lambda_um*1e20/c_m_s	F_nu_Jy	jwst_mcfost/runs/h2o_3um_method2_screen_v3/anchors/full_h2o/continuum_support/h2o_continuum_red_q80/node01.lambda	0e21ecea7300de0a014e435084d59b3f5937d8af1dfa03a7fec15b5ff98e8ef0	expanded_n2401	1.9975051980918284	2401	2401	3003.7468767198525	1.2510399319949406	2.4822220872915486e-06	stellar_center	0.0	0.0	0.35	1	m2p25_c17p5_a0p40_q2p75_i0p05	2.25	2.75	c17p5	17.5	317.159480236321	100	1.0	7.3011756855e-08	70.0	0.03	0.4	128000	2	1	16	jwst_mcfost/runs/strict_continuum_cavity_mass_q_v1/models/m2p25_c17p5_a0p40_q2p75_i0p05/temperature/seed=41001/data_th/Temperature.fits.gz	1bd212f2f54dd8c1701a6064e129ba7fdb5721cb3fe296472433bbdd3b79ec1c	reused_accepted_continuum_temperature_screening_only_not_self_consistent_for_changed_dust	inside_h2o_optical_constants	continuum_reconstruction_not_scored	0.02	0.98	x0p02	0.05	full_h2o	81	1ed0b204dacb4abb88e74347d54abea79a62386c71a69eb7246a1b35572b9a83	h2o_selected_x0p02	jwst_mcfost/runs/h2o_3um_abundance_grid_v1/parameters/h2o_x0p02_rt.para	1bf5e1b037fd810c4a875a51ee0c868e9e1ba6045f3e673249945ce67707bbbc	selected_h2o_disjoint_dhs_abundance_grid_screening_dust	jwst_mcfost/runs/h2o_3um_abundance_grid_v1/tasks/x0p02/t081_h2o_continuum_red_q80_n01_s52001	e42dfce15a49018e8f457794e6d60281222729055acb399a395efe02c89696a1
82	full_h2o	52001	continuum_support	h2o_continuum_red_q80		h2o_continuum_red_q80	h2o_feature_optical_depth	jwst_mcfost/output/h2o_3um_observation_v3/stellar_center_h2o_continuum_lsf_nodes_R2400_v3.tsv	07f25fef793bf100873ab1f963bc44c55e49b0f171865ef57da62eb4db1d56d2	c9ffa67f5fdea62a3080b12357ed271905801e50652d17765e53b184c008c766	3.5984826141459596	27	2	0.53333333333333333	Gaussian_in_log_lambda_constant_resolving_power	2400	3.5984826141459596	NIRSpec	G395H	G395H_run00	lambda_F_lambda_W_m-2	F_nu_Jy=lambda_F_lambda*lambda_um*1e20/c_m_s	F_nu_Jy	jwst_mcfost/runs/h2o_3um_method2_screen_v3/anchors/full_h2o/continuum_support/h2o_continuum_red_q80/node02.lambda	645496d95c1925661b52f0374a539587284eeb93f2c69c6c91d5d1d4f0d9c2cf	expanded_n2401	1.9975051980918284	2401	2401	3003.7468767198525	1.2510399319949406	2.4822220872915486e-06	stellar_center	0.0	0.0	0.35	1	m2p25_c17p5_a0p40_q2p75_i0p05	2.25	2.75	c17p5	17.5	317.159480236321	100	1.0	7.3011756855e-08	70.0	0.03	0.4	128000	2	1	16	jwst_mcfost/runs/strict_continuum_cavity_mass_q_v1/models/m2p25_c17p5_a0p40_q2p75_i0p05/temperature/seed=41001/data_th/Temperature.fits.gz	1bd212f2f54dd8c1701a6064e129ba7fdb5721cb3fe296472433bbdd3b79ec1c	reused_accepted_continuum_temperature_screening_only_not_self_consistent_for_changed_dust	inside_h2o_optical_constants	continuum_reconstruction_not_scored	0.02	0.98	x0p02	0.05	full_h2o	82	f8d73a37c3df07ae3f321c41fbec3489876882927cda07aa45f293cd692143dd	h2o_selected_x0p02	jwst_mcfost/runs/h2o_3um_abundance_grid_v1/parameters/h2o_x0p02_rt.para	1bf5e1b037fd810c4a875a51ee0c868e9e1ba6045f3e673249945ce67707bbbc	selected_h2o_disjoint_dhs_abundance_grid_screening_dust	jwst_mcfost/runs/h2o_3um_abundance_grid_v1/tasks/x0p02/t082_h2o_continuum_red_q80_n02_s52001	d0be9cce34501410148135992037e44d9668b3031abc4af1622817b5d0fe3b38
83	full_h2o	52001	continuum_support	h2o_continuum_red_q80		h2o_continuum_red_q80	h2o_feature_optical_depth	jwst_mcfost/output/h2o_3um_observation_v3/stellar_center_h2o_continuum_lsf_nodes_R2400_v3.tsv	07f25fef793bf100873ab1f963bc44c55e49b0f171865ef57da62eb4db1d56d2	4d6395b508bb2923581e7ceefd63e994572bbd6e0812da5003d9e3efc8f54ca0	3.5984826141459596	28	3	0.2220759220056126	Gaussian_in_log_lambda_constant_resolving_power	2400	3.5993458758555206	NIRSpec	G395H	G395H_run00	lambda_F_lambda_W_m-2	F_nu_Jy=lambda_F_lambda*lambda_um*1e20/c_m_s	F_nu_Jy	jwst_mcfost/runs/h2o_3um_method2_screen_v3/anchors/full_h2o/continuum_support/h2o_continuum_red_q80/node03.lambda	3af4bfff9a84ef76c34dfdc2ad0eea14e8479083aa824fb25a82cc5d8979175d	expanded_n2401	1.9975051980918284	2401	2401	3003.7468767198525	1.2510399319949406	2.4822220872915486e-06	stellar_center	0.0	0.0	0.35	1	m2p25_c17p5_a0p40_q2p75_i0p05	2.25	2.75	c17p5	17.5	317.159480236321	100	1.0	7.3011756855e-08	70.0	0.03	0.4	128000	2	1	16	jwst_mcfost/runs/strict_continuum_cavity_mass_q_v1/models/m2p25_c17p5_a0p40_q2p75_i0p05/temperature/seed=41001/data_th/Temperature.fits.gz	1bd212f2f54dd8c1701a6064e129ba7fdb5721cb3fe296472433bbdd3b79ec1c	reused_accepted_continuum_temperature_screening_only_not_self_consistent_for_changed_dust	inside_h2o_optical_constants	continuum_reconstruction_not_scored	0.02	0.98	x0p02	0.05	full_h2o	83	00b0a3367939835b58d0e7c623ac9336e5d664b8077782883606c8853efb0af9	h2o_selected_x0p02	jwst_mcfost/runs/h2o_3um_abundance_grid_v1/parameters/h2o_x0p02_rt.para	1bf5e1b037fd810c4a875a51ee0c868e9e1ba6045f3e673249945ce67707bbbc	selected_h2o_disjoint_dhs_abundance_grid_screening_dust	jwst_mcfost/runs/h2o_3um_abundance_grid_v1/tasks/x0p02/t083_h2o_continuum_red_q80_n03_s52001	661aa8ef8f1c1cd5fbbbbe03b3f79d00ab90de38107ff640f36c62a91337ffbc
84	full_h2o	52001	continuum_support	h2o_continuum_red_q80		h2o_continuum_red_q80	h2o_feature_optical_depth	jwst_mcfost/output/h2o_3um_observation_v3/stellar_center_h2o_continuum_lsf_nodes_R2400_v3.tsv	07f25fef793bf100873ab1f963bc44c55e49b0f171865ef57da62eb4db1d56d2	944b3625e5b28c41cf067339e6589d98d585703f993dd15a7bf9dd81613f7567	3.5984826141459596	29	4	0.011257411327720693	Gaussian_in_log_lambda_constant_resolving_power	2400	3.6003021721376292	NIRSpec	G395H	G395H_run00	lambda_F_lambda_W_m-2	F_nu_Jy=lambda_F_lambda*lambda_um*1e20/c_m_s	F_nu_Jy	jwst_mcfost/runs/h2o_3um_method2_screen_v3/anchors/full_h2o/continuum_support/h2o_continuum_red_q80/node04.lambda	7306526a9120d9f85cdca7a169480487744e22e787e2a0a6e237e3a7ba47f942	expanded_n2401	1.9975051980918284	2401	2401	3003.7468767198525	1.2510399319949406	2.4822220872915486e-06	stellar_center	0.0	0.0	0.35	1	m2p25_c17p5_a0p40_q2p75_i0p05	2.25	2.75	c17p5	17.5	317.159480236321	100	1.0	7.3011756855e-08	70.0	0.03	0.4	128000	2	1	16	jwst_mcfost/runs/strict_continuum_cavity_mass_q_v1/models/m2p25_c17p5_a0p40_q2p75_i0p05/temperature/seed=41001/data_th/Temperature.fits.gz	1bd212f2f54dd8c1701a6064e129ba7fdb5721cb3fe296472433bbdd3b79ec1c	reused_accepted_continuum_temperature_screening_only_not_self_consistent_for_changed_dust	inside_h2o_optical_constants	continuum_reconstruction_not_scored	0.02	0.98	x0p02	0.05	full_h2o	84	1c92908b538ecf407f78c6f395020ded58eeae5ccf9efdccbd432e5af4f50cc8	h2o_selected_x0p02	jwst_mcfost/runs/h2o_3um_abundance_grid_v1/parameters/h2o_x0p02_rt.para	1bf5e1b037fd810c4a875a51ee0c868e9e1ba6045f3e673249945ce67707bbbc	selected_h2o_disjoint_dhs_abundance_grid_screening_dust	jwst_mcfost/runs/h2o_3um_abundance_grid_v1/tasks/x0p02/t084_h2o_continuum_red_q80_n04_s52001	03aa6e00be1a823ff3a126245ad6b652477c34dba313215a23f8d342752a5352
85	full_h2o	52001	logical_target	h2o_3um_v3_w001	h2o_3um_v3_w001		h2o_feature_optical_depth	jwst_mcfost/output/h2o_3um_observation_v3/stellar_center_h2o_target_lsf_nodes_R2400_v3.tsv	bc54da8f9e376921527db29400677e165b6e2f4aed158fd3aaa5162a66b325a7	fce5efbf3d6c71f41470de4414a9f72385ce37dec95ab55ac43bd347d15f2890	2.6122960249124896	0	0	0.011257411327720693	Gaussian_in_log_lambda_constant_resolving_power	2400	2.6109757956979753	NIRSpec	G235H	G235H_run01	lambda_F_lambda_W_m-2	F_nu_Jy=lambda_F_lambda*lambda_um*1e20/c_m_s	F_nu_Jy	jwst_mcfost/runs/h2o_3um_method2_screen_v3/anchors/full_h2o/logical_target/h2o_3um_v3_w001/node00.lambda	f837effd132adde9de61efe712fb2649b30ffb3cf07b53647d3868fe89548263	expanded_n2401	1.9975051980918284	2401	2401	3003.7468767198525	1.2510399319949406	2.4822220872915486e-06	stellar_center	0.0	0.0	0.35	1	m2p25_c17p5_a0p40_q2p75_i0p05	2.25	2.75	c17p5	17.5	317.159480236321	100	1.0	7.3011756855e-08	70.0	0.03	0.4	128000	2	1	16	jwst_mcfost/runs/strict_continuum_cavity_mass_q_v1/models/m2p25_c17p5_a0p40_q2p75_i0p05/temperature/seed=41001/data_th/Temperature.fits.gz	1bd212f2f54dd8c1701a6064e129ba7fdb5721cb3fe296472433bbdd3b79ec1c	reused_accepted_continuum_temperature_screening_only_not_self_consistent_for_changed_dust	inside_h2o_optical_constants	continuum_wing_nuisance_not_scored	0.03	0.97	x0p03	0.05	full_h2o	0	9d4bc60e71c2f0df3fc519cbc969dbacba330894a5d18113f008985672bc16fb	h2o_selected_x0p03	jwst_mcfost/runs/h2o_3um_abundance_grid_v1/parameters/h2o_x0p03_rt.para	bf4257382851e20e1f8e05bef03bc663bd1f5803032e9c9af381a7331a302fde	selected_h2o_disjoint_dhs_abundance_grid_screening_dust	jwst_mcfost/runs/h2o_3um_abundance_grid_v1/tasks/x0p03/t085_h2o_3um_v3_w001_n00_s52001	8fb89ba66c2af830e7b18b14ee81fd0a087dbb24f87a18e226ebdefcf2f08ebb
86	full_h2o	52001	logical_target	h2o_3um_v3_w001	h2o_3um_v3_w001		h2o_feature_optical_depth	jwst_mcfost/output/h2o_3um_observation_v3/stellar_center_h2o_target_lsf_nodes_R2400_v3.tsv	bc54da8f9e376921527db29400677e165b6e2f4aed158fd3aaa5162a66b325a7	5f06e02e62fc5371f39ff6e6ff01b0c7dcf2a2b17836e4759ff72a4e17331804	2.6122960249124896	1	1	0.2220759220056126	Gaussian_in_log_lambda_constant_resolving_power	2400	2.61166949575688	NIRSpec	G235H	G235H_run01	lambda_F_lambda_W_m-2	F_nu_Jy=lambda_F_lambda*lambda_um*1e20/c_m_s	F_nu_Jy	jwst_mcfost/runs/h2o_3um_method2_screen_v3/anchors/full_h2o/logical_target/h2o_3um_v3_w001/node01.lambda	c84d8d33dd33b6245a9793c7a03efa56538693ddd1e350f12834b20d0e870101	expanded_n2401	1.9975051980918284	2401	2401	3003.7468767198525	1.2510399319949406	2.4822220872915486e-06	stellar_center	0.0	0.0	0.35	1	m2p25_c17p5_a0p40_q2p75_i0p05	2.25	2.75	c17p5	17.5	317.159480236321	100	1.0	7.3011756855e-08	70.0	0.03	0.4	128000	2	1	16	jwst_mcfost/runs/strict_continuum_cavity_mass_q_v1/models/m2p25_c17p5_a0p40_q2p75_i0p05/temperature/seed=41001/data_th/Temperature.fits.gz	1bd212f2f54dd8c1701a6064e129ba7fdb5721cb3fe296472433bbdd3b79ec1c	reused_accepted_continuum_temperature_screening_only_not_self_consistent_for_changed_dust	inside_h2o_optical_constants	continuum_wing_nuisance_not_scored	0.03	0.97	x0p03	0.05	full_h2o	1	b2587ec26fbd3ec2912e8f706e21b0466fcd54c7f1962ba57cd4806e93bdc324	h2o_selected_x0p03	jwst_mcfost/runs/h2o_3um_abundance_grid_v1/parameters/h2o_x0p03_rt.para	bf4257382851e20e1f8e05bef03bc663bd1f5803032e9c9af381a7331a302fde	selected_h2o_disjoint_dhs_abundance_grid_screening_dust	jwst_mcfost/runs/h2o_3um_abundance_grid_v1/tasks/x0p03/t086_h2o_3um_v3_w001_n01_s52001	88bbcbbebdb8abb69734f075a947adac9dde7ff50eac7932e205dc34ab378613
87	full_h2o	52001	logical_target	h2o_3um_v3_w001	h2o_3um_v3_w001		h2o_feature_optical_depth	jwst_mcfost/output/h2o_3um_observation_v3/stellar_center_h2o_target_lsf_nodes_R2400_v3.tsv	bc54da8f9e376921527db29400677e165b6e2f4aed158fd3aaa5162a66b325a7	58bc6c470443af7cb492b693c964c357882ad9415420c0fc7bd62a9b66714bb0	2.6122960249124896	2	2	0.53333333333333333	Gaussian_in_log_lambda_constant_resolving_power	2400	2.6122960249124896	NIRSpec	G235H	G235H_run01	lambda_F_lambda_W_m-2	F_nu_Jy=lambda_F_lambda*lambda_um*1e20/c_m_s	F_nu_Jy	jwst_mcfost/runs/h2o_3um_method2_screen_v3/anchors/full_h2o/logical_target/h2o_3um_v3_w001/node02.lambda	0e84cf42d019b3ce7e6fc4b3a1dcf0b0a714d3cf2c881c3522bad8daa6144c6a	expanded_n2401	1.9975051980918284	2401	2401	3003.7468767198525	1.2510399319949406	2.4822220872915486e-06	stellar_center	0.0	0.0	0.35	1	m2p25_c17p5_a0p40_q2p75_i0p05	2.25	2.75	c17p5	17.5	317.159480236321	100	1.0	7.3011756855e-08	70.0	0.03	0.4	128000	2	1	16	jwst_mcfost/runs/strict_continuum_cavity_mass_q_v1/models/m2p25_c17p5_a0p40_q2p75_i0p05/temperature/seed=41001/data_th/Temperature.fits.gz	1bd212f2f54dd8c1701a6064e129ba7fdb5721cb3fe296472433bbdd3b79ec1c	reused_accepted_continuum_temperature_screening_only_not_self_consistent_for_changed_dust	inside_h2o_optical_constants	continuum_wing_nuisance_not_scored	0.03	0.97	x0p03	0.05	full_h2o	2	632fd2f9203f647e721a3c59b1bd159a1aead06ed0ac7769f3412fe73d7b53ab	h2o_selected_x0p03	jwst_mcfost/runs/h2o_3um_abundance_grid_v1/parameters/h2o_x0p03_rt.para	bf4257382851e20e1f8e05bef03bc663bd1f5803032e9c9af381a7331a302fde	selected_h2o_disjoint_dhs_abundance_grid_screening_dust	jwst_mcfost/runs/h2o_3um_abundance_grid_v1/tasks/x0p03/t087_h2o_3um_v3_w001_n02_s52001	8c418a6ed5c2401d76d309a28a929d5d40be4a3b90614b02c1fa9eb3f6acd88e
88	full_h2o	52001	logical_target	h2o_3um_v3_w001	h2o_3um_v3_w001		h2o_feature_optical_depth	jwst_mcfost/output/h2o_3um_observation_v3/stellar_center_h2o_target_lsf_nodes_R2400_v3.tsv	bc54da8f9e376921527db29400677e165b6e2f4aed158fd3aaa5162a66b325a7	62a364aaf8152587832915ae241382b918d28af178a00494a9774559ac8e2d65	2.6122960249124896	3	3	0.2220759220056126	Gaussian_in_log_lambda_constant_resolving_power	2400	2.612922704369959	NIRSpec	G235H	G235H_run01	lambda_F_lambda_W_m-2	F_nu_Jy=lambda_F_lambda*lambda_um*1e20/c_m_s	F_nu_Jy	jwst_mcfost/runs/h2o_3um_method2_screen_v3/anchors/full_h2o/logical_target/h2o_3um_v3_w001/node03.lambda	1cbbaebe9d60c3234b25e42d2e2ac549ab540ac4a9e3a3de23d4d7cc5cfc1d19	expanded_n2401	1.9975051980918284	2401	2401	3003.7468767198525	1.2510399319949406	2.4822220872915486e-06	stellar_center	0.0	0.0	0.35	1	m2p25_c17p5_a0p40_q2p75_i0p05	2.25	2.75	c17p5	17.5	317.159480236321	100	1.0	7.3011756855e-08	70.0	0.03	0.4	128000	2	1	16	jwst_mcfost/runs/strict_continuum_cavity_mass_q_v1/models/m2p25_c17p5_a0p40_q2p75_i0p05/temperature/seed=41001/data_th/Temperature.fits.gz	1bd212f2f54dd8c1701a6064e129ba7fdb5721cb3fe296472433bbdd3b79ec1c	reused_accepted_continuum_temperature_screening_only_not_self_consistent_for_changed_dust	inside_h2o_optical_constants	continuum_wing_nuisance_not_scored	0.03	0.97	x0p03	0.05	full_h2o	3	ee953d29062c6c52e2d035db941a3ebedc41e9f5d47eed933d6462614809e5c6	h2o_selected_x0p03	jwst_mcfost/runs/h2o_3um_abundance_grid_v1/parameters/h2o_x0p03_rt.para	bf4257382851e20e1f8e05bef03bc663bd1f5803032e9c9af381a7331a302fde	selected_h2o_disjoint_dhs_abundance_grid_screening_dust	jwst_mcfost/runs/h2o_3um_abundance_grid_v1/tasks/x0p03/t088_h2o_3um_v3_w001_n03_s52001	6638d3e4491bbbd4dfd88f5a4aa7e29e609cc55fbe61b7679c9dd8e3da6606cc
89	full_h2o	52001	logical_target	h2o_3um_v3_w001	h2o_3um_v3_w001		h2o_feature_optical_depth	jwst_mcfost/output/h2o_3um_observation_v3/stellar_center_h2o_target_lsf_nodes_R2400_v3.tsv	bc54da8f9e376921527db29400677e165b6e2f4aed158fd3aaa5162a66b325a7	9d83036bfb4d8ad14fe8a056c7e0f3043dade5e3d0a4b63b12e975b3ddc923a8	2.6122960249124896	4	4	0.011257411327720693	Gaussian_in_log_lambda_constant_resolving_power	2400	2.6136169216954976	NIRSpec	G235H	G235H_run01	lambda_F_lambda_W_m-2	F_nu_Jy=lambda_F_lambda*lambda_um*1e20/c_m_s	F_nu_Jy	jwst_mcfost/runs/h2o_3um_method2_screen_v3/anchors/full_h2o/logical_target/h2o_3um_v3_w001/node04.lambda	34a619220145b1a7f32812f3f95f6037fbd3cbbbcc5687882aa35c347ad44da8	expanded_n2401	1.9975051980918284	2401	2401	3003.7468767198525	1.2510399319949406	2.4822220872915486e-06	stellar_center	0.0	0.0	0.35	1	m2p25_c17p5_a0p40_q2p75_i0p05	2.25	2.75	c17p5	17.5	317.159480236321	100	1.0	7.3011756855e-08	70.0	0.03	0.4	128000	2	1	16	jwst_mcfost/runs/strict_continuum_cavity_mass_q_v1/models/m2p25_c17p5_a0p40_q2p75_i0p05/temperature/seed=41001/data_th/Temperature.fits.gz	1bd212f2f54dd8c1701a6064e129ba7fdb5721cb3fe296472433bbdd3b79ec1c	reused_accepted_continuum_temperature_screening_only_not_self_consistent_for_changed_dust	inside_h2o_optical_constants	continuum_wing_nuisance_not_scored	0.03	0.97	x0p03	0.05	full_h2o	4	5bfeef029938644f48617604860d65a6764df00bffb99b65d42d38e2ed21fd62	h2o_selected_x0p03	jwst_mcfost/runs/h2o_3um_abundance_grid_v1/parameters/h2o_x0p03_rt.para	bf4257382851e20e1f8e05bef03bc663bd1f5803032e9c9af381a7331a302fde	selected_h2o_disjoint_dhs_abundance_grid_screening_dust	jwst_mcfost/runs/h2o_3um_abundance_grid_v1/tasks/x0p03/t089_h2o_3um_v3_w001_n04_s52001	12415515145ee460e461fbbd33611dc9c54263a5915bbed8ebc9ecb8e7d0ab63
90	full_h2o	52001	logical_target	h2o_3um_v3_w002	h2o_3um_v3_w002		h2o_feature_optical_depth	jwst_mcfost/output/h2o_3um_observation_v3/stellar_center_h2o_target_lsf_nodes_R2400_v3.tsv	bc54da8f9e376921527db29400677e165b6e2f4aed158fd3aaa5162a66b325a7	4b88197ca527d73f256a92b7dd5667b318d90a151ef3c7f6448884dca52cd338	2.8572041864979223	5	0	0.011257411327720693	Gaussian_in_log_lambda_constant_resolving_power	2400	2.8557601830607644	NIRSpec	G235H	G235H_run01	lambda_F_lambda_W_m-2	F_nu_Jy=lambda_F_lambda*lambda_um*1e20/c_m_s	F_nu_Jy	jwst_mcfost/runs/h2o_3um_method2_screen_v3/anchors/full_h2o/logical_target/h2o_3um_v3_w002/node00.lambda	05f54abdcf1f34d96cedeea53d3618dcaef49513f685edff368ddef4d3dbe5d9	expanded_n2401	1.9975051980918284	2401	2401	3003.7468767198525	1.2510399319949406	2.4822220872915486e-06	stellar_center	0.0	0.0	0.35	1	m2p25_c17p5_a0p40_q2p75_i0p05	2.25	2.75	c17p5	17.5	317.159480236321	100	1.0	7.3011756855e-08	70.0	0.03	0.4	128000	2	1	16	jwst_mcfost/runs/strict_continuum_cavity_mass_q_v1/models/m2p25_c17p5_a0p40_q2p75_i0p05/temperature/seed=41001/data_th/Temperature.fits.gz	1bd212f2f54dd8c1701a6064e129ba7fdb5721cb3fe296472433bbdd3b79ec1c	reused_accepted_continuum_temperature_screening_only_not_self_consistent_for_changed_dust	inside_h2o_optical_constants	feature_shape_scored	0.03	0.97	x0p03	0.05	full_h2o	5	4620df45c2c03c5fbab421f098e731029ced857763fd9f34bdaac3649cc651a4	h2o_selected_x0p03	jwst_mcfost/runs/h2o_3um_abundance_grid_v1/parameters/h2o_x0p03_rt.para	bf4257382851e20e1f8e05bef03bc663bd1f5803032e9c9af381a7331a302fde	selected_h2o_disjoint_dhs_abundance_grid_screening_dust	jwst_mcfost/runs/h2o_3um_abundance_grid_v1/tasks/x0p03/t090_h2o_3um_v3_w002_n00_s52001	54e5729eae2e756e0d6e256ca69bdd43a789f907d00758d5dd7704e7df9cc7f2
91	full_h2o	52001	logical_target	h2o_3um_v3_w002	h2o_3um_v3_w002		h2o_feature_optical_depth	jwst_mcfost/output/h2o_3um_observation_v3/stellar_center_h2o_target_lsf_nodes_R2400_v3.tsv	bc54da8f9e376921527db29400677e165b6e2f4aed158fd3aaa5162a66b325a7	50b539675bd3fc2196b359f18bd839977b01cf46c56f578ebebbdb93bc0ad02b	2.8572041864979223	6	1	0.2220759220056126	Gaussian_in_log_lambda_constant_resolving_power	2400	2.856518918936628	NIRSpec	G235H	G235H_run01	lambda_F_lambda_W_m-2	F_nu_Jy=lambda_F_lambda*lambda_um*1e20/c_m_s	F_nu_Jy	jwst_mcfost/runs/h2o_3um_method2_screen_v3/anchors/full_h2o/logical_target/h2o_3um_v3_w002/node01.lambda	1440409f1d3f053263f71d95121cd45d15a666f509471b6ddc9079bcb59ad250	expanded_n2401	1.9975051980918284	2401	2401	3003.7468767198525	1.2510399319949406	2.4822220872915486e-06	stellar_center	0.0	0.0	0.35	1	m2p25_c17p5_a0p40_q2p75_i0p05	2.25	2.75	c17p5	17.5	317.159480236321	100	1.0	7.3011756855e-08	70.0	0.03	0.4	128000	2	1	16	jwst_mcfost/runs/strict_continuum_cavity_mass_q_v1/models/m2p25_c17p5_a0p40_q2p75_i0p05/temperature/seed=41001/data_th/Temperature.fits.gz	1bd212f2f54dd8c1701a6064e129ba7fdb5721cb3fe296472433bbdd3b79ec1c	reused_accepted_continuum_temperature_screening_only_not_self_consistent_for_changed_dust	inside_h2o_optical_constants	feature_shape_scored	0.03	0.97	x0p03	0.05	full_h2o	6	ec6df5309656df032a31c6b49d7fca45810b337d9ec61894626cd441bf882c00	h2o_selected_x0p03	jwst_mcfost/runs/h2o_3um_abundance_grid_v1/parameters/h2o_x0p03_rt.para	bf4257382851e20e1f8e05bef03bc663bd1f5803032e9c9af381a7331a302fde	selected_h2o_disjoint_dhs_abundance_grid_screening_dust	jwst_mcfost/runs/h2o_3um_abundance_grid_v1/tasks/x0p03/t091_h2o_3um_v3_w002_n01_s52001	5585e2ee91f09e4334f22726d55ae4a1e5ab0118b17e24e4d8eed91ca11e5254
92	full_h2o	52001	logical_target	h2o_3um_v3_w002	h2o_3um_v3_w002		h2o_feature_optical_depth	jwst_mcfost/output/h2o_3um_observation_v3/stellar_center_h2o_target_lsf_nodes_R2400_v3.tsv	bc54da8f9e376921527db29400677e165b6e2f4aed158fd3aaa5162a66b325a7	d455ab9a88ba1a4c3ff62d32f9bdd59bb017783b66c4e8b98c3641f3e9b89cf0	2.8572041864979223	7	2	0.53333333333333333	Gaussian_in_log_lambda_constant_resolving_power	2400	2.8572041864979223	NIRSpec	G235H	G235H_run01	lambda_F_lambda_W_m-2	F_nu_Jy=lambda_F_lambda*lambda_um*1e20/c_m_s	F_nu_Jy	jwst_mcfost/runs/h2o_3um_method2_screen_v3/anchors/full_h2o/logical_target/h2o_3um_v3_w002/node02.lambda	a62f238a516ba39528b9b6fcdfdda607da5c6ddd493183effbd3870e88b70a65	expanded_n2401	1.9975051980918284	2401	2401	3003.7468767198525	1.2510399319949406	2.4822220872915486e-06	stellar_center	0.0	0.0	0.35	1	m2p25_c17p5_a0p40_q2p75_i0p05	2.25	2.75	c17p5	17.5	317.159480236321	100	1.0	7.3011756855e-08	70.0	0.03	0.4	128000	2	1	16	jwst_mcfost/runs/strict_continuum_cavity_mass_q_v1/models/m2p25_c17p5_a0p40_q2p75_i0p05/temperature/seed=41001/data_th/Temperature.fits.gz	1bd212f2f54dd8c1701a6064e129ba7fdb5721cb3fe296472433bbdd3b79ec1c	reused_accepted_continuum_temperature_screening_only_not_self_consistent_for_changed_dust	inside_h2o_optical_constants	feature_shape_scored	0.03	0.97	x0p03	0.05	full_h2o	7	cca177bcdaf36d460ccf78c38ff4d07b2fec52b9922ebb66e227cf7e4fc9166e	h2o_selected_x0p03	jwst_mcfost/runs/h2o_3um_abundance_grid_v1/parameters/h2o_x0p03_rt.para	bf4257382851e20e1f8e05bef03bc663bd1f5803032e9c9af381a7331a302fde	selected_h2o_disjoint_dhs_abundance_grid_screening_dust	jwst_mcfost/runs/h2o_3um_abundance_grid_v1/tasks/x0p03/t092_h2o_3um_v3_w002_n02_s52001	fd98c91a4729eb5a221fa7d6ac80927611b5924944ded0376db5829f6899b3b7
93	full_h2o	52001	logical_target	h2o_3um_v3_w002	h2o_3um_v3_w002		h2o_feature_optical_depth	jwst_mcfost/output/h2o_3um_observation_v3/stellar_center_h2o_target_lsf_nodes_R2400_v3.tsv	bc54da8f9e376921527db29400677e165b6e2f4aed158fd3aaa5162a66b325a7	876446a15400f81541df81723dd7eaeeb4b3f1e64034f296a2b691b7254b8bb4	2.8572041864979223	8	3	0.2220759220056126	Gaussian_in_log_lambda_constant_resolving_power	2400	2.8578896184521869	NIRSpec	G235H	G235H_run01	lambda_F_lambda_W_m-2	F_nu_Jy=lambda_F_lambda*lambda_um*1e20/c_m_s	F_nu_Jy	jwst_mcfost/runs/h2o_3um_method2_screen_v3/anchors/full_h2o/logical_target/h2o_3um_v3_w002/node03.lambda	214ae06aab6c78ec0d375d1f3a89e2deeaf109beb868021e97929cc9561c2bc3	expanded_n2401	1.9975051980918284	2401	2401	3003.7468767198525	1.2510399319949406	2.4822220872915486e-06	stellar_center	0.0	0.0	0.35	1	m2p25_c17p5_a0p40_q2p75_i0p05	2.25	2.75	c17p5	17.5	317.159480236321	100	1.0	7.3011756855e-08	70.0	0.03	0.4	128000	2	1	16	jwst_mcfost/runs/strict_continuum_cavity_mass_q_v1/models/m2p25_c17p5_a0p40_q2p75_i0p05/temperature/seed=41001/data_th/Temperature.fits.gz	1bd212f2f54dd8c1701a6064e129ba7fdb5721cb3fe296472433bbdd3b79ec1c	reused_accepted_continuum_temperature_screening_only_not_self_consistent_for_changed_dust	inside_h2o_optical_constants	feature_shape_scored	0.03	0.97	x0p03	0.05	full_h2o	8	df2a10804d1dedf9cf4831b40cd7ff5d1d8c12a1529f7503a32e9310045f423d	h2o_selected_x0p03	jwst_mcfost/runs/h2o_3um_abundance_grid_v1/parameters/h2o_x0p03_rt.para	bf4257382851e20e1f8e05bef03bc663bd1f5803032e9c9af381a7331a302fde	selected_h2o_disjoint_dhs_abundance_grid_screening_dust	jwst_mcfost/runs/h2o_3um_abundance_grid_v1/tasks/x0p03/t093_h2o_3um_v3_w002_n03_s52001	eeb3b454a243a29a3a1a7ebd0261ce7fd3a6c88ee4d2581f9e99efd64895233c
94	full_h2o	52001	logical_target	h2o_3um_v3_w002	h2o_3um_v3_w002		h2o_feature_optical_depth	jwst_mcfost/output/h2o_3um_observation_v3/stellar_center_h2o_target_lsf_nodes_R2400_v3.tsv	bc54da8f9e376921527db29400677e165b6e2f4aed158fd3aaa5162a66b325a7	8ca030766ecb004394ae6213f0712804a9f4f1532c8bd6f20340a9745c8692d4	2.8572041864979223	9	4	0.011257411327720693	Gaussian_in_log_lambda_constant_resolving_power	2400	2.8586489200895024	NIRSpec	G235H	G235H_run01	lambda_F_lambda_W_m-2	F_nu_Jy=lambda_F_lambda*lambda_um*1e20/c_m_s	F_nu_Jy	jwst_mcfost/runs/h2o_3um_method2_screen_v3/anchors/full_h2o/logical_target/h2o_3um_v3_w002/node04.lambda	29f024a20bb28951e60b5d8f2ea289fa5320b9b998affa7ab3abb419bbc00364	expanded_n2401	1.9975051980918284	2401	2401	3003.7468767198525	1.2510399319949406	2.4822220872915486e-06	stellar_center	0.0	0.0	0.35	1	m2p25_c17p5_a0p40_q2p75_i0p05	2.25	2.75	c17p5	17.5	317.159480236321	100	1.0	7.3011756855e-08	70.0	0.03	0.4	128000	2	1	16	jwst_mcfost/runs/strict_continuum_cavity_mass_q_v1/models/m2p25_c17p5_a0p40_q2p75_i0p05/temperature/seed=41001/data_th/Temperature.fits.gz	1bd212f2f54dd8c1701a6064e129ba7fdb5721cb3fe296472433bbdd3b79ec1c	reused_accepted_continuum_temperature_screening_only_not_self_consistent_for_changed_dust	inside_h2o_optical_constants	feature_shape_scored	0.03	0.97	x0p03	0.05	full_h2o	9	30c4ae956d37c53efc4b93e0aa82f575facfb858de0e50cc9926f4fcd011fdf7	h2o_selected_x0p03	jwst_mcfost/runs/h2o_3um_abundance_grid_v1/parameters/h2o_x0p03_rt.para	bf4257382851e20e1f8e05bef03bc663bd1f5803032e9c9af381a7331a302fde	selected_h2o_disjoint_dhs_abundance_grid_screening_dust	jwst_mcfost/runs/h2o_3um_abundance_grid_v1/tasks/x0p03/t094_h2o_3um_v3_w002_n04_s52001	c81d6dff4d68128bb86cf81fc2962c9a0b1f5ead049a02296d2e059c0cad29de
95	full_h2o	52001	logical_target	h2o_3um_v3_w003	h2o_3um_v3_w003		h2o_feature_optical_depth	jwst_mcfost/output/h2o_3um_observation_v3/stellar_center_h2o_target_lsf_nodes_R2400_v3.tsv	bc54da8f9e376921527db29400677e165b6e2f4aed158fd3aaa5162a66b325a7	b6ac6641beeb92be050dad2933099c80df1519b89e9c0de0bea8b814405cd4fe	2.9025080554554101	10	0	0.011257411327720693	Gaussian_in_log_lambda_constant_resolving_power	2400	2.9010411558798523	NIRSpec	G235H	G235H_run01	lambda_F_lambda_W_m-2	F_nu_Jy=lambda_F_lambda*lambda_um*1e20/c_m_s	F_nu_Jy	jwst_mcfost/runs/h2o_3um_method2_screen_v3/anchors/full_h2o/logical_target/h2o_3um_v3_w003/node00.lambda	2e07abaf9f7bfc35b6d62d60b449ea8381feef10ccfa3711865ab85d1bf8d96d	expanded_n2401	1.9975051980918284	2401	2401	3003.7468767198525	1.2510399319949406	2.4822220872915486e-06	stellar_center	0.0	0.0	0.35	1	m2p25_c17p5_a0p40_q2p75_i0p05	2.25	2.75	c17p5	17.5	317.159480236321	100	1.0	7.3011756855e-08	70.0	0.03	0.4	128000	2	1	16	jwst_mcfost/runs/strict_continuum_cavity_mass_q_v1/models/m2p25_c17p5_a0p40_q2p75_i0p05/temperature/seed=41001/data_th/Temperature.fits.gz	1bd212f2f54dd8c1701a6064e129ba7fdb5721cb3fe296472433bbdd3b79ec1c	reused_accepted_continuum_temperature_screening_only_not_self_consistent_for_changed_dust	inside_h2o_optical_constants	feature_shape_scored	0.03	0.97	x0p03	0.05	full_h2o	10	8110bd9d2f0e891df9a1cfbb54ede381f0b142e542d2d9d5254d1a3ad078da75	h2o_selected_x0p03	jwst_mcfost/runs/h2o_3um_abundance_grid_v1/parameters/h2o_x0p03_rt.para	bf4257382851e20e1f8e05bef03bc663bd1f5803032e9c9af381a7331a302fde	selected_h2o_disjoint_dhs_abundance_grid_screening_dust	jwst_mcfost/runs/h2o_3um_abundance_grid_v1/tasks/x0p03/t095_h2o_3um_v3_w003_n00_s52001	d71308f79a374f276be42454c061c544a9c1881e7b59fbbda521738bf5af0b6e
96	full_h2o	52001	logical_target	h2o_3um_v3_w003	h2o_3um_v3_w003		h2o_feature_optical_depth	jwst_mcfost/output/h2o_3um_observation_v3/stellar_center_h2o_target_lsf_nodes_R2400_v3.tsv	bc54da8f9e376921527db29400677e165b6e2f4aed158fd3aaa5162a66b325a7	b12b712ad8f395d3e968747a3639ceed31575566c2d23a98bfee406e199eb6e4	2.9025080554554101	11	1	0.2220759220056126	Gaussian_in_log_lambda_constant_resolving_power	2400	2.9018119222822203	NIRSpec	G235H	G235H_run01	lambda_F_lambda_W_m-2	F_nu_Jy=lambda_F_lambda*lambda_um*1e20/c_m_s	F_nu_Jy	jwst_mcfost/runs/h2o_3um_method2_screen_v3/anchors/full_h2o/logical_target/h2o_3um_v3_w003/node01.lambda	3837d7fd6ff1a3915ae5711adf5a75ad1fd25eec5730a5fecdbc028eae0354b0	expanded_n2401	1.9975051980918284	2401	2401	3003.7468767198525	1.2510399319949406	2.4822220872915486e-06	stellar_center	0.0	0.0	0.35	1	m2p25_c17p5_a0p40_q2p75_i0p05	2.25	2.75	c17p5	17.5	317.159480236321	100	1.0	7.3011756855e-08	70.0	0.03	0.4	128000	2	1	16	jwst_mcfost/runs/strict_continuum_cavity_mass_q_v1/models/m2p25_c17p5_a0p40_q2p75_i0p05/temperature/seed=41001/data_th/Temperature.fits.gz	1bd212f2f54dd8c1701a6064e129ba7fdb5721cb3fe296472433bbdd3b79ec1c	reused_accepted_continuum_temperature_screening_only_not_self_consistent_for_changed_dust	inside_h2o_optical_constants	feature_shape_scored	0.03	0.97	x0p03	0.05	full_h2o	11	80139b75eab9e9a978c7186b785271c9e89aae64a088ffe5a849fff41b40fa00	h2o_selected_x0p03	jwst_mcfost/runs/h2o_3um_abundance_grid_v1/parameters/h2o_x0p03_rt.para	bf4257382851e20e1f8e05bef03bc663bd1f5803032e9c9af381a7331a302fde	selected_h2o_disjoint_dhs_abundance_grid_screening_dust	jwst_mcfost/runs/h2o_3um_abundance_grid_v1/tasks/x0p03/t096_h2o_3um_v3_w003_n01_s52001	9752bfe5453cb33ad48f7337852fa91ea66b55f54d34f406b3c141fc44870e58
97	full_h2o	52001	logical_target	h2o_3um_v3_w003	h2o_3um_v3_w003		h2o_feature_optical_depth	jwst_mcfost/output/h2o_3um_observation_v3/stellar_center_h2o_target_lsf_nodes_R2400_v3.tsv	bc54da8f9e376921527db29400677e165b6e2f4aed158fd3aaa5162a66b325a7	f3857fdec1a7fb8e4477782ecd440c5abe73f8abe4761e1e10a3bb2e7f86c009	2.9025080554554101	12	2	0.53333333333333333	Gaussian_in_log_lambda_constant_resolving_power	2400	2.9025080554554101	NIRSpec	G235H	G235H_run01	lambda_F_lambda_W_m-2	F_nu_Jy=lambda_F_lambda*lambda_um*1e20/c_m_s	F_nu_Jy	jwst_mcfost/runs/h2o_3um_method2_screen_v3/anchors/full_h2o/logical_target/h2o_3um_v3_w003/node02.lambda	81d5422b3abd61fe2bf0cf88a627520cc772e4bb0813b506c2f1f8e2850affc2	expanded_n2401	1.9975051980918284	2401	2401	3003.7468767198525	1.2510399319949406	2.4822220872915486e-06	stellar_center	0.0	0.0	0.35	1	m2p25_c17p5_a0p40_q2p75_i0p05	2.25	2.75	c17p5	17.5	317.159480236321	100	1.0	7.3011756855e-08	70.0	0.03	0.4	128000	2	1	16	jwst_mcfost/runs/strict_continuum_cavity_mass_q_v1/models/m2p25_c17p5_a0p40_q2p75_i0p05/temperature/seed=41001/data_th/Temperature.fits.gz	1bd212f2f54dd8c1701a6064e129ba7fdb5721cb3fe296472433bbdd3b79ec1c	reused_accepted_continuum_temperature_screening_only_not_self_consistent_for_changed_dust	inside_h2o_optical_constants	feature_shape_scored	0.03	0.97	x0p03	0.05	full_h2o	12	67d955fd98cc74c18eb7cc4b20712aafc2e82514125dd074b4c703d57bdc7a74	h2o_selected_x0p03	jwst_mcfost/runs/h2o_3um_abundance_grid_v1/parameters/h2o_x0p03_rt.para	bf4257382851e20e1f8e05bef03bc663bd1f5803032e9c9af381a7331a302fde	selected_h2o_disjoint_dhs_abundance_grid_screening_dust	jwst_mcfost/runs/h2o_3um_abundance_grid_v1/tasks/x0p03/t097_h2o_3um_v3_w003_n02_s52001	58daa855363115b1c69ec0897dcfb9808dbebcab4da270b2f6133a0b0b66d892
98	full_h2o	52001	logical_target	h2o_3um_v3_w003	h2o_3um_v3_w003		h2o_feature_optical_depth	jwst_mcfost/output/h2o_3um_observation_v3/stellar_center_h2o_target_lsf_nodes_R2400_v3.tsv	bc54da8f9e376921527db29400677e165b6e2f4aed158fd3aaa5162a66b325a7	41bc626c9cb9041e51ddcb0f7b2b54b205b0709a197399edcb312e6c4a22cc2d	2.9025080554554101	13	3	0.2220759220056126	Gaussian_in_log_lambda_constant_resolving_power	2400	2.9032043556281879	NIRSpec	G235H	G235H_run01	lambda_F_lambda_W_m-2	F_nu_Jy=lambda_F_lambda*lambda_um*1e20/c_m_s	F_nu_Jy	jwst_mcfost/runs/h2o_3um_method2_screen_v3/anchors/full_h2o/logical_target/h2o_3um_v3_w003/node03.lambda	8b937b90038da38bc14235b11daeb67f6167e49013f249f19ff7b340c977791f	expanded_n2401	1.9975051980918284	2401	2401	3003.7468767198525	1.2510399319949406	2.4822220872915486e-06	stellar_center	0.0	0.0	0.35	1	m2p25_c17p5_a0p40_q2p75_i0p05	2.25	2.75	c17p5	17.5	317.159480236321	100	1.0	7.3011756855e-08	70.0	0.03	0.4	128000	2	1	16	jwst_mcfost/runs/strict_continuum_cavity_mass_q_v1/models/m2p25_c17p5_a0p40_q2p75_i0p05/temperature/seed=41001/data_th/Temperature.fits.gz	1bd212f2f54dd8c1701a6064e129ba7fdb5721cb3fe296472433bbdd3b79ec1c	reused_accepted_continuum_temperature_screening_only_not_self_consistent_for_changed_dust	inside_h2o_optical_constants	feature_shape_scored	0.03	0.97	x0p03	0.05	full_h2o	13	3aaa95dd580978d3131b2047db672f903b040fa9458609966c468f518696c107	h2o_selected_x0p03	jwst_mcfost/runs/h2o_3um_abundance_grid_v1/parameters/h2o_x0p03_rt.para	bf4257382851e20e1f8e05bef03bc663bd1f5803032e9c9af381a7331a302fde	selected_h2o_disjoint_dhs_abundance_grid_screening_dust	jwst_mcfost/runs/h2o_3um_abundance_grid_v1/tasks/x0p03/t098_h2o_3um_v3_w003_n03_s52001	84c542d0b495d8cc64cac9567ed9e3def606572b7e6e9a8ac303f9a42e89ae48
99	full_h2o	52001	logical_target	h2o_3um_v3_w003	h2o_3um_v3_w003		h2o_feature_optical_depth	jwst_mcfost/output/h2o_3um_observation_v3/stellar_center_h2o_target_lsf_nodes_R2400_v3.tsv	bc54da8f9e376921527db29400677e165b6e2f4aed158fd3aaa5162a66b325a7	a1be188b9661b54c5412794576196fe599d09d68d0d371423d82517dfe8492aa	2.9025080554554101	14	4	0.011257411327720693	Gaussian_in_log_lambda_constant_resolving_power	2400	2.9039756967627288	NIRSpec	G235H	G235H_run01	lambda_F_lambda_W_m-2	F_nu_Jy=lambda_F_lambda*lambda_um*1e20/c_m_s	F_nu_Jy	jwst_mcfost/runs/h2o_3um_method2_screen_v3/anchors/full_h2o/logical_target/h2o_3um_v3_w003/node04.lambda	2ecad41d6da3dabd9ce432e21338d23dddacbd2efc06516ec79ded1e48fb5848	expanded_n2401	1.9975051980918284	2401	2401	3003.7468767198525	1.2510399319949406	2.4822220872915486e-06	stellar_center	0.0	0.0	0.35	1	m2p25_c17p5_a0p40_q2p75_i0p05	2.25	2.75	c17p5	17.5	317.159480236321	100	1.0	7.3011756855e-08	70.0	0.03	0.4	128000	2	1	16	jwst_mcfost/runs/strict_continuum_cavity_mass_q_v1/models/m2p25_c17p5_a0p40_q2p75_i0p05/temperature/seed=41001/data_th/Temperature.fits.gz	1bd212f2f54dd8c1701a6064e129ba7fdb5721cb3fe296472433bbdd3b79ec1c	reused_accepted_continuum_temperature_screening_only_not_self_consistent_for_changed_dust	inside_h2o_optical_constants	feature_shape_scored	0.03	0.97	x0p03	0.05	full_h2o	14	7e38f5f8bd3fc261fd07f124a3c0875963428eebf8d6edb6f431081619de1403	h2o_selected_x0p03	jwst_mcfost/runs/h2o_3um_abundance_grid_v1/parameters/h2o_x0p03_rt.para	bf4257382851e20e1f8e05bef03bc663bd1f5803032e9c9af381a7331a302fde	selected_h2o_disjoint_dhs_abundance_grid_screening_dust	jwst_mcfost/runs/h2o_3um_abundance_grid_v1/tasks/x0p03/t099_h2o_3um_v3_w003_n04_s52001	0591201d5ddda2ad85af99fcda7e9abead1a7440cbf26853ce178b2a0799a8e4
100	full_h2o	52001	logical_target	h2o_3um_v3_w004	h2o_3um_v3_w004		h2o_feature_optical_depth	jwst_mcfost/output/h2o_3um_observation_v3/stellar_center_h2o_target_lsf_nodes_R2400_v3.tsv	bc54da8f9e376921527db29400677e165b6e2f4aed158fd3aaa5162a66b325a7	d7fdd6effcbebf66dba0948d2692ef823c09ca465b36f02283f232114bac3ebb	2.9489444454747278	15	0	0.011257411327720693	Gaussian_in_log_lambda_constant_resolving_power	2400	2.9474540773955487	NIRSpec	G235H	G235H_run01	lambda_F_lambda_W_m-2	F_nu_Jy=lambda_F_lambda*lambda_um*1e20/c_m_s	F_nu_Jy	jwst_mcfost/runs/h2o_3um_method2_screen_v3/anchors/full_h2o/logical_target/h2o_3um_v3_w004/node00.lambda	14ae29313f0ef2e83a67a1040506949938773f66fc81a95ef5fb827d02ccec22	expanded_n2401	1.9975051980918284	2401	2401	3003.7468767198525	1.2510399319949406	2.4822220872915486e-06	stellar_center	0.0	0.0	0.35	1	m2p25_c17p5_a0p40_q2p75_i0p05	2.25	2.75	c17p5	17.5	317.159480236321	100	1.0	7.3011756855e-08	70.0	0.03	0.4	128000	2	1	16	jwst_mcfost/runs/strict_continuum_cavity_mass_q_v1/models/m2p25_c17p5_a0p40_q2p75_i0p05/temperature/seed=41001/data_th/Temperature.fits.gz	1bd212f2f54dd8c1701a6064e129ba7fdb5721cb3fe296472433bbdd3b79ec1c	reused_accepted_continuum_temperature_screening_only_not_self_consistent_for_changed_dust	inside_h2o_optical_constants	feature_shape_scored	0.03	0.97	x0p03	0.05	full_h2o	15	915f8c3a54b0103f7dc2097e983902c3a15ad5118c4a64c8480fdf616930b64a	h2o_selected_x0p03	jwst_mcfost/runs/h2o_3um_abundance_grid_v1/parameters/h2o_x0p03_rt.para	bf4257382851e20e1f8e05bef03bc663bd1f5803032e9c9af381a7331a302fde	selected_h2o_disjoint_dhs_abundance_grid_screening_dust	jwst_mcfost/runs/h2o_3um_abundance_grid_v1/tasks/x0p03/t100_h2o_3um_v3_w004_n00_s52001	1cf177d34239fff28831cfff17558cf2a10a11d80501ff204cd858365aafb8bd
101	full_h2o	52001	logical_target	h2o_3um_v3_w004	h2o_3um_v3_w004		h2o_feature_optical_depth	jwst_mcfost/output/h2o_3um_observation_v3/stellar_center_h2o_target_lsf_nodes_R2400_v3.tsv	bc54da8f9e376921527db29400677e165b6e2f4aed158fd3aaa5162a66b325a7	7a1c4832cddc953498a55dada251f2a0cb985e774824ceb355ec3f920e486746	2.9489444454747278	16	1	0.2220759220056126	Gaussian_in_log_lambda_constant_resolving_power	2400	2.9482371750674914	NIRSpec	G235H	G235H_run01	lambda_F_lambda_W_m-2	F_nu_Jy=lambda_F_lambda*lambda_um*1e20/c_m_s	F_nu_Jy	jwst_mcfost/runs/h2o_3um_method2_screen_v3/anchors/full_h2o/logical_target/h2o_3um_v3_w004/node01.lambda	4ad98779007b8e623fd11726cab036958b1a80f4944d0a1b272aae3c82efe04e	expanded_n2401	1.9975051980918284	2401	2401	3003.7468767198525	1.2510399319949406	2.4822220872915486e-06	stellar_center	0.0	0.0	0.35	1	m2p25_c17p5_a0p40_q2p75_i0p05	2.25	2.75	c17p5	17.5	317.159480236321	100	1.0	7.3011756855e-08	70.0	0.03	0.4	128000	2	1	16	jwst_mcfost/runs/strict_continuum_cavity_mass_q_v1/models/m2p25_c17p5_a0p40_q2p75_i0p05/temperature/seed=41001/data_th/Temperature.fits.gz	1bd212f2f54dd8c1701a6064e129ba7fdb5721cb3fe296472433bbdd3b79ec1c	reused_accepted_continuum_temperature_screening_only_not_self_consistent_for_changed_dust	inside_h2o_optical_constants	feature_shape_scored	0.03	0.97	x0p03	0.05	full_h2o	16	608a3facb36c3e988b921aa0f8b686a568590e33dce198b22036b43ec67ea806	h2o_selected_x0p03	jwst_mcfost/runs/h2o_3um_abundance_grid_v1/parameters/h2o_x0p03_rt.para	bf4257382851e20e1f8e05bef03bc663bd1f5803032e9c9af381a7331a302fde	selected_h2o_disjoint_dhs_abundance_grid_screening_dust	jwst_mcfost/runs/h2o_3um_abundance_grid_v1/tasks/x0p03/t101_h2o_3um_v3_w004_n01_s52001	0ec985b660413c67670bd2deb800aea526979d4c98ba28f0fb416af6a7899b2f
102	full_h2o	52001	logical_target	h2o_3um_v3_w004	h2o_3um_v3_w004		h2o_feature_optical_depth	jwst_mcfost/output/h2o_3um_observation_v3/stellar_center_h2o_target_lsf_nodes_R2400_v3.tsv	bc54da8f9e376921527db29400677e165b6e2f4aed158fd3aaa5162a66b325a7	5ba6b4f9110de56beb77b0b234ae6d12d187729fa20e5955d7edcbd62dc7c30f	2.9489444454747278	17	2	0.53333333333333333	Gaussian_in_log_lambda_constant_resolving_power	2400	2.9489444454747278	NIRSpec	G235H	G235H_run01	lambda_F_lambda_W_m-2	F_nu_Jy=lambda_F_lambda*lambda_um*1e20/c_m_s	F_nu_Jy	jwst_mcfost/runs/h2o_3um_method2_screen_v3/anchors/full_h2o/logical_target/h2o_3um_v3_w004/node02.lambda	f5ec7925d3fc81a1d1e145d3a9f9cf4413b8df3e58e5d75885f9a87c3af86faf	expanded_n2401	1.9975051980918284	2401	2401	3003.7468767198525	1.2510399319949406	2.4822220872915486e-06	stellar_center	0.0	0.0	0.35	1	m2p25_c17p5_a0p40_q2p75_i0p05	2.25	2.75	c17p5	17.5	317.159480236321	100	1.0	7.3011756855e-08	70.0	0.03	0.4	128000	2	1	16	jwst_mcfost/runs/strict_continuum_cavity_mass_q_v1/models/m2p25_c17p5_a0p40_q2p75_i0p05/temperature/seed=41001/data_th/Temperature.fits.gz	1bd212f2f54dd8c1701a6064e129ba7fdb5721cb3fe296472433bbdd3b79ec1c	reused_accepted_continuum_temperature_screening_only_not_self_consistent_for_changed_dust	inside_h2o_optical_constants	feature_shape_scored	0.03	0.97	x0p03	0.05	full_h2o	17	9e120e6fa35e4b114e460e7d5f2aafe0e4c6027f53f07d817ba92c91da7429d0	h2o_selected_x0p03	jwst_mcfost/runs/h2o_3um_abundance_grid_v1/parameters/h2o_x0p03_rt.para	bf4257382851e20e1f8e05bef03bc663bd1f5803032e9c9af381a7331a302fde	selected_h2o_disjoint_dhs_abundance_grid_screening_dust	jwst_mcfost/runs/h2o_3um_abundance_grid_v1/tasks/x0p03/t102_h2o_3um_v3_w004_n02_s52001	71c932bd411d7ffd8c82c3d24a9ae3ee3b08a49d212350f2395a63d6267222b6
103	full_h2o	52001	logical_target	h2o_3um_v3_w004	h2o_3um_v3_w004		h2o_feature_optical_depth	jwst_mcfost/output/h2o_3um_observation_v3/stellar_center_h2o_target_lsf_nodes_R2400_v3.tsv	bc54da8f9e376921527db29400677e165b6e2f4aed158fd3aaa5162a66b325a7	27836b4b116b81c17e1e4097af097306f2951732973531d5affdc8a56bbc7837	2.9489444454747278	18	3	0.2220759220056126	Gaussian_in_log_lambda_constant_resolving_power	2400	2.9496518855533305	NIRSpec	G235H	G235H_run01	lambda_F_lambda_W_m-2	F_nu_Jy=lambda_F_lambda*lambda_um*1e20/c_m_s	F_nu_Jy	jwst_mcfost/runs/h2o_3um_method2_screen_v3/anchors/full_h2o/logical_target/h2o_3um_v3_w004/node03.lambda	21d325104915d555ef142fde6d4bcad159829add274aaee3964f5d74cabfad61	expanded_n2401	1.9975051980918284	2401	2401	3003.7468767198525	1.2510399319949406	2.4822220872915486e-06	stellar_center	0.0	0.0	0.35	1	m2p25_c17p5_a0p40_q2p75_i0p05	2.25	2.75	c17p5	17.5	317.159480236321	100	1.0	7.3011756855e-08	70.0	0.03	0.4	128000	2	1	16	jwst_mcfost/runs/strict_continuum_cavity_mass_q_v1/models/m2p25_c17p5_a0p40_q2p75_i0p05/temperature/seed=41001/data_th/Temperature.fits.gz	1bd212f2f54dd8c1701a6064e129ba7fdb5721cb3fe296472433bbdd3b79ec1c	reused_accepted_continuum_temperature_screening_only_not_self_consistent_for_changed_dust	inside_h2o_optical_constants	feature_shape_scored	0.03	0.97	x0p03	0.05	full_h2o	18	5f532c12feefd60032a8576dd5a20fe058e316769b506fc6abefe7e2c58eee9c	h2o_selected_x0p03	jwst_mcfost/runs/h2o_3um_abundance_grid_v1/parameters/h2o_x0p03_rt.para	bf4257382851e20e1f8e05bef03bc663bd1f5803032e9c9af381a7331a302fde	selected_h2o_disjoint_dhs_abundance_grid_screening_dust	jwst_mcfost/runs/h2o_3um_abundance_grid_v1/tasks/x0p03/t103_h2o_3um_v3_w004_n03_s52001	9d0a2daea338dbf81b8500959c07cdb94ce64c284bc701987148ff03c61b2c1e
104	full_h2o	52001	logical_target	h2o_3um_v3_w004	h2o_3um_v3_w004		h2o_feature_optical_depth	jwst_mcfost/output/h2o_3um_observation_v3/stellar_center_h2o_target_lsf_nodes_R2400_v3.tsv	bc54da8f9e376921527db29400677e165b6e2f4aed158fd3aaa5162a66b325a7	382c6b19d4c3a9ed9f3722f1f54da9ca0a05a51673cdc9c7e24c7b7523a9d815	2.9489444454747278	19	4	0.011257411327720693	Gaussian_in_log_lambda_constant_resolving_power	2400	2.9504355671524207	NIRSpec	G235H	G235H_run01	lambda_F_lambda_W_m-2	F_nu_Jy=lambda_F_lambda*lambda_um*1e20/c_m_s	F_nu_Jy	jwst_mcfost/runs/h2o_3um_method2_screen_v3/anchors/full_h2o/logical_target/h2o_3um_v3_w004/node04.lambda	5af88554461142068f3abce918fb47afdd0a15470e593cbc2695b2da9c1ba49d	expanded_n2401	1.9975051980918284	2401	2401	3003.7468767198525	1.2510399319949406	2.4822220872915486e-06	stellar_center	0.0	0.0	0.35	1	m2p25_c17p5_a0p40_q2p75_i0p05	2.25	2.75	c17p5	17.5	317.159480236321	100	1.0	7.3011756855e-08	70.0	0.03	0.4	128000	2	1	16	jwst_mcfost/runs/strict_continuum_cavity_mass_q_v1/models/m2p25_c17p5_a0p40_q2p75_i0p05/temperature/seed=41001/data_th/Temperature.fits.gz	1bd212f2f54dd8c1701a6064e129ba7fdb5721cb3fe296472433bbdd3b79ec1c	reused_accepted_continuum_temperature_screening_only_not_self_consistent_for_changed_dust	inside_h2o_optical_constants	feature_shape_scored	0.03	0.97	x0p03	0.05	full_h2o	19	e50c26899649147a024e69e834a834ec3f08ffeb408cd0dcb7a755468eabf548	h2o_selected_x0p03	jwst_mcfost/runs/h2o_3um_abundance_grid_v1/parameters/h2o_x0p03_rt.para	bf4257382851e20e1f8e05bef03bc663bd1f5803032e9c9af381a7331a302fde	selected_h2o_disjoint_dhs_abundance_grid_screening_dust	jwst_mcfost/runs/h2o_3um_abundance_grid_v1/tasks/x0p03/t104_h2o_3um_v3_w004_n04_s52001	21fd37318a858eb0d7713d0bd30f7889155a763248e6d9f9ef7319bb68c765d3
105	full_h2o	52001	logical_target	h2o_3um_v3_w005	h2o_3um_v3_w005		h2o_feature_optical_depth	jwst_mcfost/output/h2o_3um_observation_v3/stellar_center_h2o_target_lsf_nodes_R2400_v3.tsv	bc54da8f9e376921527db29400677e165b6e2f4aed158fd3aaa5162a66b325a7	17d87708a0dbbdaf4ce7a60872e3962bf34e06acc8751c6fd63cc3903488f607	3.008775542271851	20	0	0.011257411327720693	Gaussian_in_log_lambda_constant_resolving_power	2400	3.007254936133442	NIRSpec	G235H	G235H_run01	lambda_F_lambda_W_m-2	F_nu_Jy=lambda_F_lambda*lambda_um*1e20/c_m_s	F_nu_Jy	jwst_mcfost/runs/h2o_3um_method2_screen_v3/anchors/full_h2o/logical_target/h2o_3um_v3_w005/node00.lambda	000503f9d6e8001dee5a0005bc06f284ea020e6c55f96b71958de7483bf4ffcd	expanded_n2401	1.9975051980918284	2401	2401	3003.7468767198525	1.2510399319949406	2.4822220872915486e-06	stellar_center	0.0	0.0	0.35	1	m2p25_c17p5_a0p40_q2p75_i0p05	2.25	2.75	c17p5	17.5	317.159480236321	100	1.0	7.3011756855e-08	70.0	0.03	0.4	128000	2	1	16	jwst_mcfost/runs/strict_continuum_cavity_mass_q_v1/models/m2p25_c17p5_a0p40_q2p75_i0p05/temperature/seed=41001/data_th/Temperature.fits.gz	1bd212f2f54dd8c1701a6064e129ba7fdb5721cb3fe296472433bbdd3b79ec1c	reused_accepted_continuum_temperature_screening_only_not_self_consistent_for_changed_dust	inside_h2o_optical_constants	feature_shape_scored	0.03	0.97	x0p03	0.05	full_h2o	20	4e0bcd79197b611bc9cd49900584ac26ebff9ce61ce311ce4bdb497e43759fbb	h2o_selected_x0p03	jwst_mcfost/runs/h2o_3um_abundance_grid_v1/parameters/h2o_x0p03_rt.para	bf4257382851e20e1f8e05bef03bc663bd1f5803032e9c9af381a7331a302fde	selected_h2o_disjoint_dhs_abundance_grid_screening_dust	jwst_mcfost/runs/h2o_3um_abundance_grid_v1/tasks/x0p03/t105_h2o_3um_v3_w005_n00_s52001	3b5aee6d32dcffd14fb85c249781671401b39f6ef82303b6ec63311a63471e39
106	full_h2o	52001	logical_target	h2o_3um_v3_w005	h2o_3um_v3_w005		h2o_feature_optical_depth	jwst_mcfost/output/h2o_3um_observation_v3/stellar_center_h2o_target_lsf_nodes_R2400_v3.tsv	bc54da8f9e376921527db29400677e165b6e2f4aed158fd3aaa5162a66b325a7	4faa08b8dd483a8732e53bc5e796fd61c11f7c621c867cbae09abe7ec81e0105	3.008775542271851	21	1	0.2220759220056126	Gaussian_in_log_lambda_constant_resolving_power	2400	3.0080539220642097	NIRSpec	G235H	G235H_run01	lambda_F_lambda_W_m-2	F_nu_Jy=lambda_F_lambda*lambda_um*1e20/c_m_s	F_nu_Jy	jwst_mcfost/runs/h2o_3um_method2_screen_v3/anchors/full_h2o/logical_target/h2o_3um_v3_w005/node01.lambda	e0b7b1db1e3a1589b1f219cd9b052b18acc51d82c355910e3d3036f5ae1f7cd2	expanded_n2401	1.9975051980918284	2401	2401	3003.7468767198525	1.2510399319949406	2.4822220872915486e-06	stellar_center	0.0	0.0	0.35	1	m2p25_c17p5_a0p40_q2p75_i0p05	2.25	2.75	c17p5	17.5	317.159480236321	100	1.0	7.3011756855e-08	70.0	0.03	0.4	128000	2	1	16	jwst_mcfost/runs/strict_continuum_cavity_mass_q_v1/models/m2p25_c17p5_a0p40_q2p75_i0p05/temperature/seed=41001/data_th/Temperature.fits.gz	1bd212f2f54dd8c1701a6064e129ba7fdb5721cb3fe296472433bbdd3b79ec1c	reused_accepted_continuum_temperature_screening_only_not_self_consistent_for_changed_dust	inside_h2o_optical_constants	feature_shape_scored	0.03	0.97	x0p03	0.05	full_h2o	21	19007ecdadd8581a91f1e267ed50aa4152b060f2f181f165dd93f4f9c4773e58	h2o_selected_x0p03	jwst_mcfost/runs/h2o_3um_abundance_grid_v1/parameters/h2o_x0p03_rt.para	bf4257382851e20e1f8e05bef03bc663bd1f5803032e9c9af381a7331a302fde	selected_h2o_disjoint_dhs_abundance_grid_screening_dust	jwst_mcfost/runs/h2o_3um_abundance_grid_v1/tasks/x0p03/t106_h2o_3um_v3_w005_n01_s52001	522fbe21acf67b9c22facf77abcca5c5343f8ed0803e566a724f1ac69f067c03
107	full_h2o	52001	logical_target	h2o_3um_v3_w005	h2o_3um_v3_w005		h2o_feature_optical_depth	jwst_mcfost/output/h2o_3um_observation_v3/stellar_center_h2o_target_lsf_nodes_R2400_v3.tsv	bc54da8f9e376921527db29400677e165b6e2f4aed158fd3aaa5162a66b325a7	114b170f6fa7ce4ffe544239c9e931ada79d77ced3f40e85953ffd2554ffd0ca	3.008775542271851	22	2	0.53333333333333333	Gaussian_in_log_lambda_constant_resolving_power	2400	3.008775542271851	NIRSpec	G235H	G235H_run01	lambda_F_lambda_W_m-2	F_nu_Jy=lambda_F_lambda*lambda_um*1e20/c_m_s	F_nu_Jy	jwst_mcfost/runs/h2o_3um_method2_screen_v3/anchors/full_h2o/logical_target/h2o_3um_v3_w005/node02.lambda	8039ec1f99d3698a67790561a9666309301b94a57a491ea99789ed928f2be83c	expanded_n2401	1.9975051980918284	2401	2401	3003.7468767198525	1.2510399319949406	2.4822220872915486e-06	stellar_center	0.0	0.0	0.35	1	m2p25_c17p5_a0p40_q2p75_i0p05	2.25	2.75	c17p5	17.5	317.159480236321	100	1.0	7.3011756855e-08	70.0	0.03	0.4	128000	2	1	16	jwst_mcfost/runs/strict_continuum_cavity_mass_q_v1/models/m2p25_c17p5_a0p40_q2p75_i0p05/temperature/seed=41001/data_th/Temperature.fits.gz	1bd212f2f54dd8c1701a6064e129ba7fdb5721cb3fe296472433bbdd3b79ec1c	reused_accepted_continuum_temperature_screening_only_not_self_consistent_for_changed_dust	inside_h2o_optical_constants	feature_shape_scored	0.03	0.97	x0p03	0.05	full_h2o	22	995d903e5b1d490759ff36e9b5d8166b6fa59a1beff61f3e065f2661e5431110	h2o_selected_x0p03	jwst_mcfost/runs/h2o_3um_abundance_grid_v1/parameters/h2o_x0p03_rt.para	bf4257382851e20e1f8e05bef03bc663bd1f5803032e9c9af381a7331a302fde	selected_h2o_disjoint_dhs_abundance_grid_screening_dust	jwst_mcfost/runs/h2o_3um_abundance_grid_v1/tasks/x0p03/t107_h2o_3um_v3_w005_n02_s52001	66a381043d03856a89f756d79e018d865d4c5ec6327023543f80483f349b2c8b
108	full_h2o	52001	logical_target	h2o_3um_v3_w005	h2o_3um_v3_w005		h2o_feature_optical_depth	jwst_mcfost/output/h2o_3um_observation_v3/stellar_center_h2o_target_lsf_nodes_R2400_v3.tsv	bc54da8f9e376921527db29400677e165b6e2f4aed158fd3aaa5162a66b325a7	7e31f5e47647dd3d80d70e02455d14a9878c5765732d9d789b3524df52914b6f	3.008775542271851	23	3	0.2220759220056126	Gaussian_in_log_lambda_constant_resolving_power	2400	3.0094973355933186	NIRSpec	G235H	G235H_run01	lambda_F_lambda_W_m-2	F_nu_Jy=lambda_F_lambda*lambda_um*1e20/c_m_s	F_nu_Jy	jwst_mcfost/runs/h2o_3um_method2_screen_v3/anchors/full_h2o/logical_target/h2o_3um_v3_w005/node03.lambda	12d4be248bbd36dacd0ab019520ab3b086a10ca66113e4f6404f41c911a20652	expanded_n2401	1.9975051980918284	2401	2401	3003.7468767198525	1.2510399319949406	2.4822220872915486e-06	stellar_center	0.0	0.0	0.35	1	m2p25_c17p5_a0p40_q2p75_i0p05	2.25	2.75	c17p5	17.5	317.159480236321	100	1.0	7.3011756855e-08	70.0	0.03	0.4	128000	2	1	16	jwst_mcfost/runs/strict_continuum_cavity_mass_q_v1/models/m2p25_c17p5_a0p40_q2p75_i0p05/temperature/seed=41001/data_th/Temperature.fits.gz	1bd212f2f54dd8c1701a6064e129ba7fdb5721cb3fe296472433bbdd3b79ec1c	reused_accepted_continuum_temperature_screening_only_not_self_consistent_for_changed_dust	inside_h2o_optical_constants	feature_shape_scored	0.03	0.97	x0p03	0.05	full_h2o	23	33c8860842d42545f68ac1e2e09e09cfaf97fc3170cab694987ed4f9de0f0c81	h2o_selected_x0p03	jwst_mcfost/runs/h2o_3um_abundance_grid_v1/parameters/h2o_x0p03_rt.para	bf4257382851e20e1f8e05bef03bc663bd1f5803032e9c9af381a7331a302fde	selected_h2o_disjoint_dhs_abundance_grid_screening_dust	jwst_mcfost/runs/h2o_3um_abundance_grid_v1/tasks/x0p03/t108_h2o_3um_v3_w005_n03_s52001	755512dd5d8c61393473ce92f81a92be052024985402d517c85638000b7e8ebf
109	full_h2o	52001	logical_target	h2o_3um_v3_w005	h2o_3um_v3_w005		h2o_feature_optical_depth	jwst_mcfost/output/h2o_3um_observation_v3/stellar_center_h2o_target_lsf_nodes_R2400_v3.tsv	bc54da8f9e376921527db29400677e165b6e2f4aed158fd3aaa5162a66b325a7	0191e54eba320420adb5acf285d40c366402d3a2b58da4be66948e78d4fbbe40	3.008775542271851	24	4	0.011257411327720693	Gaussian_in_log_lambda_constant_resolving_power	2400	3.0102969172985246	NIRSpec	G235H	G235H_run01	lambda_F_lambda_W_m-2	F_nu_Jy=lambda_F_lambda*lambda_um*1e20/c_m_s	F_nu_Jy	jwst_mcfost/runs/h2o_3um_method2_screen_v3/anchors/full_h2o/logical_target/h2o_3um_v3_w005/node04.lambda	b780db8f022f3e86ab80f7ebc51b336fc6b11c8311461549cfdef7e65a510928	expanded_n2401	1.9975051980918284	2401	2401	3003.7468767198525	1.2510399319949406	2.4822220872915486e-06	stellar_center	0.0	0.0	0.35	1	m2p25_c17p5_a0p40_q2p75_i0p05	2.25	2.75	c17p5	17.5	317.159480236321	100	1.0	7.3011756855e-08	70.0	0.03	0.4	128000	2	1	16	jwst_mcfost/runs/strict_continuum_cavity_mass_q_v1/models/m2p25_c17p5_a0p40_q2p75_i0p05/temperature/seed=41001/data_th/Temperature.fits.gz	1bd212f2f54dd8c1701a6064e129ba7fdb5721cb3fe296472433bbdd3b79ec1c	reused_accepted_continuum_temperature_screening_only_not_self_consistent_for_changed_dust	inside_h2o_optical_constants	feature_shape_scored	0.03	0.97	x0p03	0.05	full_h2o	24	a6defcf390a804244edc91c7608371eaa32fe5db8143fa8f566912ce2d0ca5a4	h2o_selected_x0p03	jwst_mcfost/runs/h2o_3um_abundance_grid_v1/parameters/h2o_x0p03_rt.para	bf4257382851e20e1f8e05bef03bc663bd1f5803032e9c9af381a7331a302fde	selected_h2o_disjoint_dhs_abundance_grid_screening_dust	jwst_mcfost/runs/h2o_3um_abundance_grid_v1/tasks/x0p03/t109_h2o_3um_v3_w005_n04_s52001	420ac015f7afd22d857fca8b26f6b28e42b0858124d259f55f674951ad4a83ec
110	full_h2o	52001	logical_target	h2o_3um_v3_w006	h2o_3um_v3_w006		h2o_feature_optical_depth	jwst_mcfost/output/h2o_3um_observation_v3/stellar_center_h2o_target_lsf_nodes_R2400_v3.tsv	bc54da8f9e376921527db29400677e165b6e2f4aed158fd3aaa5162a66b325a7	004a066982db005ca3a789c1e17279ca8be14991ce71a05934aff7de29e1becd	3.0764795490679795	25	0	0.011257411327720693	Gaussian_in_log_lambda_constant_resolving_power	2400	3.0749247259775636	NIRSpec	G395H	G395H_run00	lambda_F_lambda_W_m-2	F_nu_Jy=lambda_F_lambda*lambda_um*1e20/c_m_s	F_nu_Jy	jwst_mcfost/runs/h2o_3um_method2_screen_v3/anchors/full_h2o/logical_target/h2o_3um_v3_w006/node00.lambda	540aaf71ff5aa769254fdac60769cd5207d108bf03ac4bda30c107ea674e2694	expanded_n2401	1.9975051980918284	2401	2401	3003.7468767198525	1.2510399319949406	2.4822220872915486e-06	stellar_center	0.0	0.0	0.35	1	m2p25_c17p5_a0p40_q2p75_i0p05	2.25	2.75	c17p5	17.5	317.159480236321	100	1.0	7.3011756855e-08	70.0	0.03	0.4	128000	2	1	16	jwst_mcfost/runs/strict_continuum_cavity_mass_q_v1/models/m2p25_c17p5_a0p40_q2p75_i0p05/temperature/seed=41001/data_th/Temperature.fits.gz	1bd212f2f54dd8c1701a6064e129ba7fdb5721cb3fe296472433bbdd3b79ec1c	reused_accepted_continuum_temperature_screening_only_not_self_consistent_for_changed_dust	inside_h2o_optical_constants	feature_shape_scored	0.03	0.97	x0p03	0.05	full_h2o	25	1284ecf98782ab470febf6d855dcf362ed2e2896cd7df85a1f132d15fcddccd3	h2o_selected_x0p03	jwst_mcfost/runs/h2o_3um_abundance_grid_v1/parameters/h2o_x0p03_rt.para	bf4257382851e20e1f8e05bef03bc663bd1f5803032e9c9af381a7331a302fde	selected_h2o_disjoint_dhs_abundance_grid_screening_dust	jwst_mcfost/runs/h2o_3um_abundance_grid_v1/tasks/x0p03/t110_h2o_3um_v3_w006_n00_s52001	9a168c9f1acef6963f2271dbcc39384c1ae4da412dc188f4fa9955c0241512dc
111	full_h2o	52001	logical_target	h2o_3um_v3_w006	h2o_3um_v3_w006		h2o_feature_optical_depth	jwst_mcfost/output/h2o_3um_observation_v3/stellar_center_h2o_target_lsf_nodes_R2400_v3.tsv	bc54da8f9e376921527db29400677e165b6e2f4aed158fd3aaa5162a66b325a7	a4793ff3fcd8d8e3fd0ada1e94a62ad97a68a0951dc172fdb6f9b1fdd1848872	3.0764795490679795	26	1	0.2220759220056126	Gaussian_in_log_lambda_constant_resolving_power	2400	3.0757416908330226	NIRSpec	G395H	G395H_run00	lambda_F_lambda_W_m-2	F_nu_Jy=lambda_F_lambda*lambda_um*1e20/c_m_s	F_nu_Jy	jwst_mcfost/runs/h2o_3um_method2_screen_v3/anchors/full_h2o/logical_target/h2o_3um_v3_w006/node01.lambda	a9ad385155cf7108cfe2826e50f4a79066a845fc381755296a3acbb5982b4e2b	expanded_n2401	1.9975051980918284	2401	2401	3003.7468767198525	1.2510399319949406	2.4822220872915486e-06	stellar_center	0.0	0.0	0.35	1	m2p25_c17p5_a0p40_q2p75_i0p05	2.25	2.75	c17p5	17.5	317.159480236321	100	1.0	7.3011756855e-08	70.0	0.03	0.4	128000	2	1	16	jwst_mcfost/runs/strict_continuum_cavity_mass_q_v1/models/m2p25_c17p5_a0p40_q2p75_i0p05/temperature/seed=41001/data_th/Temperature.fits.gz	1bd212f2f54dd8c1701a6064e129ba7fdb5721cb3fe296472433bbdd3b79ec1c	reused_accepted_continuum_temperature_screening_only_not_self_consistent_for_changed_dust	inside_h2o_optical_constants	feature_shape_scored	0.03	0.97	x0p03	0.05	full_h2o	26	62d1e447a8c1629d2d735d15839a342dfcb35fb4565a8acc47460a6b800c0598	h2o_selected_x0p03	jwst_mcfost/runs/h2o_3um_abundance_grid_v1/parameters/h2o_x0p03_rt.para	bf4257382851e20e1f8e05bef03bc663bd1f5803032e9c9af381a7331a302fde	selected_h2o_disjoint_dhs_abundance_grid_screening_dust	jwst_mcfost/runs/h2o_3um_abundance_grid_v1/tasks/x0p03/t111_h2o_3um_v3_w006_n01_s52001	5cecf91a5867010bff2f13ec5358ed70d7b632f7fbd8af4cc75b75f1122efde7
112	full_h2o	52001	logical_target	h2o_3um_v3_w006	h2o_3um_v3_w006		h2o_feature_optical_depth	jwst_mcfost/output/h2o_3um_observation_v3/stellar_center_h2o_target_lsf_nodes_R2400_v3.tsv	bc54da8f9e376921527db29400677e165b6e2f4aed158fd3aaa5162a66b325a7	2cc093809e70c4e77232f365a7f4d89ee53d9c5dd9799984dc81bed364faca58	3.0764795490679795	27	2	0.53333333333333333	Gaussian_in_log_lambda_constant_resolving_power	2400	3.0764795490679795	NIRSpec	G395H	G395H_run00	lambda_F_lambda_W_m-2	F_nu_Jy=lambda_F_lambda*lambda_um*1e20/c_m_s	F_nu_Jy	jwst_mcfost/runs/h2o_3um_method2_screen_v3/anchors/full_h2o/logical_target/h2o_3um_v3_w006/node02.lambda	ccda11e0440c3d2374e801ae505d1627e1529bc086bd9713d80ef5869fa4f24e	expanded_n2401	1.9975051980918284	2401	2401	3003.7468767198525	1.2510399319949406	2.4822220872915486e-06	stellar_center	0.0	0.0	0.35	1	m2p25_c17p5_a0p40_q2p75_i0p05	2.25	2.75	c17p5	17.5	317.159480236321	100	1.0	7.3011756855e-08	70.0	0.03	0.4	128000	2	1	16	jwst_mcfost/runs/strict_continuum_cavity_mass_q_v1/models/m2p25_c17p5_a0p40_q2p75_i0p05/temperature/seed=41001/data_th/Temperature.fits.gz	1bd212f2f54dd8c1701a6064e129ba7fdb5721cb3fe296472433bbdd3b79ec1c	reused_accepted_continuum_temperature_screening_only_not_self_consistent_for_changed_dust	inside_h2o_optical_constants	feature_shape_scored	0.03	0.97	x0p03	0.05	full_h2o	27	8f7a1d0fd8a3a1aa74607c4dc85cc2c0bac0870db1a5433075b83362464030ac	h2o_selected_x0p03	jwst_mcfost/runs/h2o_3um_abundance_grid_v1/parameters/h2o_x0p03_rt.para	bf4257382851e20e1f8e05bef03bc663bd1f5803032e9c9af381a7331a302fde	selected_h2o_disjoint_dhs_abundance_grid_screening_dust	jwst_mcfost/runs/h2o_3um_abundance_grid_v1/tasks/x0p03/t112_h2o_3um_v3_w006_n02_s52001	b9d6552f7cfa98cca038d31fd954f8d7bde08481c02ab9522b8339b4fa04e757
113	full_h2o	52001	logical_target	h2o_3um_v3_w006	h2o_3um_v3_w006		h2o_feature_optical_depth	jwst_mcfost/output/h2o_3um_observation_v3/stellar_center_h2o_target_lsf_nodes_R2400_v3.tsv	bc54da8f9e376921527db29400677e165b6e2f4aed158fd3aaa5162a66b325a7	e459a139569d4ee8cb624870710d06b116b3c2e96cd7acd7ccb2bfc8524774aa	3.0764795490679795	28	3	0.2220759220056126	Gaussian_in_log_lambda_constant_resolving_power	2400	3.0772175843122009	NIRSpec	G395H	G395H_run00	lambda_F_lambda_W_m-2	F_nu_Jy=lambda_F_lambda*lambda_um*1e20/c_m_s	F_nu_Jy	jwst_mcfost/runs/h2o_3um_method2_screen_v3/anchors/full_h2o/logical_target/h2o_3um_v3_w006/node03.lambda	046a3feec39160659a011b17fa1ff833439b5ae55f1474bc49cc04a7e03b9ab5	expanded_n2401	1.9975051980918284	2401	2401	3003.7468767198525	1.2510399319949406	2.4822220872915486e-06	stellar_center	0.0	0.0	0.35	1	m2p25_c17p5_a0p40_q2p75_i0p05	2.25	2.75	c17p5	17.5	317.159480236321	100	1.0	7.3011756855e-08	70.0	0.03	0.4	128000	2	1	16	jwst_mcfost/runs/strict_continuum_cavity_mass_q_v1/models/m2p25_c17p5_a0p40_q2p75_i0p05/temperature/seed=41001/data_th/Temperature.fits.gz	1bd212f2f54dd8c1701a6064e129ba7fdb5721cb3fe296472433bbdd3b79ec1c	reused_accepted_continuum_temperature_screening_only_not_self_consistent_for_changed_dust	inside_h2o_optical_constants	feature_shape_scored	0.03	0.97	x0p03	0.05	full_h2o	28	333cd20633b11c94d32af69023f65777c3ba8f5db54aa4869629a2d62cded690	h2o_selected_x0p03	jwst_mcfost/runs/h2o_3um_abundance_grid_v1/parameters/h2o_x0p03_rt.para	bf4257382851e20e1f8e05bef03bc663bd1f5803032e9c9af381a7331a302fde	selected_h2o_disjoint_dhs_abundance_grid_screening_dust	jwst_mcfost/runs/h2o_3um_abundance_grid_v1/tasks/x0p03/t113_h2o_3um_v3_w006_n03_s52001	3e1f51a92450304f4a27528ba17e65643ea9f4abf8a8d99a3ac786274e37fee6
114	full_h2o	52001	logical_target	h2o_3um_v3_w006	h2o_3um_v3_w006		h2o_feature_optical_depth	jwst_mcfost/output/h2o_3um_observation_v3/stellar_center_h2o_target_lsf_nodes_R2400_v3.tsv	bc54da8f9e376921527db29400677e165b6e2f4aed158fd3aaa5162a66b325a7	67272680c0f1525635170018329acacc6fc62d5d179ab1b314a2213fa5732201	3.0764795490679795	29	4	0.011257411327720693	Gaussian_in_log_lambda_constant_resolving_power	2400	3.0780351583483214	NIRSpec	G395H	G395H_run00	lambda_F_lambda_W_m-2	F_nu_Jy=lambda_F_lambda*lambda_um*1e20/c_m_s	F_nu_Jy	jwst_mcfost/runs/h2o_3um_method2_screen_v3/anchors/full_h2o/logical_target/h2o_3um_v3_w006/node04.lambda	aca6087756645b6fb996c8799536f2e3d3c1900b5324313521836f7b13d8061e	expanded_n2401	1.9975051980918284	2401	2401	3003.7468767198525	1.2510399319949406	2.4822220872915486e-06	stellar_center	0.0	0.0	0.35	1	m2p25_c17p5_a0p40_q2p75_i0p05	2.25	2.75	c17p5	17.5	317.159480236321	100	1.0	7.3011756855e-08	70.0	0.03	0.4	128000	2	1	16	jwst_mcfost/runs/strict_continuum_cavity_mass_q_v1/models/m2p25_c17p5_a0p40_q2p75_i0p05/temperature/seed=41001/data_th/Temperature.fits.gz	1bd212f2f54dd8c1701a6064e129ba7fdb5721cb3fe296472433bbdd3b79ec1c	reused_accepted_continuum_temperature_screening_only_not_self_consistent_for_changed_dust	inside_h2o_optical_constants	feature_shape_scored	0.03	0.97	x0p03	0.05	full_h2o	29	dde022d19dd94a4f9ca25055fe308d672de4a217b6fde812534acd0fefe622ce	h2o_selected_x0p03	jwst_mcfost/runs/h2o_3um_abundance_grid_v1/parameters/h2o_x0p03_rt.para	bf4257382851e20e1f8e05bef03bc663bd1f5803032e9c9af381a7331a302fde	selected_h2o_disjoint_dhs_abundance_grid_screening_dust	jwst_mcfost/runs/h2o_3um_abundance_grid_v1/tasks/x0p03/t114_h2o_3um_v3_w006_n04_s52001	897c66b3e5cf0be8db4bf6fac7405ea33dce65551a84b497a77e463d6b2c5315
115	full_h2o	52001	logical_target	h2o_3um_v3_w007	h2o_3um_v3_w007		h2o_feature_optical_depth	jwst_mcfost/output/h2o_3um_observation_v3/stellar_center_h2o_target_lsf_nodes_R2400_v3.tsv	bc54da8f9e376921527db29400677e165b6e2f4aed158fd3aaa5162a66b325a7	3f7589c8f801fca885b3d7a28b088a9ce857edd8cb73a6bf860c3234676a4a0a	3.1192136084987556	30	0	0.011257411327720693	Gaussian_in_log_lambda_constant_resolving_power	2400	3.1176371880268876	NIRSpec	G395H	G395H_run00	lambda_F_lambda_W_m-2	F_nu_Jy=lambda_F_lambda*lambda_um*1e20/c_m_s	F_nu_Jy	jwst_mcfost/runs/h2o_3um_method2_screen_v3/anchors/full_h2o/logical_target/h2o_3um_v3_w007/node00.lambda	9c6ca9c5976d5f008675ddff138ed8e3fcbd17bfe8a2f5e7f2049a69220cc79c	expanded_n2401	1.9975051980918284	2401	2401	3003.7468767198525	1.2510399319949406	2.4822220872915486e-06	stellar_center	0.0	0.0	0.35	1	m2p25_c17p5_a0p40_q2p75_i0p05	2.25	2.75	c17p5	17.5	317.159480236321	100	1.0	7.3011756855e-08	70.0	0.03	0.4	128000	2	1	16	jwst_mcfost/runs/strict_continuum_cavity_mass_q_v1/models/m2p25_c17p5_a0p40_q2p75_i0p05/temperature/seed=41001/data_th/Temperature.fits.gz	1bd212f2f54dd8c1701a6064e129ba7fdb5721cb3fe296472433bbdd3b79ec1c	reused_accepted_continuum_temperature_screening_only_not_self_consistent_for_changed_dust	inside_h2o_optical_constants	feature_shape_scored	0.03	0.97	x0p03	0.05	full_h2o	30	791cf294329ebcae6082e880cc23667d9a397c6b870391ca01686499688232bd	h2o_selected_x0p03	jwst_mcfost/runs/h2o_3um_abundance_grid_v1/parameters/h2o_x0p03_rt.para	bf4257382851e20e1f8e05bef03bc663bd1f5803032e9c9af381a7331a302fde	selected_h2o_disjoint_dhs_abundance_grid_screening_dust	jwst_mcfost/runs/h2o_3um_abundance_grid_v1/tasks/x0p03/t115_h2o_3um_v3_w007_n00_s52001	f0990c1c9cc6783659c0c55fa1902161f4f70e3aeb1b49f634371b31447bcc4a
116	full_h2o	52001	logical_target	h2o_3um_v3_w007	h2o_3um_v3_w007		h2o_feature_optical_depth	jwst_mcfost/output/h2o_3um_observation_v3/stellar_center_h2o_target_lsf_nodes_R2400_v3.tsv	bc54da8f9e376921527db29400677e165b6e2f4aed158fd3aaa5162a66b325a7	5241b454361065215253183ef40bf44ed0d6551df8da0cebb075d9ae451f9011	3.1192136084987556	31	1	0.2220759220056126	Gaussian_in_log_lambda_constant_resolving_power	2400	3.1184655009911606	NIRSpec	G395H	G395H_run00	lambda_F_lambda_W_m-2	F_nu_Jy=lambda_F_lambda*lambda_um*1e20/c_m_s	F_nu_Jy	jwst_mcfost/runs/h2o_3um_method2_screen_v3/anchors/full_h2o/logical_target/h2o_3um_v3_w007/node01.lambda	cdf74bfb064b55c30dc9ea67b007a8224cb2c137dcfcb03d55b8deb4e7c8f2ba	expanded_n2401	1.9975051980918284	2401	2401	3003.7468767198525	1.2510399319949406	2.4822220872915486e-06	stellar_center	0.0	0.0	0.35	1	m2p25_c17p5_a0p40_q2p75_i0p05	2.25	2.75	c17p5	17.5	317.159480236321	100	1.0	7.3011756855e-08	70.0	0.03	0.4	128000	2	1	16	jwst_mcfost/runs/strict_continuum_cavity_mass_q_v1/models/m2p25_c17p5_a0p40_q2p75_i0p05/temperature/seed=41001/data_th/Temperature.fits.gz	1bd212f2f54dd8c1701a6064e129ba7fdb5721cb3fe296472433bbdd3b79ec1c	reused_accepted_continuum_temperature_screening_only_not_self_consistent_for_changed_dust	inside_h2o_optical_constants	feature_shape_scored	0.03	0.97	x0p03	0.05	full_h2o	31	cee8ee9e9783ede674a3152cc2c28f48da9c7808c888c42c828f759ef1466533	h2o_selected_x0p03	jwst_mcfost/runs/h2o_3um_abundance_grid_v1/parameters/h2o_x0p03_rt.para	bf4257382851e20e1f8e05bef03bc663bd1f5803032e9c9af381a7331a302fde	selected_h2o_disjoint_dhs_abundance_grid_screening_dust	jwst_mcfost/runs/h2o_3um_abundance_grid_v1/tasks/x0p03/t116_h2o_3um_v3_w007_n01_s52001	bd24a2907440783d0f8f8dfdc8af178a36eb90420b44ec37b4f08431d0e8bd95
117	full_h2o	52001	logical_target	h2o_3um_v3_w007	h2o_3um_v3_w007		h2o_feature_optical_depth	jwst_mcfost/output/h2o_3um_observation_v3/stellar_center_h2o_target_lsf_nodes_R2400_v3.tsv	bc54da8f9e376921527db29400677e165b6e2f4aed158fd3aaa5162a66b325a7	4fd107063f149800aa7c668dfe12dc16f4dd2bd990b23b977c6aff525573c326	3.1192136084987556	32	2	0.53333333333333333	Gaussian_in_log_lambda_constant_resolving_power	2400	3.1192136084987556	NIRSpec	G395H	G395H_run00	lambda_F_lambda_W_m-2	F_nu_Jy=lambda_F_lambda*lambda_um*1e20/c_m_s	F_nu_Jy	jwst_mcfost/runs/h2o_3um_method2_screen_v3/anchors/full_h2o/logical_target/h2o_3um_v3_w007/node02.lambda	2f0cc4061a98a8defbc37c26cbf096cc171d1d3c01c4865a971c12eb960ddc3b	expanded_n2401	1.9975051980918284	2401	2401	3003.7468767198525	1.2510399319949406	2.4822220872915486e-06	stellar_center	0.0	0.0	0.35	1	m2p25_c17p5_a0p40_q2p75_i0p05	2.25	2.75	c17p5	17.5	317.159480236321	100	1.0	7.3011756855e-08	70.0	0.03	0.4	128000	2	1	16	jwst_mcfost/runs/strict_continuum_cavity_mass_q_v1/models/m2p25_c17p5_a0p40_q2p75_i0p05/temperature/seed=41001/data_th/Temperature.fits.gz	1bd212f2f54dd8c1701a6064e129ba7fdb5721cb3fe296472433bbdd3b79ec1c	reused_accepted_continuum_temperature_screening_only_not_self_consistent_for_changed_dust	inside_h2o_optical_constants	feature_shape_scored	0.03	0.97	x0p03	0.05	full_h2o	32	6a9782b190ff558b9057b77e9d62ad973b7dd0d78b859db475e43dc1d9f470f2	h2o_selected_x0p03	jwst_mcfost/runs/h2o_3um_abundance_grid_v1/parameters/h2o_x0p03_rt.para	bf4257382851e20e1f8e05bef03bc663bd1f5803032e9c9af381a7331a302fde	selected_h2o_disjoint_dhs_abundance_grid_screening_dust	jwst_mcfost/runs/h2o_3um_abundance_grid_v1/tasks/x0p03/t117_h2o_3um_v3_w007_n02_s52001	e9aff28b6bfb783b08046cecfb1a11e5bf68903721290cb38fbb13ae819599f8
118	full_h2o	52001	logical_target	h2o_3um_v3_w007	h2o_3um_v3_w007		h2o_feature_optical_depth	jwst_mcfost/output/h2o_3um_observation_v3/stellar_center_h2o_target_lsf_nodes_R2400_v3.tsv	bc54da8f9e376921527db29400677e165b6e2f4aed158fd3aaa5162a66b325a7	d46f8f7d7897957539e2922a5c66b8830eb9f288d3881e488c138b2b0f63fb75	3.1192136084987556	33	3	0.2220759220056126	Gaussian_in_log_lambda_constant_resolving_power	2400	3.1199618954743751	NIRSpec	G395H	G395H_run00	lambda_F_lambda_W_m-2	F_nu_Jy=lambda_F_lambda*lambda_um*1e20/c_m_s	F_nu_Jy	jwst_mcfost/runs/h2o_3um_method2_screen_v3/anchors/full_h2o/logical_target/h2o_3um_v3_w007/node03.lambda	bd836312f2f7a103d17822dd83cb21ee33ef61bc170b39accbd7180ea4a65c68	expanded_n2401	1.9975051980918284	2401	2401	3003.7468767198525	1.2510399319949406	2.4822220872915486e-06	stellar_center	0.0	0.0	0.35	1	m2p25_c17p5_a0p40_q2p75_i0p05	2.25	2.75	c17p5	17.5	317.159480236321	100	1.0	7.3011756855e-08	70.0	0.03	0.4	128000	2	1	16	jwst_mcfost/runs/strict_continuum_cavity_mass_q_v1/models/m2p25_c17p5_a0p40_q2p75_i0p05/temperature/seed=41001/data_th/Temperature.fits.gz	1bd212f2f54dd8c1701a6064e129ba7fdb5721cb3fe296472433bbdd3b79ec1c	reused_accepted_continuum_temperature_screening_only_not_self_consistent_for_changed_dust	inside_h2o_optical_constants	feature_shape_scored	0.03	0.97	x0p03	0.05	full_h2o	33	11747d4b889a6c222ef1889447fbdada7a74f6e8f0d9d5734fb076d0f50a4c7c	h2o_selected_x0p03	jwst_mcfost/runs/h2o_3um_abundance_grid_v1/parameters/h2o_x0p03_rt.para	bf4257382851e20e1f8e05bef03bc663bd1f5803032e9c9af381a7331a302fde	selected_h2o_disjoint_dhs_abundance_grid_screening_dust	jwst_mcfost/runs/h2o_3um_abundance_grid_v1/tasks/x0p03/t118_h2o_3um_v3_w007_n03_s52001	ff1718b2f1bc66a9daa779c3e411369e4ab805be6836f3f06d8223548de2ef60
119	full_h2o	52001	logical_target	h2o_3um_v3_w007	h2o_3um_v3_w007		h2o_feature_optical_depth	jwst_mcfost/output/h2o_3um_observation_v3/stellar_center_h2o_target_lsf_nodes_R2400_v3.tsv	bc54da8f9e376921527db29400677e165b6e2f4aed158fd3aaa5162a66b325a7	d80c5d6aeb2f039b22917ec8c73f57f705998525a96ecde05ff410a39d971b90	3.1192136084987556	34	4	0.011257411327720693	Gaussian_in_log_lambda_constant_resolving_power	2400	3.1207908260811772	NIRSpec	G395H	G395H_run00	lambda_F_lambda_W_m-2	F_nu_Jy=lambda_F_lambda*lambda_um*1e20/c_m_s	F_nu_Jy	jwst_mcfost/runs/h2o_3um_method2_screen_v3/anchors/full_h2o/logical_target/h2o_3um_v3_w007/node04.lambda	277d2a0f864a1b5280fe67df42c47a1cde5b6f114917a18dbf630a01a3a18cbc	expanded_n2401	1.9975051980918284	2401	2401	3003.7468767198525	1.2510399319949406	2.4822220872915486e-06	stellar_center	0.0	0.0	0.35	1	m2p25_c17p5_a0p40_q2p75_i0p05	2.25	2.75	c17p5	17.5	317.159480236321	100	1.0	7.3011756855e-08	70.0	0.03	0.4	128000	2	1	16	jwst_mcfost/runs/strict_continuum_cavity_mass_q_v1/models/m2p25_c17p5_a0p40_q2p75_i0p05/temperature/seed=41001/data_th/Temperature.fits.gz	1bd212f2f54dd8c1701a6064e129ba7fdb5721cb3fe296472433bbdd3b79ec1c	reused_accepted_continuum_temperature_screening_only_not_self_consistent_for_changed_dust	inside_h2o_optical_constants	feature_shape_scored	0.03	0.97	x0p03	0.05	full_h2o	34	ad678e931d2e1b96d0e3b64478884713b13d49320c84047fbb90c1a6e01d6a3a	h2o_selected_x0p03	jwst_mcfost/runs/h2o_3um_abundance_grid_v1/parameters/h2o_x0p03_rt.para	bf4257382851e20e1f8e05bef03bc663bd1f5803032e9c9af381a7331a302fde	selected_h2o_disjoint_dhs_abundance_grid_screening_dust	jwst_mcfost/runs/h2o_3um_abundance_grid_v1/tasks/x0p03/t119_h2o_3um_v3_w007_n04_s52001	403f5f551a2462b9d70ebf237acdad50e041f28565b1edeeccf1a2479a9c2587
120	full_h2o	52001	logical_target	h2o_3um_v3_w008	h2o_3um_v3_w008		h2o_feature_optical_depth	jwst_mcfost/output/h2o_3um_observation_v3/stellar_center_h2o_target_lsf_nodes_R2400_v3.tsv	bc54da8f9e376921527db29400677e165b6e2f4aed158fd3aaa5162a66b325a7	73361524e31f88369781915b661095d61e2d763650d07928435085146cda9523	3.1583025782429441	35	0	0.011257411327720693	Gaussian_in_log_lambda_constant_resolving_power	2400	3.156706402582794	NIRSpec	G395H	G395H_run00	lambda_F_lambda_W_m-2	F_nu_Jy=lambda_F_lambda*lambda_um*1e20/c_m_s	F_nu_Jy	jwst_mcfost/runs/h2o_3um_method2_screen_v3/anchors/full_h2o/logical_target/h2o_3um_v3_w008/node00.lambda	a26aef8bd1a5deae634ac6488bffa33881609b301831f9213508359c4f140e43	expanded_n2401	1.9975051980918284	2401	2401	3003.7468767198525	1.2510399319949406	2.4822220872915486e-06	stellar_center	0.0	0.0	0.35	1	m2p25_c17p5_a0p40_q2p75_i0p05	2.25	2.75	c17p5	17.5	317.159480236321	100	1.0	7.3011756855e-08	70.0	0.03	0.4	128000	2	1	16	jwst_mcfost/runs/strict_continuum_cavity_mass_q_v1/models/m2p25_c17p5_a0p40_q2p75_i0p05/temperature/seed=41001/data_th/Temperature.fits.gz	1bd212f2f54dd8c1701a6064e129ba7fdb5721cb3fe296472433bbdd3b79ec1c	reused_accepted_continuum_temperature_screening_only_not_self_consistent_for_changed_dust	inside_h2o_optical_constants	feature_shape_scored	0.03	0.97	x0p03	0.05	full_h2o	35	94a051a0a4fbf6b38be3cffba0c008c2f7797df220cd7f6fb5b3dbe6411e364b	h2o_selected_x0p03	jwst_mcfost/runs/h2o_3um_abundance_grid_v1/parameters/h2o_x0p03_rt.para	bf4257382851e20e1f8e05bef03bc663bd1f5803032e9c9af381a7331a302fde	selected_h2o_disjoint_dhs_abundance_grid_screening_dust	jwst_mcfost/runs/h2o_3um_abundance_grid_v1/tasks/x0p03/t120_h2o_3um_v3_w008_n00_s52001	96f7cded686178be467fc59dc609311228fa9615a5c064d7a1f2f0ee1a5e447e
121	full_h2o	52001	logical_target	h2o_3um_v3_w008	h2o_3um_v3_w008		h2o_feature_optical_depth	jwst_mcfost/output/h2o_3um_observation_v3/stellar_center_h2o_target_lsf_nodes_R2400_v3.tsv	bc54da8f9e376921527db29400677e165b6e2f4aed158fd3aaa5162a66b325a7	630e4a6e135ea1862fac5ff760dcef0ab9303d3dfbd0c223387120b22de833f9	3.1583025782429441	36	1	0.2220759220056126	Gaussian_in_log_lambda_constant_resolving_power	2400	3.1575450956955473	NIRSpec	G395H	G395H_run00	lambda_F_lambda_W_m-2	F_nu_Jy=lambda_F_lambda*lambda_um*1e20/c_m_s	F_nu_Jy	jwst_mcfost/runs/h2o_3um_method2_screen_v3/anchors/full_h2o/logical_target/h2o_3um_v3_w008/node01.lambda	c7bed5ecc044321b32068d2006cbebbd5886bfb7753a360d27221b24981ce09f	expanded_n2401	1.9975051980918284	2401	2401	3003.7468767198525	1.2510399319949406	2.4822220872915486e-06	stellar_center	0.0	0.0	0.35	1	m2p25_c17p5_a0p40_q2p75_i0p05	2.25	2.75	c17p5	17.5	317.159480236321	100	1.0	7.3011756855e-08	70.0	0.03	0.4	128000	2	1	16	jwst_mcfost/runs/strict_continuum_cavity_mass_q_v1/models/m2p25_c17p5_a0p40_q2p75_i0p05/temperature/seed=41001/data_th/Temperature.fits.gz	1bd212f2f54dd8c1701a6064e129ba7fdb5721cb3fe296472433bbdd3b79ec1c	reused_accepted_continuum_temperature_screening_only_not_self_consistent_for_changed_dust	inside_h2o_optical_constants	feature_shape_scored	0.03	0.97	x0p03	0.05	full_h2o	36	f65c101f93dd2ef1fc8485e5792ded3e225844bafc52dd4193a88d2660c5fdbf	h2o_selected_x0p03	jwst_mcfost/runs/h2o_3um_abundance_grid_v1/parameters/h2o_x0p03_rt.para	bf4257382851e20e1f8e05bef03bc663bd1f5803032e9c9af381a7331a302fde	selected_h2o_disjoint_dhs_abundance_grid_screening_dust	jwst_mcfost/runs/h2o_3um_abundance_grid_v1/tasks/x0p03/t121_h2o_3um_v3_w008_n01_s52001	78832f8f2b6f626e04204a4e89b1f55190dbe3b0b63d6c61081d53a0e9adfbd9
122	full_h2o	52001	logical_target	h2o_3um_v3_w008	h2o_3um_v3_w008		h2o_feature_optical_depth	jwst_mcfost/output/h2o_3um_observation_v3/stellar_center_h2o_target_lsf_nodes_R2400_v3.tsv	bc54da8f9e376921527db29400677e165b6e2f4aed158fd3aaa5162a66b325a7	e34ea7b53b5abf55caefee6fe6ccb15d3039a1710d06e636caf204ac7c2d747f	3.1583025782429441	37	2	0.53333333333333333	Gaussian_in_log_lambda_constant_resolving_power	2400	3.1583025782429441	NIRSpec	G395H	G395H_run00	lambda_F_lambda_W_m-2	F_nu_Jy=lambda_F_lambda*lambda_um*1e20/c_m_s	F_nu_Jy	jwst_mcfost/runs/h2o_3um_method2_screen_v3/anchors/full_h2o/logical_target/h2o_3um_v3_w008/node02.lambda	472ec98e3ea99ec7e776bf1c5e9215ef16ff568537014aa9016a415a135a3a5d	expanded_n2401	1.9975051980918284	2401	2401	3003.7468767198525	1.2510399319949406	2.4822220872915486e-06	stellar_center	0.0	0.0	0.35	1	m2p25_c17p5_a0p40_q2p75_i0p05	2.25	2.75	c17p5	17.5	317.159480236321	100	1.0	7.3011756855e-08	70.0	0.03	0.4	128000	2	1	16	jwst_mcfost/runs/strict_continuum_cavity_mass_q_v1/models/m2p25_c17p5_a0p40_q2p75_i0p05/temperature/seed=41001/data_th/Temperature.fits.gz	1bd212f2f54dd8c1701a6064e129ba7fdb5721cb3fe296472433bbdd3b79ec1c	reused_accepted_continuum_temperature_screening_only_not_self_consistent_for_changed_dust	inside_h2o_optical_constants	feature_shape_scored	0.03	0.97	x0p03	0.05	full_h2o	37	445f2766149f2abf4e1cf4711b2eba2aa5b93919d5246935d25e118a92b34f3e	h2o_selected_x0p03	jwst_mcfost/runs/h2o_3um_abundance_grid_v1/parameters/h2o_x0p03_rt.para	bf4257382851e20e1f8e05bef03bc663bd1f5803032e9c9af381a7331a302fde	selected_h2o_disjoint_dhs_abundance_grid_screening_dust	jwst_mcfost/runs/h2o_3um_abundance_grid_v1/tasks/x0p03/t122_h2o_3um_v3_w008_n02_s52001	4f70b0473a94bc53441ce2d7d526c99df8b0c93c9373a5cb741d3e5eb69725df
123	full_h2o	52001	logical_target	h2o_3um_v3_w008	h2o_3um_v3_w008		h2o_feature_optical_depth	jwst_mcfost/output/h2o_3um_observation_v3/stellar_center_h2o_target_lsf_nodes_R2400_v3.tsv	bc54da8f9e376921527db29400677e165b6e2f4aed158fd3aaa5162a66b325a7	ec762f0620b58536a43e2be24f7a0d4fb603f454aa3f4f183e455dee764caa74	3.1583025782429441	38	3	0.2220759220056126	Gaussian_in_log_lambda_constant_resolving_power	2400	3.1590602425074001	NIRSpec	G395H	G395H_run00	lambda_F_lambda_W_m-2	F_nu_Jy=lambda_F_lambda*lambda_um*1e20/c_m_s	F_nu_Jy	jwst_mcfost/runs/h2o_3um_method2_screen_v3/anchors/full_h2o/logical_target/h2o_3um_v3_w008/node03.lambda	b8a2b16d6388856a7918c6f317b3c59b4d7e82bc0720188b7878ca527521695b	expanded_n2401	1.9975051980918284	2401	2401	3003.7468767198525	1.2510399319949406	2.4822220872915486e-06	stellar_center	0.0	0.0	0.35	1	m2p25_c17p5_a0p40_q2p75_i0p05	2.25	2.75	c17p5	17.5	317.159480236321	100	1.0	7.3011756855e-08	70.0	0.03	0.4	128000	2	1	16	jwst_mcfost/runs/strict_continuum_cavity_mass_q_v1/models/m2p25_c17p5_a0p40_q2p75_i0p05/temperature/seed=41001/data_th/Temperature.fits.gz	1bd212f2f54dd8c1701a6064e129ba7fdb5721cb3fe296472433bbdd3b79ec1c	reused_accepted_continuum_temperature_screening_only_not_self_consistent_for_changed_dust	inside_h2o_optical_constants	feature_shape_scored	0.03	0.97	x0p03	0.05	full_h2o	38	ad23618e7d68cc892f55e30a9d8814713b99b4be1fc89bea06b32da6dfa20644	h2o_selected_x0p03	jwst_mcfost/runs/h2o_3um_abundance_grid_v1/parameters/h2o_x0p03_rt.para	bf4257382851e20e1f8e05bef03bc663bd1f5803032e9c9af381a7331a302fde	selected_h2o_disjoint_dhs_abundance_grid_screening_dust	jwst_mcfost/runs/h2o_3um_abundance_grid_v1/tasks/x0p03/t123_h2o_3um_v3_w008_n03_s52001	96e3536625209d60c5594caca06a62a88e7fe6c226c75e135bf1fe9cf1c6f548
124	full_h2o	52001	logical_target	h2o_3um_v3_w008	h2o_3um_v3_w008		h2o_feature_optical_depth	jwst_mcfost/output/h2o_3um_observation_v3/stellar_center_h2o_target_lsf_nodes_R2400_v3.tsv	bc54da8f9e376921527db29400677e165b6e2f4aed158fd3aaa5162a66b325a7	dd7174a2ed679855b8a80313d958bf88e48222be763650173e12d276db946149	3.1583025782429441	39	4	0.011257411327720693	Gaussian_in_log_lambda_constant_resolving_power	2400	3.1598995610027778	NIRSpec	G395H	G395H_run00	lambda_F_lambda_W_m-2	F_nu_Jy=lambda_F_lambda*lambda_um*1e20/c_m_s	F_nu_Jy	jwst_mcfost/runs/h2o_3um_method2_screen_v3/anchors/full_h2o/logical_target/h2o_3um_v3_w008/node04.lambda	eec10978988fe80b6b7dc2ae6e0e2a53ba338db86e833f2fad2f04b84c0c9d81	expanded_n2401	1.9975051980918284	2401	2401	3003.7468767198525	1.2510399319949406	2.4822220872915486e-06	stellar_center	0.0	0.0	0.35	1	m2p25_c17p5_a0p40_q2p75_i0p05	2.25	2.75	c17p5	17.5	317.159480236321	100	1.0	7.3011756855e-08	70.0	0.03	0.4	128000	2	1	16	jwst_mcfost/runs/strict_continuum_cavity_mass_q_v1/models/m2p25_c17p5_a0p40_q2p75_i0p05/temperature/seed=41001/data_th/Temperature.fits.gz	1bd212f2f54dd8c1701a6064e129ba7fdb5721cb3fe296472433bbdd3b79ec1c	reused_accepted_continuum_temperature_screening_only_not_self_consistent_for_changed_dust	inside_h2o_optical_constants	feature_shape_scored	0.03	0.97	x0p03	0.05	full_h2o	39	d9ece9b458737fda76b89c94508767643dbc6bf4ee8a2f6418a62b7c89a63999	h2o_selected_x0p03	jwst_mcfost/runs/h2o_3um_abundance_grid_v1/parameters/h2o_x0p03_rt.para	bf4257382851e20e1f8e05bef03bc663bd1f5803032e9c9af381a7331a302fde	selected_h2o_disjoint_dhs_abundance_grid_screening_dust	jwst_mcfost/runs/h2o_3um_abundance_grid_v1/tasks/x0p03/t124_h2o_3um_v3_w008_n04_s52001	0ff6b5fd63f9380d8293d58537b0fb27dd2d5bd50ad2d43fb6e9d9e3395fbd42
125	full_h2o	52001	logical_target	h2o_3um_v3_w009	h2o_3um_v3_w009		h2o_feature_optical_depth	jwst_mcfost/output/h2o_3um_observation_v3/stellar_center_h2o_target_lsf_nodes_R2400_v3.tsv	bc54da8f9e376921527db29400677e165b6e2f4aed158fd3aaa5162a66b325a7	8479b3628d9417fdf46a1e94ec43353eaf4001e22fd1419455f0cd85f99cb274	3.2181646979389318	40	0	0.011257411327720693	Gaussian_in_log_lambda_constant_resolving_power	2400	3.2165382685408774	NIRSpec	G395H	G395H_run00	lambda_F_lambda_W_m-2	F_nu_Jy=lambda_F_lambda*lambda_um*1e20/c_m_s	F_nu_Jy	jwst_mcfost/runs/h2o_3um_method2_screen_v3/anchors/full_h2o/logical_target/h2o_3um_v3_w009/node00.lambda	e41f946e14f22d10a8881ff9a9aec3f8a4d4699bb40b023e00feb52932d7f6a3	expanded_n2401	1.9975051980918284	2401	2401	3003.7468767198525	1.2510399319949406	2.4822220872915486e-06	stellar_center	0.0	0.0	0.35	1	m2p25_c17p5_a0p40_q2p75_i0p05	2.25	2.75	c17p5	17.5	317.159480236321	100	1.0	7.3011756855e-08	70.0	0.03	0.4	128000	2	1	16	jwst_mcfost/runs/strict_continuum_cavity_mass_q_v1/models/m2p25_c17p5_a0p40_q2p75_i0p05/temperature/seed=41001/data_th/Temperature.fits.gz	1bd212f2f54dd8c1701a6064e129ba7fdb5721cb3fe296472433bbdd3b79ec1c	reused_accepted_continuum_temperature_screening_only_not_self_consistent_for_changed_dust	inside_h2o_optical_constants	feature_shape_scored	0.03	0.97	x0p03	0.05	full_h2o	40	9e7c9875f11886f0cc5498340c644e4582a74f61f2e543f83a91bb21e079b32d	h2o_selected_x0p03	jwst_mcfost/runs/h2o_3um_abundance_grid_v1/parameters/h2o_x0p03_rt.para	bf4257382851e20e1f8e05bef03bc663bd1f5803032e9c9af381a7331a302fde	selected_h2o_disjoint_dhs_abundance_grid_screening_dust	jwst_mcfost/runs/h2o_3um_abundance_grid_v1/tasks/x0p03/t125_h2o_3um_v3_w009_n00_s52001	f10404f8f3df654bf4ba9f434f1cb37e3a783ade3c40de56c2593fdffea43ca7
126	full_h2o	52001	logical_target	h2o_3um_v3_w009	h2o_3um_v3_w009		h2o_feature_optical_depth	jwst_mcfost/output/h2o_3um_observation_v3/stellar_center_h2o_target_lsf_nodes_R2400_v3.tsv	bc54da8f9e376921527db29400677e165b6e2f4aed158fd3aaa5162a66b325a7	355c4174639a91297982170c3e76c9e57a0839c3838a3eb94836b359e9799e8e	3.2181646979389318	41	1	0.2220759220056126	Gaussian_in_log_lambda_constant_resolving_power	2400	3.2173928581506446	NIRSpec	G395H	G395H_run00	lambda_F_lambda_W_m-2	F_nu_Jy=lambda_F_lambda*lambda_um*1e20/c_m_s	F_nu_Jy	jwst_mcfost/runs/h2o_3um_method2_screen_v3/anchors/full_h2o/logical_target/h2o_3um_v3_w009/node01.lambda	2dc4b8a40177fb304ce53dad5cd7517d70837c255bdc0c552595790f5fa1e8a8	expanded_n2401	1.9975051980918284	2401	2401	3003.7468767198525	1.2510399319949406	2.4822220872915486e-06	stellar_center	0.0	0.0	0.35	1	m2p25_c17p5_a0p40_q2p75_i0p05	2.25	2.75	c17p5	17.5	317.159480236321	100	1.0	7.3011756855e-08	70.0	0.03	0.4	128000	2	1	16	jwst_mcfost/runs/strict_continuum_cavity_mass_q_v1/models/m2p25_c17p5_a0p40_q2p75_i0p05/temperature/seed=41001/data_th/Temperature.fits.gz	1bd212f2f54dd8c1701a6064e129ba7fdb5721cb3fe296472433bbdd3b79ec1c	reused_accepted_continuum_temperature_screening_only_not_self_consistent_for_changed_dust	inside_h2o_optical_constants	feature_shape_scored	0.03	0.97	x0p03	0.05	full_h2o	41	c117d7c7224d8350964cd5681a4af50bf9fa7cb24a02383dece4dc4ba38844b0	h2o_selected_x0p03	jwst_mcfost/runs/h2o_3um_abundance_grid_v1/parameters/h2o_x0p03_rt.para	bf4257382851e20e1f8e05bef03bc663bd1f5803032e9c9af381a7331a302fde	selected_h2o_disjoint_dhs_abundance_grid_screening_dust	jwst_mcfost/runs/h2o_3um_abundance_grid_v1/tasks/x0p03/t126_h2o_3um_v3_w009_n01_s52001	dbf344a486fcb39bf7b16ab3ff16f558a341e729874eee05df84893b889cd1b3
127	full_h2o	52001	logical_target	h2o_3um_v3_w009	h2o_3um_v3_w009		h2o_feature_optical_depth	jwst_mcfost/output/h2o_3um_observation_v3/stellar_center_h2o_target_lsf_nodes_R2400_v3.tsv	bc54da8f9e376921527db29400677e165b6e2f4aed158fd3aaa5162a66b325a7	1d36308d24a14e68b1b6ff42879e2db215e7ce4e819ae523fb9b8e43e202a2a1	3.2181646979389318	42	2	0.53333333333333333	Gaussian_in_log_lambda_constant_resolving_power	2400	3.2181646979389318	NIRSpec	G395H	G395H_run00	lambda_F_lambda_W_m-2	F_nu_Jy=lambda_F_lambda*lambda_um*1e20/c_m_s	F_nu_Jy	jwst_mcfost/runs/h2o_3um_method2_screen_v3/anchors/full_h2o/logical_target/h2o_3um_v3_w009/node02.lambda	d51a0f04b8f2d4ff4db044a954980259b4dda2b544d5e29683c084b881fdeebd	expanded_n2401	1.9975051980918284	2401	2401	3003.7468767198525	1.2510399319949406	2.4822220872915486e-06	stellar_center	0.0	0.0	0.35	1	m2p25_c17p5_a0p40_q2p75_i0p05	2.25	2.75	c17p5	17.5	317.159480236321	100	1.0	7.3011756855e-08	70.0	0.03	0.4	128000	2	1	16	jwst_mcfost/runs/strict_continuum_cavity_mass_q_v1/models/m2p25_c17p5_a0p40_q2p75_i0p05/temperature/seed=41001/data_th/Temperature.fits.gz	1bd212f2f54dd8c1701a6064e129ba7fdb5721cb3fe296472433bbdd3b79ec1c	reused_accepted_continuum_temperature_screening_only_not_self_consistent_for_changed_dust	inside_h2o_optical_constants	feature_shape_scored	0.03	0.97	x0p03	0.05	full_h2o	42	628e171baff79e43322f7a3c2564c0c31a2bc1a92ef164e19b1b5fbf67f644a2	h2o_selected_x0p03	jwst_mcfost/runs/h2o_3um_abundance_grid_v1/parameters/h2o_x0p03_rt.para	bf4257382851e20e1f8e05bef03bc663bd1f5803032e9c9af381a7331a302fde	selected_h2o_disjoint_dhs_abundance_grid_screening_dust	jwst_mcfost/runs/h2o_3um_abundance_grid_v1/tasks/x0p03/t127_h2o_3um_v3_w009_n02_s52001	6576e4998b16eedfe03f93b73712d9113a3608fef150ad0490ad2b15a43d27b7
128	full_h2o	52001	logical_target	h2o_3um_v3_w009	h2o_3um_v3_w009		h2o_feature_optical_depth	jwst_mcfost/output/h2o_3um_observation_v3/stellar_center_h2o_target_lsf_nodes_R2400_v3.tsv	bc54da8f9e376921527db29400677e165b6e2f4aed158fd3aaa5162a66b325a7	65bc288e591708e5bd3d4895856f85871facfdb807a7e4e90170726022a83961	3.2181646979389318	43	3	0.2220759220056126	Gaussian_in_log_lambda_constant_resolving_power	2400	3.2189367228885231	NIRSpec	G395H	G395H_run00	lambda_F_lambda_W_m-2	F_nu_Jy=lambda_F_lambda*lambda_um*1e20/c_m_s	F_nu_Jy	jwst_mcfost/runs/h2o_3um_method2_screen_v3/anchors/full_h2o/logical_target/h2o_3um_v3_w009/node03.lambda	18be5eb524d3d5370c50dc2e1de1cb0de77cf870e2a15b2f718dd1efa4f2011d	expanded_n2401	1.9975051980918284	2401	2401	3003.7468767198525	1.2510399319949406	2.4822220872915486e-06	stellar_center	0.0	0.0	0.35	1	m2p25_c17p5_a0p40_q2p75_i0p05	2.25	2.75	c17p5	17.5	317.159480236321	100	1.0	7.3011756855e-08	70.0	0.03	0.4	128000	2	1	16	jwst_mcfost/runs/strict_continuum_cavity_mass_q_v1/models/m2p25_c17p5_a0p40_q2p75_i0p05/temperature/seed=41001/data_th/Temperature.fits.gz	1bd212f2f54dd8c1701a6064e129ba7fdb5721cb3fe296472433bbdd3b79ec1c	reused_accepted_continuum_temperature_screening_only_not_self_consistent_for_changed_dust	inside_h2o_optical_constants	feature_shape_scored	0.03	0.97	x0p03	0.05	full_h2o	43	fd9fb5e99c8437ce2987fe94f2819c59add991a675c7027edb03dc6c310a2ee2	h2o_selected_x0p03	jwst_mcfost/runs/h2o_3um_abundance_grid_v1/parameters/h2o_x0p03_rt.para	bf4257382851e20e1f8e05bef03bc663bd1f5803032e9c9af381a7331a302fde	selected_h2o_disjoint_dhs_abundance_grid_screening_dust	jwst_mcfost/runs/h2o_3um_abundance_grid_v1/tasks/x0p03/t128_h2o_3um_v3_w009_n03_s52001	2193bc06ce3a083ec5f7e9ee81a6cf57fcca37b470482a2d7d03a39608cb3111
129	full_h2o	52001	logical_target	h2o_3um_v3_w009	h2o_3um_v3_w009		h2o_feature_optical_depth	jwst_mcfost/output/h2o_3um_observation_v3/stellar_center_h2o_target_lsf_nodes_R2400_v3.tsv	bc54da8f9e376921527db29400677e165b6e2f4aed158fd3aaa5162a66b325a7	829de0f4ca8071bc3809d2d0a498a9b111a1be57db5ba5553fb10499e1249174	3.2181646979389318	44	4	0.011257411327720693	Gaussian_in_log_lambda_constant_resolving_power	2400	3.2197919497343483	NIRSpec	G395H	G395H_run00	lambda_F_lambda_W_m-2	F_nu_Jy=lambda_F_lambda*lambda_um*1e20/c_m_s	F_nu_Jy	jwst_mcfost/runs/h2o_3um_method2_screen_v3/anchors/full_h2o/logical_target/h2o_3um_v3_w009/node04.lambda	9fed9201c6445aa51cf58a3af97ef00c5933459669ce387a3432548a86cb0ef4	expanded_n2401	1.9975051980918284	2401	2401	3003.7468767198525	1.2510399319949406	2.4822220872915486e-06	stellar_center	0.0	0.0	0.35	1	m2p25_c17p5_a0p40_q2p75_i0p05	2.25	2.75	c17p5	17.5	317.159480236321	100	1.0	7.3011756855e-08	70.0	0.03	0.4	128000	2	1	16	jwst_mcfost/runs/strict_continuum_cavity_mass_q_v1/models/m2p25_c17p5_a0p40_q2p75_i0p05/temperature/seed=41001/data_th/Temperature.fits.gz	1bd212f2f54dd8c1701a6064e129ba7fdb5721cb3fe296472433bbdd3b79ec1c	reused_accepted_continuum_temperature_screening_only_not_self_consistent_for_changed_dust	inside_h2o_optical_constants	feature_shape_scored	0.03	0.97	x0p03	0.05	full_h2o	44	4fa9ed03c994bee695dc7a728f51091c62943ed49aad7554fae976b909dd9a94	h2o_selected_x0p03	jwst_mcfost/runs/h2o_3um_abundance_grid_v1/parameters/h2o_x0p03_rt.para	bf4257382851e20e1f8e05bef03bc663bd1f5803032e9c9af381a7331a302fde	selected_h2o_disjoint_dhs_abundance_grid_screening_dust	jwst_mcfost/runs/h2o_3um_abundance_grid_v1/tasks/x0p03/t129_h2o_3um_v3_w009_n04_s52001	accf429c653f66ca4168bb675af65272ed2949603e44bbc6c32dd6bcc1bacc23
130	full_h2o	52001	logical_target	h2o_3um_v3_w010	h2o_3um_v3_w010		h2o_feature_optical_depth	jwst_mcfost/output/h2o_3um_observation_v3/stellar_center_h2o_target_lsf_nodes_R2400_v3.tsv	bc54da8f9e376921527db29400677e165b6e2f4aed158fd3aaa5162a66b325a7	e4e3e7b745bb2cc66c48bf5848ccaf477eb92ed36fe9394da7e897874a3b75cd	3.2961688801068254	45	0	0.011257411327720693	Gaussian_in_log_lambda_constant_resolving_power	2400	3.2945030281474801	NIRSpec	G395H	G395H_run00	lambda_F_lambda_W_m-2	F_nu_Jy=lambda_F_lambda*lambda_um*1e20/c_m_s	F_nu_Jy	jwst_mcfost/runs/h2o_3um_method2_screen_v3/anchors/full_h2o/logical_target/h2o_3um_v3_w010/node00.lambda	e2ddbd618c2c3a79c6e938d188d633981b31e62465d62cb52c4e349f6654e9cb	expanded_n2401	1.9975051980918284	2401	2401	3003.7468767198525	1.2510399319949406	2.4822220872915486e-06	stellar_center	0.0	0.0	0.35	1	m2p25_c17p5_a0p40_q2p75_i0p05	2.25	2.75	c17p5	17.5	317.159480236321	100	1.0	7.3011756855e-08	70.0	0.03	0.4	128000	2	1	16	jwst_mcfost/runs/strict_continuum_cavity_mass_q_v1/models/m2p25_c17p5_a0p40_q2p75_i0p05/temperature/seed=41001/data_th/Temperature.fits.gz	1bd212f2f54dd8c1701a6064e129ba7fdb5721cb3fe296472433bbdd3b79ec1c	reused_accepted_continuum_temperature_screening_only_not_self_consistent_for_changed_dust	inside_h2o_optical_constants	feature_shape_scored	0.03	0.97	x0p03	0.05	full_h2o	45	ba043cfe124065594244cf942d7f6cd42cd5ca130b037b2289e0cb0e0b668cbd	h2o_selected_x0p03	jwst_mcfost/runs/h2o_3um_abundance_grid_v1/parameters/h2o_x0p03_rt.para	bf4257382851e20e1f8e05bef03bc663bd1f5803032e9c9af381a7331a302fde	selected_h2o_disjoint_dhs_abundance_grid_screening_dust	jwst_mcfost/runs/h2o_3um_abundance_grid_v1/tasks/x0p03/t130_h2o_3um_v3_w010_n00_s52001	c24105aa6baf7d5f3379cd89989a9d729f51172ec37fe93959deb615f41b58f8
131	full_h2o	52001	logical_target	h2o_3um_v3_w010	h2o_3um_v3_w010		h2o_feature_optical_depth	jwst_mcfost/output/h2o_3um_observation_v3/stellar_center_h2o_target_lsf_nodes_R2400_v3.tsv	bc54da8f9e376921527db29400677e165b6e2f4aed158fd3aaa5162a66b325a7	f794598e03a9a230745449239c50f51a9a50d022f4c651cd36716e3fc718d794	3.2961688801068254	46	1	0.2220759220056126	Gaussian_in_log_lambda_constant_resolving_power	2400	3.2953783319126297	NIRSpec	G395H	G395H_run00	lambda_F_lambda_W_m-2	F_nu_Jy=lambda_F_lambda*lambda_um*1e20/c_m_s	F_nu_Jy	jwst_mcfost/runs/h2o_3um_method2_screen_v3/anchors/full_h2o/logical_target/h2o_3um_v3_w010/node01.lambda	08be09f83ed4b9ef484fdde363c98b19d1ecc53afad79a1efec604a72b296edd	expanded_n2401	1.9975051980918284	2401	2401	3003.7468767198525	1.2510399319949406	2.4822220872915486e-06	stellar_center	0.0	0.0	0.35	1	m2p25_c17p5_a0p40_q2p75_i0p05	2.25	2.75	c17p5	17.5	317.159480236321	100	1.0	7.3011756855e-08	70.0	0.03	0.4	128000	2	1	16	jwst_mcfost/runs/strict_continuum_cavity_mass_q_v1/models/m2p25_c17p5_a0p40_q2p75_i0p05/temperature/seed=41001/data_th/Temperature.fits.gz	1bd212f2f54dd8c1701a6064e129ba7fdb5721cb3fe296472433bbdd3b79ec1c	reused_accepted_continuum_temperature_screening_only_not_self_consistent_for_changed_dust	inside_h2o_optical_constants	feature_shape_scored	0.03	0.97	x0p03	0.05	full_h2o	46	3f069d85315de7046e94f7f8732773d84d222b02873050cf5964db4e711d2828	h2o_selected_x0p03	jwst_mcfost/runs/h2o_3um_abundance_grid_v1/parameters/h2o_x0p03_rt.para	bf4257382851e20e1f8e05bef03bc663bd1f5803032e9c9af381a7331a302fde	selected_h2o_disjoint_dhs_abundance_grid_screening_dust	jwst_mcfost/runs/h2o_3um_abundance_grid_v1/tasks/x0p03/t131_h2o_3um_v3_w010_n01_s52001	8997b0b27c1050f7042127df19e1e341284fa6c3acb937fc1eee7f851ab5f583
132	full_h2o	52001	logical_target	h2o_3um_v3_w010	h2o_3um_v3_w010		h2o_feature_optical_depth	jwst_mcfost/output/h2o_3um_observation_v3/stellar_center_h2o_target_lsf_nodes_R2400_v3.tsv	bc54da8f9e376921527db29400677e165b6e2f4aed158fd3aaa5162a66b325a7	35e59b25dde0679fe1f4cadaa37cd22a468a1e036bb9b30d9c5eeda3711e6cf1	3.2961688801068254	47	2	0.53333333333333333	Gaussian_in_log_lambda_constant_resolving_power	2400	3.2961688801068254	NIRSpec	G395H	G395H_run00	lambda_F_lambda_W_m-2	F_nu_Jy=lambda_F_lambda*lambda_um*1e20/c_m_s	F_nu_Jy	jwst_mcfost/runs/h2o_3um_method2_screen_v3/anchors/full_h2o/logical_target/h2o_3um_v3_w010/node02.lambda	c16844f6196b6a30d76ef41da199c1ad35170cafa57e1a5b0f201ee14a68c71b	expanded_n2401	1.9975051980918284	2401	2401	3003.7468767198525	1.2510399319949406	2.4822220872915486e-06	stellar_center	0.0	0.0	0.35	1	m2p25_c17p5_a0p40_q2p75_i0p05	2.25	2.75	c17p5	17.5	317.159480236321	100	1.0	7.3011756855e-08	70.0	0.03	0.4	128000	2	1	16	jwst_mcfost/runs/strict_continuum_cavity_mass_q_v1/models/m2p25_c17p5_a0p40_q2p75_i0p05/temperature/seed=41001/data_th/Temperature.fits.gz	1bd212f2f54dd8c1701a6064e129ba7fdb5721cb3fe296472433bbdd3b79ec1c	reused_accepted_continuum_temperature_screening_only_not_self_consistent_for_changed_dust	inside_h2o_optical_constants	feature_shape_scored	0.03	0.97	x0p03	0.05	full_h2o	47	519c6dac30597d3d12ceaebd1089a1d2e72975857a26507696e50977f1337614	h2o_selected_x0p03	jwst_mcfost/runs/h2o_3um_abundance_grid_v1/parameters/h2o_x0p03_rt.para	bf4257382851e20e1f8e05bef03bc663bd1f5803032e9c9af381a7331a302fde	selected_h2o_disjoint_dhs_abundance_grid_screening_dust	jwst_mcfost/runs/h2o_3um_abundance_grid_v1/tasks/x0p03/t132_h2o_3um_v3_w010_n02_s52001	a3141286c4ba8adbd7cd84299d9ff9039d844bea6a6d19ebcc33dfe773b6bb06
133	full_h2o	52001	logical_target	h2o_3um_v3_w010	h2o_3um_v3_w010		h2o_feature_optical_depth	jwst_mcfost/output/h2o_3um_observation_v3/stellar_center_h2o_target_lsf_nodes_R2400_v3.tsv	bc54da8f9e376921527db29400677e165b6e2f4aed158fd3aaa5162a66b325a7	145194528fff639ca7d592adbf9206633648460676308ec60d98f20916cef9c6	3.2961688801068254	48	3	0.2220759220056126	Gaussian_in_log_lambda_constant_resolving_power	2400	3.2969596179503977	NIRSpec	G395H	G395H_run00	lambda_F_lambda_W_m-2	F_nu_Jy=lambda_F_lambda*lambda_um*1e20/c_m_s	F_nu_Jy	jwst_mcfost/runs/h2o_3um_method2_screen_v3/anchors/full_h2o/logical_target/h2o_3um_v3_w010/node03.lambda	4bb6f4e975708a5648c155bdc3d2727c6533f5f4aa5a0148eb20bb6fde17d830	expanded_n2401	1.9975051980918284	2401	2401	3003.7468767198525	1.2510399319949406	2.4822220872915486e-06	stellar_center	0.0	0.0	0.35	1	m2p25_c17p5_a0p40_q2p75_i0p05	2.25	2.75	c17p5	17.5	317.159480236321	100	1.0	7.3011756855e-08	70.0	0.03	0.4	128000	2	1	16	jwst_mcfost/runs/strict_continuum_cavity_mass_q_v1/models/m2p25_c17p5_a0p40_q2p75_i0p05/temperature/seed=41001/data_th/Temperature.fits.gz	1bd212f2f54dd8c1701a6064e129ba7fdb5721cb3fe296472433bbdd3b79ec1c	reused_accepted_continuum_temperature_screening_only_not_self_consistent_for_changed_dust	inside_h2o_optical_constants	feature_shape_scored	0.03	0.97	x0p03	0.05	full_h2o	48	667412a6c255a21f3dfc10b8d9d4e762e3633c188f28b902d6c7a54443d1e5ce	h2o_selected_x0p03	jwst_mcfost/runs/h2o_3um_abundance_grid_v1/parameters/h2o_x0p03_rt.para	bf4257382851e20e1f8e05bef03bc663bd1f5803032e9c9af381a7331a302fde	selected_h2o_disjoint_dhs_abundance_grid_screening_dust	jwst_mcfost/runs/h2o_3um_abundance_grid_v1/tasks/x0p03/t133_h2o_3um_v3_w010_n03_s52001	8af41e5391c594671dcefd203bf0755b2c17b7bee13eca6b30fe639d9f4d4a0f
134	full_h2o	52001	logical_target	h2o_3um_v3_w010	h2o_3um_v3_w010		h2o_feature_optical_depth	jwst_mcfost/output/h2o_3um_observation_v3/stellar_center_h2o_target_lsf_nodes_R2400_v3.tsv	bc54da8f9e376921527db29400677e165b6e2f4aed158fd3aaa5162a66b325a7	aa7b63886376e45069c3a5194d73e1c6e589b7ef46a8d1c5df39e17830366770	3.2961688801068254	49	4	0.011257411327720693	Gaussian_in_log_lambda_constant_resolving_power	2400	3.2978355743973897	NIRSpec	G395H	G395H_run00	lambda_F_lambda_W_m-2	F_nu_Jy=lambda_F_lambda*lambda_um*1e20/c_m_s	F_nu_Jy	jwst_mcfost/runs/h2o_3um_method2_screen_v3/anchors/full_h2o/logical_target/h2o_3um_v3_w010/node04.lambda	8ef66117ab8d7f5ff2c12c2ba91efe90e0ca1d9afc38ff7e333d1535668f307b	expanded_n2401	1.9975051980918284	2401	2401	3003.7468767198525	1.2510399319949406	2.4822220872915486e-06	stellar_center	0.0	0.0	0.35	1	m2p25_c17p5_a0p40_q2p75_i0p05	2.25	2.75	c17p5	17.5	317.159480236321	100	1.0	7.3011756855e-08	70.0	0.03	0.4	128000	2	1	16	jwst_mcfost/runs/strict_continuum_cavity_mass_q_v1/models/m2p25_c17p5_a0p40_q2p75_i0p05/temperature/seed=41001/data_th/Temperature.fits.gz	1bd212f2f54dd8c1701a6064e129ba7fdb5721cb3fe296472433bbdd3b79ec1c	reused_accepted_continuum_temperature_screening_only_not_self_consistent_for_changed_dust	inside_h2o_optical_constants	feature_shape_scored	0.03	0.97	x0p03	0.05	full_h2o	49	59f6e700b50aa86732a9de00a667f6ad3755472ffbf0c8dad457f314a5ee3b3c	h2o_selected_x0p03	jwst_mcfost/runs/h2o_3um_abundance_grid_v1/parameters/h2o_x0p03_rt.para	bf4257382851e20e1f8e05bef03bc663bd1f5803032e9c9af381a7331a302fde	selected_h2o_disjoint_dhs_abundance_grid_screening_dust	jwst_mcfost/runs/h2o_3um_abundance_grid_v1/tasks/x0p03/t134_h2o_3um_v3_w010_n04_s52001	b5eef882c11a527acef6d6f8e9c64e42fcad56c09b43d42c27166280991ea4c6
135	full_h2o	52001	logical_target	h2o_3um_v3_w011	h2o_3um_v3_w011		h2o_feature_optical_depth	jwst_mcfost/output/h2o_3um_observation_v3/stellar_center_h2o_target_lsf_nodes_R2400_v3.tsv	bc54da8f9e376921527db29400677e165b6e2f4aed158fd3aaa5162a66b325a7	f77e1ee269084a22dd808cdda1873c865bdb7b3194ea98e0a11cb35f6355cdb2	3.5744323010028149	50	0	0.011257411327720693	Gaussian_in_log_lambda_constant_resolving_power	2400	3.5726258173944934	NIRSpec	G395H	G395H_run00	lambda_F_lambda_W_m-2	F_nu_Jy=lambda_F_lambda*lambda_um*1e20/c_m_s	F_nu_Jy	jwst_mcfost/runs/h2o_3um_method2_screen_v3/anchors/full_h2o/logical_target/h2o_3um_v3_w011/node00.lambda	056d085f2250246eda617755302a06563ff339f5a0859cd1f7c37d52fe9e89b1	expanded_n2401	1.9975051980918284	2401	2401	3003.7468767198525	1.2510399319949406	2.4822220872915486e-06	stellar_center	0.0	0.0	0.35	1	m2p25_c17p5_a0p40_q2p75_i0p05	2.25	2.75	c17p5	17.5	317.159480236321	100	1.0	7.3011756855e-08	70.0	0.03	0.4	128000	2	1	16	jwst_mcfost/runs/strict_continuum_cavity_mass_q_v1/models/m2p25_c17p5_a0p40_q2p75_i0p05/temperature/seed=41001/data_th/Temperature.fits.gz	1bd212f2f54dd8c1701a6064e129ba7fdb5721cb3fe296472433bbdd3b79ec1c	reused_accepted_continuum_temperature_screening_only_not_self_consistent_for_changed_dust	inside_h2o_optical_constants	continuum_wing_nuisance_not_scored	0.03	0.97	x0p03	0.05	full_h2o	50	825f06a33c696efcdb0680a6cada7917cde39eaf510294ad250c0d317e7f63a5	h2o_selected_x0p03	jwst_mcfost/runs/h2o_3um_abundance_grid_v1/parameters/h2o_x0p03_rt.para	bf4257382851e20e1f8e05bef03bc663bd1f5803032e9c9af381a7331a302fde	selected_h2o_disjoint_dhs_abundance_grid_screening_dust	jwst_mcfost/runs/h2o_3um_abundance_grid_v1/tasks/x0p03/t135_h2o_3um_v3_w011_n00_s52001	492f5edbe0bfdf59cb3c6244d55e6954ee8c2e4132b9c8b29668a1f035294cfa
136	full_h2o	52001	logical_target	h2o_3um_v3_w011	h2o_3um_v3_w011		h2o_feature_optical_depth	jwst_mcfost/output/h2o_3um_observation_v3/stellar_center_h2o_target_lsf_nodes_R2400_v3.tsv	bc54da8f9e376921527db29400677e165b6e2f4aed158fd3aaa5162a66b325a7	896bb17127e4315e28c714b23705363a98a26132560e1059867ede44b0bc9efc	3.5744323010028149	51	1	0.2220759220056126	Gaussian_in_log_lambda_constant_resolving_power	2400	3.5735750145276324	NIRSpec	G395H	G395H_run00	lambda_F_lambda_W_m-2	F_nu_Jy=lambda_F_lambda*lambda_um*1e20/c_m_s	F_nu_Jy	jwst_mcfost/runs/h2o_3um_method2_screen_v3/anchors/full_h2o/logical_target/h2o_3um_v3_w011/node01.lambda	8662342337a6bec65683e86fa2b2a979225e52abf507e242e1025ff10420b635	expanded_n2401	1.9975051980918284	2401	2401	3003.7468767198525	1.2510399319949406	2.4822220872915486e-06	stellar_center	0.0	0.0	0.35	1	m2p25_c17p5_a0p40_q2p75_i0p05	2.25	2.75	c17p5	17.5	317.159480236321	100	1.0	7.3011756855e-08	70.0	0.03	0.4	128000	2	1	16	jwst_mcfost/runs/strict_continuum_cavity_mass_q_v1/models/m2p25_c17p5_a0p40_q2p75_i0p05/temperature/seed=41001/data_th/Temperature.fits.gz	1bd212f2f54dd8c1701a6064e129ba7fdb5721cb3fe296472433bbdd3b79ec1c	reused_accepted_continuum_temperature_screening_only_not_self_consistent_for_changed_dust	inside_h2o_optical_constants	continuum_wing_nuisance_not_scored	0.03	0.97	x0p03	0.05	full_h2o	51	3028a7fccad64a9a347b01c11213fc74d5a7c9eb80e3b813aa7b400d7e369294	h2o_selected_x0p03	jwst_mcfost/runs/h2o_3um_abundance_grid_v1/parameters/h2o_x0p03_rt.para	bf4257382851e20e1f8e05bef03bc663bd1f5803032e9c9af381a7331a302fde	selected_h2o_disjoint_dhs_abundance_grid_screening_dust	jwst_mcfost/runs/h2o_3um_abundance_grid_v1/tasks/x0p03/t136_h2o_3um_v3_w011_n01_s52001	7f3dab3dfbf44ce61ea9054f28d6a81834222a1b9c914ef2b16bac3e7c62e596
137	full_h2o	52001	logical_target	h2o_3um_v3_w011	h2o_3um_v3_w011		h2o_feature_optical_depth	jwst_mcfost/output/h2o_3um_observation_v3/stellar_center_h2o_target_lsf_nodes_R2400_v3.tsv	bc54da8f9e376921527db29400677e165b6e2f4aed158fd3aaa5162a66b325a7	2a3a0cdefb7019c2fe3f0a0bacbeb9f2e9fff72138c73be340e09afd0ab39104	3.5744323010028149	52	2	0.53333333333333333	Gaussian_in_log_lambda_constant_resolving_power	2400	3.5744323010028149	NIRSpec	G395H	G395H_run00	lambda_F_lambda_W_m-2	F_nu_Jy=lambda_F_lambda*lambda_um*1e20/c_m_s	F_nu_Jy	jwst_mcfost/runs/h2o_3um_method2_screen_v3/anchors/full_h2o/logical_target/h2o_3um_v3_w011/node02.lambda	6e1d7a4449544f7c599611a3f686861c29391687e12a2d6688b12a50c3dd67df	expanded_n2401	1.9975051980918284	2401	2401	3003.7468767198525	1.2510399319949406	2.4822220872915486e-06	stellar_center	0.0	0.0	0.35	1	m2p25_c17p5_a0p40_q2p75_i0p05	2.25	2.75	c17p5	17.5	317.159480236321	100	1.0	7.3011756855e-08	70.0	0.03	0.4	128000	2	1	16	jwst_mcfost/runs/strict_continuum_cavity_mass_q_v1/models/m2p25_c17p5_a0p40_q2p75_i0p05/temperature/seed=41001/data_th/Temperature.fits.gz	1bd212f2f54dd8c1701a6064e129ba7fdb5721cb3fe296472433bbdd3b79ec1c	reused_accepted_continuum_temperature_screening_only_not_self_consistent_for_changed_dust	inside_h2o_optical_constants	continuum_wing_nuisance_not_scored	0.03	0.97	x0p03	0.05	full_h2o	52	0c43fb61db1eec068a54a0b745cfe280ff4417d9fb9e2704079a9d961da56940	h2o_selected_x0p03	jwst_mcfost/runs/h2o_3um_abundance_grid_v1/parameters/h2o_x0p03_rt.para	bf4257382851e20e1f8e05bef03bc663bd1f5803032e9c9af381a7331a302fde	selected_h2o_disjoint_dhs_abundance_grid_screening_dust	jwst_mcfost/runs/h2o_3um_abundance_grid_v1/tasks/x0p03/t137_h2o_3um_v3_w011_n02_s52001	a26988d9e5305d5c037089403db49ce5b7731883b2c61b9cfd9040376b58e6e4
138	full_h2o	52001	logical_target	h2o_3um_v3_w011	h2o_3um_v3_w011		h2o_feature_optical_depth	jwst_mcfost/output/h2o_3um_observation_v3/stellar_center_h2o_target_lsf_nodes_R2400_v3.tsv	bc54da8f9e376921527db29400677e165b6e2f4aed158fd3aaa5162a66b325a7	513ae13dc1c458a2063b52f299ad22b6ea530aa6ef26db5c058b4e33383778e6	3.5744323010028149	53	3	0.2220759220056126	Gaussian_in_log_lambda_constant_resolving_power	2400	3.5752897931376233	NIRSpec	G395H	G395H_run00	lambda_F_lambda_W_m-2	F_nu_Jy=lambda_F_lambda*lambda_um*1e20/c_m_s	F_nu_Jy	jwst_mcfost/runs/h2o_3um_method2_screen_v3/anchors/full_h2o/logical_target/h2o_3um_v3_w011/node03.lambda	09fe7051a3c425ef2a877f74c26ad7cfb24edc8806b961ec97ebd988f5e0a5b8	expanded_n2401	1.9975051980918284	2401	2401	3003.7468767198525	1.2510399319949406	2.4822220872915486e-06	stellar_center	0.0	0.0	0.35	1	m2p25_c17p5_a0p40_q2p75_i0p05	2.25	2.75	c17p5	17.5	317.159480236321	100	1.0	7.3011756855e-08	70.0	0.03	0.4	128000	2	1	16	jwst_mcfost/runs/strict_continuum_cavity_mass_q_v1/models/m2p25_c17p5_a0p40_q2p75_i0p05/temperature/seed=41001/data_th/Temperature.fits.gz	1bd212f2f54dd8c1701a6064e129ba7fdb5721cb3fe296472433bbdd3b79ec1c	reused_accepted_continuum_temperature_screening_only_not_self_consistent_for_changed_dust	inside_h2o_optical_constants	continuum_wing_nuisance_not_scored	0.03	0.97	x0p03	0.05	full_h2o	53	d3cfd06551501d4b634762e941056bfb27146a6141ae3b5698a64591025825cb	h2o_selected_x0p03	jwst_mcfost/runs/h2o_3um_abundance_grid_v1/parameters/h2o_x0p03_rt.para	bf4257382851e20e1f8e05bef03bc663bd1f5803032e9c9af381a7331a302fde	selected_h2o_disjoint_dhs_abundance_grid_screening_dust	jwst_mcfost/runs/h2o_3um_abundance_grid_v1/tasks/x0p03/t138_h2o_3um_v3_w011_n03_s52001	55f921283c6d8c35357d0d3a165c0afb73be3ffe8a786c2a90cf36ae9941f638
139	full_h2o	52001	logical_target	h2o_3um_v3_w011	h2o_3um_v3_w011		h2o_feature_optical_depth	jwst_mcfost/output/h2o_3um_observation_v3/stellar_center_h2o_target_lsf_nodes_R2400_v3.tsv	bc54da8f9e376921527db29400677e165b6e2f4aed158fd3aaa5162a66b325a7	505dedecfc8e371a55ce5c7dfbf643b07266d2f3fd013727d3ce4b994ebfb089	3.5744323010028149	54	4	0.011257411327720693	Gaussian_in_log_lambda_constant_resolving_power	2400	3.5762396980521727	NIRSpec	G395H	G395H_run00	lambda_F_lambda_W_m-2	F_nu_Jy=lambda_F_lambda*lambda_um*1e20/c_m_s	F_nu_Jy	jwst_mcfost/runs/h2o_3um_method2_screen_v3/anchors/full_h2o/logical_target/h2o_3um_v3_w011/node04.lambda	f71150b37566b5185b79f6734bd1a71f7bd353245af44633b159b157e95eaadc	expanded_n2401	1.9975051980918284	2401	2401	3003.7468767198525	1.2510399319949406	2.4822220872915486e-06	stellar_center	0.0	0.0	0.35	1	m2p25_c17p5_a0p40_q2p75_i0p05	2.25	2.75	c17p5	17.5	317.159480236321	100	1.0	7.3011756855e-08	70.0	0.03	0.4	128000	2	1	16	jwst_mcfost/runs/strict_continuum_cavity_mass_q_v1/models/m2p25_c17p5_a0p40_q2p75_i0p05/temperature/seed=41001/data_th/Temperature.fits.gz	1bd212f2f54dd8c1701a6064e129ba7fdb5721cb3fe296472433bbdd3b79ec1c	reused_accepted_continuum_temperature_screening_only_not_self_consistent_for_changed_dust	inside_h2o_optical_constants	continuum_wing_nuisance_not_scored	0.03	0.97	x0p03	0.05	full_h2o	54	de9dc2c01d5503eeeb76c78301bb1b6607dd9e581378d93a60b7babd175361ea	h2o_selected_x0p03	jwst_mcfost/runs/h2o_3um_abundance_grid_v1/parameters/h2o_x0p03_rt.para	bf4257382851e20e1f8e05bef03bc663bd1f5803032e9c9af381a7331a302fde	selected_h2o_disjoint_dhs_abundance_grid_screening_dust	jwst_mcfost/runs/h2o_3um_abundance_grid_v1/tasks/x0p03/t139_h2o_3um_v3_w011_n04_s52001	20203230f448d6df9c9fcaf2600b8ad3a001a411c4f72f668a6a08a96217e119
140	full_h2o	52001	continuum_support	h2o_continuum_blue_q20		h2o_continuum_blue_q20	h2o_feature_optical_depth	jwst_mcfost/output/h2o_3um_observation_v3/stellar_center_h2o_continuum_lsf_nodes_R2400_v3.tsv	07f25fef793bf100873ab1f963bc44c55e49b0f171865ef57da62eb4db1d56d2	78ec238b138658dbb2f02c7ad960a0ccd3e1964c1497590c0ea6e6300d20d9cf	2.5747747777204344	0	0	0.011257411327720693	Gaussian_in_log_lambda_constant_resolving_power	2400	2.5734735113823457	NIRSpec	G235H	G235H_run01	lambda_F_lambda_W_m-2	F_nu_Jy=lambda_F_lambda*lambda_um*1e20/c_m_s	F_nu_Jy	jwst_mcfost/runs/h2o_3um_method2_screen_v3/anchors/full_h2o/continuum_support/h2o_continuum_blue_q20/node00.lambda	bb5006a85014df8b9af1bfb8a5920ae7f25f6c3f60c60f2daf5e2cef5179f3da	expanded_n2401	1.9975051980918284	2401	2401	3003.7468767198525	1.2510399319949406	2.4822220872915486e-06	stellar_center	0.0	0.0	0.35	1	m2p25_c17p5_a0p40_q2p75_i0p05	2.25	2.75	c17p5	17.5	317.159480236321	100	1.0	7.3011756855e-08	70.0	0.03	0.4	128000	2	1	16	jwst_mcfost/runs/strict_continuum_cavity_mass_q_v1/models/m2p25_c17p5_a0p40_q2p75_i0p05/temperature/seed=41001/data_th/Temperature.fits.gz	1bd212f2f54dd8c1701a6064e129ba7fdb5721cb3fe296472433bbdd3b79ec1c	reused_accepted_continuum_temperature_screening_only_not_self_consistent_for_changed_dust	inside_h2o_optical_constants	continuum_reconstruction_not_scored	0.03	0.97	x0p03	0.05	full_h2o	55	696527eb2adf40d24b90495854bb3428723841404261bb51cf25567e3922e1ef	h2o_selected_x0p03	jwst_mcfost/runs/h2o_3um_abundance_grid_v1/parameters/h2o_x0p03_rt.para	bf4257382851e20e1f8e05bef03bc663bd1f5803032e9c9af381a7331a302fde	selected_h2o_disjoint_dhs_abundance_grid_screening_dust	jwst_mcfost/runs/h2o_3um_abundance_grid_v1/tasks/x0p03/t140_h2o_continuum_blue_q20_n00_s52001	a21c01673496ea3a3ddcc9710afd054f7c76ec580ad3d8366365dec6f1987733
141	full_h2o	52001	continuum_support	h2o_continuum_blue_q20		h2o_continuum_blue_q20	h2o_feature_optical_depth	jwst_mcfost/output/h2o_3um_observation_v3/stellar_center_h2o_continuum_lsf_nodes_R2400_v3.tsv	07f25fef793bf100873ab1f963bc44c55e49b0f171865ef57da62eb4db1d56d2	54fe5355ee40d66760ed195791ec0cc4a4448eb2b8d1f4b3ca1bd43ef7fb4fb6	2.5747747777204344	1	1	0.2220759220056126	Gaussian_in_log_lambda_constant_resolving_power	2400	2.5741572476044041	NIRSpec	G235H	G235H_run01	lambda_F_lambda_W_m-2	F_nu_Jy=lambda_F_lambda*lambda_um*1e20/c_m_s	F_nu_Jy	jwst_mcfost/runs/h2o_3um_method2_screen_v3/anchors/full_h2o/continuum_support/h2o_continuum_blue_q20/node01.lambda	c06eafeb605e5e51ed5019a58e632d5373e3602a43712428652fced45d904658	expanded_n2401	1.9975051980918284	2401	2401	3003.7468767198525	1.2510399319949406	2.4822220872915486e-06	stellar_center	0.0	0.0	0.35	1	m2p25_c17p5_a0p40_q2p75_i0p05	2.25	2.75	c17p5	17.5	317.159480236321	100	1.0	7.3011756855e-08	70.0	0.03	0.4	128000	2	1	16	jwst_mcfost/runs/strict_continuum_cavity_mass_q_v1/models/m2p25_c17p5_a0p40_q2p75_i0p05/temperature/seed=41001/data_th/Temperature.fits.gz	1bd212f2f54dd8c1701a6064e129ba7fdb5721cb3fe296472433bbdd3b79ec1c	reused_accepted_continuum_temperature_screening_only_not_self_consistent_for_changed_dust	inside_h2o_optical_constants	continuum_reconstruction_not_scored	0.03	0.97	x0p03	0.05	full_h2o	56	be3acceadb710001700d9c7b17531fd20fb035fc7407cb7adc69b8a29496ea66	h2o_selected_x0p03	jwst_mcfost/runs/h2o_3um_abundance_grid_v1/parameters/h2o_x0p03_rt.para	bf4257382851e20e1f8e05bef03bc663bd1f5803032e9c9af381a7331a302fde	selected_h2o_disjoint_dhs_abundance_grid_screening_dust	jwst_mcfost/runs/h2o_3um_abundance_grid_v1/tasks/x0p03/t141_h2o_continuum_blue_q20_n01_s52001	8a6d2c18b2cef135bd35b135ed6ec04ae8bdb36dbb8661a3ff22b0d11ce706d8
142	full_h2o	52001	continuum_support	h2o_continuum_blue_q20		h2o_continuum_blue_q20	h2o_feature_optical_depth	jwst_mcfost/output/h2o_3um_observation_v3/stellar_center_h2o_continuum_lsf_nodes_R2400_v3.tsv	07f25fef793bf100873ab1f963bc44c55e49b0f171865ef57da62eb4db1d56d2	cf78524a52bff46c783b6daa34e429ecc7b565780603d8706b22ff47608426cc	2.5747747777204344	2	2	0.53333333333333333	Gaussian_in_log_lambda_constant_resolving_power	2400	2.5747747777204344	NIRSpec	G235H	G235H_run01	lambda_F_lambda_W_m-2	F_nu_Jy=lambda_F_lambda*lambda_um*1e20/c_m_s	F_nu_Jy	jwst_mcfost/runs/h2o_3um_method2_screen_v3/anchors/full_h2o/continuum_support/h2o_continuum_blue_q20/node02.lambda	3f2e21b1cee344aa246cbd4a5236c60c2d928c11e1bae94709d4cc6a5fab49c3	expanded_n2401	1.9975051980918284	2401	2401	3003.7468767198525	1.2510399319949406	2.4822220872915486e-06	stellar_center	0.0	0.0	0.35	1	m2p25_c17p5_a0p40_q2p75_i0p05	2.25	2.75	c17p5	17.5	317.159480236321	100	1.0	7.3011756855e-08	70.0	0.03	0.4	128000	2	1	16	jwst_mcfost/runs/strict_continuum_cavity_mass_q_v1/models/m2p25_c17p5_a0p40_q2p75_i0p05/temperature/seed=41001/data_th/Temperature.fits.gz	1bd212f2f54dd8c1701a6064e129ba7fdb5721cb3fe296472433bbdd3b79ec1c	reused_accepted_continuum_temperature_screening_only_not_self_consistent_for_changed_dust	inside_h2o_optical_constants	continuum_reconstruction_not_scored	0.03	0.97	x0p03	0.05	full_h2o	57	e866b9c09f2009fb01f765516012d06c16ab42890f219471f73ec276a387fefe	h2o_selected_x0p03	jwst_mcfost/runs/h2o_3um_abundance_grid_v1/parameters/h2o_x0p03_rt.para	bf4257382851e20e1f8e05bef03bc663bd1f5803032e9c9af381a7331a302fde	selected_h2o_disjoint_dhs_abundance_grid_screening_dust	jwst_mcfost/runs/h2o_3um_abundance_grid_v1/tasks/x0p03/t142_h2o_continuum_blue_q20_n02_s52001	3d2a90fc6f3c8a9f60ff486f4abe8c56cd9fe21e21108c6f594e8d355b45eb24
143	full_h2o	52001	continuum_support	h2o_continuum_blue_q20		h2o_continuum_blue_q20	h2o_feature_optical_depth	jwst_mcfost/output/h2o_3um_observation_v3/stellar_center_h2o_continuum_lsf_nodes_R2400_v3.tsv	07f25fef793bf100873ab1f963bc44c55e49b0f171865ef57da62eb4db1d56d2	f5cc37844bbaa03a52bf002773012d4500409ea57892ff2a100b7619aa7482dc	2.5747747777204344	3	3	0.2220759220056126	Gaussian_in_log_lambda_constant_resolving_power	2400	2.5753924559794905	NIRSpec	G235H	G235H_run01	lambda_F_lambda_W_m-2	F_nu_Jy=lambda_F_lambda*lambda_um*1e20/c_m_s	F_nu_Jy	jwst_mcfost/runs/h2o_3um_method2_screen_v3/anchors/full_h2o/continuum_support/h2o_continuum_blue_q20/node03.lambda	5ab38611785e6df1bde74f9050dabc19c9c9ab0cc51551264fc3fce150e2173e	expanded_n2401	1.9975051980918284	2401	2401	3003.7468767198525	1.2510399319949406	2.4822220872915486e-06	stellar_center	0.0	0.0	0.35	1	m2p25_c17p5_a0p40_q2p75_i0p05	2.25	2.75	c17p5	17.5	317.159480236321	100	1.0	7.3011756855e-08	70.0	0.03	0.4	128000	2	1	16	jwst_mcfost/runs/strict_continuum_cavity_mass_q_v1/models/m2p25_c17p5_a0p40_q2p75_i0p05/temperature/seed=41001/data_th/Temperature.fits.gz	1bd212f2f54dd8c1701a6064e129ba7fdb5721cb3fe296472433bbdd3b79ec1c	reused_accepted_continuum_temperature_screening_only_not_self_consistent_for_changed_dust	inside_h2o_optical_constants	continuum_reconstruction_not_scored	0.03	0.97	x0p03	0.05	full_h2o	58	724d232002d4b25417e93268d32ca81a76782ac95a3e5f6ade14aa48984ac0ce	h2o_selected_x0p03	jwst_mcfost/runs/h2o_3um_abundance_grid_v1/parameters/h2o_x0p03_rt.para	bf4257382851e20e1f8e05bef03bc663bd1f5803032e9c9af381a7331a302fde	selected_h2o_disjoint_dhs_abundance_grid_screening_dust	jwst_mcfost/runs/h2o_3um_abundance_grid_v1/tasks/x0p03/t143_h2o_continuum_blue_q20_n03_s52001	81873ab00b3a5a4cc094a0cb038ecfd74e78e2d1e7a84cb40ccfcc769a862c6a
144	full_h2o	52001	continuum_support	h2o_continuum_blue_q20		h2o_continuum_blue_q20	h2o_feature_optical_depth	jwst_mcfost/output/h2o_3um_observation_v3/stellar_center_h2o_continuum_lsf_nodes_R2400_v3.tsv	07f25fef793bf100873ab1f963bc44c55e49b0f171865ef57da62eb4db1d56d2	b44ef7ed0150a6fdd805472ca2d1c1ea0b66d0a5d0d66ea71f6bb85840639c58	2.5747747777204344	4	4	0.011257411327720693	Gaussian_in_log_lambda_constant_resolving_power	2400	2.5760767020385162	NIRSpec	G235H	G235H_run01	lambda_F_lambda_W_m-2	F_nu_Jy=lambda_F_lambda*lambda_um*1e20/c_m_s	F_nu_Jy	jwst_mcfost/runs/h2o_3um_method2_screen_v3/anchors/full_h2o/continuum_support/h2o_continuum_blue_q20/node04.lambda	510277276b54bc7f781872f1f42ff91112187ef46de65259ac3af63d03618dce	expanded_n2401	1.9975051980918284	2401	2401	3003.7468767198525	1.2510399319949406	2.4822220872915486e-06	stellar_center	0.0	0.0	0.35	1	m2p25_c17p5_a0p40_q2p75_i0p05	2.25	2.75	c17p5	17.5	317.159480236321	100	1.0	7.3011756855e-08	70.0	0.03	0.4	128000	2	1	16	jwst_mcfost/runs/strict_continuum_cavity_mass_q_v1/models/m2p25_c17p5_a0p40_q2p75_i0p05/temperature/seed=41001/data_th/Temperature.fits.gz	1bd212f2f54dd8c1701a6064e129ba7fdb5721cb3fe296472433bbdd3b79ec1c	reused_accepted_continuum_temperature_screening_only_not_self_consistent_for_changed_dust	inside_h2o_optical_constants	continuum_reconstruction_not_scored	0.03	0.97	x0p03	0.05	full_h2o	59	54a84271e3666b61a8365177a5adb5618a119b3423df015e4f568dfdbd7a8f3e	h2o_selected_x0p03	jwst_mcfost/runs/h2o_3um_abundance_grid_v1/parameters/h2o_x0p03_rt.para	bf4257382851e20e1f8e05bef03bc663bd1f5803032e9c9af381a7331a302fde	selected_h2o_disjoint_dhs_abundance_grid_screening_dust	jwst_mcfost/runs/h2o_3um_abundance_grid_v1/tasks/x0p03/t144_h2o_continuum_blue_q20_n04_s52001	0b8461914d3a106d377ceebc3062c2da92e9765cfd582e248bbdecbd3a6e8e98
145	full_h2o	52001	continuum_support	h2o_continuum_blue_q50		h2o_continuum_blue_q50	h2o_feature_optical_depth	jwst_mcfost/output/h2o_3um_observation_v3/stellar_center_h2o_continuum_lsf_nodes_R2400_v3.tsv	07f25fef793bf100873ab1f963bc44c55e49b0f171865ef57da62eb4db1d56d2	84a7854dfe22ecef7018b4c91b6b3a7bd32798c8f8bd9a4c2cf6a272bd3a4231	2.6122960249124896	5	0	0.011257411327720693	Gaussian_in_log_lambda_constant_resolving_power	2400	2.6109757956979753	NIRSpec	G235H	G235H_run01	lambda_F_lambda_W_m-2	F_nu_Jy=lambda_F_lambda*lambda_um*1e20/c_m_s	F_nu_Jy	jwst_mcfost/runs/h2o_3um_method2_screen_v3/anchors/full_h2o/continuum_support/h2o_continuum_blue_q50/node00.lambda	f837effd132adde9de61efe712fb2649b30ffb3cf07b53647d3868fe89548263	expanded_n2401	1.9975051980918284	2401	2401	3003.7468767198525	1.2510399319949406	2.4822220872915486e-06	stellar_center	0.0	0.0	0.35	1	m2p25_c17p5_a0p40_q2p75_i0p05	2.25	2.75	c17p5	17.5	317.159480236321	100	1.0	7.3011756855e-08	70.0	0.03	0.4	128000	2	1	16	jwst_mcfost/runs/strict_continuum_cavity_mass_q_v1/models/m2p25_c17p5_a0p40_q2p75_i0p05/temperature/seed=41001/data_th/Temperature.fits.gz	1bd212f2f54dd8c1701a6064e129ba7fdb5721cb3fe296472433bbdd3b79ec1c	reused_accepted_continuum_temperature_screening_only_not_self_consistent_for_changed_dust	inside_h2o_optical_constants	continuum_reconstruction_not_scored	0.03	0.97	x0p03	0.05	full_h2o	60	7c58350ce253b47dd111eeceabb8d4da75022d40cf7a84e01e3f513eb1fc5f8d	h2o_selected_x0p03	jwst_mcfost/runs/h2o_3um_abundance_grid_v1/parameters/h2o_x0p03_rt.para	bf4257382851e20e1f8e05bef03bc663bd1f5803032e9c9af381a7331a302fde	selected_h2o_disjoint_dhs_abundance_grid_screening_dust	jwst_mcfost/runs/h2o_3um_abundance_grid_v1/tasks/x0p03/t145_h2o_continuum_blue_q50_n00_s52001	ea48d23dc45d5f378cecabad1760969d073f84069fdc67ee86c59c8968a869a8
146	full_h2o	52001	continuum_support	h2o_continuum_blue_q50		h2o_continuum_blue_q50	h2o_feature_optical_depth	jwst_mcfost/output/h2o_3um_observation_v3/stellar_center_h2o_continuum_lsf_nodes_R2400_v3.tsv	07f25fef793bf100873ab1f963bc44c55e49b0f171865ef57da62eb4db1d56d2	a7173d8233a1ffabea214c47eda74399158f06bd457e07b56bac54e58c9637fb	2.6122960249124896	6	1	0.2220759220056126	Gaussian_in_log_lambda_constant_resolving_power	2400	2.61166949575688	NIRSpec	G235H	G235H_run01	lambda_F_lambda_W_m-2	F_nu_Jy=lambda_F_lambda*lambda_um*1e20/c_m_s	F_nu_Jy	jwst_mcfost/runs/h2o_3um_method2_screen_v3/anchors/full_h2o/continuum_support/h2o_continuum_blue_q50/node01.lambda	c84d8d33dd33b6245a9793c7a03efa56538693ddd1e350f12834b20d0e870101	expanded_n2401	1.9975051980918284	2401	2401	3003.7468767198525	1.2510399319949406	2.4822220872915486e-06	stellar_center	0.0	0.0	0.35	1	m2p25_c17p5_a0p40_q2p75_i0p05	2.25	2.75	c17p5	17.5	317.159480236321	100	1.0	7.3011756855e-08	70.0	0.03	0.4	128000	2	1	16	jwst_mcfost/runs/strict_continuum_cavity_mass_q_v1/models/m2p25_c17p5_a0p40_q2p75_i0p05/temperature/seed=41001/data_th/Temperature.fits.gz	1bd212f2f54dd8c1701a6064e129ba7fdb5721cb3fe296472433bbdd3b79ec1c	reused_accepted_continuum_temperature_screening_only_not_self_consistent_for_changed_dust	inside_h2o_optical_constants	continuum_reconstruction_not_scored	0.03	0.97	x0p03	0.05	full_h2o	61	af823a730dbdb9b2f630f2e1d5309598f16f9dd5e7c1c7b59cd10406064e9660	h2o_selected_x0p03	jwst_mcfost/runs/h2o_3um_abundance_grid_v1/parameters/h2o_x0p03_rt.para	bf4257382851e20e1f8e05bef03bc663bd1f5803032e9c9af381a7331a302fde	selected_h2o_disjoint_dhs_abundance_grid_screening_dust	jwst_mcfost/runs/h2o_3um_abundance_grid_v1/tasks/x0p03/t146_h2o_continuum_blue_q50_n01_s52001	7cb64d05c03b7882fc5c2ab374bd182ac96ea4f2477bad2c88d661701ed57a0d
147	full_h2o	52001	continuum_support	h2o_continuum_blue_q50		h2o_continuum_blue_q50	h2o_feature_optical_depth	jwst_mcfost/output/h2o_3um_observation_v3/stellar_center_h2o_continuum_lsf_nodes_R2400_v3.tsv	07f25fef793bf100873ab1f963bc44c55e49b0f171865ef57da62eb4db1d56d2	805de01f55f335c3c38b14f88d0bbdc3abbf81db2fc5cf90b9f3cdcee3efef45	2.6122960249124896	7	2	0.53333333333333333	Gaussian_in_log_lambda_constant_resolving_power	2400	2.6122960249124896	NIRSpec	G235H	G235H_run01	lambda_F_lambda_W_m-2	F_nu_Jy=lambda_F_lambda*lambda_um*1e20/c_m_s	F_nu_Jy	jwst_mcfost/runs/h2o_3um_method2_screen_v3/anchors/full_h2o/continuum_support/h2o_continuum_blue_q50/node02.lambda	0e84cf42d019b3ce7e6fc4b3a1dcf0b0a714d3cf2c881c3522bad8daa6144c6a	expanded_n2401	1.9975051980918284	2401	2401	3003.7468767198525	1.2510399319949406	2.4822220872915486e-06	stellar_center	0.0	0.0	0.35	1	m2p25_c17p5_a0p40_q2p75_i0p05	2.25	2.75	c17p5	17.5	317.159480236321	100	1.0	7.3011756855e-08	70.0	0.03	0.4	128000	2	1	16	jwst_mcfost/runs/strict_continuum_cavity_mass_q_v1/models/m2p25_c17p5_a0p40_q2p75_i0p05/temperature/seed=41001/data_th/Temperature.fits.gz	1bd212f2f54dd8c1701a6064e129ba7fdb5721cb3fe296472433bbdd3b79ec1c	reused_accepted_continuum_temperature_screening_only_not_self_consistent_for_changed_dust	inside_h2o_optical_constants	continuum_reconstruction_not_scored	0.03	0.97	x0p03	0.05	full_h2o	62	72b56f694228e925cf9cccc445e1355f16efd41c19c2e8f4be021b408ac58cc6	h2o_selected_x0p03	jwst_mcfost/runs/h2o_3um_abundance_grid_v1/parameters/h2o_x0p03_rt.para	bf4257382851e20e1f8e05bef03bc663bd1f5803032e9c9af381a7331a302fde	selected_h2o_disjoint_dhs_abundance_grid_screening_dust	jwst_mcfost/runs/h2o_3um_abundance_grid_v1/tasks/x0p03/t147_h2o_continuum_blue_q50_n02_s52001	f31473952134f2347e43a1acaa03433b67d57794029ca200585fc65e290e1c9f
148	full_h2o	52001	continuum_support	h2o_continuum_blue_q50		h2o_continuum_blue_q50	h2o_feature_optical_depth	jwst_mcfost/output/h2o_3um_observation_v3/stellar_center_h2o_continuum_lsf_nodes_R2400_v3.tsv	07f25fef793bf100873ab1f963bc44c55e49b0f171865ef57da62eb4db1d56d2	89062deafffa8728a6242efe2aed717900c9ab8e2d31ac17cbca6ab5d0114e59	2.6122960249124896	8	3	0.2220759220056126	Gaussian_in_log_lambda_constant_resolving_power	2400	2.612922704369959	NIRSpec	G235H	G235H_run01	lambda_F_lambda_W_m-2	F_nu_Jy=lambda_F_lambda*lambda_um*1e20/c_m_s	F_nu_Jy	jwst_mcfost/runs/h2o_3um_method2_screen_v3/anchors/full_h2o/continuum_support/h2o_continuum_blue_q50/node03.lambda	1cbbaebe9d60c3234b25e42d2e2ac549ab540ac4a9e3a3de23d4d7cc5cfc1d19	expanded_n2401	1.9975051980918284	2401	2401	3003.7468767198525	1.2510399319949406	2.4822220872915486e-06	stellar_center	0.0	0.0	0.35	1	m2p25_c17p5_a0p40_q2p75_i0p05	2.25	2.75	c17p5	17.5	317.159480236321	100	1.0	7.3011756855e-08	70.0	0.03	0.4	128000	2	1	16	jwst_mcfost/runs/strict_continuum_cavity_mass_q_v1/models/m2p25_c17p5_a0p40_q2p75_i0p05/temperature/seed=41001/data_th/Temperature.fits.gz	1bd212f2f54dd8c1701a6064e129ba7fdb5721cb3fe296472433bbdd3b79ec1c	reused_accepted_continuum_temperature_screening_only_not_self_consistent_for_changed_dust	inside_h2o_optical_constants	continuum_reconstruction_not_scored	0.03	0.97	x0p03	0.05	full_h2o	63	648d7f655b0622122baa3401738da39ae9d83e2d21ceb91ce61b3a350f8c6466	h2o_selected_x0p03	jwst_mcfost/runs/h2o_3um_abundance_grid_v1/parameters/h2o_x0p03_rt.para	bf4257382851e20e1f8e05bef03bc663bd1f5803032e9c9af381a7331a302fde	selected_h2o_disjoint_dhs_abundance_grid_screening_dust	jwst_mcfost/runs/h2o_3um_abundance_grid_v1/tasks/x0p03/t148_h2o_continuum_blue_q50_n03_s52001	c6404e9da93e4c1acf4eb2cbfb8a95cd46b7c6806d45a25b935bac4e167b3eac
149	full_h2o	52001	continuum_support	h2o_continuum_blue_q50		h2o_continuum_blue_q50	h2o_feature_optical_depth	jwst_mcfost/output/h2o_3um_observation_v3/stellar_center_h2o_continuum_lsf_nodes_R2400_v3.tsv	07f25fef793bf100873ab1f963bc44c55e49b0f171865ef57da62eb4db1d56d2	4fa9d76bddadb976fb008ba77b17f440ca69d36a5d00cf0c958e3bc6a8f564fd	2.6122960249124896	9	4	0.011257411327720693	Gaussian_in_log_lambda_constant_resolving_power	2400	2.6136169216954976	NIRSpec	G235H	G235H_run01	lambda_F_lambda_W_m-2	F_nu_Jy=lambda_F_lambda*lambda_um*1e20/c_m_s	F_nu_Jy	jwst_mcfost/runs/h2o_3um_method2_screen_v3/anchors/full_h2o/continuum_support/h2o_continuum_blue_q50/node04.lambda	34a619220145b1a7f32812f3f95f6037fbd3cbbbcc5687882aa35c347ad44da8	expanded_n2401	1.9975051980918284	2401	2401	3003.7468767198525	1.2510399319949406	2.4822220872915486e-06	stellar_center	0.0	0.0	0.35	1	m2p25_c17p5_a0p40_q2p75_i0p05	2.25	2.75	c17p5	17.5	317.159480236321	100	1.0	7.3011756855e-08	70.0	0.03	0.4	128000	2	1	16	jwst_mcfost/runs/strict_continuum_cavity_mass_q_v1/models/m2p25_c17p5_a0p40_q2p75_i0p05/temperature/seed=41001/data_th/Temperature.fits.gz	1bd212f2f54dd8c1701a6064e129ba7fdb5721cb3fe296472433bbdd3b79ec1c	reused_accepted_continuum_temperature_screening_only_not_self_consistent_for_changed_dust	inside_h2o_optical_constants	continuum_reconstruction_not_scored	0.03	0.97	x0p03	0.05	full_h2o	64	ac450a3d5c977eeb84536480e22818dd7aba84958dd163a3186d3d0f1bac3fc4	h2o_selected_x0p03	jwst_mcfost/runs/h2o_3um_abundance_grid_v1/parameters/h2o_x0p03_rt.para	bf4257382851e20e1f8e05bef03bc663bd1f5803032e9c9af381a7331a302fde	selected_h2o_disjoint_dhs_abundance_grid_screening_dust	jwst_mcfost/runs/h2o_3um_abundance_grid_v1/tasks/x0p03/t149_h2o_continuum_blue_q50_n04_s52001	0ff09688d6a824acc28cae4511c43ceb6495277308d80390665f5afda424ddc5
150	full_h2o	52001	continuum_support	h2o_continuum_blue_q80		h2o_continuum_blue_q80	h2o_feature_optical_depth	jwst_mcfost/output/h2o_3um_observation_v3/stellar_center_h2o_continuum_lsf_nodes_R2400_v3.tsv	07f25fef793bf100873ab1f963bc44c55e49b0f171865ef57da62eb4db1d56d2	c6f9cd11f9e2002ddbeade7d6456810a273ffb7352bf0b493f1f85e3e15e3c76	2.649991809092044	10	0	0.011257411327720693	Gaussian_in_log_lambda_constant_resolving_power	2400	2.6486525287917937	NIRSpec	G235H	G235H_run01	lambda_F_lambda_W_m-2	F_nu_Jy=lambda_F_lambda*lambda_um*1e20/c_m_s	F_nu_Jy	jwst_mcfost/runs/h2o_3um_method2_screen_v3/anchors/full_h2o/continuum_support/h2o_continuum_blue_q80/node00.lambda	9d18f09890f36c21fecfc44ae15d1fe88b062c99ffe69bd1ae4daefb1696b782	expanded_n2401	1.9975051980918284	2401	2401	3003.7468767198525	1.2510399319949406	2.4822220872915486e-06	stellar_center	0.0	0.0	0.35	1	m2p25_c17p5_a0p40_q2p75_i0p05	2.25	2.75	c17p5	17.5	317.159480236321	100	1.0	7.3011756855e-08	70.0	0.03	0.4	128000	2	1	16	jwst_mcfost/runs/strict_continuum_cavity_mass_q_v1/models/m2p25_c17p5_a0p40_q2p75_i0p05/temperature/seed=41001/data_th/Temperature.fits.gz	1bd212f2f54dd8c1701a6064e129ba7fdb5721cb3fe296472433bbdd3b79ec1c	reused_accepted_continuum_temperature_screening_only_not_self_consistent_for_changed_dust	inside_h2o_optical_constants	continuum_reconstruction_not_scored	0.03	0.97	x0p03	0.05	full_h2o	65	bad525d1f6361a490eb7cf4ab863fd1d472e4a126685ca5f87524cf6d10608a7	h2o_selected_x0p03	jwst_mcfost/runs/h2o_3um_abundance_grid_v1/parameters/h2o_x0p03_rt.para	bf4257382851e20e1f8e05bef03bc663bd1f5803032e9c9af381a7331a302fde	selected_h2o_disjoint_dhs_abundance_grid_screening_dust	jwst_mcfost/runs/h2o_3um_abundance_grid_v1/tasks/x0p03/t150_h2o_continuum_blue_q80_n00_s52001	731257a984b1ba26aeaa530b262f47d08f7ac7acc27cc9fcae30a2b37b61417b
151	full_h2o	52001	continuum_support	h2o_continuum_blue_q80		h2o_continuum_blue_q80	h2o_feature_optical_depth	jwst_mcfost/output/h2o_3um_observation_v3/stellar_center_h2o_continuum_lsf_nodes_R2400_v3.tsv	07f25fef793bf100873ab1f963bc44c55e49b0f171865ef57da62eb4db1d56d2	49b3302a9f1bd3eecfc082937cb918be850f6d981dc395d74fe4964b1ee93ace	2.649991809092044	11	1	0.2220759220056126	Gaussian_in_log_lambda_constant_resolving_power	2400	2.6493562390361665	NIRSpec	G235H	G235H_run01	lambda_F_lambda_W_m-2	F_nu_Jy=lambda_F_lambda*lambda_um*1e20/c_m_s	F_nu_Jy	jwst_mcfost/runs/h2o_3um_method2_screen_v3/anchors/full_h2o/continuum_support/h2o_continuum_blue_q80/node01.lambda	08f026c5c305288a8d8d83aae112d3bc1e74ef2b40fb8796ee604c1f9bd956d8	expanded_n2401	1.9975051980918284	2401	2401	3003.7468767198525	1.2510399319949406	2.4822220872915486e-06	stellar_center	0.0	0.0	0.35	1	m2p25_c17p5_a0p40_q2p75_i0p05	2.25	2.75	c17p5	17.5	317.159480236321	100	1.0	7.3011756855e-08	70.0	0.03	0.4	128000	2	1	16	jwst_mcfost/runs/strict_continuum_cavity_mass_q_v1/models/m2p25_c17p5_a0p40_q2p75_i0p05/temperature/seed=41001/data_th/Temperature.fits.gz	1bd212f2f54dd8c1701a6064e129ba7fdb5721cb3fe296472433bbdd3b79ec1c	reused_accepted_continuum_temperature_screening_only_not_self_consistent_for_changed_dust	inside_h2o_optical_constants	continuum_reconstruction_not_scored	0.03	0.97	x0p03	0.05	full_h2o	66	93131890230888e10638d1e65a87d39b9c9aa2fa5efa31cbbbf3cf7e578971a8	h2o_selected_x0p03	jwst_mcfost/runs/h2o_3um_abundance_grid_v1/parameters/h2o_x0p03_rt.para	bf4257382851e20e1f8e05bef03bc663bd1f5803032e9c9af381a7331a302fde	selected_h2o_disjoint_dhs_abundance_grid_screening_dust	jwst_mcfost/runs/h2o_3um_abundance_grid_v1/tasks/x0p03/t151_h2o_continuum_blue_q80_n01_s52001	07fcb3e52622c56fa3ff7c26e8347419b638ecaed1ca68ea188654f4515bed2b
152	full_h2o	52001	continuum_support	h2o_continuum_blue_q80		h2o_continuum_blue_q80	h2o_feature_optical_depth	jwst_mcfost/output/h2o_3um_observation_v3/stellar_center_h2o_continuum_lsf_nodes_R2400_v3.tsv	07f25fef793bf100873ab1f963bc44c55e49b0f171865ef57da62eb4db1d56d2	893bb333938fd1da7d2a260030fba579f5baa119dcd31caf5c803dadb4573796	2.649991809092044	12	2	0.53333333333333333	Gaussian_in_log_lambda_constant_resolving_power	2400	2.649991809092044	NIRSpec	G235H	G235H_run01	lambda_F_lambda_W_m-2	F_nu_Jy=lambda_F_lambda*lambda_um*1e20/c_m_s	F_nu_Jy	jwst_mcfost/runs/h2o_3um_method2_screen_v3/anchors/full_h2o/continuum_support/h2o_continuum_blue_q80/node02.lambda	e1c7b3832787a15afc6d4999881341ec18cfc666e70d3224d5b183584b95f689	expanded_n2401	1.9975051980918284	2401	2401	3003.7468767198525	1.2510399319949406	2.4822220872915486e-06	stellar_center	0.0	0.0	0.35	1	m2p25_c17p5_a0p40_q2p75_i0p05	2.25	2.75	c17p5	17.5	317.159480236321	100	1.0	7.3011756855e-08	70.0	0.03	0.4	128000	2	1	16	jwst_mcfost/runs/strict_continuum_cavity_mass_q_v1/models/m2p25_c17p5_a0p40_q2p75_i0p05/temperature/seed=41001/data_th/Temperature.fits.gz	1bd212f2f54dd8c1701a6064e129ba7fdb5721cb3fe296472433bbdd3b79ec1c	reused_accepted_continuum_temperature_screening_only_not_self_consistent_for_changed_dust	inside_h2o_optical_constants	continuum_reconstruction_not_scored	0.03	0.97	x0p03	0.05	full_h2o	67	b82439170e5f4ceec87337cc747c1a4f62743dc3dce3dbe09b177ec990a8af91	h2o_selected_x0p03	jwst_mcfost/runs/h2o_3um_abundance_grid_v1/parameters/h2o_x0p03_rt.para	bf4257382851e20e1f8e05bef03bc663bd1f5803032e9c9af381a7331a302fde	selected_h2o_disjoint_dhs_abundance_grid_screening_dust	jwst_mcfost/runs/h2o_3um_abundance_grid_v1/tasks/x0p03/t152_h2o_continuum_blue_q80_n02_s52001	8de793e8bc7454125517946ba87d3fcc726b73bac6780ddae9cb4ad85edb9929
153	full_h2o	52001	continuum_support	h2o_continuum_blue_q80		h2o_continuum_blue_q80	h2o_feature_optical_depth	jwst_mcfost/output/h2o_3um_observation_v3/stellar_center_h2o_continuum_lsf_nodes_R2400_v3.tsv	07f25fef793bf100873ab1f963bc44c55e49b0f171865ef57da62eb4db1d56d2	68d39365e9c88df020529999ad310dee94114967340df38ec254814551feed76	2.649991809092044	13	3	0.2220759220056126	Gaussian_in_log_lambda_constant_resolving_power	2400	2.6506275316186576	NIRSpec	G235H	G235H_run01	lambda_F_lambda_W_m-2	F_nu_Jy=lambda_F_lambda*lambda_um*1e20/c_m_s	F_nu_Jy	jwst_mcfost/runs/h2o_3um_method2_screen_v3/anchors/full_h2o/continuum_support/h2o_continuum_blue_q80/node03.lambda	fea3f351722c59071cda3888e41ff6d833ab17625a17cd80168d786db328dcc0	expanded_n2401	1.9975051980918284	2401	2401	3003.7468767198525	1.2510399319949406	2.4822220872915486e-06	stellar_center	0.0	0.0	0.35	1	m2p25_c17p5_a0p40_q2p75_i0p05	2.25	2.75	c17p5	17.5	317.159480236321	100	1.0	7.3011756855e-08	70.0	0.03	0.4	128000	2	1	16	jwst_mcfost/runs/strict_continuum_cavity_mass_q_v1/models/m2p25_c17p5_a0p40_q2p75_i0p05/temperature/seed=41001/data_th/Temperature.fits.gz	1bd212f2f54dd8c1701a6064e129ba7fdb5721cb3fe296472433bbdd3b79ec1c	reused_accepted_continuum_temperature_screening_only_not_self_consistent_for_changed_dust	inside_h2o_optical_constants	continuum_reconstruction_not_scored	0.03	0.97	x0p03	0.05	full_h2o	68	2d57526a282c35b640abacb42ab4c762d7db8bff6a86684e71c0e0ccec752528	h2o_selected_x0p03	jwst_mcfost/runs/h2o_3um_abundance_grid_v1/parameters/h2o_x0p03_rt.para	bf4257382851e20e1f8e05bef03bc663bd1f5803032e9c9af381a7331a302fde	selected_h2o_disjoint_dhs_abundance_grid_screening_dust	jwst_mcfost/runs/h2o_3um_abundance_grid_v1/tasks/x0p03/t153_h2o_continuum_blue_q80_n03_s52001	1401ed4c5afa2c40ded1f039c2f9e37549a8567a38191352255893def195a9fa
154	full_h2o	52001	continuum_support	h2o_continuum_blue_q80		h2o_continuum_blue_q80	h2o_feature_optical_depth	jwst_mcfost/output/h2o_3um_observation_v3/stellar_center_h2o_continuum_lsf_nodes_R2400_v3.tsv	07f25fef793bf100873ab1f963bc44c55e49b0f171865ef57da62eb4db1d56d2	f23d4d12c62f5797076d63362fbd65c06c34d9ebd3507487b8d7825116f521f6	2.649991809092044	14	4	0.011257411327720693	Gaussian_in_log_lambda_constant_resolving_power	2400	2.6513317665938914	NIRSpec	G235H	G235H_run01	lambda_F_lambda_W_m-2	F_nu_Jy=lambda_F_lambda*lambda_um*1e20/c_m_s	F_nu_Jy	jwst_mcfost/runs/h2o_3um_method2_screen_v3/anchors/full_h2o/continuum_support/h2o_continuum_blue_q80/node04.lambda	acc1b26bf00f5ec96326cf2bdbf0e14c37f1f7c563dbd3fdd9d4ac592ef2d570	expanded_n2401	1.9975051980918284	2401	2401	3003.7468767198525	1.2510399319949406	2.4822220872915486e-06	stellar_center	0.0	0.0	0.35	1	m2p25_c17p5_a0p40_q2p75_i0p05	2.25	2.75	c17p5	17.5	317.159480236321	100	1.0	7.3011756855e-08	70.0	0.03	0.4	128000	2	1	16	jwst_mcfost/runs/strict_continuum_cavity_mass_q_v1/models/m2p25_c17p5_a0p40_q2p75_i0p05/temperature/seed=41001/data_th/Temperature.fits.gz	1bd212f2f54dd8c1701a6064e129ba7fdb5721cb3fe296472433bbdd3b79ec1c	reused_accepted_continuum_temperature_screening_only_not_self_consistent_for_changed_dust	inside_h2o_optical_constants	continuum_reconstruction_not_scored	0.03	0.97	x0p03	0.05	full_h2o	69	af883f14653c6729bde1876a362178fbf9b6958231eaa64d7be57935e59f2d37	h2o_selected_x0p03	jwst_mcfost/runs/h2o_3um_abundance_grid_v1/parameters/h2o_x0p03_rt.para	bf4257382851e20e1f8e05bef03bc663bd1f5803032e9c9af381a7331a302fde	selected_h2o_disjoint_dhs_abundance_grid_screening_dust	jwst_mcfost/runs/h2o_3um_abundance_grid_v1/tasks/x0p03/t154_h2o_continuum_blue_q80_n04_s52001	6c8f082e12a8632b5a9d7830a9df98f5a61e7e76224d3d63c0877d2a27579635
155	full_h2o	52001	continuum_support	h2o_continuum_red_q20		h2o_continuum_red_q20	h2o_feature_optical_depth	jwst_mcfost/output/h2o_3um_observation_v3/stellar_center_h2o_continuum_lsf_nodes_R2400_v3.tsv	07f25fef793bf100873ab1f963bc44c55e49b0f171865ef57da62eb4db1d56d2	384dcae0e9fa6a6629717ba395d8b6b7103b993f408c2882f73cf3590833f026	3.549182441347746	15	0	0.011257411327720693	Gaussian_in_log_lambda_constant_resolving_power	2400	3.5473887187749509	NIRSpec	G395H	G395H_run00	lambda_F_lambda_W_m-2	F_nu_Jy=lambda_F_lambda*lambda_um*1e20/c_m_s	F_nu_Jy	jwst_mcfost/runs/h2o_3um_method2_screen_v3/anchors/full_h2o/continuum_support/h2o_continuum_red_q20/node00.lambda	547f75c04262e6b2ae7b8cd968e6f07d218d3529d82fe4c5ace5720b4a1f0076	expanded_n2401	1.9975051980918284	2401	2401	3003.7468767198525	1.2510399319949406	2.4822220872915486e-06	stellar_center	0.0	0.0	0.35	1	m2p25_c17p5_a0p40_q2p75_i0p05	2.25	2.75	c17p5	17.5	317.159480236321	100	1.0	7.3011756855e-08	70.0	0.03	0.4	128000	2	1	16	jwst_mcfost/runs/strict_continuum_cavity_mass_q_v1/models/m2p25_c17p5_a0p40_q2p75_i0p05/temperature/seed=41001/data_th/Temperature.fits.gz	1bd212f2f54dd8c1701a6064e129ba7fdb5721cb3fe296472433bbdd3b79ec1c	reused_accepted_continuum_temperature_screening_only_not_self_consistent_for_changed_dust	inside_h2o_optical_constants	continuum_reconstruction_not_scored	0.03	0.97	x0p03	0.05	full_h2o	70	bc6f2a106db76ae728db9368621566d3e888323a870476c5455a6926a14a5176	h2o_selected_x0p03	jwst_mcfost/runs/h2o_3um_abundance_grid_v1/parameters/h2o_x0p03_rt.para	bf4257382851e20e1f8e05bef03bc663bd1f5803032e9c9af381a7331a302fde	selected_h2o_disjoint_dhs_abundance_grid_screening_dust	jwst_mcfost/runs/h2o_3um_abundance_grid_v1/tasks/x0p03/t155_h2o_continuum_red_q20_n00_s52001	b62f9a01b5fb94b89cf27a4bd22a771253b4de071039db41363d008105c9d578
156	full_h2o	52001	continuum_support	h2o_continuum_red_q20		h2o_continuum_red_q20	h2o_feature_optical_depth	jwst_mcfost/output/h2o_3um_observation_v3/stellar_center_h2o_continuum_lsf_nodes_R2400_v3.tsv	07f25fef793bf100873ab1f963bc44c55e49b0f171865ef57da62eb4db1d56d2	c43196ba2e6cd5e60309458a2418767efcfedf050a9f6b4f237b700b4d3db65f	3.549182441347746	16	1	0.2220759220056126	Gaussian_in_log_lambda_constant_resolving_power	2400	3.5483312107609843	NIRSpec	G395H	G395H_run00	lambda_F_lambda_W_m-2	F_nu_Jy=lambda_F_lambda*lambda_um*1e20/c_m_s	F_nu_Jy	jwst_mcfost/runs/h2o_3um_method2_screen_v3/anchors/full_h2o/continuum_support/h2o_continuum_red_q20/node01.lambda	bfd5fd80b017167f7032355f954eca74c7db08bf049d32191a1c6a895c1e76db	expanded_n2401	1.9975051980918284	2401	2401	3003.7468767198525	1.2510399319949406	2.4822220872915486e-06	stellar_center	0.0	0.0	0.35	1	m2p25_c17p5_a0p40_q2p75_i0p05	2.25	2.75	c17p5	17.5	317.159480236321	100	1.0	7.3011756855e-08	70.0	0.03	0.4	128000	2	1	16	jwst_mcfost/runs/strict_continuum_cavity_mass_q_v1/models/m2p25_c17p5_a0p40_q2p75_i0p05/temperature/seed=41001/data_th/Temperature.fits.gz	1bd212f2f54dd8c1701a6064e129ba7fdb5721cb3fe296472433bbdd3b79ec1c	reused_accepted_continuum_temperature_screening_only_not_self_consistent_for_changed_dust	inside_h2o_optical_constants	continuum_reconstruction_not_scored	0.03	0.97	x0p03	0.05	full_h2o	71	680c4735cd8bd92357de8d8e4dfedd3dd634d6e23d8742b2d89e30fb049a85f2	h2o_selected_x0p03	jwst_mcfost/runs/h2o_3um_abundance_grid_v1/parameters/h2o_x0p03_rt.para	bf4257382851e20e1f8e05bef03bc663bd1f5803032e9c9af381a7331a302fde	selected_h2o_disjoint_dhs_abundance_grid_screening_dust	jwst_mcfost/runs/h2o_3um_abundance_grid_v1/tasks/x0p03/t156_h2o_continuum_red_q20_n01_s52001	25d4909d39214b145d7f3cbd6fedcf76c2645410da20b1848e6d90cafee3e7e5
157	full_h2o	52001	continuum_support	h2o_continuum_red_q20		h2o_continuum_red_q20	h2o_feature_optical_depth	jwst_mcfost/output/h2o_3um_observation_v3/stellar_center_h2o_continuum_lsf_nodes_R2400_v3.tsv	07f25fef793bf100873ab1f963bc44c55e49b0f171865ef57da62eb4db1d56d2	d187e663a6dde07bff9f6652e8498f09c0dff8f6b02d93bb44b01a4a963bfa3f	3.549182441347746	17	2	0.53333333333333333	Gaussian_in_log_lambda_constant_resolving_power	2400	3.549182441347746	NIRSpec	G395H	G395H_run00	lambda_F_lambda_W_m-2	F_nu_Jy=lambda_F_lambda*lambda_um*1e20/c_m_s	F_nu_Jy	jwst_mcfost/runs/h2o_3um_method2_screen_v3/anchors/full_h2o/continuum_support/h2o_continuum_red_q20/node02.lambda	8357429de9ad63cd1f793ad6f75351717c66ee992861eebebcddda0c2e0e0c6c	expanded_n2401	1.9975051980918284	2401	2401	3003.7468767198525	1.2510399319949406	2.4822220872915486e-06	stellar_center	0.0	0.0	0.35	1	m2p25_c17p5_a0p40_q2p75_i0p05	2.25	2.75	c17p5	17.5	317.159480236321	100	1.0	7.3011756855e-08	70.0	0.03	0.4	128000	2	1	16	jwst_mcfost/runs/strict_continuum_cavity_mass_q_v1/models/m2p25_c17p5_a0p40_q2p75_i0p05/temperature/seed=41001/data_th/Temperature.fits.gz	1bd212f2f54dd8c1701a6064e129ba7fdb5721cb3fe296472433bbdd3b79ec1c	reused_accepted_continuum_temperature_screening_only_not_self_consistent_for_changed_dust	inside_h2o_optical_constants	continuum_reconstruction_not_scored	0.03	0.97	x0p03	0.05	full_h2o	72	d940bf11af4293cb7dd43610890de87f2b57f3dae235fa18419c4c7e2ed76b24	h2o_selected_x0p03	jwst_mcfost/runs/h2o_3um_abundance_grid_v1/parameters/h2o_x0p03_rt.para	bf4257382851e20e1f8e05bef03bc663bd1f5803032e9c9af381a7331a302fde	selected_h2o_disjoint_dhs_abundance_grid_screening_dust	jwst_mcfost/runs/h2o_3um_abundance_grid_v1/tasks/x0p03/t157_h2o_continuum_red_q20_n02_s52001	de2ca0ab27e87e3e2347dc9dfb016734e5e0087435a87ec194125053ef50c36e
158	full_h2o	52001	continuum_support	h2o_continuum_red_q20		h2o_continuum_red_q20	h2o_feature_optical_depth	jwst_mcfost/output/h2o_3um_observation_v3/stellar_center_h2o_continuum_lsf_nodes_R2400_v3.tsv	07f25fef793bf100873ab1f963bc44c55e49b0f171865ef57da62eb4db1d56d2	2901320e44664d37a6d4a76dddc133232c662e0b418d73f4e5ab24d64b4f514e	3.549182441347746	18	3	0.2220759220056126	Gaussian_in_log_lambda_constant_resolving_power	2400	3.5500338761413497	NIRSpec	G395H	G395H_run00	lambda_F_lambda_W_m-2	F_nu_Jy=lambda_F_lambda*lambda_um*1e20/c_m_s	F_nu_Jy	jwst_mcfost/runs/h2o_3um_method2_screen_v3/anchors/full_h2o/continuum_support/h2o_continuum_red_q20/node03.lambda	a693775c3051c6c8566f00577ba031040c6af5a3755f76c748eac79b22d155f3	expanded_n2401	1.9975051980918284	2401	2401	3003.7468767198525	1.2510399319949406	2.4822220872915486e-06	stellar_center	0.0	0.0	0.35	1	m2p25_c17p5_a0p40_q2p75_i0p05	2.25	2.75	c17p5	17.5	317.159480236321	100	1.0	7.3011756855e-08	70.0	0.03	0.4	128000	2	1	16	jwst_mcfost/runs/strict_continuum_cavity_mass_q_v1/models/m2p25_c17p5_a0p40_q2p75_i0p05/temperature/seed=41001/data_th/Temperature.fits.gz	1bd212f2f54dd8c1701a6064e129ba7fdb5721cb3fe296472433bbdd3b79ec1c	reused_accepted_continuum_temperature_screening_only_not_self_consistent_for_changed_dust	inside_h2o_optical_constants	continuum_reconstruction_not_scored	0.03	0.97	x0p03	0.05	full_h2o	73	a79c62ff15fd8c7f25c8219dce902430023136e02fe7c47a04c1314a25ed676c	h2o_selected_x0p03	jwst_mcfost/runs/h2o_3um_abundance_grid_v1/parameters/h2o_x0p03_rt.para	bf4257382851e20e1f8e05bef03bc663bd1f5803032e9c9af381a7331a302fde	selected_h2o_disjoint_dhs_abundance_grid_screening_dust	jwst_mcfost/runs/h2o_3um_abundance_grid_v1/tasks/x0p03/t158_h2o_continuum_red_q20_n03_s52001	d9cbea6648e498a44e08effc1ee3219e817272383aae2e856063a6d751d822af
159	full_h2o	52001	continuum_support	h2o_continuum_red_q20		h2o_continuum_red_q20	h2o_feature_optical_depth	jwst_mcfost/output/h2o_3um_observation_v3/stellar_center_h2o_continuum_lsf_nodes_R2400_v3.tsv	07f25fef793bf100873ab1f963bc44c55e49b0f171865ef57da62eb4db1d56d2	65ed4be81c375a9572cece9084376a70face3d0c69eb0ae67b48a8d90ecbd4fe	3.549182441347746	19	4	0.011257411327720693	Gaussian_in_log_lambda_constant_resolving_power	2400	3.550977070909012	NIRSpec	G395H	G395H_run00	lambda_F_lambda_W_m-2	F_nu_Jy=lambda_F_lambda*lambda_um*1e20/c_m_s	F_nu_Jy	jwst_mcfost/runs/h2o_3um_method2_screen_v3/anchors/full_h2o/continuum_support/h2o_continuum_red_q20/node04.lambda	5125f5fb9a4e7f9e49be883c313263dfdbd3819595c48403dfae31ea65b66031	expanded_n2401	1.9975051980918284	2401	2401	3003.7468767198525	1.2510399319949406	2.4822220872915486e-06	stellar_center	0.0	0.0	0.35	1	m2p25_c17p5_a0p40_q2p75_i0p05	2.25	2.75	c17p5	17.5	317.159480236321	100	1.0	7.3011756855e-08	70.0	0.03	0.4	128000	2	1	16	jwst_mcfost/runs/strict_continuum_cavity_mass_q_v1/models/m2p25_c17p5_a0p40_q2p75_i0p05/temperature/seed=41001/data_th/Temperature.fits.gz	1bd212f2f54dd8c1701a6064e129ba7fdb5721cb3fe296472433bbdd3b79ec1c	reused_accepted_continuum_temperature_screening_only_not_self_consistent_for_changed_dust	inside_h2o_optical_constants	continuum_reconstruction_not_scored	0.03	0.97	x0p03	0.05	full_h2o	74	fb322f25db916d2dd0370f5a41319b606222020d96a566ccb803f25eb90e153c	h2o_selected_x0p03	jwst_mcfost/runs/h2o_3um_abundance_grid_v1/parameters/h2o_x0p03_rt.para	bf4257382851e20e1f8e05bef03bc663bd1f5803032e9c9af381a7331a302fde	selected_h2o_disjoint_dhs_abundance_grid_screening_dust	jwst_mcfost/runs/h2o_3um_abundance_grid_v1/tasks/x0p03/t159_h2o_continuum_red_q20_n04_s52001	bd92959b5274726475983d1da1590766a351ada37d1f1540a37420817e94d508
160	full_h2o	52001	continuum_support	h2o_continuum_red_q50		h2o_continuum_red_q50	h2o_feature_optical_depth	jwst_mcfost/output/h2o_3um_observation_v3/stellar_center_h2o_continuum_lsf_nodes_R2400_v3.tsv	07f25fef793bf100873ab1f963bc44c55e49b0f171865ef57da62eb4db1d56d2	3e6ad4a49e70e366230d387244898131aaf6dae1d946be761f0ada5397bd3464	3.5744323010028149	20	0	0.011257411327720693	Gaussian_in_log_lambda_constant_resolving_power	2400	3.5726258173944934	NIRSpec	G395H	G395H_run00	lambda_F_lambda_W_m-2	F_nu_Jy=lambda_F_lambda*lambda_um*1e20/c_m_s	F_nu_Jy	jwst_mcfost/runs/h2o_3um_method2_screen_v3/anchors/full_h2o/continuum_support/h2o_continuum_red_q50/node00.lambda	056d085f2250246eda617755302a06563ff339f5a0859cd1f7c37d52fe9e89b1	expanded_n2401	1.9975051980918284	2401	2401	3003.7468767198525	1.2510399319949406	2.4822220872915486e-06	stellar_center	0.0	0.0	0.35	1	m2p25_c17p5_a0p40_q2p75_i0p05	2.25	2.75	c17p5	17.5	317.159480236321	100	1.0	7.3011756855e-08	70.0	0.03	0.4	128000	2	1	16	jwst_mcfost/runs/strict_continuum_cavity_mass_q_v1/models/m2p25_c17p5_a0p40_q2p75_i0p05/temperature/seed=41001/data_th/Temperature.fits.gz	1bd212f2f54dd8c1701a6064e129ba7fdb5721cb3fe296472433bbdd3b79ec1c	reused_accepted_continuum_temperature_screening_only_not_self_consistent_for_changed_dust	inside_h2o_optical_constants	continuum_reconstruction_not_scored	0.03	0.97	x0p03	0.05	full_h2o	75	188931530bd7276533d5d54b2ba034eb03d62c355bbcaa9fadca2b24365f525b	h2o_selected_x0p03	jwst_mcfost/runs/h2o_3um_abundance_grid_v1/parameters/h2o_x0p03_rt.para	bf4257382851e20e1f8e05bef03bc663bd1f5803032e9c9af381a7331a302fde	selected_h2o_disjoint_dhs_abundance_grid_screening_dust	jwst_mcfost/runs/h2o_3um_abundance_grid_v1/tasks/x0p03/t160_h2o_continuum_red_q50_n00_s52001	0a3c7bd0a65e676069bbe33d9f20629392a3a7395919bd200af0dc664b2673fb
161	full_h2o	52001	continuum_support	h2o_continuum_red_q50		h2o_continuum_red_q50	h2o_feature_optical_depth	jwst_mcfost/output/h2o_3um_observation_v3/stellar_center_h2o_continuum_lsf_nodes_R2400_v3.tsv	07f25fef793bf100873ab1f963bc44c55e49b0f171865ef57da62eb4db1d56d2	9b9ec480202ec5154923505ed6383d434d12c2fff379606a9c0024b93ebae87f	3.5744323010028149	21	1	0.2220759220056126	Gaussian_in_log_lambda_constant_resolving_power	2400	3.5735750145276324	NIRSpec	G395H	G395H_run00	lambda_F_lambda_W_m-2	F_nu_Jy=lambda_F_lambda*lambda_um*1e20/c_m_s	F_nu_Jy	jwst_mcfost/runs/h2o_3um_method2_screen_v3/anchors/full_h2o/continuum_support/h2o_continuum_red_q50/node01.lambda	8662342337a6bec65683e86fa2b2a979225e52abf507e242e1025ff10420b635	expanded_n2401	1.9975051980918284	2401	2401	3003.7468767198525	1.2510399319949406	2.4822220872915486e-06	stellar_center	0.0	0.0	0.35	1	m2p25_c17p5_a0p40_q2p75_i0p05	2.25	2.75	c17p5	17.5	317.159480236321	100	1.0	7.3011756855e-08	70.0	0.03	0.4	128000	2	1	16	jwst_mcfost/runs/strict_continuum_cavity_mass_q_v1/models/m2p25_c17p5_a0p40_q2p75_i0p05/temperature/seed=41001/data_th/Temperature.fits.gz	1bd212f2f54dd8c1701a6064e129ba7fdb5721cb3fe296472433bbdd3b79ec1c	reused_accepted_continuum_temperature_screening_only_not_self_consistent_for_changed_dust	inside_h2o_optical_constants	continuum_reconstruction_not_scored	0.03	0.97	x0p03	0.05	full_h2o	76	3c87e5ee6a641af81158d79dff2f641e1695874da27ecedd782dcaa6e775a9dd	h2o_selected_x0p03	jwst_mcfost/runs/h2o_3um_abundance_grid_v1/parameters/h2o_x0p03_rt.para	bf4257382851e20e1f8e05bef03bc663bd1f5803032e9c9af381a7331a302fde	selected_h2o_disjoint_dhs_abundance_grid_screening_dust	jwst_mcfost/runs/h2o_3um_abundance_grid_v1/tasks/x0p03/t161_h2o_continuum_red_q50_n01_s52001	b5d76248a120427a23e37db56063630dde2af02ffb584c9571bb2dcceba8eba2
162	full_h2o	52001	continuum_support	h2o_continuum_red_q50		h2o_continuum_red_q50	h2o_feature_optical_depth	jwst_mcfost/output/h2o_3um_observation_v3/stellar_center_h2o_continuum_lsf_nodes_R2400_v3.tsv	07f25fef793bf100873ab1f963bc44c55e49b0f171865ef57da62eb4db1d56d2	0c12ceff0a9cceec18551b835b18d1efb88f1220a11c5efa034c826745f3ce84	3.5744323010028149	22	2	0.53333333333333333	Gaussian_in_log_lambda_constant_resolving_power	2400	3.5744323010028149	NIRSpec	G395H	G395H_run00	lambda_F_lambda_W_m-2	F_nu_Jy=lambda_F_lambda*lambda_um*1e20/c_m_s	F_nu_Jy	jwst_mcfost/runs/h2o_3um_method2_screen_v3/anchors/full_h2o/continuum_support/h2o_continuum_red_q50/node02.lambda	6e1d7a4449544f7c599611a3f686861c29391687e12a2d6688b12a50c3dd67df	expanded_n2401	1.9975051980918284	2401	2401	3003.7468767198525	1.2510399319949406	2.4822220872915486e-06	stellar_center	0.0	0.0	0.35	1	m2p25_c17p5_a0p40_q2p75_i0p05	2.25	2.75	c17p5	17.5	317.159480236321	100	1.0	7.3011756855e-08	70.0	0.03	0.4	128000	2	1	16	jwst_mcfost/runs/strict_continuum_cavity_mass_q_v1/models/m2p25_c17p5_a0p40_q2p75_i0p05/temperature/seed=41001/data_th/Temperature.fits.gz	1bd212f2f54dd8c1701a6064e129ba7fdb5721cb3fe296472433bbdd3b79ec1c	reused_accepted_continuum_temperature_screening_only_not_self_consistent_for_changed_dust	inside_h2o_optical_constants	continuum_reconstruction_not_scored	0.03	0.97	x0p03	0.05	full_h2o	77	f95ca514e77b48a2e2e33ce2da4e9bc28ce8cafae09445e8b0ff9c66fb8d8ad4	h2o_selected_x0p03	jwst_mcfost/runs/h2o_3um_abundance_grid_v1/parameters/h2o_x0p03_rt.para	bf4257382851e20e1f8e05bef03bc663bd1f5803032e9c9af381a7331a302fde	selected_h2o_disjoint_dhs_abundance_grid_screening_dust	jwst_mcfost/runs/h2o_3um_abundance_grid_v1/tasks/x0p03/t162_h2o_continuum_red_q50_n02_s52001	5bfe2140fd5c61fbbb015f78b83302d91a360a6adfe94cff45e1e92731628040
163	full_h2o	52001	continuum_support	h2o_continuum_red_q50		h2o_continuum_red_q50	h2o_feature_optical_depth	jwst_mcfost/output/h2o_3um_observation_v3/stellar_center_h2o_continuum_lsf_nodes_R2400_v3.tsv	07f25fef793bf100873ab1f963bc44c55e49b0f171865ef57da62eb4db1d56d2	bcfedd1102a24c210bea917faa428d662e661ce5fdfeac992bcff83a34207d1d	3.5744323010028149	23	3	0.2220759220056126	Gaussian_in_log_lambda_constant_resolving_power	2400	3.5752897931376233	NIRSpec	G395H	G395H_run00	lambda_F_lambda_W_m-2	F_nu_Jy=lambda_F_lambda*lambda_um*1e20/c_m_s	F_nu_Jy	jwst_mcfost/runs/h2o_3um_method2_screen_v3/anchors/full_h2o/continuum_support/h2o_continuum_red_q50/node03.lambda	09fe7051a3c425ef2a877f74c26ad7cfb24edc8806b961ec97ebd988f5e0a5b8	expanded_n2401	1.9975051980918284	2401	2401	3003.7468767198525	1.2510399319949406	2.4822220872915486e-06	stellar_center	0.0	0.0	0.35	1	m2p25_c17p5_a0p40_q2p75_i0p05	2.25	2.75	c17p5	17.5	317.159480236321	100	1.0	7.3011756855e-08	70.0	0.03	0.4	128000	2	1	16	jwst_mcfost/runs/strict_continuum_cavity_mass_q_v1/models/m2p25_c17p5_a0p40_q2p75_i0p05/temperature/seed=41001/data_th/Temperature.fits.gz	1bd212f2f54dd8c1701a6064e129ba7fdb5721cb3fe296472433bbdd3b79ec1c	reused_accepted_continuum_temperature_screening_only_not_self_consistent_for_changed_dust	inside_h2o_optical_constants	continuum_reconstruction_not_scored	0.03	0.97	x0p03	0.05	full_h2o	78	af962128b5b115f4f7c49ecd49f5375cefef85811fe722b0834a1356d295c08d	h2o_selected_x0p03	jwst_mcfost/runs/h2o_3um_abundance_grid_v1/parameters/h2o_x0p03_rt.para	bf4257382851e20e1f8e05bef03bc663bd1f5803032e9c9af381a7331a302fde	selected_h2o_disjoint_dhs_abundance_grid_screening_dust	jwst_mcfost/runs/h2o_3um_abundance_grid_v1/tasks/x0p03/t163_h2o_continuum_red_q50_n03_s52001	868094293588d9cbf3046ead57dadf11fb447872f3a468a0c470460ec947252b
164	full_h2o	52001	continuum_support	h2o_continuum_red_q50		h2o_continuum_red_q50	h2o_feature_optical_depth	jwst_mcfost/output/h2o_3um_observation_v3/stellar_center_h2o_continuum_lsf_nodes_R2400_v3.tsv	07f25fef793bf100873ab1f963bc44c55e49b0f171865ef57da62eb4db1d56d2	e1bacb70151dfbbef937eb34a233b6d941142b9eafcf7cb86efa34a5c2a68e1e	3.5744323010028149	24	4	0.011257411327720693	Gaussian_in_log_lambda_constant_resolving_power	2400	3.5762396980521727	NIRSpec	G395H	G395H_run00	lambda_F_lambda_W_m-2	F_nu_Jy=lambda_F_lambda*lambda_um*1e20/c_m_s	F_nu_Jy	jwst_mcfost/runs/h2o_3um_method2_screen_v3/anchors/full_h2o/continuum_support/h2o_continuum_red_q50/node04.lambda	f71150b37566b5185b79f6734bd1a71f7bd353245af44633b159b157e95eaadc	expanded_n2401	1.9975051980918284	2401	2401	3003.7468767198525	1.2510399319949406	2.4822220872915486e-06	stellar_center	0.0	0.0	0.35	1	m2p25_c17p5_a0p40_q2p75_i0p05	2.25	2.75	c17p5	17.5	317.159480236321	100	1.0	7.3011756855e-08	70.0	0.03	0.4	128000	2	1	16	jwst_mcfost/runs/strict_continuum_cavity_mass_q_v1/models/m2p25_c17p5_a0p40_q2p75_i0p05/temperature/seed=41001/data_th/Temperature.fits.gz	1bd212f2f54dd8c1701a6064e129ba7fdb5721cb3fe296472433bbdd3b79ec1c	reused_accepted_continuum_temperature_screening_only_not_self_consistent_for_changed_dust	inside_h2o_optical_constants	continuum_reconstruction_not_scored	0.03	0.97	x0p03	0.05	full_h2o	79	3505ac40319887f52ed28ca5d4153c53e02187fd33592708239b3bee1de51184	h2o_selected_x0p03	jwst_mcfost/runs/h2o_3um_abundance_grid_v1/parameters/h2o_x0p03_rt.para	bf4257382851e20e1f8e05bef03bc663bd1f5803032e9c9af381a7331a302fde	selected_h2o_disjoint_dhs_abundance_grid_screening_dust	jwst_mcfost/runs/h2o_3um_abundance_grid_v1/tasks/x0p03/t164_h2o_continuum_red_q50_n04_s52001	88b0cd30cac3d741653c5268675271a231202ba29358b894b739b73573552432
165	full_h2o	52001	continuum_support	h2o_continuum_red_q80		h2o_continuum_red_q80	h2o_feature_optical_depth	jwst_mcfost/output/h2o_3um_observation_v3/stellar_center_h2o_continuum_lsf_nodes_R2400_v3.tsv	07f25fef793bf100873ab1f963bc44c55e49b0f171865ef57da62eb4db1d56d2	d70aa29fb4ea21d5908761d82bea4d3e1da4c77fef1b24169f8a444de963ab64	3.5984826141459596	25	0	0.011257411327720693	Gaussian_in_log_lambda_constant_resolving_power	2400	3.596663975741349	NIRSpec	G395H	G395H_run00	lambda_F_lambda_W_m-2	F_nu_Jy=lambda_F_lambda*lambda_um*1e20/c_m_s	F_nu_Jy	jwst_mcfost/runs/h2o_3um_method2_screen_v3/anchors/full_h2o/continuum_support/h2o_continuum_red_q80/node00.lambda	29d9c513b9896376024c9b0c5295a25dc2b1db15db1a3f43b7d80138d7a95697	expanded_n2401	1.9975051980918284	2401	2401	3003.7468767198525	1.2510399319949406	2.4822220872915486e-06	stellar_center	0.0	0.0	0.35	1	m2p25_c17p5_a0p40_q2p75_i0p05	2.25	2.75	c17p5	17.5	317.159480236321	100	1.0	7.3011756855e-08	70.0	0.03	0.4	128000	2	1	16	jwst_mcfost/runs/strict_continuum_cavity_mass_q_v1/models/m2p25_c17p5_a0p40_q2p75_i0p05/temperature/seed=41001/data_th/Temperature.fits.gz	1bd212f2f54dd8c1701a6064e129ba7fdb5721cb3fe296472433bbdd3b79ec1c	reused_accepted_continuum_temperature_screening_only_not_self_consistent_for_changed_dust	inside_h2o_optical_constants	continuum_reconstruction_not_scored	0.03	0.97	x0p03	0.05	full_h2o	80	12a7c08612fea913a6c7da100718388b0d88b48d3e9fb470ebedd416d95f543e	h2o_selected_x0p03	jwst_mcfost/runs/h2o_3um_abundance_grid_v1/parameters/h2o_x0p03_rt.para	bf4257382851e20e1f8e05bef03bc663bd1f5803032e9c9af381a7331a302fde	selected_h2o_disjoint_dhs_abundance_grid_screening_dust	jwst_mcfost/runs/h2o_3um_abundance_grid_v1/tasks/x0p03/t165_h2o_continuum_red_q80_n00_s52001	3ee9aaf983f0d764f3ded96ad6b0870d833e05931a61909a4fea2009a4b1ed12
166	full_h2o	52001	continuum_support	h2o_continuum_red_q80		h2o_continuum_red_q80	h2o_feature_optical_depth	jwst_mcfost/output/h2o_3um_observation_v3/stellar_center_h2o_continuum_lsf_nodes_R2400_v3.tsv	07f25fef793bf100873ab1f963bc44c55e49b0f171865ef57da62eb4db1d56d2	51845001fd052f77ff131bfe5add583f0808dced08ad985ecc074ad4b114128d	3.5984826141459596	26	1	0.2220759220056126	Gaussian_in_log_lambda_constant_resolving_power	2400	3.5976195594797904	NIRSpec	G395H	G395H_run00	lambda_F_lambda_W_m-2	F_nu_Jy=lambda_F_lambda*lambda_um*1e20/c_m_s	F_nu_Jy	jwst_mcfost/runs/h2o_3um_method2_screen_v3/anchors/full_h2o/continuum_support/h2o_continuum_red_q80/node01.lambda	0e21ecea7300de0a014e435084d59b3f5937d8af1dfa03a7fec15b5ff98e8ef0	expanded_n2401	1.9975051980918284	2401	2401	3003.7468767198525	1.2510399319949406	2.4822220872915486e-06	stellar_center	0.0	0.0	0.35	1	m2p25_c17p5_a0p40_q2p75_i0p05	2.25	2.75	c17p5	17.5	317.159480236321	100	1.0	7.3011756855e-08	70.0	0.03	0.4	128000	2	1	16	jwst_mcfost/runs/strict_continuum_cavity_mass_q_v1/models/m2p25_c17p5_a0p40_q2p75_i0p05/temperature/seed=41001/data_th/Temperature.fits.gz	1bd212f2f54dd8c1701a6064e129ba7fdb5721cb3fe296472433bbdd3b79ec1c	reused_accepted_continuum_temperature_screening_only_not_self_consistent_for_changed_dust	inside_h2o_optical_constants	continuum_reconstruction_not_scored	0.03	0.97	x0p03	0.05	full_h2o	81	1ed0b204dacb4abb88e74347d54abea79a62386c71a69eb7246a1b35572b9a83	h2o_selected_x0p03	jwst_mcfost/runs/h2o_3um_abundance_grid_v1/parameters/h2o_x0p03_rt.para	bf4257382851e20e1f8e05bef03bc663bd1f5803032e9c9af381a7331a302fde	selected_h2o_disjoint_dhs_abundance_grid_screening_dust	jwst_mcfost/runs/h2o_3um_abundance_grid_v1/tasks/x0p03/t166_h2o_continuum_red_q80_n01_s52001	06158f4a966a82097176a329c7ffbbb6da6e70dbb53bc0fd1e104a502d42b19a
167	full_h2o	52001	continuum_support	h2o_continuum_red_q80		h2o_continuum_red_q80	h2o_feature_optical_depth	jwst_mcfost/output/h2o_3um_observation_v3/stellar_center_h2o_continuum_lsf_nodes_R2400_v3.tsv	07f25fef793bf100873ab1f963bc44c55e49b0f171865ef57da62eb4db1d56d2	c9ffa67f5fdea62a3080b12357ed271905801e50652d17765e53b184c008c766	3.5984826141459596	27	2	0.53333333333333333	Gaussian_in_log_lambda_constant_resolving_power	2400	3.5984826141459596	NIRSpec	G395H	G395H_run00	lambda_F_lambda_W_m-2	F_nu_Jy=lambda_F_lambda*lambda_um*1e20/c_m_s	F_nu_Jy	jwst_mcfost/runs/h2o_3um_method2_screen_v3/anchors/full_h2o/continuum_support/h2o_continuum_red_q80/node02.lambda	645496d95c1925661b52f0374a539587284eeb93f2c69c6c91d5d1d4f0d9c2cf	expanded_n2401	1.9975051980918284	2401	2401	3003.7468767198525	1.2510399319949406	2.4822220872915486e-06	stellar_center	0.0	0.0	0.35	1	m2p25_c17p5_a0p40_q2p75_i0p05	2.25	2.75	c17p5	17.5	317.159480236321	100	1.0	7.3011756855e-08	70.0	0.03	0.4	128000	2	1	16	jwst_mcfost/runs/strict_continuum_cavity_mass_q_v1/models/m2p25_c17p5_a0p40_q2p75_i0p05/temperature/seed=41001/data_th/Temperature.fits.gz	1bd212f2f54dd8c1701a6064e129ba7fdb5721cb3fe296472433bbdd3b79ec1c	reused_accepted_continuum_temperature_screening_only_not_self_consistent_for_changed_dust	inside_h2o_optical_constants	continuum_reconstruction_not_scored	0.03	0.97	x0p03	0.05	full_h2o	82	f8d73a37c3df07ae3f321c41fbec3489876882927cda07aa45f293cd692143dd	h2o_selected_x0p03	jwst_mcfost/runs/h2o_3um_abundance_grid_v1/parameters/h2o_x0p03_rt.para	bf4257382851e20e1f8e05bef03bc663bd1f5803032e9c9af381a7331a302fde	selected_h2o_disjoint_dhs_abundance_grid_screening_dust	jwst_mcfost/runs/h2o_3um_abundance_grid_v1/tasks/x0p03/t167_h2o_continuum_red_q80_n02_s52001	c4a57d2bb1429892f3d072d33957ebfdf1a12b1880acab2de76a549b42994d08
168	full_h2o	52001	continuum_support	h2o_continuum_red_q80		h2o_continuum_red_q80	h2o_feature_optical_depth	jwst_mcfost/output/h2o_3um_observation_v3/stellar_center_h2o_continuum_lsf_nodes_R2400_v3.tsv	07f25fef793bf100873ab1f963bc44c55e49b0f171865ef57da62eb4db1d56d2	4d6395b508bb2923581e7ceefd63e994572bbd6e0812da5003d9e3efc8f54ca0	3.5984826141459596	28	3	0.2220759220056126	Gaussian_in_log_lambda_constant_resolving_power	2400	3.5993458758555206	NIRSpec	G395H	G395H_run00	lambda_F_lambda_W_m-2	F_nu_Jy=lambda_F_lambda*lambda_um*1e20/c_m_s	F_nu_Jy	jwst_mcfost/runs/h2o_3um_method2_screen_v3/anchors/full_h2o/continuum_support/h2o_continuum_red_q80/node03.lambda	3af4bfff9a84ef76c34dfdc2ad0eea14e8479083aa824fb25a82cc5d8979175d	expanded_n2401	1.9975051980918284	2401	2401	3003.7468767198525	1.2510399319949406	2.4822220872915486e-06	stellar_center	0.0	0.0	0.35	1	m2p25_c17p5_a0p40_q2p75_i0p05	2.25	2.75	c17p5	17.5	317.159480236321	100	1.0	7.3011756855e-08	70.0	0.03	0.4	128000	2	1	16	jwst_mcfost/runs/strict_continuum_cavity_mass_q_v1/models/m2p25_c17p5_a0p40_q2p75_i0p05/temperature/seed=41001/data_th/Temperature.fits.gz	1bd212f2f54dd8c1701a6064e129ba7fdb5721cb3fe296472433bbdd3b79ec1c	reused_accepted_continuum_temperature_screening_only_not_self_consistent_for_changed_dust	inside_h2o_optical_constants	continuum_reconstruction_not_scored	0.03	0.97	x0p03	0.05	full_h2o	83	00b0a3367939835b58d0e7c623ac9336e5d664b8077782883606c8853efb0af9	h2o_selected_x0p03	jwst_mcfost/runs/h2o_3um_abundance_grid_v1/parameters/h2o_x0p03_rt.para	bf4257382851e20e1f8e05bef03bc663bd1f5803032e9c9af381a7331a302fde	selected_h2o_disjoint_dhs_abundance_grid_screening_dust	jwst_mcfost/runs/h2o_3um_abundance_grid_v1/tasks/x0p03/t168_h2o_continuum_red_q80_n03_s52001	fdc61879d82093fbde4ae678539c6a530a391109273aa52036f9fc773a075c07
169	full_h2o	52001	continuum_support	h2o_continuum_red_q80		h2o_continuum_red_q80	h2o_feature_optical_depth	jwst_mcfost/output/h2o_3um_observation_v3/stellar_center_h2o_continuum_lsf_nodes_R2400_v3.tsv	07f25fef793bf100873ab1f963bc44c55e49b0f171865ef57da62eb4db1d56d2	944b3625e5b28c41cf067339e6589d98d585703f993dd15a7bf9dd81613f7567	3.5984826141459596	29	4	0.011257411327720693	Gaussian_in_log_lambda_constant_resolving_power	2400	3.6003021721376292	NIRSpec	G395H	G395H_run00	lambda_F_lambda_W_m-2	F_nu_Jy=lambda_F_lambda*lambda_um*1e20/c_m_s	F_nu_Jy	jwst_mcfost/runs/h2o_3um_method2_screen_v3/anchors/full_h2o/continuum_support/h2o_continuum_red_q80/node04.lambda	7306526a9120d9f85cdca7a169480487744e22e787e2a0a6e237e3a7ba47f942	expanded_n2401	1.9975051980918284	2401	2401	3003.7468767198525	1.2510399319949406	2.4822220872915486e-06	stellar_center	0.0	0.0	0.35	1	m2p25_c17p5_a0p40_q2p75_i0p05	2.25	2.75	c17p5	17.5	317.159480236321	100	1.0	7.3011756855e-08	70.0	0.03	0.4	128000	2	1	16	jwst_mcfost/runs/strict_continuum_cavity_mass_q_v1/models/m2p25_c17p5_a0p40_q2p75_i0p05/temperature/seed=41001/data_th/Temperature.fits.gz	1bd212f2f54dd8c1701a6064e129ba7fdb5721cb3fe296472433bbdd3b79ec1c	reused_accepted_continuum_temperature_screening_only_not_self_consistent_for_changed_dust	inside_h2o_optical_constants	continuum_reconstruction_not_scored	0.03	0.97	x0p03	0.05	full_h2o	84	1c92908b538ecf407f78c6f395020ded58eeae5ccf9efdccbd432e5af4f50cc8	h2o_selected_x0p03	jwst_mcfost/runs/h2o_3um_abundance_grid_v1/parameters/h2o_x0p03_rt.para	bf4257382851e20e1f8e05bef03bc663bd1f5803032e9c9af381a7331a302fde	selected_h2o_disjoint_dhs_abundance_grid_screening_dust	jwst_mcfost/runs/h2o_3um_abundance_grid_v1/tasks/x0p03/t169_h2o_continuum_red_q80_n04_s52001	f362476255260a3e6ad9c1bdfdb5bec61fa55e16599c254458f859cfe49b1179
170	full_h2o	52001	logical_target	h2o_3um_v3_w001	h2o_3um_v3_w001		h2o_feature_optical_depth	jwst_mcfost/output/h2o_3um_observation_v3/stellar_center_h2o_target_lsf_nodes_R2400_v3.tsv	bc54da8f9e376921527db29400677e165b6e2f4aed158fd3aaa5162a66b325a7	fce5efbf3d6c71f41470de4414a9f72385ce37dec95ab55ac43bd347d15f2890	2.6122960249124896	0	0	0.011257411327720693	Gaussian_in_log_lambda_constant_resolving_power	2400	2.6109757956979753	NIRSpec	G235H	G235H_run01	lambda_F_lambda_W_m-2	F_nu_Jy=lambda_F_lambda*lambda_um*1e20/c_m_s	F_nu_Jy	jwst_mcfost/runs/h2o_3um_method2_screen_v3/anchors/full_h2o/logical_target/h2o_3um_v3_w001/node00.lambda	f837effd132adde9de61efe712fb2649b30ffb3cf07b53647d3868fe89548263	expanded_n2401	1.9975051980918284	2401	2401	3003.7468767198525	1.2510399319949406	2.4822220872915486e-06	stellar_center	0.0	0.0	0.35	1	m2p25_c17p5_a0p40_q2p75_i0p05	2.25	2.75	c17p5	17.5	317.159480236321	100	1.0	7.3011756855e-08	70.0	0.03	0.4	128000	2	1	16	jwst_mcfost/runs/strict_continuum_cavity_mass_q_v1/models/m2p25_c17p5_a0p40_q2p75_i0p05/temperature/seed=41001/data_th/Temperature.fits.gz	1bd212f2f54dd8c1701a6064e129ba7fdb5721cb3fe296472433bbdd3b79ec1c	reused_accepted_continuum_temperature_screening_only_not_self_consistent_for_changed_dust	inside_h2o_optical_constants	continuum_wing_nuisance_not_scored	0.04	0.96	x0p04	0.05	full_h2o	0	9d4bc60e71c2f0df3fc519cbc969dbacba330894a5d18113f008985672bc16fb	h2o_selected_x0p04	jwst_mcfost/runs/h2o_3um_abundance_grid_v1/parameters/h2o_x0p04_rt.para	9c4c70e8b4348d36edd1af8b24b37c3ed573b5897459b34c593e173e09e95f0b	selected_h2o_disjoint_dhs_abundance_grid_screening_dust	jwst_mcfost/runs/h2o_3um_abundance_grid_v1/tasks/x0p04/t170_h2o_3um_v3_w001_n00_s52001	14abaa5fbb4d61b2633ffdfdd0f28fc23ac6eecc3fb1ef40b7d4570d6f0754b2
171	full_h2o	52001	logical_target	h2o_3um_v3_w001	h2o_3um_v3_w001		h2o_feature_optical_depth	jwst_mcfost/output/h2o_3um_observation_v3/stellar_center_h2o_target_lsf_nodes_R2400_v3.tsv	bc54da8f9e376921527db29400677e165b6e2f4aed158fd3aaa5162a66b325a7	5f06e02e62fc5371f39ff6e6ff01b0c7dcf2a2b17836e4759ff72a4e17331804	2.6122960249124896	1	1	0.2220759220056126	Gaussian_in_log_lambda_constant_resolving_power	2400	2.61166949575688	NIRSpec	G235H	G235H_run01	lambda_F_lambda_W_m-2	F_nu_Jy=lambda_F_lambda*lambda_um*1e20/c_m_s	F_nu_Jy	jwst_mcfost/runs/h2o_3um_method2_screen_v3/anchors/full_h2o/logical_target/h2o_3um_v3_w001/node01.lambda	c84d8d33dd33b6245a9793c7a03efa56538693ddd1e350f12834b20d0e870101	expanded_n2401	1.9975051980918284	2401	2401	3003.7468767198525	1.2510399319949406	2.4822220872915486e-06	stellar_center	0.0	0.0	0.35	1	m2p25_c17p5_a0p40_q2p75_i0p05	2.25	2.75	c17p5	17.5	317.159480236321	100	1.0	7.3011756855e-08	70.0	0.03	0.4	128000	2	1	16	jwst_mcfost/runs/strict_continuum_cavity_mass_q_v1/models/m2p25_c17p5_a0p40_q2p75_i0p05/temperature/seed=41001/data_th/Temperature.fits.gz	1bd212f2f54dd8c1701a6064e129ba7fdb5721cb3fe296472433bbdd3b79ec1c	reused_accepted_continuum_temperature_screening_only_not_self_consistent_for_changed_dust	inside_h2o_optical_constants	continuum_wing_nuisance_not_scored	0.04	0.96	x0p04	0.05	full_h2o	1	b2587ec26fbd3ec2912e8f706e21b0466fcd54c7f1962ba57cd4806e93bdc324	h2o_selected_x0p04	jwst_mcfost/runs/h2o_3um_abundance_grid_v1/parameters/h2o_x0p04_rt.para	9c4c70e8b4348d36edd1af8b24b37c3ed573b5897459b34c593e173e09e95f0b	selected_h2o_disjoint_dhs_abundance_grid_screening_dust	jwst_mcfost/runs/h2o_3um_abundance_grid_v1/tasks/x0p04/t171_h2o_3um_v3_w001_n01_s52001	b777e9dd06572335cb35583d4eb6c983ccefd54fa45f4511ee168a2fbfa03625
172	full_h2o	52001	logical_target	h2o_3um_v3_w001	h2o_3um_v3_w001		h2o_feature_optical_depth	jwst_mcfost/output/h2o_3um_observation_v3/stellar_center_h2o_target_lsf_nodes_R2400_v3.tsv	bc54da8f9e376921527db29400677e165b6e2f4aed158fd3aaa5162a66b325a7	58bc6c470443af7cb492b693c964c357882ad9415420c0fc7bd62a9b66714bb0	2.6122960249124896	2	2	0.53333333333333333	Gaussian_in_log_lambda_constant_resolving_power	2400	2.6122960249124896	NIRSpec	G235H	G235H_run01	lambda_F_lambda_W_m-2	F_nu_Jy=lambda_F_lambda*lambda_um*1e20/c_m_s	F_nu_Jy	jwst_mcfost/runs/h2o_3um_method2_screen_v3/anchors/full_h2o/logical_target/h2o_3um_v3_w001/node02.lambda	0e84cf42d019b3ce7e6fc4b3a1dcf0b0a714d3cf2c881c3522bad8daa6144c6a	expanded_n2401	1.9975051980918284	2401	2401	3003.7468767198525	1.2510399319949406	2.4822220872915486e-06	stellar_center	0.0	0.0	0.35	1	m2p25_c17p5_a0p40_q2p75_i0p05	2.25	2.75	c17p5	17.5	317.159480236321	100	1.0	7.3011756855e-08	70.0	0.03	0.4	128000	2	1	16	jwst_mcfost/runs/strict_continuum_cavity_mass_q_v1/models/m2p25_c17p5_a0p40_q2p75_i0p05/temperature/seed=41001/data_th/Temperature.fits.gz	1bd212f2f54dd8c1701a6064e129ba7fdb5721cb3fe296472433bbdd3b79ec1c	reused_accepted_continuum_temperature_screening_only_not_self_consistent_for_changed_dust	inside_h2o_optical_constants	continuum_wing_nuisance_not_scored	0.04	0.96	x0p04	0.05	full_h2o	2	632fd2f9203f647e721a3c59b1bd159a1aead06ed0ac7769f3412fe73d7b53ab	h2o_selected_x0p04	jwst_mcfost/runs/h2o_3um_abundance_grid_v1/parameters/h2o_x0p04_rt.para	9c4c70e8b4348d36edd1af8b24b37c3ed573b5897459b34c593e173e09e95f0b	selected_h2o_disjoint_dhs_abundance_grid_screening_dust	jwst_mcfost/runs/h2o_3um_abundance_grid_v1/tasks/x0p04/t172_h2o_3um_v3_w001_n02_s52001	928d4f0feb6cad7d125abc336c8346861e106101a677d532f2efd17c4dab5a02
173	full_h2o	52001	logical_target	h2o_3um_v3_w001	h2o_3um_v3_w001		h2o_feature_optical_depth	jwst_mcfost/output/h2o_3um_observation_v3/stellar_center_h2o_target_lsf_nodes_R2400_v3.tsv	bc54da8f9e376921527db29400677e165b6e2f4aed158fd3aaa5162a66b325a7	62a364aaf8152587832915ae241382b918d28af178a00494a9774559ac8e2d65	2.6122960249124896	3	3	0.2220759220056126	Gaussian_in_log_lambda_constant_resolving_power	2400	2.612922704369959	NIRSpec	G235H	G235H_run01	lambda_F_lambda_W_m-2	F_nu_Jy=lambda_F_lambda*lambda_um*1e20/c_m_s	F_nu_Jy	jwst_mcfost/runs/h2o_3um_method2_screen_v3/anchors/full_h2o/logical_target/h2o_3um_v3_w001/node03.lambda	1cbbaebe9d60c3234b25e42d2e2ac549ab540ac4a9e3a3de23d4d7cc5cfc1d19	expanded_n2401	1.9975051980918284	2401	2401	3003.7468767198525	1.2510399319949406	2.4822220872915486e-06	stellar_center	0.0	0.0	0.35	1	m2p25_c17p5_a0p40_q2p75_i0p05	2.25	2.75	c17p5	17.5	317.159480236321	100	1.0	7.3011756855e-08	70.0	0.03	0.4	128000	2	1	16	jwst_mcfost/runs/strict_continuum_cavity_mass_q_v1/models/m2p25_c17p5_a0p40_q2p75_i0p05/temperature/seed=41001/data_th/Temperature.fits.gz	1bd212f2f54dd8c1701a6064e129ba7fdb5721cb3fe296472433bbdd3b79ec1c	reused_accepted_continuum_temperature_screening_only_not_self_consistent_for_changed_dust	inside_h2o_optical_constants	continuum_wing_nuisance_not_scored	0.04	0.96	x0p04	0.05	full_h2o	3	ee953d29062c6c52e2d035db941a3ebedc41e9f5d47eed933d6462614809e5c6	h2o_selected_x0p04	jwst_mcfost/runs/h2o_3um_abundance_grid_v1/parameters/h2o_x0p04_rt.para	9c4c70e8b4348d36edd1af8b24b37c3ed573b5897459b34c593e173e09e95f0b	selected_h2o_disjoint_dhs_abundance_grid_screening_dust	jwst_mcfost/runs/h2o_3um_abundance_grid_v1/tasks/x0p04/t173_h2o_3um_v3_w001_n03_s52001	3bfc4dbd555409337e0de41eac4c183f59981cd5b91219a08e5fe854c26812bc
174	full_h2o	52001	logical_target	h2o_3um_v3_w001	h2o_3um_v3_w001		h2o_feature_optical_depth	jwst_mcfost/output/h2o_3um_observation_v3/stellar_center_h2o_target_lsf_nodes_R2400_v3.tsv	bc54da8f9e376921527db29400677e165b6e2f4aed158fd3aaa5162a66b325a7	9d83036bfb4d8ad14fe8a056c7e0f3043dade5e3d0a4b63b12e975b3ddc923a8	2.6122960249124896	4	4	0.011257411327720693	Gaussian_in_log_lambda_constant_resolving_power	2400	2.6136169216954976	NIRSpec	G235H	G235H_run01	lambda_F_lambda_W_m-2	F_nu_Jy=lambda_F_lambda*lambda_um*1e20/c_m_s	F_nu_Jy	jwst_mcfost/runs/h2o_3um_method2_screen_v3/anchors/full_h2o/logical_target/h2o_3um_v3_w001/node04.lambda	34a619220145b1a7f32812f3f95f6037fbd3cbbbcc5687882aa35c347ad44da8	expanded_n2401	1.9975051980918284	2401	2401	3003.7468767198525	1.2510399319949406	2.4822220872915486e-06	stellar_center	0.0	0.0	0.35	1	m2p25_c17p5_a0p40_q2p75_i0p05	2.25	2.75	c17p5	17.5	317.159480236321	100	1.0	7.3011756855e-08	70.0	0.03	0.4	128000	2	1	16	jwst_mcfost/runs/strict_continuum_cavity_mass_q_v1/models/m2p25_c17p5_a0p40_q2p75_i0p05/temperature/seed=41001/data_th/Temperature.fits.gz	1bd212f2f54dd8c1701a6064e129ba7fdb5721cb3fe296472433bbdd3b79ec1c	reused_accepted_continuum_temperature_screening_only_not_self_consistent_for_changed_dust	inside_h2o_optical_constants	continuum_wing_nuisance_not_scored	0.04	0.96	x0p04	0.05	full_h2o	4	5bfeef029938644f48617604860d65a6764df00bffb99b65d42d38e2ed21fd62	h2o_selected_x0p04	jwst_mcfost/runs/h2o_3um_abundance_grid_v1/parameters/h2o_x0p04_rt.para	9c4c70e8b4348d36edd1af8b24b37c3ed573b5897459b34c593e173e09e95f0b	selected_h2o_disjoint_dhs_abundance_grid_screening_dust	jwst_mcfost/runs/h2o_3um_abundance_grid_v1/tasks/x0p04/t174_h2o_3um_v3_w001_n04_s52001	0b4ac928282b9a52563cb75904361c3d11b320b11482af3c636a32439b3706f6
175	full_h2o	52001	logical_target	h2o_3um_v3_w002	h2o_3um_v3_w002		h2o_feature_optical_depth	jwst_mcfost/output/h2o_3um_observation_v3/stellar_center_h2o_target_lsf_nodes_R2400_v3.tsv	bc54da8f9e376921527db29400677e165b6e2f4aed158fd3aaa5162a66b325a7	4b88197ca527d73f256a92b7dd5667b318d90a151ef3c7f6448884dca52cd338	2.8572041864979223	5	0	0.011257411327720693	Gaussian_in_log_lambda_constant_resolving_power	2400	2.8557601830607644	NIRSpec	G235H	G235H_run01	lambda_F_lambda_W_m-2	F_nu_Jy=lambda_F_lambda*lambda_um*1e20/c_m_s	F_nu_Jy	jwst_mcfost/runs/h2o_3um_method2_screen_v3/anchors/full_h2o/logical_target/h2o_3um_v3_w002/node00.lambda	05f54abdcf1f34d96cedeea53d3618dcaef49513f685edff368ddef4d3dbe5d9	expanded_n2401	1.9975051980918284	2401	2401	3003.7468767198525	1.2510399319949406	2.4822220872915486e-06	stellar_center	0.0	0.0	0.35	1	m2p25_c17p5_a0p40_q2p75_i0p05	2.25	2.75	c17p5	17.5	317.159480236321	100	1.0	7.3011756855e-08	70.0	0.03	0.4	128000	2	1	16	jwst_mcfost/runs/strict_continuum_cavity_mass_q_v1/models/m2p25_c17p5_a0p40_q2p75_i0p05/temperature/seed=41001/data_th/Temperature.fits.gz	1bd212f2f54dd8c1701a6064e129ba7fdb5721cb3fe296472433bbdd3b79ec1c	reused_accepted_continuum_temperature_screening_only_not_self_consistent_for_changed_dust	inside_h2o_optical_constants	feature_shape_scored	0.04	0.96	x0p04	0.05	full_h2o	5	4620df45c2c03c5fbab421f098e731029ced857763fd9f34bdaac3649cc651a4	h2o_selected_x0p04	jwst_mcfost/runs/h2o_3um_abundance_grid_v1/parameters/h2o_x0p04_rt.para	9c4c70e8b4348d36edd1af8b24b37c3ed573b5897459b34c593e173e09e95f0b	selected_h2o_disjoint_dhs_abundance_grid_screening_dust	jwst_mcfost/runs/h2o_3um_abundance_grid_v1/tasks/x0p04/t175_h2o_3um_v3_w002_n00_s52001	fcbf9abccb6eaeafe14643de581e281676a1e6a1b78ce3f81edb912e1a30105e
176	full_h2o	52001	logical_target	h2o_3um_v3_w002	h2o_3um_v3_w002		h2o_feature_optical_depth	jwst_mcfost/output/h2o_3um_observation_v3/stellar_center_h2o_target_lsf_nodes_R2400_v3.tsv	bc54da8f9e376921527db29400677e165b6e2f4aed158fd3aaa5162a66b325a7	50b539675bd3fc2196b359f18bd839977b01cf46c56f578ebebbdb93bc0ad02b	2.8572041864979223	6	1	0.2220759220056126	Gaussian_in_log_lambda_constant_resolving_power	2400	2.856518918936628	NIRSpec	G235H	G235H_run01	lambda_F_lambda_W_m-2	F_nu_Jy=lambda_F_lambda*lambda_um*1e20/c_m_s	F_nu_Jy	jwst_mcfost/runs/h2o_3um_method2_screen_v3/anchors/full_h2o/logical_target/h2o_3um_v3_w002/node01.lambda	1440409f1d3f053263f71d95121cd45d15a666f509471b6ddc9079bcb59ad250	expanded_n2401	1.9975051980918284	2401	2401	3003.7468767198525	1.2510399319949406	2.4822220872915486e-06	stellar_center	0.0	0.0	0.35	1	m2p25_c17p5_a0p40_q2p75_i0p05	2.25	2.75	c17p5	17.5	317.159480236321	100	1.0	7.3011756855e-08	70.0	0.03	0.4	128000	2	1	16	jwst_mcfost/runs/strict_continuum_cavity_mass_q_v1/models/m2p25_c17p5_a0p40_q2p75_i0p05/temperature/seed=41001/data_th/Temperature.fits.gz	1bd212f2f54dd8c1701a6064e129ba7fdb5721cb3fe296472433bbdd3b79ec1c	reused_accepted_continuum_temperature_screening_only_not_self_consistent_for_changed_dust	inside_h2o_optical_constants	feature_shape_scored	0.04	0.96	x0p04	0.05	full_h2o	6	ec6df5309656df032a31c6b49d7fca45810b337d9ec61894626cd441bf882c00	h2o_selected_x0p04	jwst_mcfost/runs/h2o_3um_abundance_grid_v1/parameters/h2o_x0p04_rt.para	9c4c70e8b4348d36edd1af8b24b37c3ed573b5897459b34c593e173e09e95f0b	selected_h2o_disjoint_dhs_abundance_grid_screening_dust	jwst_mcfost/runs/h2o_3um_abundance_grid_v1/tasks/x0p04/t176_h2o_3um_v3_w002_n01_s52001	aada9eefd00f8da0696fad4d4a9c73950c450c128cd2f01c59bf9efff958a4fe
177	full_h2o	52001	logical_target	h2o_3um_v3_w002	h2o_3um_v3_w002		h2o_feature_optical_depth	jwst_mcfost/output/h2o_3um_observation_v3/stellar_center_h2o_target_lsf_nodes_R2400_v3.tsv	bc54da8f9e376921527db29400677e165b6e2f4aed158fd3aaa5162a66b325a7	d455ab9a88ba1a4c3ff62d32f9bdd59bb017783b66c4e8b98c3641f3e9b89cf0	2.8572041864979223	7	2	0.53333333333333333	Gaussian_in_log_lambda_constant_resolving_power	2400	2.8572041864979223	NIRSpec	G235H	G235H_run01	lambda_F_lambda_W_m-2	F_nu_Jy=lambda_F_lambda*lambda_um*1e20/c_m_s	F_nu_Jy	jwst_mcfost/runs/h2o_3um_method2_screen_v3/anchors/full_h2o/logical_target/h2o_3um_v3_w002/node02.lambda	a62f238a516ba39528b9b6fcdfdda607da5c6ddd493183effbd3870e88b70a65	expanded_n2401	1.9975051980918284	2401	2401	3003.7468767198525	1.2510399319949406	2.4822220872915486e-06	stellar_center	0.0	0.0	0.35	1	m2p25_c17p5_a0p40_q2p75_i0p05	2.25	2.75	c17p5	17.5	317.159480236321	100	1.0	7.3011756855e-08	70.0	0.03	0.4	128000	2	1	16	jwst_mcfost/runs/strict_continuum_cavity_mass_q_v1/models/m2p25_c17p5_a0p40_q2p75_i0p05/temperature/seed=41001/data_th/Temperature.fits.gz	1bd212f2f54dd8c1701a6064e129ba7fdb5721cb3fe296472433bbdd3b79ec1c	reused_accepted_continuum_temperature_screening_only_not_self_consistent_for_changed_dust	inside_h2o_optical_constants	feature_shape_scored	0.04	0.96	x0p04	0.05	full_h2o	7	cca177bcdaf36d460ccf78c38ff4d07b2fec52b9922ebb66e227cf7e4fc9166e	h2o_selected_x0p04	jwst_mcfost/runs/h2o_3um_abundance_grid_v1/parameters/h2o_x0p04_rt.para	9c4c70e8b4348d36edd1af8b24b37c3ed573b5897459b34c593e173e09e95f0b	selected_h2o_disjoint_dhs_abundance_grid_screening_dust	jwst_mcfost/runs/h2o_3um_abundance_grid_v1/tasks/x0p04/t177_h2o_3um_v3_w002_n02_s52001	310ce42bad02ad7ac0cf0a35129b247777aa81bcb2f56530f60ac2d8f2a82ccd
178	full_h2o	52001	logical_target	h2o_3um_v3_w002	h2o_3um_v3_w002		h2o_feature_optical_depth	jwst_mcfost/output/h2o_3um_observation_v3/stellar_center_h2o_target_lsf_nodes_R2400_v3.tsv	bc54da8f9e376921527db29400677e165b6e2f4aed158fd3aaa5162a66b325a7	876446a15400f81541df81723dd7eaeeb4b3f1e64034f296a2b691b7254b8bb4	2.8572041864979223	8	3	0.2220759220056126	Gaussian_in_log_lambda_constant_resolving_power	2400	2.8578896184521869	NIRSpec	G235H	G235H_run01	lambda_F_lambda_W_m-2	F_nu_Jy=lambda_F_lambda*lambda_um*1e20/c_m_s	F_nu_Jy	jwst_mcfost/runs/h2o_3um_method2_screen_v3/anchors/full_h2o/logical_target/h2o_3um_v3_w002/node03.lambda	214ae06aab6c78ec0d375d1f3a89e2deeaf109beb868021e97929cc9561c2bc3	expanded_n2401	1.9975051980918284	2401	2401	3003.7468767198525	1.2510399319949406	2.4822220872915486e-06	stellar_center	0.0	0.0	0.35	1	m2p25_c17p5_a0p40_q2p75_i0p05	2.25	2.75	c17p5	17.5	317.159480236321	100	1.0	7.3011756855e-08	70.0	0.03	0.4	128000	2	1	16	jwst_mcfost/runs/strict_continuum_cavity_mass_q_v1/models/m2p25_c17p5_a0p40_q2p75_i0p05/temperature/seed=41001/data_th/Temperature.fits.gz	1bd212f2f54dd8c1701a6064e129ba7fdb5721cb3fe296472433bbdd3b79ec1c	reused_accepted_continuum_temperature_screening_only_not_self_consistent_for_changed_dust	inside_h2o_optical_constants	feature_shape_scored	0.04	0.96	x0p04	0.05	full_h2o	8	df2a10804d1dedf9cf4831b40cd7ff5d1d8c12a1529f7503a32e9310045f423d	h2o_selected_x0p04	jwst_mcfost/runs/h2o_3um_abundance_grid_v1/parameters/h2o_x0p04_rt.para	9c4c70e8b4348d36edd1af8b24b37c3ed573b5897459b34c593e173e09e95f0b	selected_h2o_disjoint_dhs_abundance_grid_screening_dust	jwst_mcfost/runs/h2o_3um_abundance_grid_v1/tasks/x0p04/t178_h2o_3um_v3_w002_n03_s52001	adf72388ff3604097c02fd6b65f2b6b88c4656dbb7eee6cf2d73b90a41a4bbf3
179	full_h2o	52001	logical_target	h2o_3um_v3_w002	h2o_3um_v3_w002		h2o_feature_optical_depth	jwst_mcfost/output/h2o_3um_observation_v3/stellar_center_h2o_target_lsf_nodes_R2400_v3.tsv	bc54da8f9e376921527db29400677e165b6e2f4aed158fd3aaa5162a66b325a7	8ca030766ecb004394ae6213f0712804a9f4f1532c8bd6f20340a9745c8692d4	2.8572041864979223	9	4	0.011257411327720693	Gaussian_in_log_lambda_constant_resolving_power	2400	2.8586489200895024	NIRSpec	G235H	G235H_run01	lambda_F_lambda_W_m-2	F_nu_Jy=lambda_F_lambda*lambda_um*1e20/c_m_s	F_nu_Jy	jwst_mcfost/runs/h2o_3um_method2_screen_v3/anchors/full_h2o/logical_target/h2o_3um_v3_w002/node04.lambda	29f024a20bb28951e60b5d8f2ea289fa5320b9b998affa7ab3abb419bbc00364	expanded_n2401	1.9975051980918284	2401	2401	3003.7468767198525	1.2510399319949406	2.4822220872915486e-06	stellar_center	0.0	0.0	0.35	1	m2p25_c17p5_a0p40_q2p75_i0p05	2.25	2.75	c17p5	17.5	317.159480236321	100	1.0	7.3011756855e-08	70.0	0.03	0.4	128000	2	1	16	jwst_mcfost/runs/strict_continuum_cavity_mass_q_v1/models/m2p25_c17p5_a0p40_q2p75_i0p05/temperature/seed=41001/data_th/Temperature.fits.gz	1bd212f2f54dd8c1701a6064e129ba7fdb5721cb3fe296472433bbdd3b79ec1c	reused_accepted_continuum_temperature_screening_only_not_self_consistent_for_changed_dust	inside_h2o_optical_constants	feature_shape_scored	0.04	0.96	x0p04	0.05	full_h2o	9	30c4ae956d37c53efc4b93e0aa82f575facfb858de0e50cc9926f4fcd011fdf7	h2o_selected_x0p04	jwst_mcfost/runs/h2o_3um_abundance_grid_v1/parameters/h2o_x0p04_rt.para	9c4c70e8b4348d36edd1af8b24b37c3ed573b5897459b34c593e173e09e95f0b	selected_h2o_disjoint_dhs_abundance_grid_screening_dust	jwst_mcfost/runs/h2o_3um_abundance_grid_v1/tasks/x0p04/t179_h2o_3um_v3_w002_n04_s52001	cd7098f56d90979b034af3418acfe8ed0d160e70ff43fef66f012004b09b93d2
180	full_h2o	52001	logical_target	h2o_3um_v3_w003	h2o_3um_v3_w003		h2o_feature_optical_depth	jwst_mcfost/output/h2o_3um_observation_v3/stellar_center_h2o_target_lsf_nodes_R2400_v3.tsv	bc54da8f9e376921527db29400677e165b6e2f4aed158fd3aaa5162a66b325a7	b6ac6641beeb92be050dad2933099c80df1519b89e9c0de0bea8b814405cd4fe	2.9025080554554101	10	0	0.011257411327720693	Gaussian_in_log_lambda_constant_resolving_power	2400	2.9010411558798523	NIRSpec	G235H	G235H_run01	lambda_F_lambda_W_m-2	F_nu_Jy=lambda_F_lambda*lambda_um*1e20/c_m_s	F_nu_Jy	jwst_mcfost/runs/h2o_3um_method2_screen_v3/anchors/full_h2o/logical_target/h2o_3um_v3_w003/node00.lambda	2e07abaf9f7bfc35b6d62d60b449ea8381feef10ccfa3711865ab85d1bf8d96d	expanded_n2401	1.9975051980918284	2401	2401	3003.7468767198525	1.2510399319949406	2.4822220872915486e-06	stellar_center	0.0	0.0	0.35	1	m2p25_c17p5_a0p40_q2p75_i0p05	2.25	2.75	c17p5	17.5	317.159480236321	100	1.0	7.3011756855e-08	70.0	0.03	0.4	128000	2	1	16	jwst_mcfost/runs/strict_continuum_cavity_mass_q_v1/models/m2p25_c17p5_a0p40_q2p75_i0p05/temperature/seed=41001/data_th/Temperature.fits.gz	1bd212f2f54dd8c1701a6064e129ba7fdb5721cb3fe296472433bbdd3b79ec1c	reused_accepted_continuum_temperature_screening_only_not_self_consistent_for_changed_dust	inside_h2o_optical_constants	feature_shape_scored	0.04	0.96	x0p04	0.05	full_h2o	10	8110bd9d2f0e891df9a1cfbb54ede381f0b142e542d2d9d5254d1a3ad078da75	h2o_selected_x0p04	jwst_mcfost/runs/h2o_3um_abundance_grid_v1/parameters/h2o_x0p04_rt.para	9c4c70e8b4348d36edd1af8b24b37c3ed573b5897459b34c593e173e09e95f0b	selected_h2o_disjoint_dhs_abundance_grid_screening_dust	jwst_mcfost/runs/h2o_3um_abundance_grid_v1/tasks/x0p04/t180_h2o_3um_v3_w003_n00_s52001	b7640163cb5b4628a58dfa3fe8e1f50775dd9d6b0b172cb340cd4174984965d0
181	full_h2o	52001	logical_target	h2o_3um_v3_w003	h2o_3um_v3_w003		h2o_feature_optical_depth	jwst_mcfost/output/h2o_3um_observation_v3/stellar_center_h2o_target_lsf_nodes_R2400_v3.tsv	bc54da8f9e376921527db29400677e165b6e2f4aed158fd3aaa5162a66b325a7	b12b712ad8f395d3e968747a3639ceed31575566c2d23a98bfee406e199eb6e4	2.9025080554554101	11	1	0.2220759220056126	Gaussian_in_log_lambda_constant_resolving_power	2400	2.9018119222822203	NIRSpec	G235H	G235H_run01	lambda_F_lambda_W_m-2	F_nu_Jy=lambda_F_lambda*lambda_um*1e20/c_m_s	F_nu_Jy	jwst_mcfost/runs/h2o_3um_method2_screen_v3/anchors/full_h2o/logical_target/h2o_3um_v3_w003/node01.lambda	3837d7fd6ff1a3915ae5711adf5a75ad1fd25eec5730a5fecdbc028eae0354b0	expanded_n2401	1.9975051980918284	2401	2401	3003.7468767198525	1.2510399319949406	2.4822220872915486e-06	stellar_center	0.0	0.0	0.35	1	m2p25_c17p5_a0p40_q2p75_i0p05	2.25	2.75	c17p5	17.5	317.159480236321	100	1.0	7.3011756855e-08	70.0	0.03	0.4	128000	2	1	16	jwst_mcfost/runs/strict_continuum_cavity_mass_q_v1/models/m2p25_c17p5_a0p40_q2p75_i0p05/temperature/seed=41001/data_th/Temperature.fits.gz	1bd212f2f54dd8c1701a6064e129ba7fdb5721cb3fe296472433bbdd3b79ec1c	reused_accepted_continuum_temperature_screening_only_not_self_consistent_for_changed_dust	inside_h2o_optical_constants	feature_shape_scored	0.04	0.96	x0p04	0.05	full_h2o	11	80139b75eab9e9a978c7186b785271c9e89aae64a088ffe5a849fff41b40fa00	h2o_selected_x0p04	jwst_mcfost/runs/h2o_3um_abundance_grid_v1/parameters/h2o_x0p04_rt.para	9c4c70e8b4348d36edd1af8b24b37c3ed573b5897459b34c593e173e09e95f0b	selected_h2o_disjoint_dhs_abundance_grid_screening_dust	jwst_mcfost/runs/h2o_3um_abundance_grid_v1/tasks/x0p04/t181_h2o_3um_v3_w003_n01_s52001	f6f9936d97ad5797db60323a9c38abc13eb24c1a26f5d7291264498686a2f793
182	full_h2o	52001	logical_target	h2o_3um_v3_w003	h2o_3um_v3_w003		h2o_feature_optical_depth	jwst_mcfost/output/h2o_3um_observation_v3/stellar_center_h2o_target_lsf_nodes_R2400_v3.tsv	bc54da8f9e376921527db29400677e165b6e2f4aed158fd3aaa5162a66b325a7	f3857fdec1a7fb8e4477782ecd440c5abe73f8abe4761e1e10a3bb2e7f86c009	2.9025080554554101	12	2	0.53333333333333333	Gaussian_in_log_lambda_constant_resolving_power	2400	2.9025080554554101	NIRSpec	G235H	G235H_run01	lambda_F_lambda_W_m-2	F_nu_Jy=lambda_F_lambda*lambda_um*1e20/c_m_s	F_nu_Jy	jwst_mcfost/runs/h2o_3um_method2_screen_v3/anchors/full_h2o/logical_target/h2o_3um_v3_w003/node02.lambda	81d5422b3abd61fe2bf0cf88a627520cc772e4bb0813b506c2f1f8e2850affc2	expanded_n2401	1.9975051980918284	2401	2401	3003.7468767198525	1.2510399319949406	2.4822220872915486e-06	stellar_center	0.0	0.0	0.35	1	m2p25_c17p5_a0p40_q2p75_i0p05	2.25	2.75	c17p5	17.5	317.159480236321	100	1.0	7.3011756855e-08	70.0	0.03	0.4	128000	2	1	16	jwst_mcfost/runs/strict_continuum_cavity_mass_q_v1/models/m2p25_c17p5_a0p40_q2p75_i0p05/temperature/seed=41001/data_th/Temperature.fits.gz	1bd212f2f54dd8c1701a6064e129ba7fdb5721cb3fe296472433bbdd3b79ec1c	reused_accepted_continuum_temperature_screening_only_not_self_consistent_for_changed_dust	inside_h2o_optical_constants	feature_shape_scored	0.04	0.96	x0p04	0.05	full_h2o	12	67d955fd98cc74c18eb7cc4b20712aafc2e82514125dd074b4c703d57bdc7a74	h2o_selected_x0p04	jwst_mcfost/runs/h2o_3um_abundance_grid_v1/parameters/h2o_x0p04_rt.para	9c4c70e8b4348d36edd1af8b24b37c3ed573b5897459b34c593e173e09e95f0b	selected_h2o_disjoint_dhs_abundance_grid_screening_dust	jwst_mcfost/runs/h2o_3um_abundance_grid_v1/tasks/x0p04/t182_h2o_3um_v3_w003_n02_s52001	6ea8c4564db8eaa801d74ae8c9c40bc227abb9acec025e5d8028ccf09ad019e0
183	full_h2o	52001	logical_target	h2o_3um_v3_w003	h2o_3um_v3_w003		h2o_feature_optical_depth	jwst_mcfost/output/h2o_3um_observation_v3/stellar_center_h2o_target_lsf_nodes_R2400_v3.tsv	bc54da8f9e376921527db29400677e165b6e2f4aed158fd3aaa5162a66b325a7	41bc626c9cb9041e51ddcb0f7b2b54b205b0709a197399edcb312e6c4a22cc2d	2.9025080554554101	13	3	0.2220759220056126	Gaussian_in_log_lambda_constant_resolving_power	2400	2.9032043556281879	NIRSpec	G235H	G235H_run01	lambda_F_lambda_W_m-2	F_nu_Jy=lambda_F_lambda*lambda_um*1e20/c_m_s	F_nu_Jy	jwst_mcfost/runs/h2o_3um_method2_screen_v3/anchors/full_h2o/logical_target/h2o_3um_v3_w003/node03.lambda	8b937b90038da38bc14235b11daeb67f6167e49013f249f19ff7b340c977791f	expanded_n2401	1.9975051980918284	2401	2401	3003.7468767198525	1.2510399319949406	2.4822220872915486e-06	stellar_center	0.0	0.0	0.35	1	m2p25_c17p5_a0p40_q2p75_i0p05	2.25	2.75	c17p5	17.5	317.159480236321	100	1.0	7.3011756855e-08	70.0	0.03	0.4	128000	2	1	16	jwst_mcfost/runs/strict_continuum_cavity_mass_q_v1/models/m2p25_c17p5_a0p40_q2p75_i0p05/temperature/seed=41001/data_th/Temperature.fits.gz	1bd212f2f54dd8c1701a6064e129ba7fdb5721cb3fe296472433bbdd3b79ec1c	reused_accepted_continuum_temperature_screening_only_not_self_consistent_for_changed_dust	inside_h2o_optical_constants	feature_shape_scored	0.04	0.96	x0p04	0.05	full_h2o	13	3aaa95dd580978d3131b2047db672f903b040fa9458609966c468f518696c107	h2o_selected_x0p04	jwst_mcfost/runs/h2o_3um_abundance_grid_v1/parameters/h2o_x0p04_rt.para	9c4c70e8b4348d36edd1af8b24b37c3ed573b5897459b34c593e173e09e95f0b	selected_h2o_disjoint_dhs_abundance_grid_screening_dust	jwst_mcfost/runs/h2o_3um_abundance_grid_v1/tasks/x0p04/t183_h2o_3um_v3_w003_n03_s52001	f880c56d66dd812e5af206c474f0e6c7e86488e9918cf39dbd0e0ffd8b3163d8
184	full_h2o	52001	logical_target	h2o_3um_v3_w003	h2o_3um_v3_w003		h2o_feature_optical_depth	jwst_mcfost/output/h2o_3um_observation_v3/stellar_center_h2o_target_lsf_nodes_R2400_v3.tsv	bc54da8f9e376921527db29400677e165b6e2f4aed158fd3aaa5162a66b325a7	a1be188b9661b54c5412794576196fe599d09d68d0d371423d82517dfe8492aa	2.9025080554554101	14	4	0.011257411327720693	Gaussian_in_log_lambda_constant_resolving_power	2400	2.9039756967627288	NIRSpec	G235H	G235H_run01	lambda_F_lambda_W_m-2	F_nu_Jy=lambda_F_lambda*lambda_um*1e20/c_m_s	F_nu_Jy	jwst_mcfost/runs/h2o_3um_method2_screen_v3/anchors/full_h2o/logical_target/h2o_3um_v3_w003/node04.lambda	2ecad41d6da3dabd9ce432e21338d23dddacbd2efc06516ec79ded1e48fb5848	expanded_n2401	1.9975051980918284	2401	2401	3003.7468767198525	1.2510399319949406	2.4822220872915486e-06	stellar_center	0.0	0.0	0.35	1	m2p25_c17p5_a0p40_q2p75_i0p05	2.25	2.75	c17p5	17.5	317.159480236321	100	1.0	7.3011756855e-08	70.0	0.03	0.4	128000	2	1	16	jwst_mcfost/runs/strict_continuum_cavity_mass_q_v1/models/m2p25_c17p5_a0p40_q2p75_i0p05/temperature/seed=41001/data_th/Temperature.fits.gz	1bd212f2f54dd8c1701a6064e129ba7fdb5721cb3fe296472433bbdd3b79ec1c	reused_accepted_continuum_temperature_screening_only_not_self_consistent_for_changed_dust	inside_h2o_optical_constants	feature_shape_scored	0.04	0.96	x0p04	0.05	full_h2o	14	7e38f5f8bd3fc261fd07f124a3c0875963428eebf8d6edb6f431081619de1403	h2o_selected_x0p04	jwst_mcfost/runs/h2o_3um_abundance_grid_v1/parameters/h2o_x0p04_rt.para	9c4c70e8b4348d36edd1af8b24b37c3ed573b5897459b34c593e173e09e95f0b	selected_h2o_disjoint_dhs_abundance_grid_screening_dust	jwst_mcfost/runs/h2o_3um_abundance_grid_v1/tasks/x0p04/t184_h2o_3um_v3_w003_n04_s52001	74564b23396ac5a8b432b166e9f637036a07119bdbc582abbc52cc7ea6b1ee9a
185	full_h2o	52001	logical_target	h2o_3um_v3_w004	h2o_3um_v3_w004		h2o_feature_optical_depth	jwst_mcfost/output/h2o_3um_observation_v3/stellar_center_h2o_target_lsf_nodes_R2400_v3.tsv	bc54da8f9e376921527db29400677e165b6e2f4aed158fd3aaa5162a66b325a7	d7fdd6effcbebf66dba0948d2692ef823c09ca465b36f02283f232114bac3ebb	2.9489444454747278	15	0	0.011257411327720693	Gaussian_in_log_lambda_constant_resolving_power	2400	2.9474540773955487	NIRSpec	G235H	G235H_run01	lambda_F_lambda_W_m-2	F_nu_Jy=lambda_F_lambda*lambda_um*1e20/c_m_s	F_nu_Jy	jwst_mcfost/runs/h2o_3um_method2_screen_v3/anchors/full_h2o/logical_target/h2o_3um_v3_w004/node00.lambda	14ae29313f0ef2e83a67a1040506949938773f66fc81a95ef5fb827d02ccec22	expanded_n2401	1.9975051980918284	2401	2401	3003.7468767198525	1.2510399319949406	2.4822220872915486e-06	stellar_center	0.0	0.0	0.35	1	m2p25_c17p5_a0p40_q2p75_i0p05	2.25	2.75	c17p5	17.5	317.159480236321	100	1.0	7.3011756855e-08	70.0	0.03	0.4	128000	2	1	16	jwst_mcfost/runs/strict_continuum_cavity_mass_q_v1/models/m2p25_c17p5_a0p40_q2p75_i0p05/temperature/seed=41001/data_th/Temperature.fits.gz	1bd212f2f54dd8c1701a6064e129ba7fdb5721cb3fe296472433bbdd3b79ec1c	reused_accepted_continuum_temperature_screening_only_not_self_consistent_for_changed_dust	inside_h2o_optical_constants	feature_shape_scored	0.04	0.96	x0p04	0.05	full_h2o	15	915f8c3a54b0103f7dc2097e983902c3a15ad5118c4a64c8480fdf616930b64a	h2o_selected_x0p04	jwst_mcfost/runs/h2o_3um_abundance_grid_v1/parameters/h2o_x0p04_rt.para	9c4c70e8b4348d36edd1af8b24b37c3ed573b5897459b34c593e173e09e95f0b	selected_h2o_disjoint_dhs_abundance_grid_screening_dust	jwst_mcfost/runs/h2o_3um_abundance_grid_v1/tasks/x0p04/t185_h2o_3um_v3_w004_n00_s52001	973e7092a0e90435703f7ffcfde26360ee65c8089eeb9e863627af156a0640fa
186	full_h2o	52001	logical_target	h2o_3um_v3_w004	h2o_3um_v3_w004		h2o_feature_optical_depth	jwst_mcfost/output/h2o_3um_observation_v3/stellar_center_h2o_target_lsf_nodes_R2400_v3.tsv	bc54da8f9e376921527db29400677e165b6e2f4aed158fd3aaa5162a66b325a7	7a1c4832cddc953498a55dada251f2a0cb985e774824ceb355ec3f920e486746	2.9489444454747278	16	1	0.2220759220056126	Gaussian_in_log_lambda_constant_resolving_power	2400	2.9482371750674914	NIRSpec	G235H	G235H_run01	lambda_F_lambda_W_m-2	F_nu_Jy=lambda_F_lambda*lambda_um*1e20/c_m_s	F_nu_Jy	jwst_mcfost/runs/h2o_3um_method2_screen_v3/anchors/full_h2o/logical_target/h2o_3um_v3_w004/node01.lambda	4ad98779007b8e623fd11726cab036958b1a80f4944d0a1b272aae3c82efe04e	expanded_n2401	1.9975051980918284	2401	2401	3003.7468767198525	1.2510399319949406	2.4822220872915486e-06	stellar_center	0.0	0.0	0.35	1	m2p25_c17p5_a0p40_q2p75_i0p05	2.25	2.75	c17p5	17.5	317.159480236321	100	1.0	7.3011756855e-08	70.0	0.03	0.4	128000	2	1	16	jwst_mcfost/runs/strict_continuum_cavity_mass_q_v1/models/m2p25_c17p5_a0p40_q2p75_i0p05/temperature/seed=41001/data_th/Temperature.fits.gz	1bd212f2f54dd8c1701a6064e129ba7fdb5721cb3fe296472433bbdd3b79ec1c	reused_accepted_continuum_temperature_screening_only_not_self_consistent_for_changed_dust	inside_h2o_optical_constants	feature_shape_scored	0.04	0.96	x0p04	0.05	full_h2o	16	608a3facb36c3e988b921aa0f8b686a568590e33dce198b22036b43ec67ea806	h2o_selected_x0p04	jwst_mcfost/runs/h2o_3um_abundance_grid_v1/parameters/h2o_x0p04_rt.para	9c4c70e8b4348d36edd1af8b24b37c3ed573b5897459b34c593e173e09e95f0b	selected_h2o_disjoint_dhs_abundance_grid_screening_dust	jwst_mcfost/runs/h2o_3um_abundance_grid_v1/tasks/x0p04/t186_h2o_3um_v3_w004_n01_s52001	56386c0d5b3f38cdabf64d205115921a32c34a6ed550594e34254d9f03a1ef40
187	full_h2o	52001	logical_target	h2o_3um_v3_w004	h2o_3um_v3_w004		h2o_feature_optical_depth	jwst_mcfost/output/h2o_3um_observation_v3/stellar_center_h2o_target_lsf_nodes_R2400_v3.tsv	bc54da8f9e376921527db29400677e165b6e2f4aed158fd3aaa5162a66b325a7	5ba6b4f9110de56beb77b0b234ae6d12d187729fa20e5955d7edcbd62dc7c30f	2.9489444454747278	17	2	0.53333333333333333	Gaussian_in_log_lambda_constant_resolving_power	2400	2.9489444454747278	NIRSpec	G235H	G235H_run01	lambda_F_lambda_W_m-2	F_nu_Jy=lambda_F_lambda*lambda_um*1e20/c_m_s	F_nu_Jy	jwst_mcfost/runs/h2o_3um_method2_screen_v3/anchors/full_h2o/logical_target/h2o_3um_v3_w004/node02.lambda	f5ec7925d3fc81a1d1e145d3a9f9cf4413b8df3e58e5d75885f9a87c3af86faf	expanded_n2401	1.9975051980918284	2401	2401	3003.7468767198525	1.2510399319949406	2.4822220872915486e-06	stellar_center	0.0	0.0	0.35	1	m2p25_c17p5_a0p40_q2p75_i0p05	2.25	2.75	c17p5	17.5	317.159480236321	100	1.0	7.3011756855e-08	70.0	0.03	0.4	128000	2	1	16	jwst_mcfost/runs/strict_continuum_cavity_mass_q_v1/models/m2p25_c17p5_a0p40_q2p75_i0p05/temperature/seed=41001/data_th/Temperature.fits.gz	1bd212f2f54dd8c1701a6064e129ba7fdb5721cb3fe296472433bbdd3b79ec1c	reused_accepted_continuum_temperature_screening_only_not_self_consistent_for_changed_dust	inside_h2o_optical_constants	feature_shape_scored	0.04	0.96	x0p04	0.05	full_h2o	17	9e120e6fa35e4b114e460e7d5f2aafe0e4c6027f53f07d817ba92c91da7429d0	h2o_selected_x0p04	jwst_mcfost/runs/h2o_3um_abundance_grid_v1/parameters/h2o_x0p04_rt.para	9c4c70e8b4348d36edd1af8b24b37c3ed573b5897459b34c593e173e09e95f0b	selected_h2o_disjoint_dhs_abundance_grid_screening_dust	jwst_mcfost/runs/h2o_3um_abundance_grid_v1/tasks/x0p04/t187_h2o_3um_v3_w004_n02_s52001	01c2361a1be86a3bb1c998dbaca1710710dc14d64a5dfdf10564cd1a73fe0bcc
188	full_h2o	52001	logical_target	h2o_3um_v3_w004	h2o_3um_v3_w004		h2o_feature_optical_depth	jwst_mcfost/output/h2o_3um_observation_v3/stellar_center_h2o_target_lsf_nodes_R2400_v3.tsv	bc54da8f9e376921527db29400677e165b6e2f4aed158fd3aaa5162a66b325a7	27836b4b116b81c17e1e4097af097306f2951732973531d5affdc8a56bbc7837	2.9489444454747278	18	3	0.2220759220056126	Gaussian_in_log_lambda_constant_resolving_power	2400	2.9496518855533305	NIRSpec	G235H	G235H_run01	lambda_F_lambda_W_m-2	F_nu_Jy=lambda_F_lambda*lambda_um*1e20/c_m_s	F_nu_Jy	jwst_mcfost/runs/h2o_3um_method2_screen_v3/anchors/full_h2o/logical_target/h2o_3um_v3_w004/node03.lambda	21d325104915d555ef142fde6d4bcad159829add274aaee3964f5d74cabfad61	expanded_n2401	1.9975051980918284	2401	2401	3003.7468767198525	1.2510399319949406	2.4822220872915486e-06	stellar_center	0.0	0.0	0.35	1	m2p25_c17p5_a0p40_q2p75_i0p05	2.25	2.75	c17p5	17.5	317.159480236321	100	1.0	7.3011756855e-08	70.0	0.03	0.4	128000	2	1	16	jwst_mcfost/runs/strict_continuum_cavity_mass_q_v1/models/m2p25_c17p5_a0p40_q2p75_i0p05/temperature/seed=41001/data_th/Temperature.fits.gz	1bd212f2f54dd8c1701a6064e129ba7fdb5721cb3fe296472433bbdd3b79ec1c	reused_accepted_continuum_temperature_screening_only_not_self_consistent_for_changed_dust	inside_h2o_optical_constants	feature_shape_scored	0.04	0.96	x0p04	0.05	full_h2o	18	5f532c12feefd60032a8576dd5a20fe058e316769b506fc6abefe7e2c58eee9c	h2o_selected_x0p04	jwst_mcfost/runs/h2o_3um_abundance_grid_v1/parameters/h2o_x0p04_rt.para	9c4c70e8b4348d36edd1af8b24b37c3ed573b5897459b34c593e173e09e95f0b	selected_h2o_disjoint_dhs_abundance_grid_screening_dust	jwst_mcfost/runs/h2o_3um_abundance_grid_v1/tasks/x0p04/t188_h2o_3um_v3_w004_n03_s52001	2540ed8974df4728df5fbb970ba3942916712effdc95781f1c05c3aa9e564b31
189	full_h2o	52001	logical_target	h2o_3um_v3_w004	h2o_3um_v3_w004		h2o_feature_optical_depth	jwst_mcfost/output/h2o_3um_observation_v3/stellar_center_h2o_target_lsf_nodes_R2400_v3.tsv	bc54da8f9e376921527db29400677e165b6e2f4aed158fd3aaa5162a66b325a7	382c6b19d4c3a9ed9f3722f1f54da9ca0a05a51673cdc9c7e24c7b7523a9d815	2.9489444454747278	19	4	0.011257411327720693	Gaussian_in_log_lambda_constant_resolving_power	2400	2.9504355671524207	NIRSpec	G235H	G235H_run01	lambda_F_lambda_W_m-2	F_nu_Jy=lambda_F_lambda*lambda_um*1e20/c_m_s	F_nu_Jy	jwst_mcfost/runs/h2o_3um_method2_screen_v3/anchors/full_h2o/logical_target/h2o_3um_v3_w004/node04.lambda	5af88554461142068f3abce918fb47afdd0a15470e593cbc2695b2da9c1ba49d	expanded_n2401	1.9975051980918284	2401	2401	3003.7468767198525	1.2510399319949406	2.4822220872915486e-06	stellar_center	0.0	0.0	0.35	1	m2p25_c17p5_a0p40_q2p75_i0p05	2.25	2.75	c17p5	17.5	317.159480236321	100	1.0	7.3011756855e-08	70.0	0.03	0.4	128000	2	1	16	jwst_mcfost/runs/strict_continuum_cavity_mass_q_v1/models/m2p25_c17p5_a0p40_q2p75_i0p05/temperature/seed=41001/data_th/Temperature.fits.gz	1bd212f2f54dd8c1701a6064e129ba7fdb5721cb3fe296472433bbdd3b79ec1c	reused_accepted_continuum_temperature_screening_only_not_self_consistent_for_changed_dust	inside_h2o_optical_constants	feature_shape_scored	0.04	0.96	x0p04	0.05	full_h2o	19	e50c26899649147a024e69e834a834ec3f08ffeb408cd0dcb7a755468eabf548	h2o_selected_x0p04	jwst_mcfost/runs/h2o_3um_abundance_grid_v1/parameters/h2o_x0p04_rt.para	9c4c70e8b4348d36edd1af8b24b37c3ed573b5897459b34c593e173e09e95f0b	selected_h2o_disjoint_dhs_abundance_grid_screening_dust	jwst_mcfost/runs/h2o_3um_abundance_grid_v1/tasks/x0p04/t189_h2o_3um_v3_w004_n04_s52001	7cc10592facc252108e9d211f690032b0b745b52e9f59abb6b4157983caeeb2d
190	full_h2o	52001	logical_target	h2o_3um_v3_w005	h2o_3um_v3_w005		h2o_feature_optical_depth	jwst_mcfost/output/h2o_3um_observation_v3/stellar_center_h2o_target_lsf_nodes_R2400_v3.tsv	bc54da8f9e376921527db29400677e165b6e2f4aed158fd3aaa5162a66b325a7	17d87708a0dbbdaf4ce7a60872e3962bf34e06acc8751c6fd63cc3903488f607	3.008775542271851	20	0	0.011257411327720693	Gaussian_in_log_lambda_constant_resolving_power	2400	3.007254936133442	NIRSpec	G235H	G235H_run01	lambda_F_lambda_W_m-2	F_nu_Jy=lambda_F_lambda*lambda_um*1e20/c_m_s	F_nu_Jy	jwst_mcfost/runs/h2o_3um_method2_screen_v3/anchors/full_h2o/logical_target/h2o_3um_v3_w005/node00.lambda	000503f9d6e8001dee5a0005bc06f284ea020e6c55f96b71958de7483bf4ffcd	expanded_n2401	1.9975051980918284	2401	2401	3003.7468767198525	1.2510399319949406	2.4822220872915486e-06	stellar_center	0.0	0.0	0.35	1	m2p25_c17p5_a0p40_q2p75_i0p05	2.25	2.75	c17p5	17.5	317.159480236321	100	1.0	7.3011756855e-08	70.0	0.03	0.4	128000	2	1	16	jwst_mcfost/runs/strict_continuum_cavity_mass_q_v1/models/m2p25_c17p5_a0p40_q2p75_i0p05/temperature/seed=41001/data_th/Temperature.fits.gz	1bd212f2f54dd8c1701a6064e129ba7fdb5721cb3fe296472433bbdd3b79ec1c	reused_accepted_continuum_temperature_screening_only_not_self_consistent_for_changed_dust	inside_h2o_optical_constants	feature_shape_scored	0.04	0.96	x0p04	0.05	full_h2o	20	4e0bcd79197b611bc9cd49900584ac26ebff9ce61ce311ce4bdb497e43759fbb	h2o_selected_x0p04	jwst_mcfost/runs/h2o_3um_abundance_grid_v1/parameters/h2o_x0p04_rt.para	9c4c70e8b4348d36edd1af8b24b37c3ed573b5897459b34c593e173e09e95f0b	selected_h2o_disjoint_dhs_abundance_grid_screening_dust	jwst_mcfost/runs/h2o_3um_abundance_grid_v1/tasks/x0p04/t190_h2o_3um_v3_w005_n00_s52001	f7fcd7a6a6f2e92146c9eaf9db564cf7197178b17be307adb7af79636d3b71fe
191	full_h2o	52001	logical_target	h2o_3um_v3_w005	h2o_3um_v3_w005		h2o_feature_optical_depth	jwst_mcfost/output/h2o_3um_observation_v3/stellar_center_h2o_target_lsf_nodes_R2400_v3.tsv	bc54da8f9e376921527db29400677e165b6e2f4aed158fd3aaa5162a66b325a7	4faa08b8dd483a8732e53bc5e796fd61c11f7c621c867cbae09abe7ec81e0105	3.008775542271851	21	1	0.2220759220056126	Gaussian_in_log_lambda_constant_resolving_power	2400	3.0080539220642097	NIRSpec	G235H	G235H_run01	lambda_F_lambda_W_m-2	F_nu_Jy=lambda_F_lambda*lambda_um*1e20/c_m_s	F_nu_Jy	jwst_mcfost/runs/h2o_3um_method2_screen_v3/anchors/full_h2o/logical_target/h2o_3um_v3_w005/node01.lambda	e0b7b1db1e3a1589b1f219cd9b052b18acc51d82c355910e3d3036f5ae1f7cd2	expanded_n2401	1.9975051980918284	2401	2401	3003.7468767198525	1.2510399319949406	2.4822220872915486e-06	stellar_center	0.0	0.0	0.35	1	m2p25_c17p5_a0p40_q2p75_i0p05	2.25	2.75	c17p5	17.5	317.159480236321	100	1.0	7.3011756855e-08	70.0	0.03	0.4	128000	2	1	16	jwst_mcfost/runs/strict_continuum_cavity_mass_q_v1/models/m2p25_c17p5_a0p40_q2p75_i0p05/temperature/seed=41001/data_th/Temperature.fits.gz	1bd212f2f54dd8c1701a6064e129ba7fdb5721cb3fe296472433bbdd3b79ec1c	reused_accepted_continuum_temperature_screening_only_not_self_consistent_for_changed_dust	inside_h2o_optical_constants	feature_shape_scored	0.04	0.96	x0p04	0.05	full_h2o	21	19007ecdadd8581a91f1e267ed50aa4152b060f2f181f165dd93f4f9c4773e58	h2o_selected_x0p04	jwst_mcfost/runs/h2o_3um_abundance_grid_v1/parameters/h2o_x0p04_rt.para	9c4c70e8b4348d36edd1af8b24b37c3ed573b5897459b34c593e173e09e95f0b	selected_h2o_disjoint_dhs_abundance_grid_screening_dust	jwst_mcfost/runs/h2o_3um_abundance_grid_v1/tasks/x0p04/t191_h2o_3um_v3_w005_n01_s52001	f0755384f81793d4511ec2bf4288e5b5219577887e9fc263cb079c95323c2eeb
192	full_h2o	52001	logical_target	h2o_3um_v3_w005	h2o_3um_v3_w005		h2o_feature_optical_depth	jwst_mcfost/output/h2o_3um_observation_v3/stellar_center_h2o_target_lsf_nodes_R2400_v3.tsv	bc54da8f9e376921527db29400677e165b6e2f4aed158fd3aaa5162a66b325a7	114b170f6fa7ce4ffe544239c9e931ada79d77ced3f40e85953ffd2554ffd0ca	3.008775542271851	22	2	0.53333333333333333	Gaussian_in_log_lambda_constant_resolving_power	2400	3.008775542271851	NIRSpec	G235H	G235H_run01	lambda_F_lambda_W_m-2	F_nu_Jy=lambda_F_lambda*lambda_um*1e20/c_m_s	F_nu_Jy	jwst_mcfost/runs/h2o_3um_method2_screen_v3/anchors/full_h2o/logical_target/h2o_3um_v3_w005/node02.lambda	8039ec1f99d3698a67790561a9666309301b94a57a491ea99789ed928f2be83c	expanded_n2401	1.9975051980918284	2401	2401	3003.7468767198525	1.2510399319949406	2.4822220872915486e-06	stellar_center	0.0	0.0	0.35	1	m2p25_c17p5_a0p40_q2p75_i0p05	2.25	2.75	c17p5	17.5	317.159480236321	100	1.0	7.3011756855e-08	70.0	0.03	0.4	128000	2	1	16	jwst_mcfost/runs/strict_continuum_cavity_mass_q_v1/models/m2p25_c17p5_a0p40_q2p75_i0p05/temperature/seed=41001/data_th/Temperature.fits.gz	1bd212f2f54dd8c1701a6064e129ba7fdb5721cb3fe296472433bbdd3b79ec1c	reused_accepted_continuum_temperature_screening_only_not_self_consistent_for_changed_dust	inside_h2o_optical_constants	feature_shape_scored	0.04	0.96	x0p04	0.05	full_h2o	22	995d903e5b1d490759ff36e9b5d8166b6fa59a1beff61f3e065f2661e5431110	h2o_selected_x0p04	jwst_mcfost/runs/h2o_3um_abundance_grid_v1/parameters/h2o_x0p04_rt.para	9c4c70e8b4348d36edd1af8b24b37c3ed573b5897459b34c593e173e09e95f0b	selected_h2o_disjoint_dhs_abundance_grid_screening_dust	jwst_mcfost/runs/h2o_3um_abundance_grid_v1/tasks/x0p04/t192_h2o_3um_v3_w005_n02_s52001	e4e30a8cac9fa471e4853a57e0a04f5e69c1ace907a5eb13ce2fb20d998ea0a5
193	full_h2o	52001	logical_target	h2o_3um_v3_w005	h2o_3um_v3_w005		h2o_feature_optical_depth	jwst_mcfost/output/h2o_3um_observation_v3/stellar_center_h2o_target_lsf_nodes_R2400_v3.tsv	bc54da8f9e376921527db29400677e165b6e2f4aed158fd3aaa5162a66b325a7	7e31f5e47647dd3d80d70e02455d14a9878c5765732d9d789b3524df52914b6f	3.008775542271851	23	3	0.2220759220056126	Gaussian_in_log_lambda_constant_resolving_power	2400	3.0094973355933186	NIRSpec	G235H	G235H_run01	lambda_F_lambda_W_m-2	F_nu_Jy=lambda_F_lambda*lambda_um*1e20/c_m_s	F_nu_Jy	jwst_mcfost/runs/h2o_3um_method2_screen_v3/anchors/full_h2o/logical_target/h2o_3um_v3_w005/node03.lambda	12d4be248bbd36dacd0ab019520ab3b086a10ca66113e4f6404f41c911a20652	expanded_n2401	1.9975051980918284	2401	2401	3003.7468767198525	1.2510399319949406	2.4822220872915486e-06	stellar_center	0.0	0.0	0.35	1	m2p25_c17p5_a0p40_q2p75_i0p05	2.25	2.75	c17p5	17.5	317.159480236321	100	1.0	7.3011756855e-08	70.0	0.03	0.4	128000	2	1	16	jwst_mcfost/runs/strict_continuum_cavity_mass_q_v1/models/m2p25_c17p5_a0p40_q2p75_i0p05/temperature/seed=41001/data_th/Temperature.fits.gz	1bd212f2f54dd8c1701a6064e129ba7fdb5721cb3fe296472433bbdd3b79ec1c	reused_accepted_continuum_temperature_screening_only_not_self_consistent_for_changed_dust	inside_h2o_optical_constants	feature_shape_scored	0.04	0.96	x0p04	0.05	full_h2o	23	33c8860842d42545f68ac1e2e09e09cfaf97fc3170cab694987ed4f9de0f0c81	h2o_selected_x0p04	jwst_mcfost/runs/h2o_3um_abundance_grid_v1/parameters/h2o_x0p04_rt.para	9c4c70e8b4348d36edd1af8b24b37c3ed573b5897459b34c593e173e09e95f0b	selected_h2o_disjoint_dhs_abundance_grid_screening_dust	jwst_mcfost/runs/h2o_3um_abundance_grid_v1/tasks/x0p04/t193_h2o_3um_v3_w005_n03_s52001	1332713feec80152b66a80ed1d5193809c57738d7c6dad06c6841dd106e3745d
194	full_h2o	52001	logical_target	h2o_3um_v3_w005	h2o_3um_v3_w005		h2o_feature_optical_depth	jwst_mcfost/output/h2o_3um_observation_v3/stellar_center_h2o_target_lsf_nodes_R2400_v3.tsv	bc54da8f9e376921527db29400677e165b6e2f4aed158fd3aaa5162a66b325a7	0191e54eba320420adb5acf285d40c366402d3a2b58da4be66948e78d4fbbe40	3.008775542271851	24	4	0.011257411327720693	Gaussian_in_log_lambda_constant_resolving_power	2400	3.0102969172985246	NIRSpec	G235H	G235H_run01	lambda_F_lambda_W_m-2	F_nu_Jy=lambda_F_lambda*lambda_um*1e20/c_m_s	F_nu_Jy	jwst_mcfost/runs/h2o_3um_method2_screen_v3/anchors/full_h2o/logical_target/h2o_3um_v3_w005/node04.lambda	b780db8f022f3e86ab80f7ebc51b336fc6b11c8311461549cfdef7e65a510928	expanded_n2401	1.9975051980918284	2401	2401	3003.7468767198525	1.2510399319949406	2.4822220872915486e-06	stellar_center	0.0	0.0	0.35	1	m2p25_c17p5_a0p40_q2p75_i0p05	2.25	2.75	c17p5	17.5	317.159480236321	100	1.0	7.3011756855e-08	70.0	0.03	0.4	128000	2	1	16	jwst_mcfost/runs/strict_continuum_cavity_mass_q_v1/models/m2p25_c17p5_a0p40_q2p75_i0p05/temperature/seed=41001/data_th/Temperature.fits.gz	1bd212f2f54dd8c1701a6064e129ba7fdb5721cb3fe296472433bbdd3b79ec1c	reused_accepted_continuum_temperature_screening_only_not_self_consistent_for_changed_dust	inside_h2o_optical_constants	feature_shape_scored	0.04	0.96	x0p04	0.05	full_h2o	24	a6defcf390a804244edc91c7608371eaa32fe5db8143fa8f566912ce2d0ca5a4	h2o_selected_x0p04	jwst_mcfost/runs/h2o_3um_abundance_grid_v1/parameters/h2o_x0p04_rt.para	9c4c70e8b4348d36edd1af8b24b37c3ed573b5897459b34c593e173e09e95f0b	selected_h2o_disjoint_dhs_abundance_grid_screening_dust	jwst_mcfost/runs/h2o_3um_abundance_grid_v1/tasks/x0p04/t194_h2o_3um_v3_w005_n04_s52001	f72d1e2d938b732e529d2134a353c3f71defe43b0e5dba879be036386e30e095
195	full_h2o	52001	logical_target	h2o_3um_v3_w006	h2o_3um_v3_w006		h2o_feature_optical_depth	jwst_mcfost/output/h2o_3um_observation_v3/stellar_center_h2o_target_lsf_nodes_R2400_v3.tsv	bc54da8f9e376921527db29400677e165b6e2f4aed158fd3aaa5162a66b325a7	004a066982db005ca3a789c1e17279ca8be14991ce71a05934aff7de29e1becd	3.0764795490679795	25	0	0.011257411327720693	Gaussian_in_log_lambda_constant_resolving_power	2400	3.0749247259775636	NIRSpec	G395H	G395H_run00	lambda_F_lambda_W_m-2	F_nu_Jy=lambda_F_lambda*lambda_um*1e20/c_m_s	F_nu_Jy	jwst_mcfost/runs/h2o_3um_method2_screen_v3/anchors/full_h2o/logical_target/h2o_3um_v3_w006/node00.lambda	540aaf71ff5aa769254fdac60769cd5207d108bf03ac4bda30c107ea674e2694	expanded_n2401	1.9975051980918284	2401	2401	3003.7468767198525	1.2510399319949406	2.4822220872915486e-06	stellar_center	0.0	0.0	0.35	1	m2p25_c17p5_a0p40_q2p75_i0p05	2.25	2.75	c17p5	17.5	317.159480236321	100	1.0	7.3011756855e-08	70.0	0.03	0.4	128000	2	1	16	jwst_mcfost/runs/strict_continuum_cavity_mass_q_v1/models/m2p25_c17p5_a0p40_q2p75_i0p05/temperature/seed=41001/data_th/Temperature.fits.gz	1bd212f2f54dd8c1701a6064e129ba7fdb5721cb3fe296472433bbdd3b79ec1c	reused_accepted_continuum_temperature_screening_only_not_self_consistent_for_changed_dust	inside_h2o_optical_constants	feature_shape_scored	0.04	0.96	x0p04	0.05	full_h2o	25	1284ecf98782ab470febf6d855dcf362ed2e2896cd7df85a1f132d15fcddccd3	h2o_selected_x0p04	jwst_mcfost/runs/h2o_3um_abundance_grid_v1/parameters/h2o_x0p04_rt.para	9c4c70e8b4348d36edd1af8b24b37c3ed573b5897459b34c593e173e09e95f0b	selected_h2o_disjoint_dhs_abundance_grid_screening_dust	jwst_mcfost/runs/h2o_3um_abundance_grid_v1/tasks/x0p04/t195_h2o_3um_v3_w006_n00_s52001	b5230d61e9a43538369521b7b9100566a33a0f41bd4f7932136a7628f83da000
196	full_h2o	52001	logical_target	h2o_3um_v3_w006	h2o_3um_v3_w006		h2o_feature_optical_depth	jwst_mcfost/output/h2o_3um_observation_v3/stellar_center_h2o_target_lsf_nodes_R2400_v3.tsv	bc54da8f9e376921527db29400677e165b6e2f4aed158fd3aaa5162a66b325a7	a4793ff3fcd8d8e3fd0ada1e94a62ad97a68a0951dc172fdb6f9b1fdd1848872	3.0764795490679795	26	1	0.2220759220056126	Gaussian_in_log_lambda_constant_resolving_power	2400	3.0757416908330226	NIRSpec	G395H	G395H_run00	lambda_F_lambda_W_m-2	F_nu_Jy=lambda_F_lambda*lambda_um*1e20/c_m_s	F_nu_Jy	jwst_mcfost/runs/h2o_3um_method2_screen_v3/anchors/full_h2o/logical_target/h2o_3um_v3_w006/node01.lambda	a9ad385155cf7108cfe2826e50f4a79066a845fc381755296a3acbb5982b4e2b	expanded_n2401	1.9975051980918284	2401	2401	3003.7468767198525	1.2510399319949406	2.4822220872915486e-06	stellar_center	0.0	0.0	0.35	1	m2p25_c17p5_a0p40_q2p75_i0p05	2.25	2.75	c17p5	17.5	317.159480236321	100	1.0	7.3011756855e-08	70.0	0.03	0.4	128000	2	1	16	jwst_mcfost/runs/strict_continuum_cavity_mass_q_v1/models/m2p25_c17p5_a0p40_q2p75_i0p05/temperature/seed=41001/data_th/Temperature.fits.gz	1bd212f2f54dd8c1701a6064e129ba7fdb5721cb3fe296472433bbdd3b79ec1c	reused_accepted_continuum_temperature_screening_only_not_self_consistent_for_changed_dust	inside_h2o_optical_constants	feature_shape_scored	0.04	0.96	x0p04	0.05	full_h2o	26	62d1e447a8c1629d2d735d15839a342dfcb35fb4565a8acc47460a6b800c0598	h2o_selected_x0p04	jwst_mcfost/runs/h2o_3um_abundance_grid_v1/parameters/h2o_x0p04_rt.para	9c4c70e8b4348d36edd1af8b24b37c3ed573b5897459b34c593e173e09e95f0b	selected_h2o_disjoint_dhs_abundance_grid_screening_dust	jwst_mcfost/runs/h2o_3um_abundance_grid_v1/tasks/x0p04/t196_h2o_3um_v3_w006_n01_s52001	e618f5638019da29b743279b966b11c4ece6a8b683f14708edcc8b516aed859d
197	full_h2o	52001	logical_target	h2o_3um_v3_w006	h2o_3um_v3_w006		h2o_feature_optical_depth	jwst_mcfost/output/h2o_3um_observation_v3/stellar_center_h2o_target_lsf_nodes_R2400_v3.tsv	bc54da8f9e376921527db29400677e165b6e2f4aed158fd3aaa5162a66b325a7	2cc093809e70c4e77232f365a7f4d89ee53d9c5dd9799984dc81bed364faca58	3.0764795490679795	27	2	0.53333333333333333	Gaussian_in_log_lambda_constant_resolving_power	2400	3.0764795490679795	NIRSpec	G395H	G395H_run00	lambda_F_lambda_W_m-2	F_nu_Jy=lambda_F_lambda*lambda_um*1e20/c_m_s	F_nu_Jy	jwst_mcfost/runs/h2o_3um_method2_screen_v3/anchors/full_h2o/logical_target/h2o_3um_v3_w006/node02.lambda	ccda11e0440c3d2374e801ae505d1627e1529bc086bd9713d80ef5869fa4f24e	expanded_n2401	1.9975051980918284	2401	2401	3003.7468767198525	1.2510399319949406	2.4822220872915486e-06	stellar_center	0.0	0.0	0.35	1	m2p25_c17p5_a0p40_q2p75_i0p05	2.25	2.75	c17p5	17.5	317.159480236321	100	1.0	7.3011756855e-08	70.0	0.03	0.4	128000	2	1	16	jwst_mcfost/runs/strict_continuum_cavity_mass_q_v1/models/m2p25_c17p5_a0p40_q2p75_i0p05/temperature/seed=41001/data_th/Temperature.fits.gz	1bd212f2f54dd8c1701a6064e129ba7fdb5721cb3fe296472433bbdd3b79ec1c	reused_accepted_continuum_temperature_screening_only_not_self_consistent_for_changed_dust	inside_h2o_optical_constants	feature_shape_scored	0.04	0.96	x0p04	0.05	full_h2o	27	8f7a1d0fd8a3a1aa74607c4dc85cc2c0bac0870db1a5433075b83362464030ac	h2o_selected_x0p04	jwst_mcfost/runs/h2o_3um_abundance_grid_v1/parameters/h2o_x0p04_rt.para	9c4c70e8b4348d36edd1af8b24b37c3ed573b5897459b34c593e173e09e95f0b	selected_h2o_disjoint_dhs_abundance_grid_screening_dust	jwst_mcfost/runs/h2o_3um_abundance_grid_v1/tasks/x0p04/t197_h2o_3um_v3_w006_n02_s52001	b0d67f11f71540d74a1fa4916667c3f579d3b959f637c472512ebad850564e1f
198	full_h2o	52001	logical_target	h2o_3um_v3_w006	h2o_3um_v3_w006		h2o_feature_optical_depth	jwst_mcfost/output/h2o_3um_observation_v3/stellar_center_h2o_target_lsf_nodes_R2400_v3.tsv	bc54da8f9e376921527db29400677e165b6e2f4aed158fd3aaa5162a66b325a7	e459a139569d4ee8cb624870710d06b116b3c2e96cd7acd7ccb2bfc8524774aa	3.0764795490679795	28	3	0.2220759220056126	Gaussian_in_log_lambda_constant_resolving_power	2400	3.0772175843122009	NIRSpec	G395H	G395H_run00	lambda_F_lambda_W_m-2	F_nu_Jy=lambda_F_lambda*lambda_um*1e20/c_m_s	F_nu_Jy	jwst_mcfost/runs/h2o_3um_method2_screen_v3/anchors/full_h2o/logical_target/h2o_3um_v3_w006/node03.lambda	046a3feec39160659a011b17fa1ff833439b5ae55f1474bc49cc04a7e03b9ab5	expanded_n2401	1.9975051980918284	2401	2401	3003.7468767198525	1.2510399319949406	2.4822220872915486e-06	stellar_center	0.0	0.0	0.35	1	m2p25_c17p5_a0p40_q2p75_i0p05	2.25	2.75	c17p5	17.5	317.159480236321	100	1.0	7.3011756855e-08	70.0	0.03	0.4	128000	2	1	16	jwst_mcfost/runs/strict_continuum_cavity_mass_q_v1/models/m2p25_c17p5_a0p40_q2p75_i0p05/temperature/seed=41001/data_th/Temperature.fits.gz	1bd212f2f54dd8c1701a6064e129ba7fdb5721cb3fe296472433bbdd3b79ec1c	reused_accepted_continuum_temperature_screening_only_not_self_consistent_for_changed_dust	inside_h2o_optical_constants	feature_shape_scored	0.04	0.96	x0p04	0.05	full_h2o	28	333cd20633b11c94d32af69023f65777c3ba8f5db54aa4869629a2d62cded690	h2o_selected_x0p04	jwst_mcfost/runs/h2o_3um_abundance_grid_v1/parameters/h2o_x0p04_rt.para	9c4c70e8b4348d36edd1af8b24b37c3ed573b5897459b34c593e173e09e95f0b	selected_h2o_disjoint_dhs_abundance_grid_screening_dust	jwst_mcfost/runs/h2o_3um_abundance_grid_v1/tasks/x0p04/t198_h2o_3um_v3_w006_n03_s52001	e131af10f54d3e769fcf1f28768445b845376f7862a65741e2b58f8e48222449
199	full_h2o	52001	logical_target	h2o_3um_v3_w006	h2o_3um_v3_w006		h2o_feature_optical_depth	jwst_mcfost/output/h2o_3um_observation_v3/stellar_center_h2o_target_lsf_nodes_R2400_v3.tsv	bc54da8f9e376921527db29400677e165b6e2f4aed158fd3aaa5162a66b325a7	67272680c0f1525635170018329acacc6fc62d5d179ab1b314a2213fa5732201	3.0764795490679795	29	4	0.011257411327720693	Gaussian_in_log_lambda_constant_resolving_power	2400	3.0780351583483214	NIRSpec	G395H	G395H_run00	lambda_F_lambda_W_m-2	F_nu_Jy=lambda_F_lambda*lambda_um*1e20/c_m_s	F_nu_Jy	jwst_mcfost/runs/h2o_3um_method2_screen_v3/anchors/full_h2o/logical_target/h2o_3um_v3_w006/node04.lambda	aca6087756645b6fb996c8799536f2e3d3c1900b5324313521836f7b13d8061e	expanded_n2401	1.9975051980918284	2401	2401	3003.7468767198525	1.2510399319949406	2.4822220872915486e-06	stellar_center	0.0	0.0	0.35	1	m2p25_c17p5_a0p40_q2p75_i0p05	2.25	2.75	c17p5	17.5	317.159480236321	100	1.0	7.3011756855e-08	70.0	0.03	0.4	128000	2	1	16	jwst_mcfost/runs/strict_continuum_cavity_mass_q_v1/models/m2p25_c17p5_a0p40_q2p75_i0p05/temperature/seed=41001/data_th/Temperature.fits.gz	1bd212f2f54dd8c1701a6064e129ba7fdb5721cb3fe296472433bbdd3b79ec1c	reused_accepted_continuum_temperature_screening_only_not_self_consistent_for_changed_dust	inside_h2o_optical_constants	feature_shape_scored	0.04	0.96	x0p04	0.05	full_h2o	29	dde022d19dd94a4f9ca25055fe308d672de4a217b6fde812534acd0fefe622ce	h2o_selected_x0p04	jwst_mcfost/runs/h2o_3um_abundance_grid_v1/parameters/h2o_x0p04_rt.para	9c4c70e8b4348d36edd1af8b24b37c3ed573b5897459b34c593e173e09e95f0b	selected_h2o_disjoint_dhs_abundance_grid_screening_dust	jwst_mcfost/runs/h2o_3um_abundance_grid_v1/tasks/x0p04/t199_h2o_3um_v3_w006_n04_s52001	3eb71e4ab57aa55a67e99f28deff6c697e4b5ae7d004948f2cf3226024710de7
200	full_h2o	52001	logical_target	h2o_3um_v3_w007	h2o_3um_v3_w007		h2o_feature_optical_depth	jwst_mcfost/output/h2o_3um_observation_v3/stellar_center_h2o_target_lsf_nodes_R2400_v3.tsv	bc54da8f9e376921527db29400677e165b6e2f4aed158fd3aaa5162a66b325a7	3f7589c8f801fca885b3d7a28b088a9ce857edd8cb73a6bf860c3234676a4a0a	3.1192136084987556	30	0	0.011257411327720693	Gaussian_in_log_lambda_constant_resolving_power	2400	3.1176371880268876	NIRSpec	G395H	G395H_run00	lambda_F_lambda_W_m-2	F_nu_Jy=lambda_F_lambda*lambda_um*1e20/c_m_s	F_nu_Jy	jwst_mcfost/runs/h2o_3um_method2_screen_v3/anchors/full_h2o/logical_target/h2o_3um_v3_w007/node00.lambda	9c6ca9c5976d5f008675ddff138ed8e3fcbd17bfe8a2f5e7f2049a69220cc79c	expanded_n2401	1.9975051980918284	2401	2401	3003.7468767198525	1.2510399319949406	2.4822220872915486e-06	stellar_center	0.0	0.0	0.35	1	m2p25_c17p5_a0p40_q2p75_i0p05	2.25	2.75	c17p5	17.5	317.159480236321	100	1.0	7.3011756855e-08	70.0	0.03	0.4	128000	2	1	16	jwst_mcfost/runs/strict_continuum_cavity_mass_q_v1/models/m2p25_c17p5_a0p40_q2p75_i0p05/temperature/seed=41001/data_th/Temperature.fits.gz	1bd212f2f54dd8c1701a6064e129ba7fdb5721cb3fe296472433bbdd3b79ec1c	reused_accepted_continuum_temperature_screening_only_not_self_consistent_for_changed_dust	inside_h2o_optical_constants	feature_shape_scored	0.04	0.96	x0p04	0.05	full_h2o	30	791cf294329ebcae6082e880cc23667d9a397c6b870391ca01686499688232bd	h2o_selected_x0p04	jwst_mcfost/runs/h2o_3um_abundance_grid_v1/parameters/h2o_x0p04_rt.para	9c4c70e8b4348d36edd1af8b24b37c3ed573b5897459b34c593e173e09e95f0b	selected_h2o_disjoint_dhs_abundance_grid_screening_dust	jwst_mcfost/runs/h2o_3um_abundance_grid_v1/tasks/x0p04/t200_h2o_3um_v3_w007_n00_s52001	346580e3de4a3c5a43881d383d68471c5e9d16df1f826ce70dafef79cae70afd
201	full_h2o	52001	logical_target	h2o_3um_v3_w007	h2o_3um_v3_w007		h2o_feature_optical_depth	jwst_mcfost/output/h2o_3um_observation_v3/stellar_center_h2o_target_lsf_nodes_R2400_v3.tsv	bc54da8f9e376921527db29400677e165b6e2f4aed158fd3aaa5162a66b325a7	5241b454361065215253183ef40bf44ed0d6551df8da0cebb075d9ae451f9011	3.1192136084987556	31	1	0.2220759220056126	Gaussian_in_log_lambda_constant_resolving_power	2400	3.1184655009911606	NIRSpec	G395H	G395H_run00	lambda_F_lambda_W_m-2	F_nu_Jy=lambda_F_lambda*lambda_um*1e20/c_m_s	F_nu_Jy	jwst_mcfost/runs/h2o_3um_method2_screen_v3/anchors/full_h2o/logical_target/h2o_3um_v3_w007/node01.lambda	cdf74bfb064b55c30dc9ea67b007a8224cb2c137dcfcb03d55b8deb4e7c8f2ba	expanded_n2401	1.9975051980918284	2401	2401	3003.7468767198525	1.2510399319949406	2.4822220872915486e-06	stellar_center	0.0	0.0	0.35	1	m2p25_c17p5_a0p40_q2p75_i0p05	2.25	2.75	c17p5	17.5	317.159480236321	100	1.0	7.3011756855e-08	70.0	0.03	0.4	128000	2	1	16	jwst_mcfost/runs/strict_continuum_cavity_mass_q_v1/models/m2p25_c17p5_a0p40_q2p75_i0p05/temperature/seed=41001/data_th/Temperature.fits.gz	1bd212f2f54dd8c1701a6064e129ba7fdb5721cb3fe296472433bbdd3b79ec1c	reused_accepted_continuum_temperature_screening_only_not_self_consistent_for_changed_dust	inside_h2o_optical_constants	feature_shape_scored	0.04	0.96	x0p04	0.05	full_h2o	31	cee8ee9e9783ede674a3152cc2c28f48da9c7808c888c42c828f759ef1466533	h2o_selected_x0p04	jwst_mcfost/runs/h2o_3um_abundance_grid_v1/parameters/h2o_x0p04_rt.para	9c4c70e8b4348d36edd1af8b24b37c3ed573b5897459b34c593e173e09e95f0b	selected_h2o_disjoint_dhs_abundance_grid_screening_dust	jwst_mcfost/runs/h2o_3um_abundance_grid_v1/tasks/x0p04/t201_h2o_3um_v3_w007_n01_s52001	6f1ec1aa0eef4d93056ab2fcda6f7c6c7f31580cb874a39b27f8b6514cc58264
202	full_h2o	52001	logical_target	h2o_3um_v3_w007	h2o_3um_v3_w007		h2o_feature_optical_depth	jwst_mcfost/output/h2o_3um_observation_v3/stellar_center_h2o_target_lsf_nodes_R2400_v3.tsv	bc54da8f9e376921527db29400677e165b6e2f4aed158fd3aaa5162a66b325a7	4fd107063f149800aa7c668dfe12dc16f4dd2bd990b23b977c6aff525573c326	3.1192136084987556	32	2	0.53333333333333333	Gaussian_in_log_lambda_constant_resolving_power	2400	3.1192136084987556	NIRSpec	G395H	G395H_run00	lambda_F_lambda_W_m-2	F_nu_Jy=lambda_F_lambda*lambda_um*1e20/c_m_s	F_nu_Jy	jwst_mcfost/runs/h2o_3um_method2_screen_v3/anchors/full_h2o/logical_target/h2o_3um_v3_w007/node02.lambda	2f0cc4061a98a8defbc37c26cbf096cc171d1d3c01c4865a971c12eb960ddc3b	expanded_n2401	1.9975051980918284	2401	2401	3003.7468767198525	1.2510399319949406	2.4822220872915486e-06	stellar_center	0.0	0.0	0.35	1	m2p25_c17p5_a0p40_q2p75_i0p05	2.25	2.75	c17p5	17.5	317.159480236321	100	1.0	7.3011756855e-08	70.0	0.03	0.4	128000	2	1	16	jwst_mcfost/runs/strict_continuum_cavity_mass_q_v1/models/m2p25_c17p5_a0p40_q2p75_i0p05/temperature/seed=41001/data_th/Temperature.fits.gz	1bd212f2f54dd8c1701a6064e129ba7fdb5721cb3fe296472433bbdd3b79ec1c	reused_accepted_continuum_temperature_screening_only_not_self_consistent_for_changed_dust	inside_h2o_optical_constants	feature_shape_scored	0.04	0.96	x0p04	0.05	full_h2o	32	6a9782b190ff558b9057b77e9d62ad973b7dd0d78b859db475e43dc1d9f470f2	h2o_selected_x0p04	jwst_mcfost/runs/h2o_3um_abundance_grid_v1/parameters/h2o_x0p04_rt.para	9c4c70e8b4348d36edd1af8b24b37c3ed573b5897459b34c593e173e09e95f0b	selected_h2o_disjoint_dhs_abundance_grid_screening_dust	jwst_mcfost/runs/h2o_3um_abundance_grid_v1/tasks/x0p04/t202_h2o_3um_v3_w007_n02_s52001	b401d71513f89c5e6d04342f22b4b9c3c069aaf61e9385d3cf39695bd17db352
203	full_h2o	52001	logical_target	h2o_3um_v3_w007	h2o_3um_v3_w007		h2o_feature_optical_depth	jwst_mcfost/output/h2o_3um_observation_v3/stellar_center_h2o_target_lsf_nodes_R2400_v3.tsv	bc54da8f9e376921527db29400677e165b6e2f4aed158fd3aaa5162a66b325a7	d46f8f7d7897957539e2922a5c66b8830eb9f288d3881e488c138b2b0f63fb75	3.1192136084987556	33	3	0.2220759220056126	Gaussian_in_log_lambda_constant_resolving_power	2400	3.1199618954743751	NIRSpec	G395H	G395H_run00	lambda_F_lambda_W_m-2	F_nu_Jy=lambda_F_lambda*lambda_um*1e20/c_m_s	F_nu_Jy	jwst_mcfost/runs/h2o_3um_method2_screen_v3/anchors/full_h2o/logical_target/h2o_3um_v3_w007/node03.lambda	bd836312f2f7a103d17822dd83cb21ee33ef61bc170b39accbd7180ea4a65c68	expanded_n2401	1.9975051980918284	2401	2401	3003.7468767198525	1.2510399319949406	2.4822220872915486e-06	stellar_center	0.0	0.0	0.35	1	m2p25_c17p5_a0p40_q2p75_i0p05	2.25	2.75	c17p5	17.5	317.159480236321	100	1.0	7.3011756855e-08	70.0	0.03	0.4	128000	2	1	16	jwst_mcfost/runs/strict_continuum_cavity_mass_q_v1/models/m2p25_c17p5_a0p40_q2p75_i0p05/temperature/seed=41001/data_th/Temperature.fits.gz	1bd212f2f54dd8c1701a6064e129ba7fdb5721cb3fe296472433bbdd3b79ec1c	reused_accepted_continuum_temperature_screening_only_not_self_consistent_for_changed_dust	inside_h2o_optical_constants	feature_shape_scored	0.04	0.96	x0p04	0.05	full_h2o	33	11747d4b889a6c222ef1889447fbdada7a74f6e8f0d9d5734fb076d0f50a4c7c	h2o_selected_x0p04	jwst_mcfost/runs/h2o_3um_abundance_grid_v1/parameters/h2o_x0p04_rt.para	9c4c70e8b4348d36edd1af8b24b37c3ed573b5897459b34c593e173e09e95f0b	selected_h2o_disjoint_dhs_abundance_grid_screening_dust	jwst_mcfost/runs/h2o_3um_abundance_grid_v1/tasks/x0p04/t203_h2o_3um_v3_w007_n03_s52001	f509efb4e07368f78e8cf464bf55fd8a01573ad332a4746f38a290c8144a45bc
204	full_h2o	52001	logical_target	h2o_3um_v3_w007	h2o_3um_v3_w007		h2o_feature_optical_depth	jwst_mcfost/output/h2o_3um_observation_v3/stellar_center_h2o_target_lsf_nodes_R2400_v3.tsv	bc54da8f9e376921527db29400677e165b6e2f4aed158fd3aaa5162a66b325a7	d80c5d6aeb2f039b22917ec8c73f57f705998525a96ecde05ff410a39d971b90	3.1192136084987556	34	4	0.011257411327720693	Gaussian_in_log_lambda_constant_resolving_power	2400	3.1207908260811772	NIRSpec	G395H	G395H_run00	lambda_F_lambda_W_m-2	F_nu_Jy=lambda_F_lambda*lambda_um*1e20/c_m_s	F_nu_Jy	jwst_mcfost/runs/h2o_3um_method2_screen_v3/anchors/full_h2o/logical_target/h2o_3um_v3_w007/node04.lambda	277d2a0f864a1b5280fe67df42c47a1cde5b6f114917a18dbf630a01a3a18cbc	expanded_n2401	1.9975051980918284	2401	2401	3003.7468767198525	1.2510399319949406	2.4822220872915486e-06	stellar_center	0.0	0.0	0.35	1	m2p25_c17p5_a0p40_q2p75_i0p05	2.25	2.75	c17p5	17.5	317.159480236321	100	1.0	7.3011756855e-08	70.0	0.03	0.4	128000	2	1	16	jwst_mcfost/runs/strict_continuum_cavity_mass_q_v1/models/m2p25_c17p5_a0p40_q2p75_i0p05/temperature/seed=41001/data_th/Temperature.fits.gz	1bd212f2f54dd8c1701a6064e129ba7fdb5721cb3fe296472433bbdd3b79ec1c	reused_accepted_continuum_temperature_screening_only_not_self_consistent_for_changed_dust	inside_h2o_optical_constants	feature_shape_scored	0.04	0.96	x0p04	0.05	full_h2o	34	ad678e931d2e1b96d0e3b64478884713b13d49320c84047fbb90c1a6e01d6a3a	h2o_selected_x0p04	jwst_mcfost/runs/h2o_3um_abundance_grid_v1/parameters/h2o_x0p04_rt.para	9c4c70e8b4348d36edd1af8b24b37c3ed573b5897459b34c593e173e09e95f0b	selected_h2o_disjoint_dhs_abundance_grid_screening_dust	jwst_mcfost/runs/h2o_3um_abundance_grid_v1/tasks/x0p04/t204_h2o_3um_v3_w007_n04_s52001	4697fb67f8c64925b5504d4bf4daf58b717e8228d76ba739b1e024f09ba863fe
205	full_h2o	52001	logical_target	h2o_3um_v3_w008	h2o_3um_v3_w008		h2o_feature_optical_depth	jwst_mcfost/output/h2o_3um_observation_v3/stellar_center_h2o_target_lsf_nodes_R2400_v3.tsv	bc54da8f9e376921527db29400677e165b6e2f4aed158fd3aaa5162a66b325a7	73361524e31f88369781915b661095d61e2d763650d07928435085146cda9523	3.1583025782429441	35	0	0.011257411327720693	Gaussian_in_log_lambda_constant_resolving_power	2400	3.156706402582794	NIRSpec	G395H	G395H_run00	lambda_F_lambda_W_m-2	F_nu_Jy=lambda_F_lambda*lambda_um*1e20/c_m_s	F_nu_Jy	jwst_mcfost/runs/h2o_3um_method2_screen_v3/anchors/full_h2o/logical_target/h2o_3um_v3_w008/node00.lambda	a26aef8bd1a5deae634ac6488bffa33881609b301831f9213508359c4f140e43	expanded_n2401	1.9975051980918284	2401	2401	3003.7468767198525	1.2510399319949406	2.4822220872915486e-06	stellar_center	0.0	0.0	0.35	1	m2p25_c17p5_a0p40_q2p75_i0p05	2.25	2.75	c17p5	17.5	317.159480236321	100	1.0	7.3011756855e-08	70.0	0.03	0.4	128000	2	1	16	jwst_mcfost/runs/strict_continuum_cavity_mass_q_v1/models/m2p25_c17p5_a0p40_q2p75_i0p05/temperature/seed=41001/data_th/Temperature.fits.gz	1bd212f2f54dd8c1701a6064e129ba7fdb5721cb3fe296472433bbdd3b79ec1c	reused_accepted_continuum_temperature_screening_only_not_self_consistent_for_changed_dust	inside_h2o_optical_constants	feature_shape_scored	0.04	0.96	x0p04	0.05	full_h2o	35	94a051a0a4fbf6b38be3cffba0c008c2f7797df220cd7f6fb5b3dbe6411e364b	h2o_selected_x0p04	jwst_mcfost/runs/h2o_3um_abundance_grid_v1/parameters/h2o_x0p04_rt.para	9c4c70e8b4348d36edd1af8b24b37c3ed573b5897459b34c593e173e09e95f0b	selected_h2o_disjoint_dhs_abundance_grid_screening_dust	jwst_mcfost/runs/h2o_3um_abundance_grid_v1/tasks/x0p04/t205_h2o_3um_v3_w008_n00_s52001	d73dee587d7f0cbe27e9a9dcfa94888cf0d562d0fe0be968f3a30e8087324226
206	full_h2o	52001	logical_target	h2o_3um_v3_w008	h2o_3um_v3_w008		h2o_feature_optical_depth	jwst_mcfost/output/h2o_3um_observation_v3/stellar_center_h2o_target_lsf_nodes_R2400_v3.tsv	bc54da8f9e376921527db29400677e165b6e2f4aed158fd3aaa5162a66b325a7	630e4a6e135ea1862fac5ff760dcef0ab9303d3dfbd0c223387120b22de833f9	3.1583025782429441	36	1	0.2220759220056126	Gaussian_in_log_lambda_constant_resolving_power	2400	3.1575450956955473	NIRSpec	G395H	G395H_run00	lambda_F_lambda_W_m-2	F_nu_Jy=lambda_F_lambda*lambda_um*1e20/c_m_s	F_nu_Jy	jwst_mcfost/runs/h2o_3um_method2_screen_v3/anchors/full_h2o/logical_target/h2o_3um_v3_w008/node01.lambda	c7bed5ecc044321b32068d2006cbebbd5886bfb7753a360d27221b24981ce09f	expanded_n2401	1.9975051980918284	2401	2401	3003.7468767198525	1.2510399319949406	2.4822220872915486e-06	stellar_center	0.0	0.0	0.35	1	m2p25_c17p5_a0p40_q2p75_i0p05	2.25	2.75	c17p5	17.5	317.159480236321	100	1.0	7.3011756855e-08	70.0	0.03	0.4	128000	2	1	16	jwst_mcfost/runs/strict_continuum_cavity_mass_q_v1/models/m2p25_c17p5_a0p40_q2p75_i0p05/temperature/seed=41001/data_th/Temperature.fits.gz	1bd212f2f54dd8c1701a6064e129ba7fdb5721cb3fe296472433bbdd3b79ec1c	reused_accepted_continuum_temperature_screening_only_not_self_consistent_for_changed_dust	inside_h2o_optical_constants	feature_shape_scored	0.04	0.96	x0p04	0.05	full_h2o	36	f65c101f93dd2ef1fc8485e5792ded3e225844bafc52dd4193a88d2660c5fdbf	h2o_selected_x0p04	jwst_mcfost/runs/h2o_3um_abundance_grid_v1/parameters/h2o_x0p04_rt.para	9c4c70e8b4348d36edd1af8b24b37c3ed573b5897459b34c593e173e09e95f0b	selected_h2o_disjoint_dhs_abundance_grid_screening_dust	jwst_mcfost/runs/h2o_3um_abundance_grid_v1/tasks/x0p04/t206_h2o_3um_v3_w008_n01_s52001	33f00fe1ef256db40b1af06fad77aaf83ab9ad52d9da71ee028b02e194380ad1
207	full_h2o	52001	logical_target	h2o_3um_v3_w008	h2o_3um_v3_w008		h2o_feature_optical_depth	jwst_mcfost/output/h2o_3um_observation_v3/stellar_center_h2o_target_lsf_nodes_R2400_v3.tsv	bc54da8f9e376921527db29400677e165b6e2f4aed158fd3aaa5162a66b325a7	e34ea7b53b5abf55caefee6fe6ccb15d3039a1710d06e636caf204ac7c2d747f	3.1583025782429441	37	2	0.53333333333333333	Gaussian_in_log_lambda_constant_resolving_power	2400	3.1583025782429441	NIRSpec	G395H	G395H_run00	lambda_F_lambda_W_m-2	F_nu_Jy=lambda_F_lambda*lambda_um*1e20/c_m_s	F_nu_Jy	jwst_mcfost/runs/h2o_3um_method2_screen_v3/anchors/full_h2o/logical_target/h2o_3um_v3_w008/node02.lambda	472ec98e3ea99ec7e776bf1c5e9215ef16ff568537014aa9016a415a135a3a5d	expanded_n2401	1.9975051980918284	2401	2401	3003.7468767198525	1.2510399319949406	2.4822220872915486e-06	stellar_center	0.0	0.0	0.35	1	m2p25_c17p5_a0p40_q2p75_i0p05	2.25	2.75	c17p5	17.5	317.159480236321	100	1.0	7.3011756855e-08	70.0	0.03	0.4	128000	2	1	16	jwst_mcfost/runs/strict_continuum_cavity_mass_q_v1/models/m2p25_c17p5_a0p40_q2p75_i0p05/temperature/seed=41001/data_th/Temperature.fits.gz	1bd212f2f54dd8c1701a6064e129ba7fdb5721cb3fe296472433bbdd3b79ec1c	reused_accepted_continuum_temperature_screening_only_not_self_consistent_for_changed_dust	inside_h2o_optical_constants	feature_shape_scored	0.04	0.96	x0p04	0.05	full_h2o	37	445f2766149f2abf4e1cf4711b2eba2aa5b93919d5246935d25e118a92b34f3e	h2o_selected_x0p04	jwst_mcfost/runs/h2o_3um_abundance_grid_v1/parameters/h2o_x0p04_rt.para	9c4c70e8b4348d36edd1af8b24b37c3ed573b5897459b34c593e173e09e95f0b	selected_h2o_disjoint_dhs_abundance_grid_screening_dust	jwst_mcfost/runs/h2o_3um_abundance_grid_v1/tasks/x0p04/t207_h2o_3um_v3_w008_n02_s52001	fb83c9eff1b6f0d48f16056af426a62bb27f6864fc8b6e5a92150e35a219f994
208	full_h2o	52001	logical_target	h2o_3um_v3_w008	h2o_3um_v3_w008		h2o_feature_optical_depth	jwst_mcfost/output/h2o_3um_observation_v3/stellar_center_h2o_target_lsf_nodes_R2400_v3.tsv	bc54da8f9e376921527db29400677e165b6e2f4aed158fd3aaa5162a66b325a7	ec762f0620b58536a43e2be24f7a0d4fb603f454aa3f4f183e455dee764caa74	3.1583025782429441	38	3	0.2220759220056126	Gaussian_in_log_lambda_constant_resolving_power	2400	3.1590602425074001	NIRSpec	G395H	G395H_run00	lambda_F_lambda_W_m-2	F_nu_Jy=lambda_F_lambda*lambda_um*1e20/c_m_s	F_nu_Jy	jwst_mcfost/runs/h2o_3um_method2_screen_v3/anchors/full_h2o/logical_target/h2o_3um_v3_w008/node03.lambda	b8a2b16d6388856a7918c6f317b3c59b4d7e82bc0720188b7878ca527521695b	expanded_n2401	1.9975051980918284	2401	2401	3003.7468767198525	1.2510399319949406	2.4822220872915486e-06	stellar_center	0.0	0.0	0.35	1	m2p25_c17p5_a0p40_q2p75_i0p05	2.25	2.75	c17p5	17.5	317.159480236321	100	1.0	7.3011756855e-08	70.0	0.03	0.4	128000	2	1	16	jwst_mcfost/runs/strict_continuum_cavity_mass_q_v1/models/m2p25_c17p5_a0p40_q2p75_i0p05/temperature/seed=41001/data_th/Temperature.fits.gz	1bd212f2f54dd8c1701a6064e129ba7fdb5721cb3fe296472433bbdd3b79ec1c	reused_accepted_continuum_temperature_screening_only_not_self_consistent_for_changed_dust	inside_h2o_optical_constants	feature_shape_scored	0.04	0.96	x0p04	0.05	full_h2o	38	ad23618e7d68cc892f55e30a9d8814713b99b4be1fc89bea06b32da6dfa20644	h2o_selected_x0p04	jwst_mcfost/runs/h2o_3um_abundance_grid_v1/parameters/h2o_x0p04_rt.para	9c4c70e8b4348d36edd1af8b24b37c3ed573b5897459b34c593e173e09e95f0b	selected_h2o_disjoint_dhs_abundance_grid_screening_dust	jwst_mcfost/runs/h2o_3um_abundance_grid_v1/tasks/x0p04/t208_h2o_3um_v3_w008_n03_s52001	ebb3ffe1972d6761cf9d58a50d9f6834f9b64d73c7241e3743fb21c10c93a0ab
209	full_h2o	52001	logical_target	h2o_3um_v3_w008	h2o_3um_v3_w008		h2o_feature_optical_depth	jwst_mcfost/output/h2o_3um_observation_v3/stellar_center_h2o_target_lsf_nodes_R2400_v3.tsv	bc54da8f9e376921527db29400677e165b6e2f4aed158fd3aaa5162a66b325a7	dd7174a2ed679855b8a80313d958bf88e48222be763650173e12d276db946149	3.1583025782429441	39	4	0.011257411327720693	Gaussian_in_log_lambda_constant_resolving_power	2400	3.1598995610027778	NIRSpec	G395H	G395H_run00	lambda_F_lambda_W_m-2	F_nu_Jy=lambda_F_lambda*lambda_um*1e20/c_m_s	F_nu_Jy	jwst_mcfost/runs/h2o_3um_method2_screen_v3/anchors/full_h2o/logical_target/h2o_3um_v3_w008/node04.lambda	eec10978988fe80b6b7dc2ae6e0e2a53ba338db86e833f2fad2f04b84c0c9d81	expanded_n2401	1.9975051980918284	2401	2401	3003.7468767198525	1.2510399319949406	2.4822220872915486e-06	stellar_center	0.0	0.0	0.35	1	m2p25_c17p5_a0p40_q2p75_i0p05	2.25	2.75	c17p5	17.5	317.159480236321	100	1.0	7.3011756855e-08	70.0	0.03	0.4	128000	2	1	16	jwst_mcfost/runs/strict_continuum_cavity_mass_q_v1/models/m2p25_c17p5_a0p40_q2p75_i0p05/temperature/seed=41001/data_th/Temperature.fits.gz	1bd212f2f54dd8c1701a6064e129ba7fdb5721cb3fe296472433bbdd3b79ec1c	reused_accepted_continuum_temperature_screening_only_not_self_consistent_for_changed_dust	inside_h2o_optical_constants	feature_shape_scored	0.04	0.96	x0p04	0.05	full_h2o	39	d9ece9b458737fda76b89c94508767643dbc6bf4ee8a2f6418a62b7c89a63999	h2o_selected_x0p04	jwst_mcfost/runs/h2o_3um_abundance_grid_v1/parameters/h2o_x0p04_rt.para	9c4c70e8b4348d36edd1af8b24b37c3ed573b5897459b34c593e173e09e95f0b	selected_h2o_disjoint_dhs_abundance_grid_screening_dust	jwst_mcfost/runs/h2o_3um_abundance_grid_v1/tasks/x0p04/t209_h2o_3um_v3_w008_n04_s52001	fb6912bab7f42706f5cd9182e4795c22ad6b8bbadb557596982380578994d87b
210	full_h2o	52001	logical_target	h2o_3um_v3_w009	h2o_3um_v3_w009		h2o_feature_optical_depth	jwst_mcfost/output/h2o_3um_observation_v3/stellar_center_h2o_target_lsf_nodes_R2400_v3.tsv	bc54da8f9e376921527db29400677e165b6e2f4aed158fd3aaa5162a66b325a7	8479b3628d9417fdf46a1e94ec43353eaf4001e22fd1419455f0cd85f99cb274	3.2181646979389318	40	0	0.011257411327720693	Gaussian_in_log_lambda_constant_resolving_power	2400	3.2165382685408774	NIRSpec	G395H	G395H_run00	lambda_F_lambda_W_m-2	F_nu_Jy=lambda_F_lambda*lambda_um*1e20/c_m_s	F_nu_Jy	jwst_mcfost/runs/h2o_3um_method2_screen_v3/anchors/full_h2o/logical_target/h2o_3um_v3_w009/node00.lambda	e41f946e14f22d10a8881ff9a9aec3f8a4d4699bb40b023e00feb52932d7f6a3	expanded_n2401	1.9975051980918284	2401	2401	3003.7468767198525	1.2510399319949406	2.4822220872915486e-06	stellar_center	0.0	0.0	0.35	1	m2p25_c17p5_a0p40_q2p75_i0p05	2.25	2.75	c17p5	17.5	317.159480236321	100	1.0	7.3011756855e-08	70.0	0.03	0.4	128000	2	1	16	jwst_mcfost/runs/strict_continuum_cavity_mass_q_v1/models/m2p25_c17p5_a0p40_q2p75_i0p05/temperature/seed=41001/data_th/Temperature.fits.gz	1bd212f2f54dd8c1701a6064e129ba7fdb5721cb3fe296472433bbdd3b79ec1c	reused_accepted_continuum_temperature_screening_only_not_self_consistent_for_changed_dust	inside_h2o_optical_constants	feature_shape_scored	0.04	0.96	x0p04	0.05	full_h2o	40	9e7c9875f11886f0cc5498340c644e4582a74f61f2e543f83a91bb21e079b32d	h2o_selected_x0p04	jwst_mcfost/runs/h2o_3um_abundance_grid_v1/parameters/h2o_x0p04_rt.para	9c4c70e8b4348d36edd1af8b24b37c3ed573b5897459b34c593e173e09e95f0b	selected_h2o_disjoint_dhs_abundance_grid_screening_dust	jwst_mcfost/runs/h2o_3um_abundance_grid_v1/tasks/x0p04/t210_h2o_3um_v3_w009_n00_s52001	74f63dca5e1eff28daec5832e89eb8cfcf8a25b54d90bccc0014d352e23409fb
211	full_h2o	52001	logical_target	h2o_3um_v3_w009	h2o_3um_v3_w009		h2o_feature_optical_depth	jwst_mcfost/output/h2o_3um_observation_v3/stellar_center_h2o_target_lsf_nodes_R2400_v3.tsv	bc54da8f9e376921527db29400677e165b6e2f4aed158fd3aaa5162a66b325a7	355c4174639a91297982170c3e76c9e57a0839c3838a3eb94836b359e9799e8e	3.2181646979389318	41	1	0.2220759220056126	Gaussian_in_log_lambda_constant_resolving_power	2400	3.2173928581506446	NIRSpec	G395H	G395H_run00	lambda_F_lambda_W_m-2	F_nu_Jy=lambda_F_lambda*lambda_um*1e20/c_m_s	F_nu_Jy	jwst_mcfost/runs/h2o_3um_method2_screen_v3/anchors/full_h2o/logical_target/h2o_3um_v3_w009/node01.lambda	2dc4b8a40177fb304ce53dad5cd7517d70837c255bdc0c552595790f5fa1e8a8	expanded_n2401	1.9975051980918284	2401	2401	3003.7468767198525	1.2510399319949406	2.4822220872915486e-06	stellar_center	0.0	0.0	0.35	1	m2p25_c17p5_a0p40_q2p75_i0p05	2.25	2.75	c17p5	17.5	317.159480236321	100	1.0	7.3011756855e-08	70.0	0.03	0.4	128000	2	1	16	jwst_mcfost/runs/strict_continuum_cavity_mass_q_v1/models/m2p25_c17p5_a0p40_q2p75_i0p05/temperature/seed=41001/data_th/Temperature.fits.gz	1bd212f2f54dd8c1701a6064e129ba7fdb5721cb3fe296472433bbdd3b79ec1c	reused_accepted_continuum_temperature_screening_only_not_self_consistent_for_changed_dust	inside_h2o_optical_constants	feature_shape_scored	0.04	0.96	x0p04	0.05	full_h2o	41	c117d7c7224d8350964cd5681a4af50bf9fa7cb24a02383dece4dc4ba38844b0	h2o_selected_x0p04	jwst_mcfost/runs/h2o_3um_abundance_grid_v1/parameters/h2o_x0p04_rt.para	9c4c70e8b4348d36edd1af8b24b37c3ed573b5897459b34c593e173e09e95f0b	selected_h2o_disjoint_dhs_abundance_grid_screening_dust	jwst_mcfost/runs/h2o_3um_abundance_grid_v1/tasks/x0p04/t211_h2o_3um_v3_w009_n01_s52001	6dc1de8cf5356c6c3fca50f180e36e6e653545ede3c6fe56ffeca9a6828a397e
212	full_h2o	52001	logical_target	h2o_3um_v3_w009	h2o_3um_v3_w009		h2o_feature_optical_depth	jwst_mcfost/output/h2o_3um_observation_v3/stellar_center_h2o_target_lsf_nodes_R2400_v3.tsv	bc54da8f9e376921527db29400677e165b6e2f4aed158fd3aaa5162a66b325a7	1d36308d24a14e68b1b6ff42879e2db215e7ce4e819ae523fb9b8e43e202a2a1	3.2181646979389318	42	2	0.53333333333333333	Gaussian_in_log_lambda_constant_resolving_power	2400	3.2181646979389318	NIRSpec	G395H	G395H_run00	lambda_F_lambda_W_m-2	F_nu_Jy=lambda_F_lambda*lambda_um*1e20/c_m_s	F_nu_Jy	jwst_mcfost/runs/h2o_3um_method2_screen_v3/anchors/full_h2o/logical_target/h2o_3um_v3_w009/node02.lambda	d51a0f04b8f2d4ff4db044a954980259b4dda2b544d5e29683c084b881fdeebd	expanded_n2401	1.9975051980918284	2401	2401	3003.7468767198525	1.2510399319949406	2.4822220872915486e-06	stellar_center	0.0	0.0	0.35	1	m2p25_c17p5_a0p40_q2p75_i0p05	2.25	2.75	c17p5	17.5	317.159480236321	100	1.0	7.3011756855e-08	70.0	0.03	0.4	128000	2	1	16	jwst_mcfost/runs/strict_continuum_cavity_mass_q_v1/models/m2p25_c17p5_a0p40_q2p75_i0p05/temperature/seed=41001/data_th/Temperature.fits.gz	1bd212f2f54dd8c1701a6064e129ba7fdb5721cb3fe296472433bbdd3b79ec1c	reused_accepted_continuum_temperature_screening_only_not_self_consistent_for_changed_dust	inside_h2o_optical_constants	feature_shape_scored	0.04	0.96	x0p04	0.05	full_h2o	42	628e171baff79e43322f7a3c2564c0c31a2bc1a92ef164e19b1b5fbf67f644a2	h2o_selected_x0p04	jwst_mcfost/runs/h2o_3um_abundance_grid_v1/parameters/h2o_x0p04_rt.para	9c4c70e8b4348d36edd1af8b24b37c3ed573b5897459b34c593e173e09e95f0b	selected_h2o_disjoint_dhs_abundance_grid_screening_dust	jwst_mcfost/runs/h2o_3um_abundance_grid_v1/tasks/x0p04/t212_h2o_3um_v3_w009_n02_s52001	26e0ba26b9d7c429839cb3e6ebd4e27ee5fb4036d2f456789e8704ee83dccc5c
213	full_h2o	52001	logical_target	h2o_3um_v3_w009	h2o_3um_v3_w009		h2o_feature_optical_depth	jwst_mcfost/output/h2o_3um_observation_v3/stellar_center_h2o_target_lsf_nodes_R2400_v3.tsv	bc54da8f9e376921527db29400677e165b6e2f4aed158fd3aaa5162a66b325a7	65bc288e591708e5bd3d4895856f85871facfdb807a7e4e90170726022a83961	3.2181646979389318	43	3	0.2220759220056126	Gaussian_in_log_lambda_constant_resolving_power	2400	3.2189367228885231	NIRSpec	G395H	G395H_run00	lambda_F_lambda_W_m-2	F_nu_Jy=lambda_F_lambda*lambda_um*1e20/c_m_s	F_nu_Jy	jwst_mcfost/runs/h2o_3um_method2_screen_v3/anchors/full_h2o/logical_target/h2o_3um_v3_w009/node03.lambda	18be5eb524d3d5370c50dc2e1de1cb0de77cf870e2a15b2f718dd1efa4f2011d	expanded_n2401	1.9975051980918284	2401	2401	3003.7468767198525	1.2510399319949406	2.4822220872915486e-06	stellar_center	0.0	0.0	0.35	1	m2p25_c17p5_a0p40_q2p75_i0p05	2.25	2.75	c17p5	17.5	317.159480236321	100	1.0	7.3011756855e-08	70.0	0.03	0.4	128000	2	1	16	jwst_mcfost/runs/strict_continuum_cavity_mass_q_v1/models/m2p25_c17p5_a0p40_q2p75_i0p05/temperature/seed=41001/data_th/Temperature.fits.gz	1bd212f2f54dd8c1701a6064e129ba7fdb5721cb3fe296472433bbdd3b79ec1c	reused_accepted_continuum_temperature_screening_only_not_self_consistent_for_changed_dust	inside_h2o_optical_constants	feature_shape_scored	0.04	0.96	x0p04	0.05	full_h2o	43	fd9fb5e99c8437ce2987fe94f2819c59add991a675c7027edb03dc6c310a2ee2	h2o_selected_x0p04	jwst_mcfost/runs/h2o_3um_abundance_grid_v1/parameters/h2o_x0p04_rt.para	9c4c70e8b4348d36edd1af8b24b37c3ed573b5897459b34c593e173e09e95f0b	selected_h2o_disjoint_dhs_abundance_grid_screening_dust	jwst_mcfost/runs/h2o_3um_abundance_grid_v1/tasks/x0p04/t213_h2o_3um_v3_w009_n03_s52001	847f78d254ba546398f1105cd16cf86f20bd8ec8bf8a21816c50a8e7ee3b543a
214	full_h2o	52001	logical_target	h2o_3um_v3_w009	h2o_3um_v3_w009		h2o_feature_optical_depth	jwst_mcfost/output/h2o_3um_observation_v3/stellar_center_h2o_target_lsf_nodes_R2400_v3.tsv	bc54da8f9e376921527db29400677e165b6e2f4aed158fd3aaa5162a66b325a7	829de0f4ca8071bc3809d2d0a498a9b111a1be57db5ba5553fb10499e1249174	3.2181646979389318	44	4	0.011257411327720693	Gaussian_in_log_lambda_constant_resolving_power	2400	3.2197919497343483	NIRSpec	G395H	G395H_run00	lambda_F_lambda_W_m-2	F_nu_Jy=lambda_F_lambda*lambda_um*1e20/c_m_s	F_nu_Jy	jwst_mcfost/runs/h2o_3um_method2_screen_v3/anchors/full_h2o/logical_target/h2o_3um_v3_w009/node04.lambda	9fed9201c6445aa51cf58a3af97ef00c5933459669ce387a3432548a86cb0ef4	expanded_n2401	1.9975051980918284	2401	2401	3003.7468767198525	1.2510399319949406	2.4822220872915486e-06	stellar_center	0.0	0.0	0.35	1	m2p25_c17p5_a0p40_q2p75_i0p05	2.25	2.75	c17p5	17.5	317.159480236321	100	1.0	7.3011756855e-08	70.0	0.03	0.4	128000	2	1	16	jwst_mcfost/runs/strict_continuum_cavity_mass_q_v1/models/m2p25_c17p5_a0p40_q2p75_i0p05/temperature/seed=41001/data_th/Temperature.fits.gz	1bd212f2f54dd8c1701a6064e129ba7fdb5721cb3fe296472433bbdd3b79ec1c	reused_accepted_continuum_temperature_screening_only_not_self_consistent_for_changed_dust	inside_h2o_optical_constants	feature_shape_scored	0.04	0.96	x0p04	0.05	full_h2o	44	4fa9ed03c994bee695dc7a728f51091c62943ed49aad7554fae976b909dd9a94	h2o_selected_x0p04	jwst_mcfost/runs/h2o_3um_abundance_grid_v1/parameters/h2o_x0p04_rt.para	9c4c70e8b4348d36edd1af8b24b37c3ed573b5897459b34c593e173e09e95f0b	selected_h2o_disjoint_dhs_abundance_grid_screening_dust	jwst_mcfost/runs/h2o_3um_abundance_grid_v1/tasks/x0p04/t214_h2o_3um_v3_w009_n04_s52001	3f7b73572392f1943f41b79cabb3ba62f6af8532ba095e07451c3ea59299d58e
215	full_h2o	52001	logical_target	h2o_3um_v3_w010	h2o_3um_v3_w010		h2o_feature_optical_depth	jwst_mcfost/output/h2o_3um_observation_v3/stellar_center_h2o_target_lsf_nodes_R2400_v3.tsv	bc54da8f9e376921527db29400677e165b6e2f4aed158fd3aaa5162a66b325a7	e4e3e7b745bb2cc66c48bf5848ccaf477eb92ed36fe9394da7e897874a3b75cd	3.2961688801068254	45	0	0.011257411327720693	Gaussian_in_log_lambda_constant_resolving_power	2400	3.2945030281474801	NIRSpec	G395H	G395H_run00	lambda_F_lambda_W_m-2	F_nu_Jy=lambda_F_lambda*lambda_um*1e20/c_m_s	F_nu_Jy	jwst_mcfost/runs/h2o_3um_method2_screen_v3/anchors/full_h2o/logical_target/h2o_3um_v3_w010/node00.lambda	e2ddbd618c2c3a79c6e938d188d633981b31e62465d62cb52c4e349f6654e9cb	expanded_n2401	1.9975051980918284	2401	2401	3003.7468767198525	1.2510399319949406	2.4822220872915486e-06	stellar_center	0.0	0.0	0.35	1	m2p25_c17p5_a0p40_q2p75_i0p05	2.25	2.75	c17p5	17.5	317.159480236321	100	1.0	7.3011756855e-08	70.0	0.03	0.4	128000	2	1	16	jwst_mcfost/runs/strict_continuum_cavity_mass_q_v1/models/m2p25_c17p5_a0p40_q2p75_i0p05/temperature/seed=41001/data_th/Temperature.fits.gz	1bd212f2f54dd8c1701a6064e129ba7fdb5721cb3fe296472433bbdd3b79ec1c	reused_accepted_continuum_temperature_screening_only_not_self_consistent_for_changed_dust	inside_h2o_optical_constants	feature_shape_scored	0.04	0.96	x0p04	0.05	full_h2o	45	ba043cfe124065594244cf942d7f6cd42cd5ca130b037b2289e0cb0e0b668cbd	h2o_selected_x0p04	jwst_mcfost/runs/h2o_3um_abundance_grid_v1/parameters/h2o_x0p04_rt.para	9c4c70e8b4348d36edd1af8b24b37c3ed573b5897459b34c593e173e09e95f0b	selected_h2o_disjoint_dhs_abundance_grid_screening_dust	jwst_mcfost/runs/h2o_3um_abundance_grid_v1/tasks/x0p04/t215_h2o_3um_v3_w010_n00_s52001	caaf5720833d49cfd89979c403b3b3779b8d6898e04820525802e7a14e83214a
216	full_h2o	52001	logical_target	h2o_3um_v3_w010	h2o_3um_v3_w010		h2o_feature_optical_depth	jwst_mcfost/output/h2o_3um_observation_v3/stellar_center_h2o_target_lsf_nodes_R2400_v3.tsv	bc54da8f9e376921527db29400677e165b6e2f4aed158fd3aaa5162a66b325a7	f794598e03a9a230745449239c50f51a9a50d022f4c651cd36716e3fc718d794	3.2961688801068254	46	1	0.2220759220056126	Gaussian_in_log_lambda_constant_resolving_power	2400	3.2953783319126297	NIRSpec	G395H	G395H_run00	lambda_F_lambda_W_m-2	F_nu_Jy=lambda_F_lambda*lambda_um*1e20/c_m_s	F_nu_Jy	jwst_mcfost/runs/h2o_3um_method2_screen_v3/anchors/full_h2o/logical_target/h2o_3um_v3_w010/node01.lambda	08be09f83ed4b9ef484fdde363c98b19d1ecc53afad79a1efec604a72b296edd	expanded_n2401	1.9975051980918284	2401	2401	3003.7468767198525	1.2510399319949406	2.4822220872915486e-06	stellar_center	0.0	0.0	0.35	1	m2p25_c17p5_a0p40_q2p75_i0p05	2.25	2.75	c17p5	17.5	317.159480236321	100	1.0	7.3011756855e-08	70.0	0.03	0.4	128000	2	1	16	jwst_mcfost/runs/strict_continuum_cavity_mass_q_v1/models/m2p25_c17p5_a0p40_q2p75_i0p05/temperature/seed=41001/data_th/Temperature.fits.gz	1bd212f2f54dd8c1701a6064e129ba7fdb5721cb3fe296472433bbdd3b79ec1c	reused_accepted_continuum_temperature_screening_only_not_self_consistent_for_changed_dust	inside_h2o_optical_constants	feature_shape_scored	0.04	0.96	x0p04	0.05	full_h2o	46	3f069d85315de7046e94f7f8732773d84d222b02873050cf5964db4e711d2828	h2o_selected_x0p04	jwst_mcfost/runs/h2o_3um_abundance_grid_v1/parameters/h2o_x0p04_rt.para	9c4c70e8b4348d36edd1af8b24b37c3ed573b5897459b34c593e173e09e95f0b	selected_h2o_disjoint_dhs_abundance_grid_screening_dust	jwst_mcfost/runs/h2o_3um_abundance_grid_v1/tasks/x0p04/t216_h2o_3um_v3_w010_n01_s52001	caa557e9532b66687928145126771dd8dc4855f1c001c887c188e05d8cc5fbf7
217	full_h2o	52001	logical_target	h2o_3um_v3_w010	h2o_3um_v3_w010		h2o_feature_optical_depth	jwst_mcfost/output/h2o_3um_observation_v3/stellar_center_h2o_target_lsf_nodes_R2400_v3.tsv	bc54da8f9e376921527db29400677e165b6e2f4aed158fd3aaa5162a66b325a7	35e59b25dde0679fe1f4cadaa37cd22a468a1e036bb9b30d9c5eeda3711e6cf1	3.2961688801068254	47	2	0.53333333333333333	Gaussian_in_log_lambda_constant_resolving_power	2400	3.2961688801068254	NIRSpec	G395H	G395H_run00	lambda_F_lambda_W_m-2	F_nu_Jy=lambda_F_lambda*lambda_um*1e20/c_m_s	F_nu_Jy	jwst_mcfost/runs/h2o_3um_method2_screen_v3/anchors/full_h2o/logical_target/h2o_3um_v3_w010/node02.lambda	c16844f6196b6a30d76ef41da199c1ad35170cafa57e1a5b0f201ee14a68c71b	expanded_n2401	1.9975051980918284	2401	2401	3003.7468767198525	1.2510399319949406	2.4822220872915486e-06	stellar_center	0.0	0.0	0.35	1	m2p25_c17p5_a0p40_q2p75_i0p05	2.25	2.75	c17p5	17.5	317.159480236321	100	1.0	7.3011756855e-08	70.0	0.03	0.4	128000	2	1	16	jwst_mcfost/runs/strict_continuum_cavity_mass_q_v1/models/m2p25_c17p5_a0p40_q2p75_i0p05/temperature/seed=41001/data_th/Temperature.fits.gz	1bd212f2f54dd8c1701a6064e129ba7fdb5721cb3fe296472433bbdd3b79ec1c	reused_accepted_continuum_temperature_screening_only_not_self_consistent_for_changed_dust	inside_h2o_optical_constants	feature_shape_scored	0.04	0.96	x0p04	0.05	full_h2o	47	519c6dac30597d3d12ceaebd1089a1d2e72975857a26507696e50977f1337614	h2o_selected_x0p04	jwst_mcfost/runs/h2o_3um_abundance_grid_v1/parameters/h2o_x0p04_rt.para	9c4c70e8b4348d36edd1af8b24b37c3ed573b5897459b34c593e173e09e95f0b	selected_h2o_disjoint_dhs_abundance_grid_screening_dust	jwst_mcfost/runs/h2o_3um_abundance_grid_v1/tasks/x0p04/t217_h2o_3um_v3_w010_n02_s52001	da7180a35eec018fc2a8b5d50c633d1de0d1988b7bf391ca3cb45220af8b8158
218	full_h2o	52001	logical_target	h2o_3um_v3_w010	h2o_3um_v3_w010		h2o_feature_optical_depth	jwst_mcfost/output/h2o_3um_observation_v3/stellar_center_h2o_target_lsf_nodes_R2400_v3.tsv	bc54da8f9e376921527db29400677e165b6e2f4aed158fd3aaa5162a66b325a7	145194528fff639ca7d592adbf9206633648460676308ec60d98f20916cef9c6	3.2961688801068254	48	3	0.2220759220056126	Gaussian_in_log_lambda_constant_resolving_power	2400	3.2969596179503977	NIRSpec	G395H	G395H_run00	lambda_F_lambda_W_m-2	F_nu_Jy=lambda_F_lambda*lambda_um*1e20/c_m_s	F_nu_Jy	jwst_mcfost/runs/h2o_3um_method2_screen_v3/anchors/full_h2o/logical_target/h2o_3um_v3_w010/node03.lambda	4bb6f4e975708a5648c155bdc3d2727c6533f5f4aa5a0148eb20bb6fde17d830	expanded_n2401	1.9975051980918284	2401	2401	3003.7468767198525	1.2510399319949406	2.4822220872915486e-06	stellar_center	0.0	0.0	0.35	1	m2p25_c17p5_a0p40_q2p75_i0p05	2.25	2.75	c17p5	17.5	317.159480236321	100	1.0	7.3011756855e-08	70.0	0.03	0.4	128000	2	1	16	jwst_mcfost/runs/strict_continuum_cavity_mass_q_v1/models/m2p25_c17p5_a0p40_q2p75_i0p05/temperature/seed=41001/data_th/Temperature.fits.gz	1bd212f2f54dd8c1701a6064e129ba7fdb5721cb3fe296472433bbdd3b79ec1c	reused_accepted_continuum_temperature_screening_only_not_self_consistent_for_changed_dust	inside_h2o_optical_constants	feature_shape_scored	0.04	0.96	x0p04	0.05	full_h2o	48	667412a6c255a21f3dfc10b8d9d4e762e3633c188f28b902d6c7a54443d1e5ce	h2o_selected_x0p04	jwst_mcfost/runs/h2o_3um_abundance_grid_v1/parameters/h2o_x0p04_rt.para	9c4c70e8b4348d36edd1af8b24b37c3ed573b5897459b34c593e173e09e95f0b	selected_h2o_disjoint_dhs_abundance_grid_screening_dust	jwst_mcfost/runs/h2o_3um_abundance_grid_v1/tasks/x0p04/t218_h2o_3um_v3_w010_n03_s52001	e27ff51269cd58b033f63339f0e2ce5d663a195aad1118986ab480437dac7ab0
219	full_h2o	52001	logical_target	h2o_3um_v3_w010	h2o_3um_v3_w010		h2o_feature_optical_depth	jwst_mcfost/output/h2o_3um_observation_v3/stellar_center_h2o_target_lsf_nodes_R2400_v3.tsv	bc54da8f9e376921527db29400677e165b6e2f4aed158fd3aaa5162a66b325a7	aa7b63886376e45069c3a5194d73e1c6e589b7ef46a8d1c5df39e17830366770	3.2961688801068254	49	4	0.011257411327720693	Gaussian_in_log_lambda_constant_resolving_power	2400	3.2978355743973897	NIRSpec	G395H	G395H_run00	lambda_F_lambda_W_m-2	F_nu_Jy=lambda_F_lambda*lambda_um*1e20/c_m_s	F_nu_Jy	jwst_mcfost/runs/h2o_3um_method2_screen_v3/anchors/full_h2o/logical_target/h2o_3um_v3_w010/node04.lambda	8ef66117ab8d7f5ff2c12c2ba91efe90e0ca1d9afc38ff7e333d1535668f307b	expanded_n2401	1.9975051980918284	2401	2401	3003.7468767198525	1.2510399319949406	2.4822220872915486e-06	stellar_center	0.0	0.0	0.35	1	m2p25_c17p5_a0p40_q2p75_i0p05	2.25	2.75	c17p5	17.5	317.159480236321	100	1.0	7.3011756855e-08	70.0	0.03	0.4	128000	2	1	16	jwst_mcfost/runs/strict_continuum_cavity_mass_q_v1/models/m2p25_c17p5_a0p40_q2p75_i0p05/temperature/seed=41001/data_th/Temperature.fits.gz	1bd212f2f54dd8c1701a6064e129ba7fdb5721cb3fe296472433bbdd3b79ec1c	reused_accepted_continuum_temperature_screening_only_not_self_consistent_for_changed_dust	inside_h2o_optical_constants	feature_shape_scored	0.04	0.96	x0p04	0.05	full_h2o	49	59f6e700b50aa86732a9de00a667f6ad3755472ffbf0c8dad457f314a5ee3b3c	h2o_selected_x0p04	jwst_mcfost/runs/h2o_3um_abundance_grid_v1/parameters/h2o_x0p04_rt.para	9c4c70e8b4348d36edd1af8b24b37c3ed573b5897459b34c593e173e09e95f0b	selected_h2o_disjoint_dhs_abundance_grid_screening_dust	jwst_mcfost/runs/h2o_3um_abundance_grid_v1/tasks/x0p04/t219_h2o_3um_v3_w010_n04_s52001	fad5fd20f97152948fd5ca2e42fe73696abba22652033f24f4356c7c1df176bc
220	full_h2o	52001	logical_target	h2o_3um_v3_w011	h2o_3um_v3_w011		h2o_feature_optical_depth	jwst_mcfost/output/h2o_3um_observation_v3/stellar_center_h2o_target_lsf_nodes_R2400_v3.tsv	bc54da8f9e376921527db29400677e165b6e2f4aed158fd3aaa5162a66b325a7	f77e1ee269084a22dd808cdda1873c865bdb7b3194ea98e0a11cb35f6355cdb2	3.5744323010028149	50	0	0.011257411327720693	Gaussian_in_log_lambda_constant_resolving_power	2400	3.5726258173944934	NIRSpec	G395H	G395H_run00	lambda_F_lambda_W_m-2	F_nu_Jy=lambda_F_lambda*lambda_um*1e20/c_m_s	F_nu_Jy	jwst_mcfost/runs/h2o_3um_method2_screen_v3/anchors/full_h2o/logical_target/h2o_3um_v3_w011/node00.lambda	056d085f2250246eda617755302a06563ff339f5a0859cd1f7c37d52fe9e89b1	expanded_n2401	1.9975051980918284	2401	2401	3003.7468767198525	1.2510399319949406	2.4822220872915486e-06	stellar_center	0.0	0.0	0.35	1	m2p25_c17p5_a0p40_q2p75_i0p05	2.25	2.75	c17p5	17.5	317.159480236321	100	1.0	7.3011756855e-08	70.0	0.03	0.4	128000	2	1	16	jwst_mcfost/runs/strict_continuum_cavity_mass_q_v1/models/m2p25_c17p5_a0p40_q2p75_i0p05/temperature/seed=41001/data_th/Temperature.fits.gz	1bd212f2f54dd8c1701a6064e129ba7fdb5721cb3fe296472433bbdd3b79ec1c	reused_accepted_continuum_temperature_screening_only_not_self_consistent_for_changed_dust	inside_h2o_optical_constants	continuum_wing_nuisance_not_scored	0.04	0.96	x0p04	0.05	full_h2o	50	825f06a33c696efcdb0680a6cada7917cde39eaf510294ad250c0d317e7f63a5	h2o_selected_x0p04	jwst_mcfost/runs/h2o_3um_abundance_grid_v1/parameters/h2o_x0p04_rt.para	9c4c70e8b4348d36edd1af8b24b37c3ed573b5897459b34c593e173e09e95f0b	selected_h2o_disjoint_dhs_abundance_grid_screening_dust	jwst_mcfost/runs/h2o_3um_abundance_grid_v1/tasks/x0p04/t220_h2o_3um_v3_w011_n00_s52001	854f2a3c6eb2caf5180e4147eea8f2ef2d287b2489f98511b0afb1827ca5719e
221	full_h2o	52001	logical_target	h2o_3um_v3_w011	h2o_3um_v3_w011		h2o_feature_optical_depth	jwst_mcfost/output/h2o_3um_observation_v3/stellar_center_h2o_target_lsf_nodes_R2400_v3.tsv	bc54da8f9e376921527db29400677e165b6e2f4aed158fd3aaa5162a66b325a7	896bb17127e4315e28c714b23705363a98a26132560e1059867ede44b0bc9efc	3.5744323010028149	51	1	0.2220759220056126	Gaussian_in_log_lambda_constant_resolving_power	2400	3.5735750145276324	NIRSpec	G395H	G395H_run00	lambda_F_lambda_W_m-2	F_nu_Jy=lambda_F_lambda*lambda_um*1e20/c_m_s	F_nu_Jy	jwst_mcfost/runs/h2o_3um_method2_screen_v3/anchors/full_h2o/logical_target/h2o_3um_v3_w011/node01.lambda	8662342337a6bec65683e86fa2b2a979225e52abf507e242e1025ff10420b635	expanded_n2401	1.9975051980918284	2401	2401	3003.7468767198525	1.2510399319949406	2.4822220872915486e-06	stellar_center	0.0	0.0	0.35	1	m2p25_c17p5_a0p40_q2p75_i0p05	2.25	2.75	c17p5	17.5	317.159480236321	100	1.0	7.3011756855e-08	70.0	0.03	0.4	128000	2	1	16	jwst_mcfost/runs/strict_continuum_cavity_mass_q_v1/models/m2p25_c17p5_a0p40_q2p75_i0p05/temperature/seed=41001/data_th/Temperature.fits.gz	1bd212f2f54dd8c1701a6064e129ba7fdb5721cb3fe296472433bbdd3b79ec1c	reused_accepted_continuum_temperature_screening_only_not_self_consistent_for_changed_dust	inside_h2o_optical_constants	continuum_wing_nuisance_not_scored	0.04	0.96	x0p04	0.05	full_h2o	51	3028a7fccad64a9a347b01c11213fc74d5a7c9eb80e3b813aa7b400d7e369294	h2o_selected_x0p04	jwst_mcfost/runs/h2o_3um_abundance_grid_v1/parameters/h2o_x0p04_rt.para	9c4c70e8b4348d36edd1af8b24b37c3ed573b5897459b34c593e173e09e95f0b	selected_h2o_disjoint_dhs_abundance_grid_screening_dust	jwst_mcfost/runs/h2o_3um_abundance_grid_v1/tasks/x0p04/t221_h2o_3um_v3_w011_n01_s52001	858ca5408480436c9254fd1ff7ae155b3de3dce8a3944c6ebc2ca4dc5311ea40
222	full_h2o	52001	logical_target	h2o_3um_v3_w011	h2o_3um_v3_w011		h2o_feature_optical_depth	jwst_mcfost/output/h2o_3um_observation_v3/stellar_center_h2o_target_lsf_nodes_R2400_v3.tsv	bc54da8f9e376921527db29400677e165b6e2f4aed158fd3aaa5162a66b325a7	2a3a0cdefb7019c2fe3f0a0bacbeb9f2e9fff72138c73be340e09afd0ab39104	3.5744323010028149	52	2	0.53333333333333333	Gaussian_in_log_lambda_constant_resolving_power	2400	3.5744323010028149	NIRSpec	G395H	G395H_run00	lambda_F_lambda_W_m-2	F_nu_Jy=lambda_F_lambda*lambda_um*1e20/c_m_s	F_nu_Jy	jwst_mcfost/runs/h2o_3um_method2_screen_v3/anchors/full_h2o/logical_target/h2o_3um_v3_w011/node02.lambda	6e1d7a4449544f7c599611a3f686861c29391687e12a2d6688b12a50c3dd67df	expanded_n2401	1.9975051980918284	2401	2401	3003.7468767198525	1.2510399319949406	2.4822220872915486e-06	stellar_center	0.0	0.0	0.35	1	m2p25_c17p5_a0p40_q2p75_i0p05	2.25	2.75	c17p5	17.5	317.159480236321	100	1.0	7.3011756855e-08	70.0	0.03	0.4	128000	2	1	16	jwst_mcfost/runs/strict_continuum_cavity_mass_q_v1/models/m2p25_c17p5_a0p40_q2p75_i0p05/temperature/seed=41001/data_th/Temperature.fits.gz	1bd212f2f54dd8c1701a6064e129ba7fdb5721cb3fe296472433bbdd3b79ec1c	reused_accepted_continuum_temperature_screening_only_not_self_consistent_for_changed_dust	inside_h2o_optical_constants	continuum_wing_nuisance_not_scored	0.04	0.96	x0p04	0.05	full_h2o	52	0c43fb61db1eec068a54a0b745cfe280ff4417d9fb9e2704079a9d961da56940	h2o_selected_x0p04	jwst_mcfost/runs/h2o_3um_abundance_grid_v1/parameters/h2o_x0p04_rt.para	9c4c70e8b4348d36edd1af8b24b37c3ed573b5897459b34c593e173e09e95f0b	selected_h2o_disjoint_dhs_abundance_grid_screening_dust	jwst_mcfost/runs/h2o_3um_abundance_grid_v1/tasks/x0p04/t222_h2o_3um_v3_w011_n02_s52001	55469ff241ea37b15b321a4c0de2a77a7c142ac2a0f1d997ef5701657cd4cf21
223	full_h2o	52001	logical_target	h2o_3um_v3_w011	h2o_3um_v3_w011		h2o_feature_optical_depth	jwst_mcfost/output/h2o_3um_observation_v3/stellar_center_h2o_target_lsf_nodes_R2400_v3.tsv	bc54da8f9e376921527db29400677e165b6e2f4aed158fd3aaa5162a66b325a7	513ae13dc1c458a2063b52f299ad22b6ea530aa6ef26db5c058b4e33383778e6	3.5744323010028149	53	3	0.2220759220056126	Gaussian_in_log_lambda_constant_resolving_power	2400	3.5752897931376233	NIRSpec	G395H	G395H_run00	lambda_F_lambda_W_m-2	F_nu_Jy=lambda_F_lambda*lambda_um*1e20/c_m_s	F_nu_Jy	jwst_mcfost/runs/h2o_3um_method2_screen_v3/anchors/full_h2o/logical_target/h2o_3um_v3_w011/node03.lambda	09fe7051a3c425ef2a877f74c26ad7cfb24edc8806b961ec97ebd988f5e0a5b8	expanded_n2401	1.9975051980918284	2401	2401	3003.7468767198525	1.2510399319949406	2.4822220872915486e-06	stellar_center	0.0	0.0	0.35	1	m2p25_c17p5_a0p40_q2p75_i0p05	2.25	2.75	c17p5	17.5	317.159480236321	100	1.0	7.3011756855e-08	70.0	0.03	0.4	128000	2	1	16	jwst_mcfost/runs/strict_continuum_cavity_mass_q_v1/models/m2p25_c17p5_a0p40_q2p75_i0p05/temperature/seed=41001/data_th/Temperature.fits.gz	1bd212f2f54dd8c1701a6064e129ba7fdb5721cb3fe296472433bbdd3b79ec1c	reused_accepted_continuum_temperature_screening_only_not_self_consistent_for_changed_dust	inside_h2o_optical_constants	continuum_wing_nuisance_not_scored	0.04	0.96	x0p04	0.05	full_h2o	53	d3cfd06551501d4b634762e941056bfb27146a6141ae3b5698a64591025825cb	h2o_selected_x0p04	jwst_mcfost/runs/h2o_3um_abundance_grid_v1/parameters/h2o_x0p04_rt.para	9c4c70e8b4348d36edd1af8b24b37c3ed573b5897459b34c593e173e09e95f0b	selected_h2o_disjoint_dhs_abundance_grid_screening_dust	jwst_mcfost/runs/h2o_3um_abundance_grid_v1/tasks/x0p04/t223_h2o_3um_v3_w011_n03_s52001	c1e212bdeaa158a9904e2afbcdd98d364351c615b3f1851d4f144375034ddd23
224	full_h2o	52001	logical_target	h2o_3um_v3_w011	h2o_3um_v3_w011		h2o_feature_optical_depth	jwst_mcfost/output/h2o_3um_observation_v3/stellar_center_h2o_target_lsf_nodes_R2400_v3.tsv	bc54da8f9e376921527db29400677e165b6e2f4aed158fd3aaa5162a66b325a7	505dedecfc8e371a55ce5c7dfbf643b07266d2f3fd013727d3ce4b994ebfb089	3.5744323010028149	54	4	0.011257411327720693	Gaussian_in_log_lambda_constant_resolving_power	2400	3.5762396980521727	NIRSpec	G395H	G395H_run00	lambda_F_lambda_W_m-2	F_nu_Jy=lambda_F_lambda*lambda_um*1e20/c_m_s	F_nu_Jy	jwst_mcfost/runs/h2o_3um_method2_screen_v3/anchors/full_h2o/logical_target/h2o_3um_v3_w011/node04.lambda	f71150b37566b5185b79f6734bd1a71f7bd353245af44633b159b157e95eaadc	expanded_n2401	1.9975051980918284	2401	2401	3003.7468767198525	1.2510399319949406	2.4822220872915486e-06	stellar_center	0.0	0.0	0.35	1	m2p25_c17p5_a0p40_q2p75_i0p05	2.25	2.75	c17p5	17.5	317.159480236321	100	1.0	7.3011756855e-08	70.0	0.03	0.4	128000	2	1	16	jwst_mcfost/runs/strict_continuum_cavity_mass_q_v1/models/m2p25_c17p5_a0p40_q2p75_i0p05/temperature/seed=41001/data_th/Temperature.fits.gz	1bd212f2f54dd8c1701a6064e129ba7fdb5721cb3fe296472433bbdd3b79ec1c	reused_accepted_continuum_temperature_screening_only_not_self_consistent_for_changed_dust	inside_h2o_optical_constants	continuum_wing_nuisance_not_scored	0.04	0.96	x0p04	0.05	full_h2o	54	de9dc2c01d5503eeeb76c78301bb1b6607dd9e581378d93a60b7babd175361ea	h2o_selected_x0p04	jwst_mcfost/runs/h2o_3um_abundance_grid_v1/parameters/h2o_x0p04_rt.para	9c4c70e8b4348d36edd1af8b24b37c3ed573b5897459b34c593e173e09e95f0b	selected_h2o_disjoint_dhs_abundance_grid_screening_dust	jwst_mcfost/runs/h2o_3um_abundance_grid_v1/tasks/x0p04/t224_h2o_3um_v3_w011_n04_s52001	4ed111d8d60e88e8282a7917aeec569b76b6de7e0348059085942b56ebf6aa87
225	full_h2o	52001	continuum_support	h2o_continuum_blue_q20		h2o_continuum_blue_q20	h2o_feature_optical_depth	jwst_mcfost/output/h2o_3um_observation_v3/stellar_center_h2o_continuum_lsf_nodes_R2400_v3.tsv	07f25fef793bf100873ab1f963bc44c55e49b0f171865ef57da62eb4db1d56d2	78ec238b138658dbb2f02c7ad960a0ccd3e1964c1497590c0ea6e6300d20d9cf	2.5747747777204344	0	0	0.011257411327720693	Gaussian_in_log_lambda_constant_resolving_power	2400	2.5734735113823457	NIRSpec	G235H	G235H_run01	lambda_F_lambda_W_m-2	F_nu_Jy=lambda_F_lambda*lambda_um*1e20/c_m_s	F_nu_Jy	jwst_mcfost/runs/h2o_3um_method2_screen_v3/anchors/full_h2o/continuum_support/h2o_continuum_blue_q20/node00.lambda	bb5006a85014df8b9af1bfb8a5920ae7f25f6c3f60c60f2daf5e2cef5179f3da	expanded_n2401	1.9975051980918284	2401	2401	3003.7468767198525	1.2510399319949406	2.4822220872915486e-06	stellar_center	0.0	0.0	0.35	1	m2p25_c17p5_a0p40_q2p75_i0p05	2.25	2.75	c17p5	17.5	317.159480236321	100	1.0	7.3011756855e-08	70.0	0.03	0.4	128000	2	1	16	jwst_mcfost/runs/strict_continuum_cavity_mass_q_v1/models/m2p25_c17p5_a0p40_q2p75_i0p05/temperature/seed=41001/data_th/Temperature.fits.gz	1bd212f2f54dd8c1701a6064e129ba7fdb5721cb3fe296472433bbdd3b79ec1c	reused_accepted_continuum_temperature_screening_only_not_self_consistent_for_changed_dust	inside_h2o_optical_constants	continuum_reconstruction_not_scored	0.04	0.96	x0p04	0.05	full_h2o	55	696527eb2adf40d24b90495854bb3428723841404261bb51cf25567e3922e1ef	h2o_selected_x0p04	jwst_mcfost/runs/h2o_3um_abundance_grid_v1/parameters/h2o_x0p04_rt.para	9c4c70e8b4348d36edd1af8b24b37c3ed573b5897459b34c593e173e09e95f0b	selected_h2o_disjoint_dhs_abundance_grid_screening_dust	jwst_mcfost/runs/h2o_3um_abundance_grid_v1/tasks/x0p04/t225_h2o_continuum_blue_q20_n00_s52001	8c0beab9a50c1405deb5d679b958709a7d1176866875af54b67efcd3e9619c3b
226	full_h2o	52001	continuum_support	h2o_continuum_blue_q20		h2o_continuum_blue_q20	h2o_feature_optical_depth	jwst_mcfost/output/h2o_3um_observation_v3/stellar_center_h2o_continuum_lsf_nodes_R2400_v3.tsv	07f25fef793bf100873ab1f963bc44c55e49b0f171865ef57da62eb4db1d56d2	54fe5355ee40d66760ed195791ec0cc4a4448eb2b8d1f4b3ca1bd43ef7fb4fb6	2.5747747777204344	1	1	0.2220759220056126	Gaussian_in_log_lambda_constant_resolving_power	2400	2.5741572476044041	NIRSpec	G235H	G235H_run01	lambda_F_lambda_W_m-2	F_nu_Jy=lambda_F_lambda*lambda_um*1e20/c_m_s	F_nu_Jy	jwst_mcfost/runs/h2o_3um_method2_screen_v3/anchors/full_h2o/continuum_support/h2o_continuum_blue_q20/node01.lambda	c06eafeb605e5e51ed5019a58e632d5373e3602a43712428652fced45d904658	expanded_n2401	1.9975051980918284	2401	2401	3003.7468767198525	1.2510399319949406	2.4822220872915486e-06	stellar_center	0.0	0.0	0.35	1	m2p25_c17p5_a0p40_q2p75_i0p05	2.25	2.75	c17p5	17.5	317.159480236321	100	1.0	7.3011756855e-08	70.0	0.03	0.4	128000	2	1	16	jwst_mcfost/runs/strict_continuum_cavity_mass_q_v1/models/m2p25_c17p5_a0p40_q2p75_i0p05/temperature/seed=41001/data_th/Temperature.fits.gz	1bd212f2f54dd8c1701a6064e129ba7fdb5721cb3fe296472433bbdd3b79ec1c	reused_accepted_continuum_temperature_screening_only_not_self_consistent_for_changed_dust	inside_h2o_optical_constants	continuum_reconstruction_not_scored	0.04	0.96	x0p04	0.05	full_h2o	56	be3acceadb710001700d9c7b17531fd20fb035fc7407cb7adc69b8a29496ea66	h2o_selected_x0p04	jwst_mcfost/runs/h2o_3um_abundance_grid_v1/parameters/h2o_x0p04_rt.para	9c4c70e8b4348d36edd1af8b24b37c3ed573b5897459b34c593e173e09e95f0b	selected_h2o_disjoint_dhs_abundance_grid_screening_dust	jwst_mcfost/runs/h2o_3um_abundance_grid_v1/tasks/x0p04/t226_h2o_continuum_blue_q20_n01_s52001	44d180830ef6a95ab78dfeb48b50469b112898d54513b558aa2159f959596cda
227	full_h2o	52001	continuum_support	h2o_continuum_blue_q20		h2o_continuum_blue_q20	h2o_feature_optical_depth	jwst_mcfost/output/h2o_3um_observation_v3/stellar_center_h2o_continuum_lsf_nodes_R2400_v3.tsv	07f25fef793bf100873ab1f963bc44c55e49b0f171865ef57da62eb4db1d56d2	cf78524a52bff46c783b6daa34e429ecc7b565780603d8706b22ff47608426cc	2.5747747777204344	2	2	0.53333333333333333	Gaussian_in_log_lambda_constant_resolving_power	2400	2.5747747777204344	NIRSpec	G235H	G235H_run01	lambda_F_lambda_W_m-2	F_nu_Jy=lambda_F_lambda*lambda_um*1e20/c_m_s	F_nu_Jy	jwst_mcfost/runs/h2o_3um_method2_screen_v3/anchors/full_h2o/continuum_support/h2o_continuum_blue_q20/node02.lambda	3f2e21b1cee344aa246cbd4a5236c60c2d928c11e1bae94709d4cc6a5fab49c3	expanded_n2401	1.9975051980918284	2401	2401	3003.7468767198525	1.2510399319949406	2.4822220872915486e-06	stellar_center	0.0	0.0	0.35	1	m2p25_c17p5_a0p40_q2p75_i0p05	2.25	2.75	c17p5	17.5	317.159480236321	100	1.0	7.3011756855e-08	70.0	0.03	0.4	128000	2	1	16	jwst_mcfost/runs/strict_continuum_cavity_mass_q_v1/models/m2p25_c17p5_a0p40_q2p75_i0p05/temperature/seed=41001/data_th/Temperature.fits.gz	1bd212f2f54dd8c1701a6064e129ba7fdb5721cb3fe296472433bbdd3b79ec1c	reused_accepted_continuum_temperature_screening_only_not_self_consistent_for_changed_dust	inside_h2o_optical_constants	continuum_reconstruction_not_scored	0.04	0.96	x0p04	0.05	full_h2o	57	e866b9c09f2009fb01f765516012d06c16ab42890f219471f73ec276a387fefe	h2o_selected_x0p04	jwst_mcfost/runs/h2o_3um_abundance_grid_v1/parameters/h2o_x0p04_rt.para	9c4c70e8b4348d36edd1af8b24b37c3ed573b5897459b34c593e173e09e95f0b	selected_h2o_disjoint_dhs_abundance_grid_screening_dust	jwst_mcfost/runs/h2o_3um_abundance_grid_v1/tasks/x0p04/t227_h2o_continuum_blue_q20_n02_s52001	ff23e2fe7cbc616aa8a3c89d5d3226c43050151bf73c2264743c6823d8decd9d
228	full_h2o	52001	continuum_support	h2o_continuum_blue_q20		h2o_continuum_blue_q20	h2o_feature_optical_depth	jwst_mcfost/output/h2o_3um_observation_v3/stellar_center_h2o_continuum_lsf_nodes_R2400_v3.tsv	07f25fef793bf100873ab1f963bc44c55e49b0f171865ef57da62eb4db1d56d2	f5cc37844bbaa03a52bf002773012d4500409ea57892ff2a100b7619aa7482dc	2.5747747777204344	3	3	0.2220759220056126	Gaussian_in_log_lambda_constant_resolving_power	2400	2.5753924559794905	NIRSpec	G235H	G235H_run01	lambda_F_lambda_W_m-2	F_nu_Jy=lambda_F_lambda*lambda_um*1e20/c_m_s	F_nu_Jy	jwst_mcfost/runs/h2o_3um_method2_screen_v3/anchors/full_h2o/continuum_support/h2o_continuum_blue_q20/node03.lambda	5ab38611785e6df1bde74f9050dabc19c9c9ab0cc51551264fc3fce150e2173e	expanded_n2401	1.9975051980918284	2401	2401	3003.7468767198525	1.2510399319949406	2.4822220872915486e-06	stellar_center	0.0	0.0	0.35	1	m2p25_c17p5_a0p40_q2p75_i0p05	2.25	2.75	c17p5	17.5	317.159480236321	100	1.0	7.3011756855e-08	70.0	0.03	0.4	128000	2	1	16	jwst_mcfost/runs/strict_continuum_cavity_mass_q_v1/models/m2p25_c17p5_a0p40_q2p75_i0p05/temperature/seed=41001/data_th/Temperature.fits.gz	1bd212f2f54dd8c1701a6064e129ba7fdb5721cb3fe296472433bbdd3b79ec1c	reused_accepted_continuum_temperature_screening_only_not_self_consistent_for_changed_dust	inside_h2o_optical_constants	continuum_reconstruction_not_scored	0.04	0.96	x0p04	0.05	full_h2o	58	724d232002d4b25417e93268d32ca81a76782ac95a3e5f6ade14aa48984ac0ce	h2o_selected_x0p04	jwst_mcfost/runs/h2o_3um_abundance_grid_v1/parameters/h2o_x0p04_rt.para	9c4c70e8b4348d36edd1af8b24b37c3ed573b5897459b34c593e173e09e95f0b	selected_h2o_disjoint_dhs_abundance_grid_screening_dust	jwst_mcfost/runs/h2o_3um_abundance_grid_v1/tasks/x0p04/t228_h2o_continuum_blue_q20_n03_s52001	ba952cc5d19aed32eaa12f0d1effd16635eb45c32bcc2702131c6d186013ef5d
229	full_h2o	52001	continuum_support	h2o_continuum_blue_q20		h2o_continuum_blue_q20	h2o_feature_optical_depth	jwst_mcfost/output/h2o_3um_observation_v3/stellar_center_h2o_continuum_lsf_nodes_R2400_v3.tsv	07f25fef793bf100873ab1f963bc44c55e49b0f171865ef57da62eb4db1d56d2	b44ef7ed0150a6fdd805472ca2d1c1ea0b66d0a5d0d66ea71f6bb85840639c58	2.5747747777204344	4	4	0.011257411327720693	Gaussian_in_log_lambda_constant_resolving_power	2400	2.5760767020385162	NIRSpec	G235H	G235H_run01	lambda_F_lambda_W_m-2	F_nu_Jy=lambda_F_lambda*lambda_um*1e20/c_m_s	F_nu_Jy	jwst_mcfost/runs/h2o_3um_method2_screen_v3/anchors/full_h2o/continuum_support/h2o_continuum_blue_q20/node04.lambda	510277276b54bc7f781872f1f42ff91112187ef46de65259ac3af63d03618dce	expanded_n2401	1.9975051980918284	2401	2401	3003.7468767198525	1.2510399319949406	2.4822220872915486e-06	stellar_center	0.0	0.0	0.35	1	m2p25_c17p5_a0p40_q2p75_i0p05	2.25	2.75	c17p5	17.5	317.159480236321	100	1.0	7.3011756855e-08	70.0	0.03	0.4	128000	2	1	16	jwst_mcfost/runs/strict_continuum_cavity_mass_q_v1/models/m2p25_c17p5_a0p40_q2p75_i0p05/temperature/seed=41001/data_th/Temperature.fits.gz	1bd212f2f54dd8c1701a6064e129ba7fdb5721cb3fe296472433bbdd3b79ec1c	reused_accepted_continuum_temperature_screening_only_not_self_consistent_for_changed_dust	inside_h2o_optical_constants	continuum_reconstruction_not_scored	0.04	0.96	x0p04	0.05	full_h2o	59	54a84271e3666b61a8365177a5adb5618a119b3423df015e4f568dfdbd7a8f3e	h2o_selected_x0p04	jwst_mcfost/runs/h2o_3um_abundance_grid_v1/parameters/h2o_x0p04_rt.para	9c4c70e8b4348d36edd1af8b24b37c3ed573b5897459b34c593e173e09e95f0b	selected_h2o_disjoint_dhs_abundance_grid_screening_dust	jwst_mcfost/runs/h2o_3um_abundance_grid_v1/tasks/x0p04/t229_h2o_continuum_blue_q20_n04_s52001	4f95e0cd3172d90b4fbae383c9048a36dea11ebe407229b1390cef8bce82b6f5
230	full_h2o	52001	continuum_support	h2o_continuum_blue_q50		h2o_continuum_blue_q50	h2o_feature_optical_depth	jwst_mcfost/output/h2o_3um_observation_v3/stellar_center_h2o_continuum_lsf_nodes_R2400_v3.tsv	07f25fef793bf100873ab1f963bc44c55e49b0f171865ef57da62eb4db1d56d2	84a7854dfe22ecef7018b4c91b6b3a7bd32798c8f8bd9a4c2cf6a272bd3a4231	2.6122960249124896	5	0	0.011257411327720693	Gaussian_in_log_lambda_constant_resolving_power	2400	2.6109757956979753	NIRSpec	G235H	G235H_run01	lambda_F_lambda_W_m-2	F_nu_Jy=lambda_F_lambda*lambda_um*1e20/c_m_s	F_nu_Jy	jwst_mcfost/runs/h2o_3um_method2_screen_v3/anchors/full_h2o/continuum_support/h2o_continuum_blue_q50/node00.lambda	f837effd132adde9de61efe712fb2649b30ffb3cf07b53647d3868fe89548263	expanded_n2401	1.9975051980918284	2401	2401	3003.7468767198525	1.2510399319949406	2.4822220872915486e-06	stellar_center	0.0	0.0	0.35	1	m2p25_c17p5_a0p40_q2p75_i0p05	2.25	2.75	c17p5	17.5	317.159480236321	100	1.0	7.3011756855e-08	70.0	0.03	0.4	128000	2	1	16	jwst_mcfost/runs/strict_continuum_cavity_mass_q_v1/models/m2p25_c17p5_a0p40_q2p75_i0p05/temperature/seed=41001/data_th/Temperature.fits.gz	1bd212f2f54dd8c1701a6064e129ba7fdb5721cb3fe296472433bbdd3b79ec1c	reused_accepted_continuum_temperature_screening_only_not_self_consistent_for_changed_dust	inside_h2o_optical_constants	continuum_reconstruction_not_scored	0.04	0.96	x0p04	0.05	full_h2o	60	7c58350ce253b47dd111eeceabb8d4da75022d40cf7a84e01e3f513eb1fc5f8d	h2o_selected_x0p04	jwst_mcfost/runs/h2o_3um_abundance_grid_v1/parameters/h2o_x0p04_rt.para	9c4c70e8b4348d36edd1af8b24b37c3ed573b5897459b34c593e173e09e95f0b	selected_h2o_disjoint_dhs_abundance_grid_screening_dust	jwst_mcfost/runs/h2o_3um_abundance_grid_v1/tasks/x0p04/t230_h2o_continuum_blue_q50_n00_s52001	4058035a8b9099299fcc79a5fb937b0e74ff0b6efa92e3d2fb16a00130e1a56e
231	full_h2o	52001	continuum_support	h2o_continuum_blue_q50		h2o_continuum_blue_q50	h2o_feature_optical_depth	jwst_mcfost/output/h2o_3um_observation_v3/stellar_center_h2o_continuum_lsf_nodes_R2400_v3.tsv	07f25fef793bf100873ab1f963bc44c55e49b0f171865ef57da62eb4db1d56d2	a7173d8233a1ffabea214c47eda74399158f06bd457e07b56bac54e58c9637fb	2.6122960249124896	6	1	0.2220759220056126	Gaussian_in_log_lambda_constant_resolving_power	2400	2.61166949575688	NIRSpec	G235H	G235H_run01	lambda_F_lambda_W_m-2	F_nu_Jy=lambda_F_lambda*lambda_um*1e20/c_m_s	F_nu_Jy	jwst_mcfost/runs/h2o_3um_method2_screen_v3/anchors/full_h2o/continuum_support/h2o_continuum_blue_q50/node01.lambda	c84d8d33dd33b6245a9793c7a03efa56538693ddd1e350f12834b20d0e870101	expanded_n2401	1.9975051980918284	2401	2401	3003.7468767198525	1.2510399319949406	2.4822220872915486e-06	stellar_center	0.0	0.0	0.35	1	m2p25_c17p5_a0p40_q2p75_i0p05	2.25	2.75	c17p5	17.5	317.159480236321	100	1.0	7.3011756855e-08	70.0	0.03	0.4	128000	2	1	16	jwst_mcfost/runs/strict_continuum_cavity_mass_q_v1/models/m2p25_c17p5_a0p40_q2p75_i0p05/temperature/seed=41001/data_th/Temperature.fits.gz	1bd212f2f54dd8c1701a6064e129ba7fdb5721cb3fe296472433bbdd3b79ec1c	reused_accepted_continuum_temperature_screening_only_not_self_consistent_for_changed_dust	inside_h2o_optical_constants	continuum_reconstruction_not_scored	0.04	0.96	x0p04	0.05	full_h2o	61	af823a730dbdb9b2f630f2e1d5309598f16f9dd5e7c1c7b59cd10406064e9660	h2o_selected_x0p04	jwst_mcfost/runs/h2o_3um_abundance_grid_v1/parameters/h2o_x0p04_rt.para	9c4c70e8b4348d36edd1af8b24b37c3ed573b5897459b34c593e173e09e95f0b	selected_h2o_disjoint_dhs_abundance_grid_screening_dust	jwst_mcfost/runs/h2o_3um_abundance_grid_v1/tasks/x0p04/t231_h2o_continuum_blue_q50_n01_s52001	fa749e4b6dcfc8dad1ef37613d990fb96b284c86848424422078d623f706924c
232	full_h2o	52001	continuum_support	h2o_continuum_blue_q50		h2o_continuum_blue_q50	h2o_feature_optical_depth	jwst_mcfost/output/h2o_3um_observation_v3/stellar_center_h2o_continuum_lsf_nodes_R2400_v3.tsv	07f25fef793bf100873ab1f963bc44c55e49b0f171865ef57da62eb4db1d56d2	805de01f55f335c3c38b14f88d0bbdc3abbf81db2fc5cf90b9f3cdcee3efef45	2.6122960249124896	7	2	0.53333333333333333	Gaussian_in_log_lambda_constant_resolving_power	2400	2.6122960249124896	NIRSpec	G235H	G235H_run01	lambda_F_lambda_W_m-2	F_nu_Jy=lambda_F_lambda*lambda_um*1e20/c_m_s	F_nu_Jy	jwst_mcfost/runs/h2o_3um_method2_screen_v3/anchors/full_h2o/continuum_support/h2o_continuum_blue_q50/node02.lambda	0e84cf42d019b3ce7e6fc4b3a1dcf0b0a714d3cf2c881c3522bad8daa6144c6a	expanded_n2401	1.9975051980918284	2401	2401	3003.7468767198525	1.2510399319949406	2.4822220872915486e-06	stellar_center	0.0	0.0	0.35	1	m2p25_c17p5_a0p40_q2p75_i0p05	2.25	2.75	c17p5	17.5	317.159480236321	100	1.0	7.3011756855e-08	70.0	0.03	0.4	128000	2	1	16	jwst_mcfost/runs/strict_continuum_cavity_mass_q_v1/models/m2p25_c17p5_a0p40_q2p75_i0p05/temperature/seed=41001/data_th/Temperature.fits.gz	1bd212f2f54dd8c1701a6064e129ba7fdb5721cb3fe296472433bbdd3b79ec1c	reused_accepted_continuum_temperature_screening_only_not_self_consistent_for_changed_dust	inside_h2o_optical_constants	continuum_reconstruction_not_scored	0.04	0.96	x0p04	0.05	full_h2o	62	72b56f694228e925cf9cccc445e1355f16efd41c19c2e8f4be021b408ac58cc6	h2o_selected_x0p04	jwst_mcfost/runs/h2o_3um_abundance_grid_v1/parameters/h2o_x0p04_rt.para	9c4c70e8b4348d36edd1af8b24b37c3ed573b5897459b34c593e173e09e95f0b	selected_h2o_disjoint_dhs_abundance_grid_screening_dust	jwst_mcfost/runs/h2o_3um_abundance_grid_v1/tasks/x0p04/t232_h2o_continuum_blue_q50_n02_s52001	aed2410f37c9f8c8b537cce503ef4c33223a3d93ac6b5ac1dde5243ca3424845
233	full_h2o	52001	continuum_support	h2o_continuum_blue_q50		h2o_continuum_blue_q50	h2o_feature_optical_depth	jwst_mcfost/output/h2o_3um_observation_v3/stellar_center_h2o_continuum_lsf_nodes_R2400_v3.tsv	07f25fef793bf100873ab1f963bc44c55e49b0f171865ef57da62eb4db1d56d2	89062deafffa8728a6242efe2aed717900c9ab8e2d31ac17cbca6ab5d0114e59	2.6122960249124896	8	3	0.2220759220056126	Gaussian_in_log_lambda_constant_resolving_power	2400	2.612922704369959	NIRSpec	G235H	G235H_run01	lambda_F_lambda_W_m-2	F_nu_Jy=lambda_F_lambda*lambda_um*1e20/c_m_s	F_nu_Jy	jwst_mcfost/runs/h2o_3um_method2_screen_v3/anchors/full_h2o/continuum_support/h2o_continuum_blue_q50/node03.lambda	1cbbaebe9d60c3234b25e42d2e2ac549ab540ac4a9e3a3de23d4d7cc5cfc1d19	expanded_n2401	1.9975051980918284	2401	2401	3003.7468767198525	1.2510399319949406	2.4822220872915486e-06	stellar_center	0.0	0.0	0.35	1	m2p25_c17p5_a0p40_q2p75_i0p05	2.25	2.75	c17p5	17.5	317.159480236321	100	1.0	7.3011756855e-08	70.0	0.03	0.4	128000	2	1	16	jwst_mcfost/runs/strict_continuum_cavity_mass_q_v1/models/m2p25_c17p5_a0p40_q2p75_i0p05/temperature/seed=41001/data_th/Temperature.fits.gz	1bd212f2f54dd8c1701a6064e129ba7fdb5721cb3fe296472433bbdd3b79ec1c	reused_accepted_continuum_temperature_screening_only_not_self_consistent_for_changed_dust	inside_h2o_optical_constants	continuum_reconstruction_not_scored	0.04	0.96	x0p04	0.05	full_h2o	63	648d7f655b0622122baa3401738da39ae9d83e2d21ceb91ce61b3a350f8c6466	h2o_selected_x0p04	jwst_mcfost/runs/h2o_3um_abundance_grid_v1/parameters/h2o_x0p04_rt.para	9c4c70e8b4348d36edd1af8b24b37c3ed573b5897459b34c593e173e09e95f0b	selected_h2o_disjoint_dhs_abundance_grid_screening_dust	jwst_mcfost/runs/h2o_3um_abundance_grid_v1/tasks/x0p04/t233_h2o_continuum_blue_q50_n03_s52001	377408c0dd8689aa6b0fd3f7732438eb02a3f33e8fb4a6bffb4af372d9e8df5a
234	full_h2o	52001	continuum_support	h2o_continuum_blue_q50		h2o_continuum_blue_q50	h2o_feature_optical_depth	jwst_mcfost/output/h2o_3um_observation_v3/stellar_center_h2o_continuum_lsf_nodes_R2400_v3.tsv	07f25fef793bf100873ab1f963bc44c55e49b0f171865ef57da62eb4db1d56d2	4fa9d76bddadb976fb008ba77b17f440ca69d36a5d00cf0c958e3bc6a8f564fd	2.6122960249124896	9	4	0.011257411327720693	Gaussian_in_log_lambda_constant_resolving_power	2400	2.6136169216954976	NIRSpec	G235H	G235H_run01	lambda_F_lambda_W_m-2	F_nu_Jy=lambda_F_lambda*lambda_um*1e20/c_m_s	F_nu_Jy	jwst_mcfost/runs/h2o_3um_method2_screen_v3/anchors/full_h2o/continuum_support/h2o_continuum_blue_q50/node04.lambda	34a619220145b1a7f32812f3f95f6037fbd3cbbbcc5687882aa35c347ad44da8	expanded_n2401	1.9975051980918284	2401	2401	3003.7468767198525	1.2510399319949406	2.4822220872915486e-06	stellar_center	0.0	0.0	0.35	1	m2p25_c17p5_a0p40_q2p75_i0p05	2.25	2.75	c17p5	17.5	317.159480236321	100	1.0	7.3011756855e-08	70.0	0.03	0.4	128000	2	1	16	jwst_mcfost/runs/strict_continuum_cavity_mass_q_v1/models/m2p25_c17p5_a0p40_q2p75_i0p05/temperature/seed=41001/data_th/Temperature.fits.gz	1bd212f2f54dd8c1701a6064e129ba7fdb5721cb3fe296472433bbdd3b79ec1c	reused_accepted_continuum_temperature_screening_only_not_self_consistent_for_changed_dust	inside_h2o_optical_constants	continuum_reconstruction_not_scored	0.04	0.96	x0p04	0.05	full_h2o	64	ac450a3d5c977eeb84536480e22818dd7aba84958dd163a3186d3d0f1bac3fc4	h2o_selected_x0p04	jwst_mcfost/runs/h2o_3um_abundance_grid_v1/parameters/h2o_x0p04_rt.para	9c4c70e8b4348d36edd1af8b24b37c3ed573b5897459b34c593e173e09e95f0b	selected_h2o_disjoint_dhs_abundance_grid_screening_dust	jwst_mcfost/runs/h2o_3um_abundance_grid_v1/tasks/x0p04/t234_h2o_continuum_blue_q50_n04_s52001	9833f9d8c554eb44111a9d3041c13481ffc5f7ab08844434bad0da5978693e96
235	full_h2o	52001	continuum_support	h2o_continuum_blue_q80		h2o_continuum_blue_q80	h2o_feature_optical_depth	jwst_mcfost/output/h2o_3um_observation_v3/stellar_center_h2o_continuum_lsf_nodes_R2400_v3.tsv	07f25fef793bf100873ab1f963bc44c55e49b0f171865ef57da62eb4db1d56d2	c6f9cd11f9e2002ddbeade7d6456810a273ffb7352bf0b493f1f85e3e15e3c76	2.649991809092044	10	0	0.011257411327720693	Gaussian_in_log_lambda_constant_resolving_power	2400	2.6486525287917937	NIRSpec	G235H	G235H_run01	lambda_F_lambda_W_m-2	F_nu_Jy=lambda_F_lambda*lambda_um*1e20/c_m_s	F_nu_Jy	jwst_mcfost/runs/h2o_3um_method2_screen_v3/anchors/full_h2o/continuum_support/h2o_continuum_blue_q80/node00.lambda	9d18f09890f36c21fecfc44ae15d1fe88b062c99ffe69bd1ae4daefb1696b782	expanded_n2401	1.9975051980918284	2401	2401	3003.7468767198525	1.2510399319949406	2.4822220872915486e-06	stellar_center	0.0	0.0	0.35	1	m2p25_c17p5_a0p40_q2p75_i0p05	2.25	2.75	c17p5	17.5	317.159480236321	100	1.0	7.3011756855e-08	70.0	0.03	0.4	128000	2	1	16	jwst_mcfost/runs/strict_continuum_cavity_mass_q_v1/models/m2p25_c17p5_a0p40_q2p75_i0p05/temperature/seed=41001/data_th/Temperature.fits.gz	1bd212f2f54dd8c1701a6064e129ba7fdb5721cb3fe296472433bbdd3b79ec1c	reused_accepted_continuum_temperature_screening_only_not_self_consistent_for_changed_dust	inside_h2o_optical_constants	continuum_reconstruction_not_scored	0.04	0.96	x0p04	0.05	full_h2o	65	bad525d1f6361a490eb7cf4ab863fd1d472e4a126685ca5f87524cf6d10608a7	h2o_selected_x0p04	jwst_mcfost/runs/h2o_3um_abundance_grid_v1/parameters/h2o_x0p04_rt.para	9c4c70e8b4348d36edd1af8b24b37c3ed573b5897459b34c593e173e09e95f0b	selected_h2o_disjoint_dhs_abundance_grid_screening_dust	jwst_mcfost/runs/h2o_3um_abundance_grid_v1/tasks/x0p04/t235_h2o_continuum_blue_q80_n00_s52001	11de4e6dad932727f03c54d46e4a891310324d7fec48e489d3b5b906e5a37091
236	full_h2o	52001	continuum_support	h2o_continuum_blue_q80		h2o_continuum_blue_q80	h2o_feature_optical_depth	jwst_mcfost/output/h2o_3um_observation_v3/stellar_center_h2o_continuum_lsf_nodes_R2400_v3.tsv	07f25fef793bf100873ab1f963bc44c55e49b0f171865ef57da62eb4db1d56d2	49b3302a9f1bd3eecfc082937cb918be850f6d981dc395d74fe4964b1ee93ace	2.649991809092044	11	1	0.2220759220056126	Gaussian_in_log_lambda_constant_resolving_power	2400	2.6493562390361665	NIRSpec	G235H	G235H_run01	lambda_F_lambda_W_m-2	F_nu_Jy=lambda_F_lambda*lambda_um*1e20/c_m_s	F_nu_Jy	jwst_mcfost/runs/h2o_3um_method2_screen_v3/anchors/full_h2o/continuum_support/h2o_continuum_blue_q80/node01.lambda	08f026c5c305288a8d8d83aae112d3bc1e74ef2b40fb8796ee604c1f9bd956d8	expanded_n2401	1.9975051980918284	2401	2401	3003.7468767198525	1.2510399319949406	2.4822220872915486e-06	stellar_center	0.0	0.0	0.35	1	m2p25_c17p5_a0p40_q2p75_i0p05	2.25	2.75	c17p5	17.5	317.159480236321	100	1.0	7.3011756855e-08	70.0	0.03	0.4	128000	2	1	16	jwst_mcfost/runs/strict_continuum_cavity_mass_q_v1/models/m2p25_c17p5_a0p40_q2p75_i0p05/temperature/seed=41001/data_th/Temperature.fits.gz	1bd212f2f54dd8c1701a6064e129ba7fdb5721cb3fe296472433bbdd3b79ec1c	reused_accepted_continuum_temperature_screening_only_not_self_consistent_for_changed_dust	inside_h2o_optical_constants	continuum_reconstruction_not_scored	0.04	0.96	x0p04	0.05	full_h2o	66	93131890230888e10638d1e65a87d39b9c9aa2fa5efa31cbbbf3cf7e578971a8	h2o_selected_x0p04	jwst_mcfost/runs/h2o_3um_abundance_grid_v1/parameters/h2o_x0p04_rt.para	9c4c70e8b4348d36edd1af8b24b37c3ed573b5897459b34c593e173e09e95f0b	selected_h2o_disjoint_dhs_abundance_grid_screening_dust	jwst_mcfost/runs/h2o_3um_abundance_grid_v1/tasks/x0p04/t236_h2o_continuum_blue_q80_n01_s52001	f91a64602bb53939c48b15122457dee76469c4a9fbcc696ccc316e02134df8c2
237	full_h2o	52001	continuum_support	h2o_continuum_blue_q80		h2o_continuum_blue_q80	h2o_feature_optical_depth	jwst_mcfost/output/h2o_3um_observation_v3/stellar_center_h2o_continuum_lsf_nodes_R2400_v3.tsv	07f25fef793bf100873ab1f963bc44c55e49b0f171865ef57da62eb4db1d56d2	893bb333938fd1da7d2a260030fba579f5baa119dcd31caf5c803dadb4573796	2.649991809092044	12	2	0.53333333333333333	Gaussian_in_log_lambda_constant_resolving_power	2400	2.649991809092044	NIRSpec	G235H	G235H_run01	lambda_F_lambda_W_m-2	F_nu_Jy=lambda_F_lambda*lambda_um*1e20/c_m_s	F_nu_Jy	jwst_mcfost/runs/h2o_3um_method2_screen_v3/anchors/full_h2o/continuum_support/h2o_continuum_blue_q80/node02.lambda	e1c7b3832787a15afc6d4999881341ec18cfc666e70d3224d5b183584b95f689	expanded_n2401	1.9975051980918284	2401	2401	3003.7468767198525	1.2510399319949406	2.4822220872915486e-06	stellar_center	0.0	0.0	0.35	1	m2p25_c17p5_a0p40_q2p75_i0p05	2.25	2.75	c17p5	17.5	317.159480236321	100	1.0	7.3011756855e-08	70.0	0.03	0.4	128000	2	1	16	jwst_mcfost/runs/strict_continuum_cavity_mass_q_v1/models/m2p25_c17p5_a0p40_q2p75_i0p05/temperature/seed=41001/data_th/Temperature.fits.gz	1bd212f2f54dd8c1701a6064e129ba7fdb5721cb3fe296472433bbdd3b79ec1c	reused_accepted_continuum_temperature_screening_only_not_self_consistent_for_changed_dust	inside_h2o_optical_constants	continuum_reconstruction_not_scored	0.04	0.96	x0p04	0.05	full_h2o	67	b82439170e5f4ceec87337cc747c1a4f62743dc3dce3dbe09b177ec990a8af91	h2o_selected_x0p04	jwst_mcfost/runs/h2o_3um_abundance_grid_v1/parameters/h2o_x0p04_rt.para	9c4c70e8b4348d36edd1af8b24b37c3ed573b5897459b34c593e173e09e95f0b	selected_h2o_disjoint_dhs_abundance_grid_screening_dust	jwst_mcfost/runs/h2o_3um_abundance_grid_v1/tasks/x0p04/t237_h2o_continuum_blue_q80_n02_s52001	589cd190817a562eb71a859cb347061ed895b89eb7202f451c427d84c7f429f5
238	full_h2o	52001	continuum_support	h2o_continuum_blue_q80		h2o_continuum_blue_q80	h2o_feature_optical_depth	jwst_mcfost/output/h2o_3um_observation_v3/stellar_center_h2o_continuum_lsf_nodes_R2400_v3.tsv	07f25fef793bf100873ab1f963bc44c55e49b0f171865ef57da62eb4db1d56d2	68d39365e9c88df020529999ad310dee94114967340df38ec254814551feed76	2.649991809092044	13	3	0.2220759220056126	Gaussian_in_log_lambda_constant_resolving_power	2400	2.6506275316186576	NIRSpec	G235H	G235H_run01	lambda_F_lambda_W_m-2	F_nu_Jy=lambda_F_lambda*lambda_um*1e20/c_m_s	F_nu_Jy	jwst_mcfost/runs/h2o_3um_method2_screen_v3/anchors/full_h2o/continuum_support/h2o_continuum_blue_q80/node03.lambda	fea3f351722c59071cda3888e41ff6d833ab17625a17cd80168d786db328dcc0	expanded_n2401	1.9975051980918284	2401	2401	3003.7468767198525	1.2510399319949406	2.4822220872915486e-06	stellar_center	0.0	0.0	0.35	1	m2p25_c17p5_a0p40_q2p75_i0p05	2.25	2.75	c17p5	17.5	317.159480236321	100	1.0	7.3011756855e-08	70.0	0.03	0.4	128000	2	1	16	jwst_mcfost/runs/strict_continuum_cavity_mass_q_v1/models/m2p25_c17p5_a0p40_q2p75_i0p05/temperature/seed=41001/data_th/Temperature.fits.gz	1bd212f2f54dd8c1701a6064e129ba7fdb5721cb3fe296472433bbdd3b79ec1c	reused_accepted_continuum_temperature_screening_only_not_self_consistent_for_changed_dust	inside_h2o_optical_constants	continuum_reconstruction_not_scored	0.04	0.96	x0p04	0.05	full_h2o	68	2d57526a282c35b640abacb42ab4c762d7db8bff6a86684e71c0e0ccec752528	h2o_selected_x0p04	jwst_mcfost/runs/h2o_3um_abundance_grid_v1/parameters/h2o_x0p04_rt.para	9c4c70e8b4348d36edd1af8b24b37c3ed573b5897459b34c593e173e09e95f0b	selected_h2o_disjoint_dhs_abundance_grid_screening_dust	jwst_mcfost/runs/h2o_3um_abundance_grid_v1/tasks/x0p04/t238_h2o_continuum_blue_q80_n03_s52001	45ae4b76b5f4d5cbc627f6e19399dc6b731b5e8fbc11ece2e696680c8d5e0641
239	full_h2o	52001	continuum_support	h2o_continuum_blue_q80		h2o_continuum_blue_q80	h2o_feature_optical_depth	jwst_mcfost/output/h2o_3um_observation_v3/stellar_center_h2o_continuum_lsf_nodes_R2400_v3.tsv	07f25fef793bf100873ab1f963bc44c55e49b0f171865ef57da62eb4db1d56d2	f23d4d12c62f5797076d63362fbd65c06c34d9ebd3507487b8d7825116f521f6	2.649991809092044	14	4	0.011257411327720693	Gaussian_in_log_lambda_constant_resolving_power	2400	2.6513317665938914	NIRSpec	G235H	G235H_run01	lambda_F_lambda_W_m-2	F_nu_Jy=lambda_F_lambda*lambda_um*1e20/c_m_s	F_nu_Jy	jwst_mcfost/runs/h2o_3um_method2_screen_v3/anchors/full_h2o/continuum_support/h2o_continuum_blue_q80/node04.lambda	acc1b26bf00f5ec96326cf2bdbf0e14c37f1f7c563dbd3fdd9d4ac592ef2d570	expanded_n2401	1.9975051980918284	2401	2401	3003.7468767198525	1.2510399319949406	2.4822220872915486e-06	stellar_center	0.0	0.0	0.35	1	m2p25_c17p5_a0p40_q2p75_i0p05	2.25	2.75	c17p5	17.5	317.159480236321	100	1.0	7.3011756855e-08	70.0	0.03	0.4	128000	2	1	16	jwst_mcfost/runs/strict_continuum_cavity_mass_q_v1/models/m2p25_c17p5_a0p40_q2p75_i0p05/temperature/seed=41001/data_th/Temperature.fits.gz	1bd212f2f54dd8c1701a6064e129ba7fdb5721cb3fe296472433bbdd3b79ec1c	reused_accepted_continuum_temperature_screening_only_not_self_consistent_for_changed_dust	inside_h2o_optical_constants	continuum_reconstruction_not_scored	0.04	0.96	x0p04	0.05	full_h2o	69	af883f14653c6729bde1876a362178fbf9b6958231eaa64d7be57935e59f2d37	h2o_selected_x0p04	jwst_mcfost/runs/h2o_3um_abundance_grid_v1/parameters/h2o_x0p04_rt.para	9c4c70e8b4348d36edd1af8b24b37c3ed573b5897459b34c593e173e09e95f0b	selected_h2o_disjoint_dhs_abundance_grid_screening_dust	jwst_mcfost/runs/h2o_3um_abundance_grid_v1/tasks/x0p04/t239_h2o_continuum_blue_q80_n04_s52001	a0c7d54902e0e2394c3f73c41aba1af11b6dd17e961caca0adaf644e3ee71c15
240	full_h2o	52001	continuum_support	h2o_continuum_red_q20		h2o_continuum_red_q20	h2o_feature_optical_depth	jwst_mcfost/output/h2o_3um_observation_v3/stellar_center_h2o_continuum_lsf_nodes_R2400_v3.tsv	07f25fef793bf100873ab1f963bc44c55e49b0f171865ef57da62eb4db1d56d2	384dcae0e9fa6a6629717ba395d8b6b7103b993f408c2882f73cf3590833f026	3.549182441347746	15	0	0.011257411327720693	Gaussian_in_log_lambda_constant_resolving_power	2400	3.5473887187749509	NIRSpec	G395H	G395H_run00	lambda_F_lambda_W_m-2	F_nu_Jy=lambda_F_lambda*lambda_um*1e20/c_m_s	F_nu_Jy	jwst_mcfost/runs/h2o_3um_method2_screen_v3/anchors/full_h2o/continuum_support/h2o_continuum_red_q20/node00.lambda	547f75c04262e6b2ae7b8cd968e6f07d218d3529d82fe4c5ace5720b4a1f0076	expanded_n2401	1.9975051980918284	2401	2401	3003.7468767198525	1.2510399319949406	2.4822220872915486e-06	stellar_center	0.0	0.0	0.35	1	m2p25_c17p5_a0p40_q2p75_i0p05	2.25	2.75	c17p5	17.5	317.159480236321	100	1.0	7.3011756855e-08	70.0	0.03	0.4	128000	2	1	16	jwst_mcfost/runs/strict_continuum_cavity_mass_q_v1/models/m2p25_c17p5_a0p40_q2p75_i0p05/temperature/seed=41001/data_th/Temperature.fits.gz	1bd212f2f54dd8c1701a6064e129ba7fdb5721cb3fe296472433bbdd3b79ec1c	reused_accepted_continuum_temperature_screening_only_not_self_consistent_for_changed_dust	inside_h2o_optical_constants	continuum_reconstruction_not_scored	0.04	0.96	x0p04	0.05	full_h2o	70	bc6f2a106db76ae728db9368621566d3e888323a870476c5455a6926a14a5176	h2o_selected_x0p04	jwst_mcfost/runs/h2o_3um_abundance_grid_v1/parameters/h2o_x0p04_rt.para	9c4c70e8b4348d36edd1af8b24b37c3ed573b5897459b34c593e173e09e95f0b	selected_h2o_disjoint_dhs_abundance_grid_screening_dust	jwst_mcfost/runs/h2o_3um_abundance_grid_v1/tasks/x0p04/t240_h2o_continuum_red_q20_n00_s52001	c3376944b0f843ee337171f13ac3cc7d07982a8c5e9cbd9b1b32cd48d4e649a8
241	full_h2o	52001	continuum_support	h2o_continuum_red_q20		h2o_continuum_red_q20	h2o_feature_optical_depth	jwst_mcfost/output/h2o_3um_observation_v3/stellar_center_h2o_continuum_lsf_nodes_R2400_v3.tsv	07f25fef793bf100873ab1f963bc44c55e49b0f171865ef57da62eb4db1d56d2	c43196ba2e6cd5e60309458a2418767efcfedf050a9f6b4f237b700b4d3db65f	3.549182441347746	16	1	0.2220759220056126	Gaussian_in_log_lambda_constant_resolving_power	2400	3.5483312107609843	NIRSpec	G395H	G395H_run00	lambda_F_lambda_W_m-2	F_nu_Jy=lambda_F_lambda*lambda_um*1e20/c_m_s	F_nu_Jy	jwst_mcfost/runs/h2o_3um_method2_screen_v3/anchors/full_h2o/continuum_support/h2o_continuum_red_q20/node01.lambda	bfd5fd80b017167f7032355f954eca74c7db08bf049d32191a1c6a895c1e76db	expanded_n2401	1.9975051980918284	2401	2401	3003.7468767198525	1.2510399319949406	2.4822220872915486e-06	stellar_center	0.0	0.0	0.35	1	m2p25_c17p5_a0p40_q2p75_i0p05	2.25	2.75	c17p5	17.5	317.159480236321	100	1.0	7.3011756855e-08	70.0	0.03	0.4	128000	2	1	16	jwst_mcfost/runs/strict_continuum_cavity_mass_q_v1/models/m2p25_c17p5_a0p40_q2p75_i0p05/temperature/seed=41001/data_th/Temperature.fits.gz	1bd212f2f54dd8c1701a6064e129ba7fdb5721cb3fe296472433bbdd3b79ec1c	reused_accepted_continuum_temperature_screening_only_not_self_consistent_for_changed_dust	inside_h2o_optical_constants	continuum_reconstruction_not_scored	0.04	0.96	x0p04	0.05	full_h2o	71	680c4735cd8bd92357de8d8e4dfedd3dd634d6e23d8742b2d89e30fb049a85f2	h2o_selected_x0p04	jwst_mcfost/runs/h2o_3um_abundance_grid_v1/parameters/h2o_x0p04_rt.para	9c4c70e8b4348d36edd1af8b24b37c3ed573b5897459b34c593e173e09e95f0b	selected_h2o_disjoint_dhs_abundance_grid_screening_dust	jwst_mcfost/runs/h2o_3um_abundance_grid_v1/tasks/x0p04/t241_h2o_continuum_red_q20_n01_s52001	88dbe71ecbbccfd40656cf548c6ad8eeafd16019ff0ffe0aefee1dcaffb3ed30
242	full_h2o	52001	continuum_support	h2o_continuum_red_q20		h2o_continuum_red_q20	h2o_feature_optical_depth	jwst_mcfost/output/h2o_3um_observation_v3/stellar_center_h2o_continuum_lsf_nodes_R2400_v3.tsv	07f25fef793bf100873ab1f963bc44c55e49b0f171865ef57da62eb4db1d56d2	d187e663a6dde07bff9f6652e8498f09c0dff8f6b02d93bb44b01a4a963bfa3f	3.549182441347746	17	2	0.53333333333333333	Gaussian_in_log_lambda_constant_resolving_power	2400	3.549182441347746	NIRSpec	G395H	G395H_run00	lambda_F_lambda_W_m-2	F_nu_Jy=lambda_F_lambda*lambda_um*1e20/c_m_s	F_nu_Jy	jwst_mcfost/runs/h2o_3um_method2_screen_v3/anchors/full_h2o/continuum_support/h2o_continuum_red_q20/node02.lambda	8357429de9ad63cd1f793ad6f75351717c66ee992861eebebcddda0c2e0e0c6c	expanded_n2401	1.9975051980918284	2401	2401	3003.7468767198525	1.2510399319949406	2.4822220872915486e-06	stellar_center	0.0	0.0	0.35	1	m2p25_c17p5_a0p40_q2p75_i0p05	2.25	2.75	c17p5	17.5	317.159480236321	100	1.0	7.3011756855e-08	70.0	0.03	0.4	128000	2	1	16	jwst_mcfost/runs/strict_continuum_cavity_mass_q_v1/models/m2p25_c17p5_a0p40_q2p75_i0p05/temperature/seed=41001/data_th/Temperature.fits.gz	1bd212f2f54dd8c1701a6064e129ba7fdb5721cb3fe296472433bbdd3b79ec1c	reused_accepted_continuum_temperature_screening_only_not_self_consistent_for_changed_dust	inside_h2o_optical_constants	continuum_reconstruction_not_scored	0.04	0.96	x0p04	0.05	full_h2o	72	d940bf11af4293cb7dd43610890de87f2b57f3dae235fa18419c4c7e2ed76b24	h2o_selected_x0p04	jwst_mcfost/runs/h2o_3um_abundance_grid_v1/parameters/h2o_x0p04_rt.para	9c4c70e8b4348d36edd1af8b24b37c3ed573b5897459b34c593e173e09e95f0b	selected_h2o_disjoint_dhs_abundance_grid_screening_dust	jwst_mcfost/runs/h2o_3um_abundance_grid_v1/tasks/x0p04/t242_h2o_continuum_red_q20_n02_s52001	83103521441d9bd9442c02563991ba43b9d1343a084e2d65ef1205181ca8ace5
243	full_h2o	52001	continuum_support	h2o_continuum_red_q20		h2o_continuum_red_q20	h2o_feature_optical_depth	jwst_mcfost/output/h2o_3um_observation_v3/stellar_center_h2o_continuum_lsf_nodes_R2400_v3.tsv	07f25fef793bf100873ab1f963bc44c55e49b0f171865ef57da62eb4db1d56d2	2901320e44664d37a6d4a76dddc133232c662e0b418d73f4e5ab24d64b4f514e	3.549182441347746	18	3	0.2220759220056126	Gaussian_in_log_lambda_constant_resolving_power	2400	3.5500338761413497	NIRSpec	G395H	G395H_run00	lambda_F_lambda_W_m-2	F_nu_Jy=lambda_F_lambda*lambda_um*1e20/c_m_s	F_nu_Jy	jwst_mcfost/runs/h2o_3um_method2_screen_v3/anchors/full_h2o/continuum_support/h2o_continuum_red_q20/node03.lambda	a693775c3051c6c8566f00577ba031040c6af5a3755f76c748eac79b22d155f3	expanded_n2401	1.9975051980918284	2401	2401	3003.7468767198525	1.2510399319949406	2.4822220872915486e-06	stellar_center	0.0	0.0	0.35	1	m2p25_c17p5_a0p40_q2p75_i0p05	2.25	2.75	c17p5	17.5	317.159480236321	100	1.0	7.3011756855e-08	70.0	0.03	0.4	128000	2	1	16	jwst_mcfost/runs/strict_continuum_cavity_mass_q_v1/models/m2p25_c17p5_a0p40_q2p75_i0p05/temperature/seed=41001/data_th/Temperature.fits.gz	1bd212f2f54dd8c1701a6064e129ba7fdb5721cb3fe296472433bbdd3b79ec1c	reused_accepted_continuum_temperature_screening_only_not_self_consistent_for_changed_dust	inside_h2o_optical_constants	continuum_reconstruction_not_scored	0.04	0.96	x0p04	0.05	full_h2o	73	a79c62ff15fd8c7f25c8219dce902430023136e02fe7c47a04c1314a25ed676c	h2o_selected_x0p04	jwst_mcfost/runs/h2o_3um_abundance_grid_v1/parameters/h2o_x0p04_rt.para	9c4c70e8b4348d36edd1af8b24b37c3ed573b5897459b34c593e173e09e95f0b	selected_h2o_disjoint_dhs_abundance_grid_screening_dust	jwst_mcfost/runs/h2o_3um_abundance_grid_v1/tasks/x0p04/t243_h2o_continuum_red_q20_n03_s52001	8fa113f0a3540e5c0a213018338e3e04b524e8338ad9179ab1964b95ec29e9de
244	full_h2o	52001	continuum_support	h2o_continuum_red_q20		h2o_continuum_red_q20	h2o_feature_optical_depth	jwst_mcfost/output/h2o_3um_observation_v3/stellar_center_h2o_continuum_lsf_nodes_R2400_v3.tsv	07f25fef793bf100873ab1f963bc44c55e49b0f171865ef57da62eb4db1d56d2	65ed4be81c375a9572cece9084376a70face3d0c69eb0ae67b48a8d90ecbd4fe	3.549182441347746	19	4	0.011257411327720693	Gaussian_in_log_lambda_constant_resolving_power	2400	3.550977070909012	NIRSpec	G395H	G395H_run00	lambda_F_lambda_W_m-2	F_nu_Jy=lambda_F_lambda*lambda_um*1e20/c_m_s	F_nu_Jy	jwst_mcfost/runs/h2o_3um_method2_screen_v3/anchors/full_h2o/continuum_support/h2o_continuum_red_q20/node04.lambda	5125f5fb9a4e7f9e49be883c313263dfdbd3819595c48403dfae31ea65b66031	expanded_n2401	1.9975051980918284	2401	2401	3003.7468767198525	1.2510399319949406	2.4822220872915486e-06	stellar_center	0.0	0.0	0.35	1	m2p25_c17p5_a0p40_q2p75_i0p05	2.25	2.75	c17p5	17.5	317.159480236321	100	1.0	7.3011756855e-08	70.0	0.03	0.4	128000	2	1	16	jwst_mcfost/runs/strict_continuum_cavity_mass_q_v1/models/m2p25_c17p5_a0p40_q2p75_i0p05/temperature/seed=41001/data_th/Temperature.fits.gz	1bd212f2f54dd8c1701a6064e129ba7fdb5721cb3fe296472433bbdd3b79ec1c	reused_accepted_continuum_temperature_screening_only_not_self_consistent_for_changed_dust	inside_h2o_optical_constants	continuum_reconstruction_not_scored	0.04	0.96	x0p04	0.05	full_h2o	74	fb322f25db916d2dd0370f5a41319b606222020d96a566ccb803f25eb90e153c	h2o_selected_x0p04	jwst_mcfost/runs/h2o_3um_abundance_grid_v1/parameters/h2o_x0p04_rt.para	9c4c70e8b4348d36edd1af8b24b37c3ed573b5897459b34c593e173e09e95f0b	selected_h2o_disjoint_dhs_abundance_grid_screening_dust	jwst_mcfost/runs/h2o_3um_abundance_grid_v1/tasks/x0p04/t244_h2o_continuum_red_q20_n04_s52001	1cecde44ccb9f55808d611b8feb36e2a167488ae7ee5d004ee5c965ab783a706
245	full_h2o	52001	continuum_support	h2o_continuum_red_q50		h2o_continuum_red_q50	h2o_feature_optical_depth	jwst_mcfost/output/h2o_3um_observation_v3/stellar_center_h2o_continuum_lsf_nodes_R2400_v3.tsv	07f25fef793bf100873ab1f963bc44c55e49b0f171865ef57da62eb4db1d56d2	3e6ad4a49e70e366230d387244898131aaf6dae1d946be761f0ada5397bd3464	3.5744323010028149	20	0	0.011257411327720693	Gaussian_in_log_lambda_constant_resolving_power	2400	3.5726258173944934	NIRSpec	G395H	G395H_run00	lambda_F_lambda_W_m-2	F_nu_Jy=lambda_F_lambda*lambda_um*1e20/c_m_s	F_nu_Jy	jwst_mcfost/runs/h2o_3um_method2_screen_v3/anchors/full_h2o/continuum_support/h2o_continuum_red_q50/node00.lambda	056d085f2250246eda617755302a06563ff339f5a0859cd1f7c37d52fe9e89b1	expanded_n2401	1.9975051980918284	2401	2401	3003.7468767198525	1.2510399319949406	2.4822220872915486e-06	stellar_center	0.0	0.0	0.35	1	m2p25_c17p5_a0p40_q2p75_i0p05	2.25	2.75	c17p5	17.5	317.159480236321	100	1.0	7.3011756855e-08	70.0	0.03	0.4	128000	2	1	16	jwst_mcfost/runs/strict_continuum_cavity_mass_q_v1/models/m2p25_c17p5_a0p40_q2p75_i0p05/temperature/seed=41001/data_th/Temperature.fits.gz	1bd212f2f54dd8c1701a6064e129ba7fdb5721cb3fe296472433bbdd3b79ec1c	reused_accepted_continuum_temperature_screening_only_not_self_consistent_for_changed_dust	inside_h2o_optical_constants	continuum_reconstruction_not_scored	0.04	0.96	x0p04	0.05	full_h2o	75	188931530bd7276533d5d54b2ba034eb03d62c355bbcaa9fadca2b24365f525b	h2o_selected_x0p04	jwst_mcfost/runs/h2o_3um_abundance_grid_v1/parameters/h2o_x0p04_rt.para	9c4c70e8b4348d36edd1af8b24b37c3ed573b5897459b34c593e173e09e95f0b	selected_h2o_disjoint_dhs_abundance_grid_screening_dust	jwst_mcfost/runs/h2o_3um_abundance_grid_v1/tasks/x0p04/t245_h2o_continuum_red_q50_n00_s52001	5b439006380b31252d9da7f286658b3ca9545ae4cd8022a9ecf58cf9f4082335
246	full_h2o	52001	continuum_support	h2o_continuum_red_q50		h2o_continuum_red_q50	h2o_feature_optical_depth	jwst_mcfost/output/h2o_3um_observation_v3/stellar_center_h2o_continuum_lsf_nodes_R2400_v3.tsv	07f25fef793bf100873ab1f963bc44c55e49b0f171865ef57da62eb4db1d56d2	9b9ec480202ec5154923505ed6383d434d12c2fff379606a9c0024b93ebae87f	3.5744323010028149	21	1	0.2220759220056126	Gaussian_in_log_lambda_constant_resolving_power	2400	3.5735750145276324	NIRSpec	G395H	G395H_run00	lambda_F_lambda_W_m-2	F_nu_Jy=lambda_F_lambda*lambda_um*1e20/c_m_s	F_nu_Jy	jwst_mcfost/runs/h2o_3um_method2_screen_v3/anchors/full_h2o/continuum_support/h2o_continuum_red_q50/node01.lambda	8662342337a6bec65683e86fa2b2a979225e52abf507e242e1025ff10420b635	expanded_n2401	1.9975051980918284	2401	2401	3003.7468767198525	1.2510399319949406	2.4822220872915486e-06	stellar_center	0.0	0.0	0.35	1	m2p25_c17p5_a0p40_q2p75_i0p05	2.25	2.75	c17p5	17.5	317.159480236321	100	1.0	7.3011756855e-08	70.0	0.03	0.4	128000	2	1	16	jwst_mcfost/runs/strict_continuum_cavity_mass_q_v1/models/m2p25_c17p5_a0p40_q2p75_i0p05/temperature/seed=41001/data_th/Temperature.fits.gz	1bd212f2f54dd8c1701a6064e129ba7fdb5721cb3fe296472433bbdd3b79ec1c	reused_accepted_continuum_temperature_screening_only_not_self_consistent_for_changed_dust	inside_h2o_optical_constants	continuum_reconstruction_not_scored	0.04	0.96	x0p04	0.05	full_h2o	76	3c87e5ee6a641af81158d79dff2f641e1695874da27ecedd782dcaa6e775a9dd	h2o_selected_x0p04	jwst_mcfost/runs/h2o_3um_abundance_grid_v1/parameters/h2o_x0p04_rt.para	9c4c70e8b4348d36edd1af8b24b37c3ed573b5897459b34c593e173e09e95f0b	selected_h2o_disjoint_dhs_abundance_grid_screening_dust	jwst_mcfost/runs/h2o_3um_abundance_grid_v1/tasks/x0p04/t246_h2o_continuum_red_q50_n01_s52001	189a94dd50b50af58442e4f6c063a3f40f4ab2c706485aeac8cacda68a139982
247	full_h2o	52001	continuum_support	h2o_continuum_red_q50		h2o_continuum_red_q50	h2o_feature_optical_depth	jwst_mcfost/output/h2o_3um_observation_v3/stellar_center_h2o_continuum_lsf_nodes_R2400_v3.tsv	07f25fef793bf100873ab1f963bc44c55e49b0f171865ef57da62eb4db1d56d2	0c12ceff0a9cceec18551b835b18d1efb88f1220a11c5efa034c826745f3ce84	3.5744323010028149	22	2	0.53333333333333333	Gaussian_in_log_lambda_constant_resolving_power	2400	3.5744323010028149	NIRSpec	G395H	G395H_run00	lambda_F_lambda_W_m-2	F_nu_Jy=lambda_F_lambda*lambda_um*1e20/c_m_s	F_nu_Jy	jwst_mcfost/runs/h2o_3um_method2_screen_v3/anchors/full_h2o/continuum_support/h2o_continuum_red_q50/node02.lambda	6e1d7a4449544f7c599611a3f686861c29391687e12a2d6688b12a50c3dd67df	expanded_n2401	1.9975051980918284	2401	2401	3003.7468767198525	1.2510399319949406	2.4822220872915486e-06	stellar_center	0.0	0.0	0.35	1	m2p25_c17p5_a0p40_q2p75_i0p05	2.25	2.75	c17p5	17.5	317.159480236321	100	1.0	7.3011756855e-08	70.0	0.03	0.4	128000	2	1	16	jwst_mcfost/runs/strict_continuum_cavity_mass_q_v1/models/m2p25_c17p5_a0p40_q2p75_i0p05/temperature/seed=41001/data_th/Temperature.fits.gz	1bd212f2f54dd8c1701a6064e129ba7fdb5721cb3fe296472433bbdd3b79ec1c	reused_accepted_continuum_temperature_screening_only_not_self_consistent_for_changed_dust	inside_h2o_optical_constants	continuum_reconstruction_not_scored	0.04	0.96	x0p04	0.05	full_h2o	77	f95ca514e77b48a2e2e33ce2da4e9bc28ce8cafae09445e8b0ff9c66fb8d8ad4	h2o_selected_x0p04	jwst_mcfost/runs/h2o_3um_abundance_grid_v1/parameters/h2o_x0p04_rt.para	9c4c70e8b4348d36edd1af8b24b37c3ed573b5897459b34c593e173e09e95f0b	selected_h2o_disjoint_dhs_abundance_grid_screening_dust	jwst_mcfost/runs/h2o_3um_abundance_grid_v1/tasks/x0p04/t247_h2o_continuum_red_q50_n02_s52001	c583b9ae2c860792083202cd7fff5f57d6cfce0c175197ee515d402677b9afec
248	full_h2o	52001	continuum_support	h2o_continuum_red_q50		h2o_continuum_red_q50	h2o_feature_optical_depth	jwst_mcfost/output/h2o_3um_observation_v3/stellar_center_h2o_continuum_lsf_nodes_R2400_v3.tsv	07f25fef793bf100873ab1f963bc44c55e49b0f171865ef57da62eb4db1d56d2	bcfedd1102a24c210bea917faa428d662e661ce5fdfeac992bcff83a34207d1d	3.5744323010028149	23	3	0.2220759220056126	Gaussian_in_log_lambda_constant_resolving_power	2400	3.5752897931376233	NIRSpec	G395H	G395H_run00	lambda_F_lambda_W_m-2	F_nu_Jy=lambda_F_lambda*lambda_um*1e20/c_m_s	F_nu_Jy	jwst_mcfost/runs/h2o_3um_method2_screen_v3/anchors/full_h2o/continuum_support/h2o_continuum_red_q50/node03.lambda	09fe7051a3c425ef2a877f74c26ad7cfb24edc8806b961ec97ebd988f5e0a5b8	expanded_n2401	1.9975051980918284	2401	2401	3003.7468767198525	1.2510399319949406	2.4822220872915486e-06	stellar_center	0.0	0.0	0.35	1	m2p25_c17p5_a0p40_q2p75_i0p05	2.25	2.75	c17p5	17.5	317.159480236321	100	1.0	7.3011756855e-08	70.0	0.03	0.4	128000	2	1	16	jwst_mcfost/runs/strict_continuum_cavity_mass_q_v1/models/m2p25_c17p5_a0p40_q2p75_i0p05/temperature/seed=41001/data_th/Temperature.fits.gz	1bd212f2f54dd8c1701a6064e129ba7fdb5721cb3fe296472433bbdd3b79ec1c	reused_accepted_continuum_temperature_screening_only_not_self_consistent_for_changed_dust	inside_h2o_optical_constants	continuum_reconstruction_not_scored	0.04	0.96	x0p04	0.05	full_h2o	78	af962128b5b115f4f7c49ecd49f5375cefef85811fe722b0834a1356d295c08d	h2o_selected_x0p04	jwst_mcfost/runs/h2o_3um_abundance_grid_v1/parameters/h2o_x0p04_rt.para	9c4c70e8b4348d36edd1af8b24b37c3ed573b5897459b34c593e173e09e95f0b	selected_h2o_disjoint_dhs_abundance_grid_screening_dust	jwst_mcfost/runs/h2o_3um_abundance_grid_v1/tasks/x0p04/t248_h2o_continuum_red_q50_n03_s52001	2a69605f17679e777aaa659d7edb64e83ff0aa7e778d51d748df1ce7f190d82e
249	full_h2o	52001	continuum_support	h2o_continuum_red_q50		h2o_continuum_red_q50	h2o_feature_optical_depth	jwst_mcfost/output/h2o_3um_observation_v3/stellar_center_h2o_continuum_lsf_nodes_R2400_v3.tsv	07f25fef793bf100873ab1f963bc44c55e49b0f171865ef57da62eb4db1d56d2	e1bacb70151dfbbef937eb34a233b6d941142b9eafcf7cb86efa34a5c2a68e1e	3.5744323010028149	24	4	0.011257411327720693	Gaussian_in_log_lambda_constant_resolving_power	2400	3.5762396980521727	NIRSpec	G395H	G395H_run00	lambda_F_lambda_W_m-2	F_nu_Jy=lambda_F_lambda*lambda_um*1e20/c_m_s	F_nu_Jy	jwst_mcfost/runs/h2o_3um_method2_screen_v3/anchors/full_h2o/continuum_support/h2o_continuum_red_q50/node04.lambda	f71150b37566b5185b79f6734bd1a71f7bd353245af44633b159b157e95eaadc	expanded_n2401	1.9975051980918284	2401	2401	3003.7468767198525	1.2510399319949406	2.4822220872915486e-06	stellar_center	0.0	0.0	0.35	1	m2p25_c17p5_a0p40_q2p75_i0p05	2.25	2.75	c17p5	17.5	317.159480236321	100	1.0	7.3011756855e-08	70.0	0.03	0.4	128000	2	1	16	jwst_mcfost/runs/strict_continuum_cavity_mass_q_v1/models/m2p25_c17p5_a0p40_q2p75_i0p05/temperature/seed=41001/data_th/Temperature.fits.gz	1bd212f2f54dd8c1701a6064e129ba7fdb5721cb3fe296472433bbdd3b79ec1c	reused_accepted_continuum_temperature_screening_only_not_self_consistent_for_changed_dust	inside_h2o_optical_constants	continuum_reconstruction_not_scored	0.04	0.96	x0p04	0.05	full_h2o	79	3505ac40319887f52ed28ca5d4153c53e02187fd33592708239b3bee1de51184	h2o_selected_x0p04	jwst_mcfost/runs/h2o_3um_abundance_grid_v1/parameters/h2o_x0p04_rt.para	9c4c70e8b4348d36edd1af8b24b37c3ed573b5897459b34c593e173e09e95f0b	selected_h2o_disjoint_dhs_abundance_grid_screening_dust	jwst_mcfost/runs/h2o_3um_abundance_grid_v1/tasks/x0p04/t249_h2o_continuum_red_q50_n04_s52001	b4571851c9732967f315854cfb5db8796d8fce8b0e77db6491358dc877e32684
250	full_h2o	52001	continuum_support	h2o_continuum_red_q80		h2o_continuum_red_q80	h2o_feature_optical_depth	jwst_mcfost/output/h2o_3um_observation_v3/stellar_center_h2o_continuum_lsf_nodes_R2400_v3.tsv	07f25fef793bf100873ab1f963bc44c55e49b0f171865ef57da62eb4db1d56d2	d70aa29fb4ea21d5908761d82bea4d3e1da4c77fef1b24169f8a444de963ab64	3.5984826141459596	25	0	0.011257411327720693	Gaussian_in_log_lambda_constant_resolving_power	2400	3.596663975741349	NIRSpec	G395H	G395H_run00	lambda_F_lambda_W_m-2	F_nu_Jy=lambda_F_lambda*lambda_um*1e20/c_m_s	F_nu_Jy	jwst_mcfost/runs/h2o_3um_method2_screen_v3/anchors/full_h2o/continuum_support/h2o_continuum_red_q80/node00.lambda	29d9c513b9896376024c9b0c5295a25dc2b1db15db1a3f43b7d80138d7a95697	expanded_n2401	1.9975051980918284	2401	2401	3003.7468767198525	1.2510399319949406	2.4822220872915486e-06	stellar_center	0.0	0.0	0.35	1	m2p25_c17p5_a0p40_q2p75_i0p05	2.25	2.75	c17p5	17.5	317.159480236321	100	1.0	7.3011756855e-08	70.0	0.03	0.4	128000	2	1	16	jwst_mcfost/runs/strict_continuum_cavity_mass_q_v1/models/m2p25_c17p5_a0p40_q2p75_i0p05/temperature/seed=41001/data_th/Temperature.fits.gz	1bd212f2f54dd8c1701a6064e129ba7fdb5721cb3fe296472433bbdd3b79ec1c	reused_accepted_continuum_temperature_screening_only_not_self_consistent_for_changed_dust	inside_h2o_optical_constants	continuum_reconstruction_not_scored	0.04	0.96	x0p04	0.05	full_h2o	80	12a7c08612fea913a6c7da100718388b0d88b48d3e9fb470ebedd416d95f543e	h2o_selected_x0p04	jwst_mcfost/runs/h2o_3um_abundance_grid_v1/parameters/h2o_x0p04_rt.para	9c4c70e8b4348d36edd1af8b24b37c3ed573b5897459b34c593e173e09e95f0b	selected_h2o_disjoint_dhs_abundance_grid_screening_dust	jwst_mcfost/runs/h2o_3um_abundance_grid_v1/tasks/x0p04/t250_h2o_continuum_red_q80_n00_s52001	f63e62e15e9d1d03fd7f80af3347f59d7811e29d0db16bd6e374e3e4c4f8c237
251	full_h2o	52001	continuum_support	h2o_continuum_red_q80		h2o_continuum_red_q80	h2o_feature_optical_depth	jwst_mcfost/output/h2o_3um_observation_v3/stellar_center_h2o_continuum_lsf_nodes_R2400_v3.tsv	07f25fef793bf100873ab1f963bc44c55e49b0f171865ef57da62eb4db1d56d2	51845001fd052f77ff131bfe5add583f0808dced08ad985ecc074ad4b114128d	3.5984826141459596	26	1	0.2220759220056126	Gaussian_in_log_lambda_constant_resolving_power	2400	3.5976195594797904	NIRSpec	G395H	G395H_run00	lambda_F_lambda_W_m-2	F_nu_Jy=lambda_F_lambda*lambda_um*1e20/c_m_s	F_nu_Jy	jwst_mcfost/runs/h2o_3um_method2_screen_v3/anchors/full_h2o/continuum_support/h2o_continuum_red_q80/node01.lambda	0e21ecea7300de0a014e435084d59b3f5937d8af1dfa03a7fec15b5ff98e8ef0	expanded_n2401	1.9975051980918284	2401	2401	3003.7468767198525	1.2510399319949406	2.4822220872915486e-06	stellar_center	0.0	0.0	0.35	1	m2p25_c17p5_a0p40_q2p75_i0p05	2.25	2.75	c17p5	17.5	317.159480236321	100	1.0	7.3011756855e-08	70.0	0.03	0.4	128000	2	1	16	jwst_mcfost/runs/strict_continuum_cavity_mass_q_v1/models/m2p25_c17p5_a0p40_q2p75_i0p05/temperature/seed=41001/data_th/Temperature.fits.gz	1bd212f2f54dd8c1701a6064e129ba7fdb5721cb3fe296472433bbdd3b79ec1c	reused_accepted_continuum_temperature_screening_only_not_self_consistent_for_changed_dust	inside_h2o_optical_constants	continuum_reconstruction_not_scored	0.04	0.96	x0p04	0.05	full_h2o	81	1ed0b204dacb4abb88e74347d54abea79a62386c71a69eb7246a1b35572b9a83	h2o_selected_x0p04	jwst_mcfost/runs/h2o_3um_abundance_grid_v1/parameters/h2o_x0p04_rt.para	9c4c70e8b4348d36edd1af8b24b37c3ed573b5897459b34c593e173e09e95f0b	selected_h2o_disjoint_dhs_abundance_grid_screening_dust	jwst_mcfost/runs/h2o_3um_abundance_grid_v1/tasks/x0p04/t251_h2o_continuum_red_q80_n01_s52001	d0dfcd0d1229440c3308c1ed07b3cea0658c346ce544b8e16c01a4fc2bdcf79a
252	full_h2o	52001	continuum_support	h2o_continuum_red_q80		h2o_continuum_red_q80	h2o_feature_optical_depth	jwst_mcfost/output/h2o_3um_observation_v3/stellar_center_h2o_continuum_lsf_nodes_R2400_v3.tsv	07f25fef793bf100873ab1f963bc44c55e49b0f171865ef57da62eb4db1d56d2	c9ffa67f5fdea62a3080b12357ed271905801e50652d17765e53b184c008c766	3.5984826141459596	27	2	0.53333333333333333	Gaussian_in_log_lambda_constant_resolving_power	2400	3.5984826141459596	NIRSpec	G395H	G395H_run00	lambda_F_lambda_W_m-2	F_nu_Jy=lambda_F_lambda*lambda_um*1e20/c_m_s	F_nu_Jy	jwst_mcfost/runs/h2o_3um_method2_screen_v3/anchors/full_h2o/continuum_support/h2o_continuum_red_q80/node02.lambda	645496d95c1925661b52f0374a539587284eeb93f2c69c6c91d5d1d4f0d9c2cf	expanded_n2401	1.9975051980918284	2401	2401	3003.7468767198525	1.2510399319949406	2.4822220872915486e-06	stellar_center	0.0	0.0	0.35	1	m2p25_c17p5_a0p40_q2p75_i0p05	2.25	2.75	c17p5	17.5	317.159480236321	100	1.0	7.3011756855e-08	70.0	0.03	0.4	128000	2	1	16	jwst_mcfost/runs/strict_continuum_cavity_mass_q_v1/models/m2p25_c17p5_a0p40_q2p75_i0p05/temperature/seed=41001/data_th/Temperature.fits.gz	1bd212f2f54dd8c1701a6064e129ba7fdb5721cb3fe296472433bbdd3b79ec1c	reused_accepted_continuum_temperature_screening_only_not_self_consistent_for_changed_dust	inside_h2o_optical_constants	continuum_reconstruction_not_scored	0.04	0.96	x0p04	0.05	full_h2o	82	f8d73a37c3df07ae3f321c41fbec3489876882927cda07aa45f293cd692143dd	h2o_selected_x0p04	jwst_mcfost/runs/h2o_3um_abundance_grid_v1/parameters/h2o_x0p04_rt.para	9c4c70e8b4348d36edd1af8b24b37c3ed573b5897459b34c593e173e09e95f0b	selected_h2o_disjoint_dhs_abundance_grid_screening_dust	jwst_mcfost/runs/h2o_3um_abundance_grid_v1/tasks/x0p04/t252_h2o_continuum_red_q80_n02_s52001	d5f539a25699152f706565fa330312f1454ee0b1ff975f55412c8c4b895a13dc
253	full_h2o	52001	continuum_support	h2o_continuum_red_q80		h2o_continuum_red_q80	h2o_feature_optical_depth	jwst_mcfost/output/h2o_3um_observation_v3/stellar_center_h2o_continuum_lsf_nodes_R2400_v3.tsv	07f25fef793bf100873ab1f963bc44c55e49b0f171865ef57da62eb4db1d56d2	4d6395b508bb2923581e7ceefd63e994572bbd6e0812da5003d9e3efc8f54ca0	3.5984826141459596	28	3	0.2220759220056126	Gaussian_in_log_lambda_constant_resolving_power	2400	3.5993458758555206	NIRSpec	G395H	G395H_run00	lambda_F_lambda_W_m-2	F_nu_Jy=lambda_F_lambda*lambda_um*1e20/c_m_s	F_nu_Jy	jwst_mcfost/runs/h2o_3um_method2_screen_v3/anchors/full_h2o/continuum_support/h2o_continuum_red_q80/node03.lambda	3af4bfff9a84ef76c34dfdc2ad0eea14e8479083aa824fb25a82cc5d8979175d	expanded_n2401	1.9975051980918284	2401	2401	3003.7468767198525	1.2510399319949406	2.4822220872915486e-06	stellar_center	0.0	0.0	0.35	1	m2p25_c17p5_a0p40_q2p75_i0p05	2.25	2.75	c17p5	17.5	317.159480236321	100	1.0	7.3011756855e-08	70.0	0.03	0.4	128000	2	1	16	jwst_mcfost/runs/strict_continuum_cavity_mass_q_v1/models/m2p25_c17p5_a0p40_q2p75_i0p05/temperature/seed=41001/data_th/Temperature.fits.gz	1bd212f2f54dd8c1701a6064e129ba7fdb5721cb3fe296472433bbdd3b79ec1c	reused_accepted_continuum_temperature_screening_only_not_self_consistent_for_changed_dust	inside_h2o_optical_constants	continuum_reconstruction_not_scored	0.04	0.96	x0p04	0.05	full_h2o	83	00b0a3367939835b58d0e7c623ac9336e5d664b8077782883606c8853efb0af9	h2o_selected_x0p04	jwst_mcfost/runs/h2o_3um_abundance_grid_v1/parameters/h2o_x0p04_rt.para	9c4c70e8b4348d36edd1af8b24b37c3ed573b5897459b34c593e173e09e95f0b	selected_h2o_disjoint_dhs_abundance_grid_screening_dust	jwst_mcfost/runs/h2o_3um_abundance_grid_v1/tasks/x0p04/t253_h2o_continuum_red_q80_n03_s52001	7f8644bde07fa893cd4532177648c1c2cc3316b4b2fff3b67fb1bfa5e6953eca
254	full_h2o	52001	continuum_support	h2o_continuum_red_q80		h2o_continuum_red_q80	h2o_feature_optical_depth	jwst_mcfost/output/h2o_3um_observation_v3/stellar_center_h2o_continuum_lsf_nodes_R2400_v3.tsv	07f25fef793bf100873ab1f963bc44c55e49b0f171865ef57da62eb4db1d56d2	944b3625e5b28c41cf067339e6589d98d585703f993dd15a7bf9dd81613f7567	3.5984826141459596	29	4	0.011257411327720693	Gaussian_in_log_lambda_constant_resolving_power	2400	3.6003021721376292	NIRSpec	G395H	G395H_run00	lambda_F_lambda_W_m-2	F_nu_Jy=lambda_F_lambda*lambda_um*1e20/c_m_s	F_nu_Jy	jwst_mcfost/runs/h2o_3um_method2_screen_v3/anchors/full_h2o/continuum_support/h2o_continuum_red_q80/node04.lambda	7306526a9120d9f85cdca7a169480487744e22e787e2a0a6e237e3a7ba47f942	expanded_n2401	1.9975051980918284	2401	2401	3003.7468767198525	1.2510399319949406	2.4822220872915486e-06	stellar_center	0.0	0.0	0.35	1	m2p25_c17p5_a0p40_q2p75_i0p05	2.25	2.75	c17p5	17.5	317.159480236321	100	1.0	7.3011756855e-08	70.0	0.03	0.4	128000	2	1	16	jwst_mcfost/runs/strict_continuum_cavity_mass_q_v1/models/m2p25_c17p5_a0p40_q2p75_i0p05/temperature/seed=41001/data_th/Temperature.fits.gz	1bd212f2f54dd8c1701a6064e129ba7fdb5721cb3fe296472433bbdd3b79ec1c	reused_accepted_continuum_temperature_screening_only_not_self_consistent_for_changed_dust	inside_h2o_optical_constants	continuum_reconstruction_not_scored	0.04	0.96	x0p04	0.05	full_h2o	84	1c92908b538ecf407f78c6f395020ded58eeae5ccf9efdccbd432e5af4f50cc8	h2o_selected_x0p04	jwst_mcfost/runs/h2o_3um_abundance_grid_v1/parameters/h2o_x0p04_rt.para	9c4c70e8b4348d36edd1af8b24b37c3ed573b5897459b34c593e173e09e95f0b	selected_h2o_disjoint_dhs_abundance_grid_screening_dust	jwst_mcfost/runs/h2o_3um_abundance_grid_v1/tasks/x0p04/t254_h2o_continuum_red_q80_n04_s52001	d4f78d8514141edbb3ecda7198f18ad8b2b0c9f75160e4f8de8dd94ec0c8687f
