task_index	model_index	model_label	mass_factor	envelope_amax_um	anchor_ordinal	anchor_tag	region	bin_index	wavelength_um	wavelength_token	instrument	boundary_compromise	spatial_config	zoom_token	nx	ny	expected_fov_au	expected_pixel_au	expected_cdelt_deg	psf_fwhm_arcsec	seed	sed_photons	parameter	parameter_sha256	wavelength_file	wavelength_file_sha256	temperature_task_index	temperature_workdir	task_workdir
0	0	m1p25_a0p10_i0p05	1.25	0.10	0	w000	near_ir_short	2	0.9946761707696127	0.9946761707696127	NIRSpec	false	full_n2401	1	2401	2401	6000	2.4989587671803415	4.9582515221832172e-06	0.032824313635397222	41001	128000	jwst_mcfost/runs/strict_continuum_screen/models/m1p25_a0p10_i0p05/disk_envelope_m1p25_a0p10_i0p05_rt.para	45152018cef34b6b06dfad68bd8b4dce501262de0be8427439e421ebe85c9f13	jwst_mcfost/runs/strict_continuum_screen/anchors/w000/strict_continuum_anchor.lambda	5e0fe7e726e460092394135e5d86a4f329f3adf9446ff8f022ee68ce91e8928e	0	jwst_mcfost/runs/strict_continuum_screen/models/m1p25_a0p10_i0p05/temperature	jwst_mcfost/runs/strict_continuum_screen/rt_tasks/t000_m1p25_a0p10_i0p05_w000
1	0	m1p25_a0p10_i0p05	1.25	0.10	1	w001	near_ir_short	21	1.2028117593024095	1.2028117593024095	NIRSpec	false	full_n2401	1	2401	2401	6000	2.4989587671803415	4.9582515221832172e-06	0.039692788056979511	41001	128000	jwst_mcfost/runs/strict_continuum_screen/models/m1p25_a0p10_i0p05/disk_envelope_m1p25_a0p10_i0p05_rt.para	45152018cef34b6b06dfad68bd8b4dce501262de0be8427439e421ebe85c9f13	jwst_mcfost/runs/strict_continuum_screen/anchors/w001/strict_continuum_anchor.lambda	334e806dac74f3cab0db03b39807968472f2e194cb77ac7d5efc0c9e0d0a305e	0	jwst_mcfost/runs/strict_continuum_screen/models/m1p25_a0p10_i0p05/temperature	jwst_mcfost/runs/strict_continuum_screen/rt_tasks/t001_m1p25_a0p10_i0p05_w001
2	0	m1p25_a0p10_i0p05	1.25	0.10	2	w002	near_ir_short	43	1.4987957445436022	1.4987957445436022	NIRSpec	false	full_n2401	1	2401	2401	6000	2.4989587671803415	4.9582515221832172e-06	0.049460259569938873	41001	128000	jwst_mcfost/runs/strict_continuum_screen/models/m1p25_a0p10_i0p05/disk_envelope_m1p25_a0p10_i0p05_rt.para	45152018cef34b6b06dfad68bd8b4dce501262de0be8427439e421ebe85c9f13	jwst_mcfost/runs/strict_continuum_screen/anchors/w002/strict_continuum_anchor.lambda	132b8ae57ad0eddc7816e3f45e121643727120e30a1d5ab9708202d2a9310d54	0	jwst_mcfost/runs/strict_continuum_screen/models/m1p25_a0p10_i0p05/temperature	jwst_mcfost/runs/strict_continuum_screen/rt_tasks/t002_m1p25_a0p10_i0p05_w002
3	0	m1p25_a0p10_i0p05	1.25	0.10	3	w003	near_ir_rise	59	1.7588530996181813	1.7588530996181813	NIRSpec	false	full_n2401	1	2401	2401	6000	2.4989587671803415	4.9582515221832172e-06	0.058042152287399985	41001	128000	jwst_mcfost/runs/strict_continuum_screen/models/m1p25_a0p10_i0p05/disk_envelope_m1p25_a0p10_i0p05_rt.para	45152018cef34b6b06dfad68bd8b4dce501262de0be8427439e421ebe85c9f13	jwst_mcfost/runs/strict_continuum_screen/anchors/w003/strict_continuum_anchor.lambda	90ac5acad1cc9a08e5697ce6d65ffd414b4b9f8cdea8cade92e91a9025a2a68e	0	jwst_mcfost/runs/strict_continuum_screen/models/m1p25_a0p10_i0p05/temperature	jwst_mcfost/runs/strict_continuum_screen/rt_tasks/t003_m1p25_a0p10_i0p05_w003
4	0	m1p25_a0p10_i0p05	1.25	0.10	4	w004	near_ir_rise	81	2.1916659199557045	2.1916659199557045	NIRSpec	false	full_n2401	1	2401	2401	6000	2.4989587671803415	4.9582515221832172e-06	0.072324975358538254	41001	128000	jwst_mcfost/runs/strict_continuum_screen/models/m1p25_a0p10_i0p05/disk_envelope_m1p25_a0p10_i0p05_rt.para	45152018cef34b6b06dfad68bd8b4dce501262de0be8427439e421ebe85c9f13	jwst_mcfost/runs/strict_continuum_screen/anchors/w004/strict_continuum_anchor.lambda	651e2bf7f7383323e2c48df2e732fe3cc01f7c5816c25ccc82154fd902c5f7a4	0	jwst_mcfost/runs/strict_continuum_screen/models/m1p25_a0p10_i0p05/temperature	jwst_mcfost/runs/strict_continuum_screen/rt_tasks/t004_m1p25_a0p10_i0p05_w004
5	0	m1p25_a0p10_i0p05	1.25	0.10	5	w005	near_ir_rise	96	2.546352514425122	2.546352514425122	NIRSpec	true	full_n2401	1	2401	2401	6000	2.4989587671803415	4.9582515221832172e-06	0.084029632976029028	41001	128000	jwst_mcfost/runs/strict_continuum_screen/models/m1p25_a0p10_i0p05/disk_envelope_m1p25_a0p10_i0p05_rt.para	45152018cef34b6b06dfad68bd8b4dce501262de0be8427439e421ebe85c9f13	jwst_mcfost/runs/strict_continuum_screen/anchors/w005/strict_continuum_anchor.lambda	9a4c5d5cdb08e1cfbcaa2b5b0eb958d5026b54a4ecfae6683606dcf96e8edb75	0	jwst_mcfost/runs/strict_continuum_screen/models/m1p25_a0p10_i0p05/temperature	jwst_mcfost/runs/strict_continuum_screen/rt_tasks/t005_m1p25_a0p10_i0p05_w005
6	0	m1p25_a0p10_i0p05	1.25	0.10	6	w006	window_3p9	139	3.9143995604061015	3.9143995604061015	NIRSpec	true	zoom_n1201	3.9933471945199667	1201	1201	1502.4989583259237	1.2510399319949406	2.4822220872915486e-06	0.12917518549340135	41001	128000	jwst_mcfost/runs/strict_continuum_screen/models/m1p25_a0p10_i0p05/disk_envelope_m1p25_a0p10_i0p05_rt.para	45152018cef34b6b06dfad68bd8b4dce501262de0be8427439e421ebe85c9f13	jwst_mcfost/runs/strict_continuum_screen/anchors/w006/strict_continuum_anchor.lambda	c0f32299968b99649726432a9298eb8e93020139584fa61fd0f35fa3abaab4e0	0	jwst_mcfost/runs/strict_continuum_screen/models/m1p25_a0p10_i0p05/temperature	jwst_mcfost/runs/strict_continuum_screen/rt_tasks/t006_m1p25_a0p10_i0p05_w006
7	0	m1p25_a0p10_i0p05	1.25	0.10	7	w007	window_5p4	171	5.3906283153397085	5.3906283153397085	MIRI	false	zoom_n1201	3.9933471945199667	1201	1201	1502.4989583259237	1.2510399319949406	2.4822220872915486e-06	0.28389073440621038	41001	128000	jwst_mcfost/runs/strict_continuum_screen/models/m1p25_a0p10_i0p05/disk_envelope_m1p25_a0p10_i0p05_rt.para	45152018cef34b6b06dfad68bd8b4dce501262de0be8427439e421ebe85c9f13	jwst_mcfost/runs/strict_continuum_screen/anchors/w007/strict_continuum_anchor.lambda	d04ad31c2c028e1669b8a052960e0edcf8bb08a87f52c27820b2fb215fc11399	0	jwst_mcfost/runs/strict_continuum_screen/models/m1p25_a0p10_i0p05/temperature	jwst_mcfost/runs/strict_continuum_screen/rt_tasks/t007_m1p25_a0p10_i0p05_w007
8	0	m1p25_a0p10_i0p05	1.25	0.10	8	w008	window_13p8	265	13.799908320389276	13.799908320389276	MIRI	false	zoom_n1201	3.9933471945199667	1201	1201	1502.4989583259237	1.2510399319949406	2.4822220872915486e-06	0.5613969745728461	41001	128000	jwst_mcfost/runs/strict_continuum_screen/models/m1p25_a0p10_i0p05/disk_envelope_m1p25_a0p10_i0p05_rt.para	45152018cef34b6b06dfad68bd8b4dce501262de0be8427439e421ebe85c9f13	jwst_mcfost/runs/strict_continuum_screen/anchors/w008/strict_continuum_anchor.lambda	dc00d786476769c0d6165f9b9aea7c4cbe1e85dc4b0bc2512f8e12e8ce9d942b	0	jwst_mcfost/runs/strict_continuum_screen/models/m1p25_a0p10_i0p05/temperature	jwst_mcfost/runs/strict_continuum_screen/rt_tasks/t008_m1p25_a0p10_i0p05_w008
9	0	m1p25_a0p10_i0p05	1.25	0.10	9	w009	window_27p5	334	27.513091575690556	27.513091575690556	MIRI	false	zoom_n1201	3.9933471945199667	1201	1201	1502.4989583259237	1.2510399319949406	2.4822220872915486e-06	1.0139320219977885	41001	128000	jwst_mcfost/runs/strict_continuum_screen/models/m1p25_a0p10_i0p05/disk_envelope_m1p25_a0p10_i0p05_rt.para	45152018cef34b6b06dfad68bd8b4dce501262de0be8427439e421ebe85c9f13	jwst_mcfost/runs/strict_continuum_screen/anchors/w009/strict_continuum_anchor.lambda	7d1ac3036216489ffa93c81d5de564ce57ec16820cf043dfb5a36c68cd83f6bd	0	jwst_mcfost/runs/strict_continuum_screen/models/m1p25_a0p10_i0p05/temperature	jwst_mcfost/runs/strict_continuum_screen/rt_tasks/t009_m1p25_a0p10_i0p05_w009
10	1	m1p25_a0p20_i0p05	1.25	0.20	0	w000	near_ir_short	2	0.9946761707696127	0.9946761707696127	NIRSpec	false	full_n2401	1	2401	2401	6000	2.4989587671803415	4.9582515221832172e-06	0.032824313635397222	41001	128000	jwst_mcfost/runs/strict_continuum_screen/models/m1p25_a0p20_i0p05/disk_envelope_m1p25_a0p20_i0p05_rt.para	bac80674c03183f4659cdd2c9a3ea260d847064a527b707f3e451383435dbf52	jwst_mcfost/runs/strict_continuum_screen/anchors/w000/strict_continuum_anchor.lambda	5e0fe7e726e460092394135e5d86a4f329f3adf9446ff8f022ee68ce91e8928e	1	jwst_mcfost/runs/strict_continuum_screen/models/m1p25_a0p20_i0p05/temperature	jwst_mcfost/runs/strict_continuum_screen/rt_tasks/t010_m1p25_a0p20_i0p05_w000
11	1	m1p25_a0p20_i0p05	1.25	0.20	1	w001	near_ir_short	21	1.2028117593024095	1.2028117593024095	NIRSpec	false	full_n2401	1	2401	2401	6000	2.4989587671803415	4.9582515221832172e-06	0.039692788056979511	41001	128000	jwst_mcfost/runs/strict_continuum_screen/models/m1p25_a0p20_i0p05/disk_envelope_m1p25_a0p20_i0p05_rt.para	bac80674c03183f4659cdd2c9a3ea260d847064a527b707f3e451383435dbf52	jwst_mcfost/runs/strict_continuum_screen/anchors/w001/strict_continuum_anchor.lambda	334e806dac74f3cab0db03b39807968472f2e194cb77ac7d5efc0c9e0d0a305e	1	jwst_mcfost/runs/strict_continuum_screen/models/m1p25_a0p20_i0p05/temperature	jwst_mcfost/runs/strict_continuum_screen/rt_tasks/t011_m1p25_a0p20_i0p05_w001
12	1	m1p25_a0p20_i0p05	1.25	0.20	2	w002	near_ir_short	43	1.4987957445436022	1.4987957445436022	NIRSpec	false	full_n2401	1	2401	2401	6000	2.4989587671803415	4.9582515221832172e-06	0.049460259569938873	41001	128000	jwst_mcfost/runs/strict_continuum_screen/models/m1p25_a0p20_i0p05/disk_envelope_m1p25_a0p20_i0p05_rt.para	bac80674c03183f4659cdd2c9a3ea260d847064a527b707f3e451383435dbf52	jwst_mcfost/runs/strict_continuum_screen/anchors/w002/strict_continuum_anchor.lambda	132b8ae57ad0eddc7816e3f45e121643727120e30a1d5ab9708202d2a9310d54	1	jwst_mcfost/runs/strict_continuum_screen/models/m1p25_a0p20_i0p05/temperature	jwst_mcfost/runs/strict_continuum_screen/rt_tasks/t012_m1p25_a0p20_i0p05_w002
13	1	m1p25_a0p20_i0p05	1.25	0.20	3	w003	near_ir_rise	59	1.7588530996181813	1.7588530996181813	NIRSpec	false	full_n2401	1	2401	2401	6000	2.4989587671803415	4.9582515221832172e-06	0.058042152287399985	41001	128000	jwst_mcfost/runs/strict_continuum_screen/models/m1p25_a0p20_i0p05/disk_envelope_m1p25_a0p20_i0p05_rt.para	bac80674c03183f4659cdd2c9a3ea260d847064a527b707f3e451383435dbf52	jwst_mcfost/runs/strict_continuum_screen/anchors/w003/strict_continuum_anchor.lambda	90ac5acad1cc9a08e5697ce6d65ffd414b4b9f8cdea8cade92e91a9025a2a68e	1	jwst_mcfost/runs/strict_continuum_screen/models/m1p25_a0p20_i0p05/temperature	jwst_mcfost/runs/strict_continuum_screen/rt_tasks/t013_m1p25_a0p20_i0p05_w003
14	1	m1p25_a0p20_i0p05	1.25	0.20	4	w004	near_ir_rise	81	2.1916659199557045	2.1916659199557045	NIRSpec	false	full_n2401	1	2401	2401	6000	2.4989587671803415	4.9582515221832172e-06	0.072324975358538254	41001	128000	jwst_mcfost/runs/strict_continuum_screen/models/m1p25_a0p20_i0p05/disk_envelope_m1p25_a0p20_i0p05_rt.para	bac80674c03183f4659cdd2c9a3ea260d847064a527b707f3e451383435dbf52	jwst_mcfost/runs/strict_continuum_screen/anchors/w004/strict_continuum_anchor.lambda	651e2bf7f7383323e2c48df2e732fe3cc01f7c5816c25ccc82154fd902c5f7a4	1	jwst_mcfost/runs/strict_continuum_screen/models/m1p25_a0p20_i0p05/temperature	jwst_mcfost/runs/strict_continuum_screen/rt_tasks/t014_m1p25_a0p20_i0p05_w004
15	1	m1p25_a0p20_i0p05	1.25	0.20	5	w005	near_ir_rise	96	2.546352514425122	2.546352514425122	NIRSpec	true	full_n2401	1	2401	2401	6000	2.4989587671803415	4.9582515221832172e-06	0.084029632976029028	41001	128000	jwst_mcfost/runs/strict_continuum_screen/models/m1p25_a0p20_i0p05/disk_envelope_m1p25_a0p20_i0p05_rt.para	bac80674c03183f4659cdd2c9a3ea260d847064a527b707f3e451383435dbf52	jwst_mcfost/runs/strict_continuum_screen/anchors/w005/strict_continuum_anchor.lambda	9a4c5d5cdb08e1cfbcaa2b5b0eb958d5026b54a4ecfae6683606dcf96e8edb75	1	jwst_mcfost/runs/strict_continuum_screen/models/m1p25_a0p20_i0p05/temperature	jwst_mcfost/runs/strict_continuum_screen/rt_tasks/t015_m1p25_a0p20_i0p05_w005
16	1	m1p25_a0p20_i0p05	1.25	0.20	6	w006	window_3p9	139	3.9143995604061015	3.9143995604061015	NIRSpec	true	zoom_n1201	3.9933471945199667	1201	1201	1502.4989583259237	1.2510399319949406	2.4822220872915486e-06	0.12917518549340135	41001	128000	jwst_mcfost/runs/strict_continuum_screen/models/m1p25_a0p20_i0p05/disk_envelope_m1p25_a0p20_i0p05_rt.para	bac80674c03183f4659cdd2c9a3ea260d847064a527b707f3e451383435dbf52	jwst_mcfost/runs/strict_continuum_screen/anchors/w006/strict_continuum_anchor.lambda	c0f32299968b99649726432a9298eb8e93020139584fa61fd0f35fa3abaab4e0	1	jwst_mcfost/runs/strict_continuum_screen/models/m1p25_a0p20_i0p05/temperature	jwst_mcfost/runs/strict_continuum_screen/rt_tasks/t016_m1p25_a0p20_i0p05_w006
17	1	m1p25_a0p20_i0p05	1.25	0.20	7	w007	window_5p4	171	5.3906283153397085	5.3906283153397085	MIRI	false	zoom_n1201	3.9933471945199667	1201	1201	1502.4989583259237	1.2510399319949406	2.4822220872915486e-06	0.28389073440621038	41001	128000	jwst_mcfost/runs/strict_continuum_screen/models/m1p25_a0p20_i0p05/disk_envelope_m1p25_a0p20_i0p05_rt.para	bac80674c03183f4659cdd2c9a3ea260d847064a527b707f3e451383435dbf52	jwst_mcfost/runs/strict_continuum_screen/anchors/w007/strict_continuum_anchor.lambda	d04ad31c2c028e1669b8a052960e0edcf8bb08a87f52c27820b2fb215fc11399	1	jwst_mcfost/runs/strict_continuum_screen/models/m1p25_a0p20_i0p05/temperature	jwst_mcfost/runs/strict_continuum_screen/rt_tasks/t017_m1p25_a0p20_i0p05_w007
18	1	m1p25_a0p20_i0p05	1.25	0.20	8	w008	window_13p8	265	13.799908320389276	13.799908320389276	MIRI	false	zoom_n1201	3.9933471945199667	1201	1201	1502.4989583259237	1.2510399319949406	2.4822220872915486e-06	0.5613969745728461	41001	128000	jwst_mcfost/runs/strict_continuum_screen/models/m1p25_a0p20_i0p05/disk_envelope_m1p25_a0p20_i0p05_rt.para	bac80674c03183f4659cdd2c9a3ea260d847064a527b707f3e451383435dbf52	jwst_mcfost/runs/strict_continuum_screen/anchors/w008/strict_continuum_anchor.lambda	dc00d786476769c0d6165f9b9aea7c4cbe1e85dc4b0bc2512f8e12e8ce9d942b	1	jwst_mcfost/runs/strict_continuum_screen/models/m1p25_a0p20_i0p05/temperature	jwst_mcfost/runs/strict_continuum_screen/rt_tasks/t018_m1p25_a0p20_i0p05_w008
19	1	m1p25_a0p20_i0p05	1.25	0.20	9	w009	window_27p5	334	27.513091575690556	27.513091575690556	MIRI	false	zoom_n1201	3.9933471945199667	1201	1201	1502.4989583259237	1.2510399319949406	2.4822220872915486e-06	1.0139320219977885	41001	128000	jwst_mcfost/runs/strict_continuum_screen/models/m1p25_a0p20_i0p05/disk_envelope_m1p25_a0p20_i0p05_rt.para	bac80674c03183f4659cdd2c9a3ea260d847064a527b707f3e451383435dbf52	jwst_mcfost/runs/strict_continuum_screen/anchors/w009/strict_continuum_anchor.lambda	7d1ac3036216489ffa93c81d5de564ce57ec16820cf043dfb5a36c68cd83f6bd	1	jwst_mcfost/runs/strict_continuum_screen/models/m1p25_a0p20_i0p05/temperature	jwst_mcfost/runs/strict_continuum_screen/rt_tasks/t019_m1p25_a0p20_i0p05_w009
20	2	m1p25_a0p35_i0p05	1.25	0.35	0	w000	near_ir_short	2	0.9946761707696127	0.9946761707696127	NIRSpec	false	full_n2401	1	2401	2401	6000	2.4989587671803415	4.9582515221832172e-06	0.032824313635397222	41001	128000	jwst_mcfost/runs/strict_continuum_screen/models/m1p25_a0p35_i0p05/disk_envelope_m1p25_a0p35_i0p05_rt.para	23b9bc57d95d954b1ca5c62ba1d198de65a90db52421e83910de4282a6a35564	jwst_mcfost/runs/strict_continuum_screen/anchors/w000/strict_continuum_anchor.lambda	5e0fe7e726e460092394135e5d86a4f329f3adf9446ff8f022ee68ce91e8928e	2	jwst_mcfost/runs/strict_continuum_screen/models/m1p25_a0p35_i0p05/temperature	jwst_mcfost/runs/strict_continuum_screen/rt_tasks/t020_m1p25_a0p35_i0p05_w000
21	2	m1p25_a0p35_i0p05	1.25	0.35	1	w001	near_ir_short	21	1.2028117593024095	1.2028117593024095	NIRSpec	false	full_n2401	1	2401	2401	6000	2.4989587671803415	4.9582515221832172e-06	0.039692788056979511	41001	128000	jwst_mcfost/runs/strict_continuum_screen/models/m1p25_a0p35_i0p05/disk_envelope_m1p25_a0p35_i0p05_rt.para	23b9bc57d95d954b1ca5c62ba1d198de65a90db52421e83910de4282a6a35564	jwst_mcfost/runs/strict_continuum_screen/anchors/w001/strict_continuum_anchor.lambda	334e806dac74f3cab0db03b39807968472f2e194cb77ac7d5efc0c9e0d0a305e	2	jwst_mcfost/runs/strict_continuum_screen/models/m1p25_a0p35_i0p05/temperature	jwst_mcfost/runs/strict_continuum_screen/rt_tasks/t021_m1p25_a0p35_i0p05_w001
22	2	m1p25_a0p35_i0p05	1.25	0.35	2	w002	near_ir_short	43	1.4987957445436022	1.4987957445436022	NIRSpec	false	full_n2401	1	2401	2401	6000	2.4989587671803415	4.9582515221832172e-06	0.049460259569938873	41001	128000	jwst_mcfost/runs/strict_continuum_screen/models/m1p25_a0p35_i0p05/disk_envelope_m1p25_a0p35_i0p05_rt.para	23b9bc57d95d954b1ca5c62ba1d198de65a90db52421e83910de4282a6a35564	jwst_mcfost/runs/strict_continuum_screen/anchors/w002/strict_continuum_anchor.lambda	132b8ae57ad0eddc7816e3f45e121643727120e30a1d5ab9708202d2a9310d54	2	jwst_mcfost/runs/strict_continuum_screen/models/m1p25_a0p35_i0p05/temperature	jwst_mcfost/runs/strict_continuum_screen/rt_tasks/t022_m1p25_a0p35_i0p05_w002
23	2	m1p25_a0p35_i0p05	1.25	0.35	3	w003	near_ir_rise	59	1.7588530996181813	1.7588530996181813	NIRSpec	false	full_n2401	1	2401	2401	6000	2.4989587671803415	4.9582515221832172e-06	0.058042152287399985	41001	128000	jwst_mcfost/runs/strict_continuum_screen/models/m1p25_a0p35_i0p05/disk_envelope_m1p25_a0p35_i0p05_rt.para	23b9bc57d95d954b1ca5c62ba1d198de65a90db52421e83910de4282a6a35564	jwst_mcfost/runs/strict_continuum_screen/anchors/w003/strict_continuum_anchor.lambda	90ac5acad1cc9a08e5697ce6d65ffd414b4b9f8cdea8cade92e91a9025a2a68e	2	jwst_mcfost/runs/strict_continuum_screen/models/m1p25_a0p35_i0p05/temperature	jwst_mcfost/runs/strict_continuum_screen/rt_tasks/t023_m1p25_a0p35_i0p05_w003
24	2	m1p25_a0p35_i0p05	1.25	0.35	4	w004	near_ir_rise	81	2.1916659199557045	2.1916659199557045	NIRSpec	false	full_n2401	1	2401	2401	6000	2.4989587671803415	4.9582515221832172e-06	0.072324975358538254	41001	128000	jwst_mcfost/runs/strict_continuum_screen/models/m1p25_a0p35_i0p05/disk_envelope_m1p25_a0p35_i0p05_rt.para	23b9bc57d95d954b1ca5c62ba1d198de65a90db52421e83910de4282a6a35564	jwst_mcfost/runs/strict_continuum_screen/anchors/w004/strict_continuum_anchor.lambda	651e2bf7f7383323e2c48df2e732fe3cc01f7c5816c25ccc82154fd902c5f7a4	2	jwst_mcfost/runs/strict_continuum_screen/models/m1p25_a0p35_i0p05/temperature	jwst_mcfost/runs/strict_continuum_screen/rt_tasks/t024_m1p25_a0p35_i0p05_w004
25	2	m1p25_a0p35_i0p05	1.25	0.35	5	w005	near_ir_rise	96	2.546352514425122	2.546352514425122	NIRSpec	true	full_n2401	1	2401	2401	6000	2.4989587671803415	4.9582515221832172e-06	0.084029632976029028	41001	128000	jwst_mcfost/runs/strict_continuum_screen/models/m1p25_a0p35_i0p05/disk_envelope_m1p25_a0p35_i0p05_rt.para	23b9bc57d95d954b1ca5c62ba1d198de65a90db52421e83910de4282a6a35564	jwst_mcfost/runs/strict_continuum_screen/anchors/w005/strict_continuum_anchor.lambda	9a4c5d5cdb08e1cfbcaa2b5b0eb958d5026b54a4ecfae6683606dcf96e8edb75	2	jwst_mcfost/runs/strict_continuum_screen/models/m1p25_a0p35_i0p05/temperature	jwst_mcfost/runs/strict_continuum_screen/rt_tasks/t025_m1p25_a0p35_i0p05_w005
26	2	m1p25_a0p35_i0p05	1.25	0.35	6	w006	window_3p9	139	3.9143995604061015	3.9143995604061015	NIRSpec	true	zoom_n1201	3.9933471945199667	1201	1201	1502.4989583259237	1.2510399319949406	2.4822220872915486e-06	0.12917518549340135	41001	128000	jwst_mcfost/runs/strict_continuum_screen/models/m1p25_a0p35_i0p05/disk_envelope_m1p25_a0p35_i0p05_rt.para	23b9bc57d95d954b1ca5c62ba1d198de65a90db52421e83910de4282a6a35564	jwst_mcfost/runs/strict_continuum_screen/anchors/w006/strict_continuum_anchor.lambda	c0f32299968b99649726432a9298eb8e93020139584fa61fd0f35fa3abaab4e0	2	jwst_mcfost/runs/strict_continuum_screen/models/m1p25_a0p35_i0p05/temperature	jwst_mcfost/runs/strict_continuum_screen/rt_tasks/t026_m1p25_a0p35_i0p05_w006
27	2	m1p25_a0p35_i0p05	1.25	0.35	7	w007	window_5p4	171	5.3906283153397085	5.3906283153397085	MIRI	false	zoom_n1201	3.9933471945199667	1201	1201	1502.4989583259237	1.2510399319949406	2.4822220872915486e-06	0.28389073440621038	41001	128000	jwst_mcfost/runs/strict_continuum_screen/models/m1p25_a0p35_i0p05/disk_envelope_m1p25_a0p35_i0p05_rt.para	23b9bc57d95d954b1ca5c62ba1d198de65a90db52421e83910de4282a6a35564	jwst_mcfost/runs/strict_continuum_screen/anchors/w007/strict_continuum_anchor.lambda	d04ad31c2c028e1669b8a052960e0edcf8bb08a87f52c27820b2fb215fc11399	2	jwst_mcfost/runs/strict_continuum_screen/models/m1p25_a0p35_i0p05/temperature	jwst_mcfost/runs/strict_continuum_screen/rt_tasks/t027_m1p25_a0p35_i0p05_w007
28	2	m1p25_a0p35_i0p05	1.25	0.35	8	w008	window_13p8	265	13.799908320389276	13.799908320389276	MIRI	false	zoom_n1201	3.9933471945199667	1201	1201	1502.4989583259237	1.2510399319949406	2.4822220872915486e-06	0.5613969745728461	41001	128000	jwst_mcfost/runs/strict_continuum_screen/models/m1p25_a0p35_i0p05/disk_envelope_m1p25_a0p35_i0p05_rt.para	23b9bc57d95d954b1ca5c62ba1d198de65a90db52421e83910de4282a6a35564	jwst_mcfost/runs/strict_continuum_screen/anchors/w008/strict_continuum_anchor.lambda	dc00d786476769c0d6165f9b9aea7c4cbe1e85dc4b0bc2512f8e12e8ce9d942b	2	jwst_mcfost/runs/strict_continuum_screen/models/m1p25_a0p35_i0p05/temperature	jwst_mcfost/runs/strict_continuum_screen/rt_tasks/t028_m1p25_a0p35_i0p05_w008
29	2	m1p25_a0p35_i0p05	1.25	0.35	9	w009	window_27p5	334	27.513091575690556	27.513091575690556	MIRI	false	zoom_n1201	3.9933471945199667	1201	1201	1502.4989583259237	1.2510399319949406	2.4822220872915486e-06	1.0139320219977885	41001	128000	jwst_mcfost/runs/strict_continuum_screen/models/m1p25_a0p35_i0p05/disk_envelope_m1p25_a0p35_i0p05_rt.para	23b9bc57d95d954b1ca5c62ba1d198de65a90db52421e83910de4282a6a35564	jwst_mcfost/runs/strict_continuum_screen/anchors/w009/strict_continuum_anchor.lambda	7d1ac3036216489ffa93c81d5de564ce57ec16820cf043dfb5a36c68cd83f6bd	2	jwst_mcfost/runs/strict_continuum_screen/models/m1p25_a0p35_i0p05/temperature	jwst_mcfost/runs/strict_continuum_screen/rt_tasks/t029_m1p25_a0p35_i0p05_w009
30	3	m1p25_a0p50_i0p05	1.25	0.50	0	w000	near_ir_short	2	0.9946761707696127	0.9946761707696127	NIRSpec	false	full_n2401	1	2401	2401	6000	2.4989587671803415	4.9582515221832172e-06	0.032824313635397222	41001	128000	jwst_mcfost/runs/strict_continuum_screen/models/m1p25_a0p50_i0p05/disk_envelope_m1p25_a0p50_i0p05_rt.para	e3fc3d6ac990ecd28e78d29e95bf3004fc3f84da2980445d9a58a945dc08c5fd	jwst_mcfost/runs/strict_continuum_screen/anchors/w000/strict_continuum_anchor.lambda	5e0fe7e726e460092394135e5d86a4f329f3adf9446ff8f022ee68ce91e8928e	3	jwst_mcfost/runs/strict_continuum_screen/models/m1p25_a0p50_i0p05/temperature	jwst_mcfost/runs/strict_continuum_screen/rt_tasks/t030_m1p25_a0p50_i0p05_w000
31	3	m1p25_a0p50_i0p05	1.25	0.50	1	w001	near_ir_short	21	1.2028117593024095	1.2028117593024095	NIRSpec	false	full_n2401	1	2401	2401	6000	2.4989587671803415	4.9582515221832172e-06	0.039692788056979511	41001	128000	jwst_mcfost/runs/strict_continuum_screen/models/m1p25_a0p50_i0p05/disk_envelope_m1p25_a0p50_i0p05_rt.para	e3fc3d6ac990ecd28e78d29e95bf3004fc3f84da2980445d9a58a945dc08c5fd	jwst_mcfost/runs/strict_continuum_screen/anchors/w001/strict_continuum_anchor.lambda	334e806dac74f3cab0db03b39807968472f2e194cb77ac7d5efc0c9e0d0a305e	3	jwst_mcfost/runs/strict_continuum_screen/models/m1p25_a0p50_i0p05/temperature	jwst_mcfost/runs/strict_continuum_screen/rt_tasks/t031_m1p25_a0p50_i0p05_w001
32	3	m1p25_a0p50_i0p05	1.25	0.50	2	w002	near_ir_short	43	1.4987957445436022	1.4987957445436022	NIRSpec	false	full_n2401	1	2401	2401	6000	2.4989587671803415	4.9582515221832172e-06	0.049460259569938873	41001	128000	jwst_mcfost/runs/strict_continuum_screen/models/m1p25_a0p50_i0p05/disk_envelope_m1p25_a0p50_i0p05_rt.para	e3fc3d6ac990ecd28e78d29e95bf3004fc3f84da2980445d9a58a945dc08c5fd	jwst_mcfost/runs/strict_continuum_screen/anchors/w002/strict_continuum_anchor.lambda	132b8ae57ad0eddc7816e3f45e121643727120e30a1d5ab9708202d2a9310d54	3	jwst_mcfost/runs/strict_continuum_screen/models/m1p25_a0p50_i0p05/temperature	jwst_mcfost/runs/strict_continuum_screen/rt_tasks/t032_m1p25_a0p50_i0p05_w002
33	3	m1p25_a0p50_i0p05	1.25	0.50	3	w003	near_ir_rise	59	1.7588530996181813	1.7588530996181813	NIRSpec	false	full_n2401	1	2401	2401	6000	2.4989587671803415	4.9582515221832172e-06	0.058042152287399985	41001	128000	jwst_mcfost/runs/strict_continuum_screen/models/m1p25_a0p50_i0p05/disk_envelope_m1p25_a0p50_i0p05_rt.para	e3fc3d6ac990ecd28e78d29e95bf3004fc3f84da2980445d9a58a945dc08c5fd	jwst_mcfost/runs/strict_continuum_screen/anchors/w003/strict_continuum_anchor.lambda	90ac5acad1cc9a08e5697ce6d65ffd414b4b9f8cdea8cade92e91a9025a2a68e	3	jwst_mcfost/runs/strict_continuum_screen/models/m1p25_a0p50_i0p05/temperature	jwst_mcfost/runs/strict_continuum_screen/rt_tasks/t033_m1p25_a0p50_i0p05_w003
34	3	m1p25_a0p50_i0p05	1.25	0.50	4	w004	near_ir_rise	81	2.1916659199557045	2.1916659199557045	NIRSpec	false	full_n2401	1	2401	2401	6000	2.4989587671803415	4.9582515221832172e-06	0.072324975358538254	41001	128000	jwst_mcfost/runs/strict_continuum_screen/models/m1p25_a0p50_i0p05/disk_envelope_m1p25_a0p50_i0p05_rt.para	e3fc3d6ac990ecd28e78d29e95bf3004fc3f84da2980445d9a58a945dc08c5fd	jwst_mcfost/runs/strict_continuum_screen/anchors/w004/strict_continuum_anchor.lambda	651e2bf7f7383323e2c48df2e732fe3cc01f7c5816c25ccc82154fd902c5f7a4	3	jwst_mcfost/runs/strict_continuum_screen/models/m1p25_a0p50_i0p05/temperature	jwst_mcfost/runs/strict_continuum_screen/rt_tasks/t034_m1p25_a0p50_i0p05_w004
35	3	m1p25_a0p50_i0p05	1.25	0.50	5	w005	near_ir_rise	96	2.546352514425122	2.546352514425122	NIRSpec	true	full_n2401	1	2401	2401	6000	2.4989587671803415	4.9582515221832172e-06	0.084029632976029028	41001	128000	jwst_mcfost/runs/strict_continuum_screen/models/m1p25_a0p50_i0p05/disk_envelope_m1p25_a0p50_i0p05_rt.para	e3fc3d6ac990ecd28e78d29e95bf3004fc3f84da2980445d9a58a945dc08c5fd	jwst_mcfost/runs/strict_continuum_screen/anchors/w005/strict_continuum_anchor.lambda	9a4c5d5cdb08e1cfbcaa2b5b0eb958d5026b54a4ecfae6683606dcf96e8edb75	3	jwst_mcfost/runs/strict_continuum_screen/models/m1p25_a0p50_i0p05/temperature	jwst_mcfost/runs/strict_continuum_screen/rt_tasks/t035_m1p25_a0p50_i0p05_w005
36	3	m1p25_a0p50_i0p05	1.25	0.50	6	w006	window_3p9	139	3.9143995604061015	3.9143995604061015	NIRSpec	true	zoom_n1201	3.9933471945199667	1201	1201	1502.4989583259237	1.2510399319949406	2.4822220872915486e-06	0.12917518549340135	41001	128000	jwst_mcfost/runs/strict_continuum_screen/models/m1p25_a0p50_i0p05/disk_envelope_m1p25_a0p50_i0p05_rt.para	e3fc3d6ac990ecd28e78d29e95bf3004fc3f84da2980445d9a58a945dc08c5fd	jwst_mcfost/runs/strict_continuum_screen/anchors/w006/strict_continuum_anchor.lambda	c0f32299968b99649726432a9298eb8e93020139584fa61fd0f35fa3abaab4e0	3	jwst_mcfost/runs/strict_continuum_screen/models/m1p25_a0p50_i0p05/temperature	jwst_mcfost/runs/strict_continuum_screen/rt_tasks/t036_m1p25_a0p50_i0p05_w006
37	3	m1p25_a0p50_i0p05	1.25	0.50	7	w007	window_5p4	171	5.3906283153397085	5.3906283153397085	MIRI	false	zoom_n1201	3.9933471945199667	1201	1201	1502.4989583259237	1.2510399319949406	2.4822220872915486e-06	0.28389073440621038	41001	128000	jwst_mcfost/runs/strict_continuum_screen/models/m1p25_a0p50_i0p05/disk_envelope_m1p25_a0p50_i0p05_rt.para	e3fc3d6ac990ecd28e78d29e95bf3004fc3f84da2980445d9a58a945dc08c5fd	jwst_mcfost/runs/strict_continuum_screen/anchors/w007/strict_continuum_anchor.lambda	d04ad31c2c028e1669b8a052960e0edcf8bb08a87f52c27820b2fb215fc11399	3	jwst_mcfost/runs/strict_continuum_screen/models/m1p25_a0p50_i0p05/temperature	jwst_mcfost/runs/strict_continuum_screen/rt_tasks/t037_m1p25_a0p50_i0p05_w007
38	3	m1p25_a0p50_i0p05	1.25	0.50	8	w008	window_13p8	265	13.799908320389276	13.799908320389276	MIRI	false	zoom_n1201	3.9933471945199667	1201	1201	1502.4989583259237	1.2510399319949406	2.4822220872915486e-06	0.5613969745728461	41001	128000	jwst_mcfost/runs/strict_continuum_screen/models/m1p25_a0p50_i0p05/disk_envelope_m1p25_a0p50_i0p05_rt.para	e3fc3d6ac990ecd28e78d29e95bf3004fc3f84da2980445d9a58a945dc08c5fd	jwst_mcfost/runs/strict_continuum_screen/anchors/w008/strict_continuum_anchor.lambda	dc00d786476769c0d6165f9b9aea7c4cbe1e85dc4b0bc2512f8e12e8ce9d942b	3	jwst_mcfost/runs/strict_continuum_screen/models/m1p25_a0p50_i0p05/temperature	jwst_mcfost/runs/strict_continuum_screen/rt_tasks/t038_m1p25_a0p50_i0p05_w008
39	3	m1p25_a0p50_i0p05	1.25	0.50	9	w009	window_27p5	334	27.513091575690556	27.513091575690556	MIRI	false	zoom_n1201	3.9933471945199667	1201	1201	1502.4989583259237	1.2510399319949406	2.4822220872915486e-06	1.0139320219977885	41001	128000	jwst_mcfost/runs/strict_continuum_screen/models/m1p25_a0p50_i0p05/disk_envelope_m1p25_a0p50_i0p05_rt.para	e3fc3d6ac990ecd28e78d29e95bf3004fc3f84da2980445d9a58a945dc08c5fd	jwst_mcfost/runs/strict_continuum_screen/anchors/w009/strict_continuum_anchor.lambda	7d1ac3036216489ffa93c81d5de564ce57ec16820cf043dfb5a36c68cd83f6bd	3	jwst_mcfost/runs/strict_continuum_screen/models/m1p25_a0p50_i0p05/temperature	jwst_mcfost/runs/strict_continuum_screen/rt_tasks/t039_m1p25_a0p50_i0p05_w009
40	4	m1p50_a0p10_i0p05	1.50	0.10	0	w000	near_ir_short	2	0.9946761707696127	0.9946761707696127	NIRSpec	false	full_n2401	1	2401	2401	6000	2.4989587671803415	4.9582515221832172e-06	0.032824313635397222	41001	128000	jwst_mcfost/runs/strict_continuum_screen/models/m1p50_a0p10_i0p05/disk_envelope_m1p50_a0p10_i0p05_rt.para	98f98891a302ba6ddfe7407195762187de8b7c0701ef05a40dc3bde302a9a480	jwst_mcfost/runs/strict_continuum_screen/anchors/w000/strict_continuum_anchor.lambda	5e0fe7e726e460092394135e5d86a4f329f3adf9446ff8f022ee68ce91e8928e	4	jwst_mcfost/runs/strict_continuum_screen/models/m1p50_a0p10_i0p05/temperature	jwst_mcfost/runs/strict_continuum_screen/rt_tasks/t040_m1p50_a0p10_i0p05_w000
41	4	m1p50_a0p10_i0p05	1.50	0.10	1	w001	near_ir_short	21	1.2028117593024095	1.2028117593024095	NIRSpec	false	full_n2401	1	2401	2401	6000	2.4989587671803415	4.9582515221832172e-06	0.039692788056979511	41001	128000	jwst_mcfost/runs/strict_continuum_screen/models/m1p50_a0p10_i0p05/disk_envelope_m1p50_a0p10_i0p05_rt.para	98f98891a302ba6ddfe7407195762187de8b7c0701ef05a40dc3bde302a9a480	jwst_mcfost/runs/strict_continuum_screen/anchors/w001/strict_continuum_anchor.lambda	334e806dac74f3cab0db03b39807968472f2e194cb77ac7d5efc0c9e0d0a305e	4	jwst_mcfost/runs/strict_continuum_screen/models/m1p50_a0p10_i0p05/temperature	jwst_mcfost/runs/strict_continuum_screen/rt_tasks/t041_m1p50_a0p10_i0p05_w001
42	4	m1p50_a0p10_i0p05	1.50	0.10	2	w002	near_ir_short	43	1.4987957445436022	1.4987957445436022	NIRSpec	false	full_n2401	1	2401	2401	6000	2.4989587671803415	4.9582515221832172e-06	0.049460259569938873	41001	128000	jwst_mcfost/runs/strict_continuum_screen/models/m1p50_a0p10_i0p05/disk_envelope_m1p50_a0p10_i0p05_rt.para	98f98891a302ba6ddfe7407195762187de8b7c0701ef05a40dc3bde302a9a480	jwst_mcfost/runs/strict_continuum_screen/anchors/w002/strict_continuum_anchor.lambda	132b8ae57ad0eddc7816e3f45e121643727120e30a1d5ab9708202d2a9310d54	4	jwst_mcfost/runs/strict_continuum_screen/models/m1p50_a0p10_i0p05/temperature	jwst_mcfost/runs/strict_continuum_screen/rt_tasks/t042_m1p50_a0p10_i0p05_w002
43	4	m1p50_a0p10_i0p05	1.50	0.10	3	w003	near_ir_rise	59	1.7588530996181813	1.7588530996181813	NIRSpec	false	full_n2401	1	2401	2401	6000	2.4989587671803415	4.9582515221832172e-06	0.058042152287399985	41001	128000	jwst_mcfost/runs/strict_continuum_screen/models/m1p50_a0p10_i0p05/disk_envelope_m1p50_a0p10_i0p05_rt.para	98f98891a302ba6ddfe7407195762187de8b7c0701ef05a40dc3bde302a9a480	jwst_mcfost/runs/strict_continuum_screen/anchors/w003/strict_continuum_anchor.lambda	90ac5acad1cc9a08e5697ce6d65ffd414b4b9f8cdea8cade92e91a9025a2a68e	4	jwst_mcfost/runs/strict_continuum_screen/models/m1p50_a0p10_i0p05/temperature	jwst_mcfost/runs/strict_continuum_screen/rt_tasks/t043_m1p50_a0p10_i0p05_w003
44	4	m1p50_a0p10_i0p05	1.50	0.10	4	w004	near_ir_rise	81	2.1916659199557045	2.1916659199557045	NIRSpec	false	full_n2401	1	2401	2401	6000	2.4989587671803415	4.9582515221832172e-06	0.072324975358538254	41001	128000	jwst_mcfost/runs/strict_continuum_screen/models/m1p50_a0p10_i0p05/disk_envelope_m1p50_a0p10_i0p05_rt.para	98f98891a302ba6ddfe7407195762187de8b7c0701ef05a40dc3bde302a9a480	jwst_mcfost/runs/strict_continuum_screen/anchors/w004/strict_continuum_anchor.lambda	651e2bf7f7383323e2c48df2e732fe3cc01f7c5816c25ccc82154fd902c5f7a4	4	jwst_mcfost/runs/strict_continuum_screen/models/m1p50_a0p10_i0p05/temperature	jwst_mcfost/runs/strict_continuum_screen/rt_tasks/t044_m1p50_a0p10_i0p05_w004
45	4	m1p50_a0p10_i0p05	1.50	0.10	5	w005	near_ir_rise	96	2.546352514425122	2.546352514425122	NIRSpec	true	full_n2401	1	2401	2401	6000	2.4989587671803415	4.9582515221832172e-06	0.084029632976029028	41001	128000	jwst_mcfost/runs/strict_continuum_screen/models/m1p50_a0p10_i0p05/disk_envelope_m1p50_a0p10_i0p05_rt.para	98f98891a302ba6ddfe7407195762187de8b7c0701ef05a40dc3bde302a9a480	jwst_mcfost/runs/strict_continuum_screen/anchors/w005/strict_continuum_anchor.lambda	9a4c5d5cdb08e1cfbcaa2b5b0eb958d5026b54a4ecfae6683606dcf96e8edb75	4	jwst_mcfost/runs/strict_continuum_screen/models/m1p50_a0p10_i0p05/temperature	jwst_mcfost/runs/strict_continuum_screen/rt_tasks/t045_m1p50_a0p10_i0p05_w005
46	4	m1p50_a0p10_i0p05	1.50	0.10	6	w006	window_3p9	139	3.9143995604061015	3.9143995604061015	NIRSpec	true	zoom_n1201	3.9933471945199667	1201	1201	1502.4989583259237	1.2510399319949406	2.4822220872915486e-06	0.12917518549340135	41001	128000	jwst_mcfost/runs/strict_continuum_screen/models/m1p50_a0p10_i0p05/disk_envelope_m1p50_a0p10_i0p05_rt.para	98f98891a302ba6ddfe7407195762187de8b7c0701ef05a40dc3bde302a9a480	jwst_mcfost/runs/strict_continuum_screen/anchors/w006/strict_continuum_anchor.lambda	c0f32299968b99649726432a9298eb8e93020139584fa61fd0f35fa3abaab4e0	4	jwst_mcfost/runs/strict_continuum_screen/models/m1p50_a0p10_i0p05/temperature	jwst_mcfost/runs/strict_continuum_screen/rt_tasks/t046_m1p50_a0p10_i0p05_w006
47	4	m1p50_a0p10_i0p05	1.50	0.10	7	w007	window_5p4	171	5.3906283153397085	5.3906283153397085	MIRI	false	zoom_n1201	3.9933471945199667	1201	1201	1502.4989583259237	1.2510399319949406	2.4822220872915486e-06	0.28389073440621038	41001	128000	jwst_mcfost/runs/strict_continuum_screen/models/m1p50_a0p10_i0p05/disk_envelope_m1p50_a0p10_i0p05_rt.para	98f98891a302ba6ddfe7407195762187de8b7c0701ef05a40dc3bde302a9a480	jwst_mcfost/runs/strict_continuum_screen/anchors/w007/strict_continuum_anchor.lambda	d04ad31c2c028e1669b8a052960e0edcf8bb08a87f52c27820b2fb215fc11399	4	jwst_mcfost/runs/strict_continuum_screen/models/m1p50_a0p10_i0p05/temperature	jwst_mcfost/runs/strict_continuum_screen/rt_tasks/t047_m1p50_a0p10_i0p05_w007
48	4	m1p50_a0p10_i0p05	1.50	0.10	8	w008	window_13p8	265	13.799908320389276	13.799908320389276	MIRI	false	zoom_n1201	3.9933471945199667	1201	1201	1502.4989583259237	1.2510399319949406	2.4822220872915486e-06	0.5613969745728461	41001	128000	jwst_mcfost/runs/strict_continuum_screen/models/m1p50_a0p10_i0p05/disk_envelope_m1p50_a0p10_i0p05_rt.para	98f98891a302ba6ddfe7407195762187de8b7c0701ef05a40dc3bde302a9a480	jwst_mcfost/runs/strict_continuum_screen/anchors/w008/strict_continuum_anchor.lambda	dc00d786476769c0d6165f9b9aea7c4cbe1e85dc4b0bc2512f8e12e8ce9d942b	4	jwst_mcfost/runs/strict_continuum_screen/models/m1p50_a0p10_i0p05/temperature	jwst_mcfost/runs/strict_continuum_screen/rt_tasks/t048_m1p50_a0p10_i0p05_w008
49	4	m1p50_a0p10_i0p05	1.50	0.10	9	w009	window_27p5	334	27.513091575690556	27.513091575690556	MIRI	false	zoom_n1201	3.9933471945199667	1201	1201	1502.4989583259237	1.2510399319949406	2.4822220872915486e-06	1.0139320219977885	41001	128000	jwst_mcfost/runs/strict_continuum_screen/models/m1p50_a0p10_i0p05/disk_envelope_m1p50_a0p10_i0p05_rt.para	98f98891a302ba6ddfe7407195762187de8b7c0701ef05a40dc3bde302a9a480	jwst_mcfost/runs/strict_continuum_screen/anchors/w009/strict_continuum_anchor.lambda	7d1ac3036216489ffa93c81d5de564ce57ec16820cf043dfb5a36c68cd83f6bd	4	jwst_mcfost/runs/strict_continuum_screen/models/m1p50_a0p10_i0p05/temperature	jwst_mcfost/runs/strict_continuum_screen/rt_tasks/t049_m1p50_a0p10_i0p05_w009
50	5	m1p50_a0p20_i0p05	1.50	0.20	0	w000	near_ir_short	2	0.9946761707696127	0.9946761707696127	NIRSpec	false	full_n2401	1	2401	2401	6000	2.4989587671803415	4.9582515221832172e-06	0.032824313635397222	41001	128000	jwst_mcfost/runs/strict_continuum_screen/models/m1p50_a0p20_i0p05/disk_envelope_m1p50_a0p20_i0p05_rt.para	577990d8a9d1159bea07652c3b9a32f6c395c15ddc95ea6ac9727a55d0f39712	jwst_mcfost/runs/strict_continuum_screen/anchors/w000/strict_continuum_anchor.lambda	5e0fe7e726e460092394135e5d86a4f329f3adf9446ff8f022ee68ce91e8928e	5	jwst_mcfost/runs/strict_continuum_screen/models/m1p50_a0p20_i0p05/temperature	jwst_mcfost/runs/strict_continuum_screen/rt_tasks/t050_m1p50_a0p20_i0p05_w000
51	5	m1p50_a0p20_i0p05	1.50	0.20	1	w001	near_ir_short	21	1.2028117593024095	1.2028117593024095	NIRSpec	false	full_n2401	1	2401	2401	6000	2.4989587671803415	4.9582515221832172e-06	0.039692788056979511	41001	128000	jwst_mcfost/runs/strict_continuum_screen/models/m1p50_a0p20_i0p05/disk_envelope_m1p50_a0p20_i0p05_rt.para	577990d8a9d1159bea07652c3b9a32f6c395c15ddc95ea6ac9727a55d0f39712	jwst_mcfost/runs/strict_continuum_screen/anchors/w001/strict_continuum_anchor.lambda	334e806dac74f3cab0db03b39807968472f2e194cb77ac7d5efc0c9e0d0a305e	5	jwst_mcfost/runs/strict_continuum_screen/models/m1p50_a0p20_i0p05/temperature	jwst_mcfost/runs/strict_continuum_screen/rt_tasks/t051_m1p50_a0p20_i0p05_w001
52	5	m1p50_a0p20_i0p05	1.50	0.20	2	w002	near_ir_short	43	1.4987957445436022	1.4987957445436022	NIRSpec	false	full_n2401	1	2401	2401	6000	2.4989587671803415	4.9582515221832172e-06	0.049460259569938873	41001	128000	jwst_mcfost/runs/strict_continuum_screen/models/m1p50_a0p20_i0p05/disk_envelope_m1p50_a0p20_i0p05_rt.para	577990d8a9d1159bea07652c3b9a32f6c395c15ddc95ea6ac9727a55d0f39712	jwst_mcfost/runs/strict_continuum_screen/anchors/w002/strict_continuum_anchor.lambda	132b8ae57ad0eddc7816e3f45e121643727120e30a1d5ab9708202d2a9310d54	5	jwst_mcfost/runs/strict_continuum_screen/models/m1p50_a0p20_i0p05/temperature	jwst_mcfost/runs/strict_continuum_screen/rt_tasks/t052_m1p50_a0p20_i0p05_w002
53	5	m1p50_a0p20_i0p05	1.50	0.20	3	w003	near_ir_rise	59	1.7588530996181813	1.7588530996181813	NIRSpec	false	full_n2401	1	2401	2401	6000	2.4989587671803415	4.9582515221832172e-06	0.058042152287399985	41001	128000	jwst_mcfost/runs/strict_continuum_screen/models/m1p50_a0p20_i0p05/disk_envelope_m1p50_a0p20_i0p05_rt.para	577990d8a9d1159bea07652c3b9a32f6c395c15ddc95ea6ac9727a55d0f39712	jwst_mcfost/runs/strict_continuum_screen/anchors/w003/strict_continuum_anchor.lambda	90ac5acad1cc9a08e5697ce6d65ffd414b4b9f8cdea8cade92e91a9025a2a68e	5	jwst_mcfost/runs/strict_continuum_screen/models/m1p50_a0p20_i0p05/temperature	jwst_mcfost/runs/strict_continuum_screen/rt_tasks/t053_m1p50_a0p20_i0p05_w003
54	5	m1p50_a0p20_i0p05	1.50	0.20	4	w004	near_ir_rise	81	2.1916659199557045	2.1916659199557045	NIRSpec	false	full_n2401	1	2401	2401	6000	2.4989587671803415	4.9582515221832172e-06	0.072324975358538254	41001	128000	jwst_mcfost/runs/strict_continuum_screen/models/m1p50_a0p20_i0p05/disk_envelope_m1p50_a0p20_i0p05_rt.para	577990d8a9d1159bea07652c3b9a32f6c395c15ddc95ea6ac9727a55d0f39712	jwst_mcfost/runs/strict_continuum_screen/anchors/w004/strict_continuum_anchor.lambda	651e2bf7f7383323e2c48df2e732fe3cc01f7c5816c25ccc82154fd902c5f7a4	5	jwst_mcfost/runs/strict_continuum_screen/models/m1p50_a0p20_i0p05/temperature	jwst_mcfost/runs/strict_continuum_screen/rt_tasks/t054_m1p50_a0p20_i0p05_w004
55	5	m1p50_a0p20_i0p05	1.50	0.20	5	w005	near_ir_rise	96	2.546352514425122	2.546352514425122	NIRSpec	true	full_n2401	1	2401	2401	6000	2.4989587671803415	4.9582515221832172e-06	0.084029632976029028	41001	128000	jwst_mcfost/runs/strict_continuum_screen/models/m1p50_a0p20_i0p05/disk_envelope_m1p50_a0p20_i0p05_rt.para	577990d8a9d1159bea07652c3b9a32f6c395c15ddc95ea6ac9727a55d0f39712	jwst_mcfost/runs/strict_continuum_screen/anchors/w005/strict_continuum_anchor.lambda	9a4c5d5cdb08e1cfbcaa2b5b0eb958d5026b54a4ecfae6683606dcf96e8edb75	5	jwst_mcfost/runs/strict_continuum_screen/models/m1p50_a0p20_i0p05/temperature	jwst_mcfost/runs/strict_continuum_screen/rt_tasks/t055_m1p50_a0p20_i0p05_w005
56	5	m1p50_a0p20_i0p05	1.50	0.20	6	w006	window_3p9	139	3.9143995604061015	3.9143995604061015	NIRSpec	true	zoom_n1201	3.9933471945199667	1201	1201	1502.4989583259237	1.2510399319949406	2.4822220872915486e-06	0.12917518549340135	41001	128000	jwst_mcfost/runs/strict_continuum_screen/models/m1p50_a0p20_i0p05/disk_envelope_m1p50_a0p20_i0p05_rt.para	577990d8a9d1159bea07652c3b9a32f6c395c15ddc95ea6ac9727a55d0f39712	jwst_mcfost/runs/strict_continuum_screen/anchors/w006/strict_continuum_anchor.lambda	c0f32299968b99649726432a9298eb8e93020139584fa61fd0f35fa3abaab4e0	5	jwst_mcfost/runs/strict_continuum_screen/models/m1p50_a0p20_i0p05/temperature	jwst_mcfost/runs/strict_continuum_screen/rt_tasks/t056_m1p50_a0p20_i0p05_w006
57	5	m1p50_a0p20_i0p05	1.50	0.20	7	w007	window_5p4	171	5.3906283153397085	5.3906283153397085	MIRI	false	zoom_n1201	3.9933471945199667	1201	1201	1502.4989583259237	1.2510399319949406	2.4822220872915486e-06	0.28389073440621038	41001	128000	jwst_mcfost/runs/strict_continuum_screen/models/m1p50_a0p20_i0p05/disk_envelope_m1p50_a0p20_i0p05_rt.para	577990d8a9d1159bea07652c3b9a32f6c395c15ddc95ea6ac9727a55d0f39712	jwst_mcfost/runs/strict_continuum_screen/anchors/w007/strict_continuum_anchor.lambda	d04ad31c2c028e1669b8a052960e0edcf8bb08a87f52c27820b2fb215fc11399	5	jwst_mcfost/runs/strict_continuum_screen/models/m1p50_a0p20_i0p05/temperature	jwst_mcfost/runs/strict_continuum_screen/rt_tasks/t057_m1p50_a0p20_i0p05_w007
58	5	m1p50_a0p20_i0p05	1.50	0.20	8	w008	window_13p8	265	13.799908320389276	13.799908320389276	MIRI	false	zoom_n1201	3.9933471945199667	1201	1201	1502.4989583259237	1.2510399319949406	2.4822220872915486e-06	0.5613969745728461	41001	128000	jwst_mcfost/runs/strict_continuum_screen/models/m1p50_a0p20_i0p05/disk_envelope_m1p50_a0p20_i0p05_rt.para	577990d8a9d1159bea07652c3b9a32f6c395c15ddc95ea6ac9727a55d0f39712	jwst_mcfost/runs/strict_continuum_screen/anchors/w008/strict_continuum_anchor.lambda	dc00d786476769c0d6165f9b9aea7c4cbe1e85dc4b0bc2512f8e12e8ce9d942b	5	jwst_mcfost/runs/strict_continuum_screen/models/m1p50_a0p20_i0p05/temperature	jwst_mcfost/runs/strict_continuum_screen/rt_tasks/t058_m1p50_a0p20_i0p05_w008
59	5	m1p50_a0p20_i0p05	1.50	0.20	9	w009	window_27p5	334	27.513091575690556	27.513091575690556	MIRI	false	zoom_n1201	3.9933471945199667	1201	1201	1502.4989583259237	1.2510399319949406	2.4822220872915486e-06	1.0139320219977885	41001	128000	jwst_mcfost/runs/strict_continuum_screen/models/m1p50_a0p20_i0p05/disk_envelope_m1p50_a0p20_i0p05_rt.para	577990d8a9d1159bea07652c3b9a32f6c395c15ddc95ea6ac9727a55d0f39712	jwst_mcfost/runs/strict_continuum_screen/anchors/w009/strict_continuum_anchor.lambda	7d1ac3036216489ffa93c81d5de564ce57ec16820cf043dfb5a36c68cd83f6bd	5	jwst_mcfost/runs/strict_continuum_screen/models/m1p50_a0p20_i0p05/temperature	jwst_mcfost/runs/strict_continuum_screen/rt_tasks/t059_m1p50_a0p20_i0p05_w009
60	6	m1p50_a0p35_i0p05	1.50	0.35	0	w000	near_ir_short	2	0.9946761707696127	0.9946761707696127	NIRSpec	false	full_n2401	1	2401	2401	6000	2.4989587671803415	4.9582515221832172e-06	0.032824313635397222	41001	128000	jwst_mcfost/runs/strict_continuum_screen/models/m1p50_a0p35_i0p05/disk_envelope_m1p50_a0p35_i0p05_rt.para	4a24e98ef5dcf99df95f9a8421000cf02180c6cd8a4561505ff8d86993af0e01	jwst_mcfost/runs/strict_continuum_screen/anchors/w000/strict_continuum_anchor.lambda	5e0fe7e726e460092394135e5d86a4f329f3adf9446ff8f022ee68ce91e8928e	6	jwst_mcfost/runs/strict_continuum_screen/models/m1p50_a0p35_i0p05/temperature	jwst_mcfost/runs/strict_continuum_screen/rt_tasks/t060_m1p50_a0p35_i0p05_w000
61	6	m1p50_a0p35_i0p05	1.50	0.35	1	w001	near_ir_short	21	1.2028117593024095	1.2028117593024095	NIRSpec	false	full_n2401	1	2401	2401	6000	2.4989587671803415	4.9582515221832172e-06	0.039692788056979511	41001	128000	jwst_mcfost/runs/strict_continuum_screen/models/m1p50_a0p35_i0p05/disk_envelope_m1p50_a0p35_i0p05_rt.para	4a24e98ef5dcf99df95f9a8421000cf02180c6cd8a4561505ff8d86993af0e01	jwst_mcfost/runs/strict_continuum_screen/anchors/w001/strict_continuum_anchor.lambda	334e806dac74f3cab0db03b39807968472f2e194cb77ac7d5efc0c9e0d0a305e	6	jwst_mcfost/runs/strict_continuum_screen/models/m1p50_a0p35_i0p05/temperature	jwst_mcfost/runs/strict_continuum_screen/rt_tasks/t061_m1p50_a0p35_i0p05_w001
62	6	m1p50_a0p35_i0p05	1.50	0.35	2	w002	near_ir_short	43	1.4987957445436022	1.4987957445436022	NIRSpec	false	full_n2401	1	2401	2401	6000	2.4989587671803415	4.9582515221832172e-06	0.049460259569938873	41001	128000	jwst_mcfost/runs/strict_continuum_screen/models/m1p50_a0p35_i0p05/disk_envelope_m1p50_a0p35_i0p05_rt.para	4a24e98ef5dcf99df95f9a8421000cf02180c6cd8a4561505ff8d86993af0e01	jwst_mcfost/runs/strict_continuum_screen/anchors/w002/strict_continuum_anchor.lambda	132b8ae57ad0eddc7816e3f45e121643727120e30a1d5ab9708202d2a9310d54	6	jwst_mcfost/runs/strict_continuum_screen/models/m1p50_a0p35_i0p05/temperature	jwst_mcfost/runs/strict_continuum_screen/rt_tasks/t062_m1p50_a0p35_i0p05_w002
63	6	m1p50_a0p35_i0p05	1.50	0.35	3	w003	near_ir_rise	59	1.7588530996181813	1.7588530996181813	NIRSpec	false	full_n2401	1	2401	2401	6000	2.4989587671803415	4.9582515221832172e-06	0.058042152287399985	41001	128000	jwst_mcfost/runs/strict_continuum_screen/models/m1p50_a0p35_i0p05/disk_envelope_m1p50_a0p35_i0p05_rt.para	4a24e98ef5dcf99df95f9a8421000cf02180c6cd8a4561505ff8d86993af0e01	jwst_mcfost/runs/strict_continuum_screen/anchors/w003/strict_continuum_anchor.lambda	90ac5acad1cc9a08e5697ce6d65ffd414b4b9f8cdea8cade92e91a9025a2a68e	6	jwst_mcfost/runs/strict_continuum_screen/models/m1p50_a0p35_i0p05/temperature	jwst_mcfost/runs/strict_continuum_screen/rt_tasks/t063_m1p50_a0p35_i0p05_w003
64	6	m1p50_a0p35_i0p05	1.50	0.35	4	w004	near_ir_rise	81	2.1916659199557045	2.1916659199557045	NIRSpec	false	full_n2401	1	2401	2401	6000	2.4989587671803415	4.9582515221832172e-06	0.072324975358538254	41001	128000	jwst_mcfost/runs/strict_continuum_screen/models/m1p50_a0p35_i0p05/disk_envelope_m1p50_a0p35_i0p05_rt.para	4a24e98ef5dcf99df95f9a8421000cf02180c6cd8a4561505ff8d86993af0e01	jwst_mcfost/runs/strict_continuum_screen/anchors/w004/strict_continuum_anchor.lambda	651e2bf7f7383323e2c48df2e732fe3cc01f7c5816c25ccc82154fd902c5f7a4	6	jwst_mcfost/runs/strict_continuum_screen/models/m1p50_a0p35_i0p05/temperature	jwst_mcfost/runs/strict_continuum_screen/rt_tasks/t064_m1p50_a0p35_i0p05_w004
65	6	m1p50_a0p35_i0p05	1.50	0.35	5	w005	near_ir_rise	96	2.546352514425122	2.546352514425122	NIRSpec	true	full_n2401	1	2401	2401	6000	2.4989587671803415	4.9582515221832172e-06	0.084029632976029028	41001	128000	jwst_mcfost/runs/strict_continuum_screen/models/m1p50_a0p35_i0p05/disk_envelope_m1p50_a0p35_i0p05_rt.para	4a24e98ef5dcf99df95f9a8421000cf02180c6cd8a4561505ff8d86993af0e01	jwst_mcfost/runs/strict_continuum_screen/anchors/w005/strict_continuum_anchor.lambda	9a4c5d5cdb08e1cfbcaa2b5b0eb958d5026b54a4ecfae6683606dcf96e8edb75	6	jwst_mcfost/runs/strict_continuum_screen/models/m1p50_a0p35_i0p05/temperature	jwst_mcfost/runs/strict_continuum_screen/rt_tasks/t065_m1p50_a0p35_i0p05_w005
66	6	m1p50_a0p35_i0p05	1.50	0.35	6	w006	window_3p9	139	3.9143995604061015	3.9143995604061015	NIRSpec	true	zoom_n1201	3.9933471945199667	1201	1201	1502.4989583259237	1.2510399319949406	2.4822220872915486e-06	0.12917518549340135	41001	128000	jwst_mcfost/runs/strict_continuum_screen/models/m1p50_a0p35_i0p05/disk_envelope_m1p50_a0p35_i0p05_rt.para	4a24e98ef5dcf99df95f9a8421000cf02180c6cd8a4561505ff8d86993af0e01	jwst_mcfost/runs/strict_continuum_screen/anchors/w006/strict_continuum_anchor.lambda	c0f32299968b99649726432a9298eb8e93020139584fa61fd0f35fa3abaab4e0	6	jwst_mcfost/runs/strict_continuum_screen/models/m1p50_a0p35_i0p05/temperature	jwst_mcfost/runs/strict_continuum_screen/rt_tasks/t066_m1p50_a0p35_i0p05_w006
67	6	m1p50_a0p35_i0p05	1.50	0.35	7	w007	window_5p4	171	5.3906283153397085	5.3906283153397085	MIRI	false	zoom_n1201	3.9933471945199667	1201	1201	1502.4989583259237	1.2510399319949406	2.4822220872915486e-06	0.28389073440621038	41001	128000	jwst_mcfost/runs/strict_continuum_screen/models/m1p50_a0p35_i0p05/disk_envelope_m1p50_a0p35_i0p05_rt.para	4a24e98ef5dcf99df95f9a8421000cf02180c6cd8a4561505ff8d86993af0e01	jwst_mcfost/runs/strict_continuum_screen/anchors/w007/strict_continuum_anchor.lambda	d04ad31c2c028e1669b8a052960e0edcf8bb08a87f52c27820b2fb215fc11399	6	jwst_mcfost/runs/strict_continuum_screen/models/m1p50_a0p35_i0p05/temperature	jwst_mcfost/runs/strict_continuum_screen/rt_tasks/t067_m1p50_a0p35_i0p05_w007
68	6	m1p50_a0p35_i0p05	1.50	0.35	8	w008	window_13p8	265	13.799908320389276	13.799908320389276	MIRI	false	zoom_n1201	3.9933471945199667	1201	1201	1502.4989583259237	1.2510399319949406	2.4822220872915486e-06	0.5613969745728461	41001	128000	jwst_mcfost/runs/strict_continuum_screen/models/m1p50_a0p35_i0p05/disk_envelope_m1p50_a0p35_i0p05_rt.para	4a24e98ef5dcf99df95f9a8421000cf02180c6cd8a4561505ff8d86993af0e01	jwst_mcfost/runs/strict_continuum_screen/anchors/w008/strict_continuum_anchor.lambda	dc00d786476769c0d6165f9b9aea7c4cbe1e85dc4b0bc2512f8e12e8ce9d942b	6	jwst_mcfost/runs/strict_continuum_screen/models/m1p50_a0p35_i0p05/temperature	jwst_mcfost/runs/strict_continuum_screen/rt_tasks/t068_m1p50_a0p35_i0p05_w008
69	6	m1p50_a0p35_i0p05	1.50	0.35	9	w009	window_27p5	334	27.513091575690556	27.513091575690556	MIRI	false	zoom_n1201	3.9933471945199667	1201	1201	1502.4989583259237	1.2510399319949406	2.4822220872915486e-06	1.0139320219977885	41001	128000	jwst_mcfost/runs/strict_continuum_screen/models/m1p50_a0p35_i0p05/disk_envelope_m1p50_a0p35_i0p05_rt.para	4a24e98ef5dcf99df95f9a8421000cf02180c6cd8a4561505ff8d86993af0e01	jwst_mcfost/runs/strict_continuum_screen/anchors/w009/strict_continuum_anchor.lambda	7d1ac3036216489ffa93c81d5de564ce57ec16820cf043dfb5a36c68cd83f6bd	6	jwst_mcfost/runs/strict_continuum_screen/models/m1p50_a0p35_i0p05/temperature	jwst_mcfost/runs/strict_continuum_screen/rt_tasks/t069_m1p50_a0p35_i0p05_w009
70	7	m1p50_a0p50_i0p05	1.50	0.50	0	w000	near_ir_short	2	0.9946761707696127	0.9946761707696127	NIRSpec	false	full_n2401	1	2401	2401	6000	2.4989587671803415	4.9582515221832172e-06	0.032824313635397222	41001	128000	jwst_mcfost/runs/strict_continuum_screen/models/m1p50_a0p50_i0p05/disk_envelope_m1p50_a0p50_i0p05_rt.para	ac122143d66e81cc851f5981acd507f334ad6d2c81eddeaadc3d0b8b9a97aec4	jwst_mcfost/runs/strict_continuum_screen/anchors/w000/strict_continuum_anchor.lambda	5e0fe7e726e460092394135e5d86a4f329f3adf9446ff8f022ee68ce91e8928e	7	jwst_mcfost/runs/strict_continuum_screen/models/m1p50_a0p50_i0p05/temperature	jwst_mcfost/runs/strict_continuum_screen/rt_tasks/t070_m1p50_a0p50_i0p05_w000
71	7	m1p50_a0p50_i0p05	1.50	0.50	1	w001	near_ir_short	21	1.2028117593024095	1.2028117593024095	NIRSpec	false	full_n2401	1	2401	2401	6000	2.4989587671803415	4.9582515221832172e-06	0.039692788056979511	41001	128000	jwst_mcfost/runs/strict_continuum_screen/models/m1p50_a0p50_i0p05/disk_envelope_m1p50_a0p50_i0p05_rt.para	ac122143d66e81cc851f5981acd507f334ad6d2c81eddeaadc3d0b8b9a97aec4	jwst_mcfost/runs/strict_continuum_screen/anchors/w001/strict_continuum_anchor.lambda	334e806dac74f3cab0db03b39807968472f2e194cb77ac7d5efc0c9e0d0a305e	7	jwst_mcfost/runs/strict_continuum_screen/models/m1p50_a0p50_i0p05/temperature	jwst_mcfost/runs/strict_continuum_screen/rt_tasks/t071_m1p50_a0p50_i0p05_w001
72	7	m1p50_a0p50_i0p05	1.50	0.50	2	w002	near_ir_short	43	1.4987957445436022	1.4987957445436022	NIRSpec	false	full_n2401	1	2401	2401	6000	2.4989587671803415	4.9582515221832172e-06	0.049460259569938873	41001	128000	jwst_mcfost/runs/strict_continuum_screen/models/m1p50_a0p50_i0p05/disk_envelope_m1p50_a0p50_i0p05_rt.para	ac122143d66e81cc851f5981acd507f334ad6d2c81eddeaadc3d0b8b9a97aec4	jwst_mcfost/runs/strict_continuum_screen/anchors/w002/strict_continuum_anchor.lambda	132b8ae57ad0eddc7816e3f45e121643727120e30a1d5ab9708202d2a9310d54	7	jwst_mcfost/runs/strict_continuum_screen/models/m1p50_a0p50_i0p05/temperature	jwst_mcfost/runs/strict_continuum_screen/rt_tasks/t072_m1p50_a0p50_i0p05_w002
73	7	m1p50_a0p50_i0p05	1.50	0.50	3	w003	near_ir_rise	59	1.7588530996181813	1.7588530996181813	NIRSpec	false	full_n2401	1	2401	2401	6000	2.4989587671803415	4.9582515221832172e-06	0.058042152287399985	41001	128000	jwst_mcfost/runs/strict_continuum_screen/models/m1p50_a0p50_i0p05/disk_envelope_m1p50_a0p50_i0p05_rt.para	ac122143d66e81cc851f5981acd507f334ad6d2c81eddeaadc3d0b8b9a97aec4	jwst_mcfost/runs/strict_continuum_screen/anchors/w003/strict_continuum_anchor.lambda	90ac5acad1cc9a08e5697ce6d65ffd414b4b9f8cdea8cade92e91a9025a2a68e	7	jwst_mcfost/runs/strict_continuum_screen/models/m1p50_a0p50_i0p05/temperature	jwst_mcfost/runs/strict_continuum_screen/rt_tasks/t073_m1p50_a0p50_i0p05_w003
74	7	m1p50_a0p50_i0p05	1.50	0.50	4	w004	near_ir_rise	81	2.1916659199557045	2.1916659199557045	NIRSpec	false	full_n2401	1	2401	2401	6000	2.4989587671803415	4.9582515221832172e-06	0.072324975358538254	41001	128000	jwst_mcfost/runs/strict_continuum_screen/models/m1p50_a0p50_i0p05/disk_envelope_m1p50_a0p50_i0p05_rt.para	ac122143d66e81cc851f5981acd507f334ad6d2c81eddeaadc3d0b8b9a97aec4	jwst_mcfost/runs/strict_continuum_screen/anchors/w004/strict_continuum_anchor.lambda	651e2bf7f7383323e2c48df2e732fe3cc01f7c5816c25ccc82154fd902c5f7a4	7	jwst_mcfost/runs/strict_continuum_screen/models/m1p50_a0p50_i0p05/temperature	jwst_mcfost/runs/strict_continuum_screen/rt_tasks/t074_m1p50_a0p50_i0p05_w004
75	7	m1p50_a0p50_i0p05	1.50	0.50	5	w005	near_ir_rise	96	2.546352514425122	2.546352514425122	NIRSpec	true	full_n2401	1	2401	2401	6000	2.4989587671803415	4.9582515221832172e-06	0.084029632976029028	41001	128000	jwst_mcfost/runs/strict_continuum_screen/models/m1p50_a0p50_i0p05/disk_envelope_m1p50_a0p50_i0p05_rt.para	ac122143d66e81cc851f5981acd507f334ad6d2c81eddeaadc3d0b8b9a97aec4	jwst_mcfost/runs/strict_continuum_screen/anchors/w005/strict_continuum_anchor.lambda	9a4c5d5cdb08e1cfbcaa2b5b0eb958d5026b54a4ecfae6683606dcf96e8edb75	7	jwst_mcfost/runs/strict_continuum_screen/models/m1p50_a0p50_i0p05/temperature	jwst_mcfost/runs/strict_continuum_screen/rt_tasks/t075_m1p50_a0p50_i0p05_w005
76	7	m1p50_a0p50_i0p05	1.50	0.50	6	w006	window_3p9	139	3.9143995604061015	3.9143995604061015	NIRSpec	true	zoom_n1201	3.9933471945199667	1201	1201	1502.4989583259237	1.2510399319949406	2.4822220872915486e-06	0.12917518549340135	41001	128000	jwst_mcfost/runs/strict_continuum_screen/models/m1p50_a0p50_i0p05/disk_envelope_m1p50_a0p50_i0p05_rt.para	ac122143d66e81cc851f5981acd507f334ad6d2c81eddeaadc3d0b8b9a97aec4	jwst_mcfost/runs/strict_continuum_screen/anchors/w006/strict_continuum_anchor.lambda	c0f32299968b99649726432a9298eb8e93020139584fa61fd0f35fa3abaab4e0	7	jwst_mcfost/runs/strict_continuum_screen/models/m1p50_a0p50_i0p05/temperature	jwst_mcfost/runs/strict_continuum_screen/rt_tasks/t076_m1p50_a0p50_i0p05_w006
77	7	m1p50_a0p50_i0p05	1.50	0.50	7	w007	window_5p4	171	5.3906283153397085	5.3906283153397085	MIRI	false	zoom_n1201	3.9933471945199667	1201	1201	1502.4989583259237	1.2510399319949406	2.4822220872915486e-06	0.28389073440621038	41001	128000	jwst_mcfost/runs/strict_continuum_screen/models/m1p50_a0p50_i0p05/disk_envelope_m1p50_a0p50_i0p05_rt.para	ac122143d66e81cc851f5981acd507f334ad6d2c81eddeaadc3d0b8b9a97aec4	jwst_mcfost/runs/strict_continuum_screen/anchors/w007/strict_continuum_anchor.lambda	d04ad31c2c028e1669b8a052960e0edcf8bb08a87f52c27820b2fb215fc11399	7	jwst_mcfost/runs/strict_continuum_screen/models/m1p50_a0p50_i0p05/temperature	jwst_mcfost/runs/strict_continuum_screen/rt_tasks/t077_m1p50_a0p50_i0p05_w007
78	7	m1p50_a0p50_i0p05	1.50	0.50	8	w008	window_13p8	265	13.799908320389276	13.799908320389276	MIRI	false	zoom_n1201	3.9933471945199667	1201	1201	1502.4989583259237	1.2510399319949406	2.4822220872915486e-06	0.5613969745728461	41001	128000	jwst_mcfost/runs/strict_continuum_screen/models/m1p50_a0p50_i0p05/disk_envelope_m1p50_a0p50_i0p05_rt.para	ac122143d66e81cc851f5981acd507f334ad6d2c81eddeaadc3d0b8b9a97aec4	jwst_mcfost/runs/strict_continuum_screen/anchors/w008/strict_continuum_anchor.lambda	dc00d786476769c0d6165f9b9aea7c4cbe1e85dc4b0bc2512f8e12e8ce9d942b	7	jwst_mcfost/runs/strict_continuum_screen/models/m1p50_a0p50_i0p05/temperature	jwst_mcfost/runs/strict_continuum_screen/rt_tasks/t078_m1p50_a0p50_i0p05_w008
79	7	m1p50_a0p50_i0p05	1.50	0.50	9	w009	window_27p5	334	27.513091575690556	27.513091575690556	MIRI	false	zoom_n1201	3.9933471945199667	1201	1201	1502.4989583259237	1.2510399319949406	2.4822220872915486e-06	1.0139320219977885	41001	128000	jwst_mcfost/runs/strict_continuum_screen/models/m1p50_a0p50_i0p05/disk_envelope_m1p50_a0p50_i0p05_rt.para	ac122143d66e81cc851f5981acd507f334ad6d2c81eddeaadc3d0b8b9a97aec4	jwst_mcfost/runs/strict_continuum_screen/anchors/w009/strict_continuum_anchor.lambda	7d1ac3036216489ffa93c81d5de564ce57ec16820cf043dfb5a36c68cd83f6bd	7	jwst_mcfost/runs/strict_continuum_screen/models/m1p50_a0p50_i0p05/temperature	jwst_mcfost/runs/strict_continuum_screen/rt_tasks/t079_m1p50_a0p50_i0p05_w009
80	8	m1p75_a0p10_i0p05	1.75	0.10	0	w000	near_ir_short	2	0.9946761707696127	0.9946761707696127	NIRSpec	false	full_n2401	1	2401	2401	6000	2.4989587671803415	4.9582515221832172e-06	0.032824313635397222	41001	128000	jwst_mcfost/runs/strict_continuum_screen/models/m1p75_a0p10_i0p05/disk_envelope_m1p75_a0p10_i0p05_rt.para	d2d1db46c828da7465b26f18a5dd211e1da3475b43ade0e3e4bc2839d74a084f	jwst_mcfost/runs/strict_continuum_screen/anchors/w000/strict_continuum_anchor.lambda	5e0fe7e726e460092394135e5d86a4f329f3adf9446ff8f022ee68ce91e8928e	8	jwst_mcfost/runs/strict_continuum_screen/models/m1p75_a0p10_i0p05/temperature	jwst_mcfost/runs/strict_continuum_screen/rt_tasks/t080_m1p75_a0p10_i0p05_w000
81	8	m1p75_a0p10_i0p05	1.75	0.10	1	w001	near_ir_short	21	1.2028117593024095	1.2028117593024095	NIRSpec	false	full_n2401	1	2401	2401	6000	2.4989587671803415	4.9582515221832172e-06	0.039692788056979511	41001	128000	jwst_mcfost/runs/strict_continuum_screen/models/m1p75_a0p10_i0p05/disk_envelope_m1p75_a0p10_i0p05_rt.para	d2d1db46c828da7465b26f18a5dd211e1da3475b43ade0e3e4bc2839d74a084f	jwst_mcfost/runs/strict_continuum_screen/anchors/w001/strict_continuum_anchor.lambda	334e806dac74f3cab0db03b39807968472f2e194cb77ac7d5efc0c9e0d0a305e	8	jwst_mcfost/runs/strict_continuum_screen/models/m1p75_a0p10_i0p05/temperature	jwst_mcfost/runs/strict_continuum_screen/rt_tasks/t081_m1p75_a0p10_i0p05_w001
82	8	m1p75_a0p10_i0p05	1.75	0.10	2	w002	near_ir_short	43	1.4987957445436022	1.4987957445436022	NIRSpec	false	full_n2401	1	2401	2401	6000	2.4989587671803415	4.9582515221832172e-06	0.049460259569938873	41001	128000	jwst_mcfost/runs/strict_continuum_screen/models/m1p75_a0p10_i0p05/disk_envelope_m1p75_a0p10_i0p05_rt.para	d2d1db46c828da7465b26f18a5dd211e1da3475b43ade0e3e4bc2839d74a084f	jwst_mcfost/runs/strict_continuum_screen/anchors/w002/strict_continuum_anchor.lambda	132b8ae57ad0eddc7816e3f45e121643727120e30a1d5ab9708202d2a9310d54	8	jwst_mcfost/runs/strict_continuum_screen/models/m1p75_a0p10_i0p05/temperature	jwst_mcfost/runs/strict_continuum_screen/rt_tasks/t082_m1p75_a0p10_i0p05_w002
83	8	m1p75_a0p10_i0p05	1.75	0.10	3	w003	near_ir_rise	59	1.7588530996181813	1.7588530996181813	NIRSpec	false	full_n2401	1	2401	2401	6000	2.4989587671803415	4.9582515221832172e-06	0.058042152287399985	41001	128000	jwst_mcfost/runs/strict_continuum_screen/models/m1p75_a0p10_i0p05/disk_envelope_m1p75_a0p10_i0p05_rt.para	d2d1db46c828da7465b26f18a5dd211e1da3475b43ade0e3e4bc2839d74a084f	jwst_mcfost/runs/strict_continuum_screen/anchors/w003/strict_continuum_anchor.lambda	90ac5acad1cc9a08e5697ce6d65ffd414b4b9f8cdea8cade92e91a9025a2a68e	8	jwst_mcfost/runs/strict_continuum_screen/models/m1p75_a0p10_i0p05/temperature	jwst_mcfost/runs/strict_continuum_screen/rt_tasks/t083_m1p75_a0p10_i0p05_w003
84	8	m1p75_a0p10_i0p05	1.75	0.10	4	w004	near_ir_rise	81	2.1916659199557045	2.1916659199557045	NIRSpec	false	full_n2401	1	2401	2401	6000	2.4989587671803415	4.9582515221832172e-06	0.072324975358538254	41001	128000	jwst_mcfost/runs/strict_continuum_screen/models/m1p75_a0p10_i0p05/disk_envelope_m1p75_a0p10_i0p05_rt.para	d2d1db46c828da7465b26f18a5dd211e1da3475b43ade0e3e4bc2839d74a084f	jwst_mcfost/runs/strict_continuum_screen/anchors/w004/strict_continuum_anchor.lambda	651e2bf7f7383323e2c48df2e732fe3cc01f7c5816c25ccc82154fd902c5f7a4	8	jwst_mcfost/runs/strict_continuum_screen/models/m1p75_a0p10_i0p05/temperature	jwst_mcfost/runs/strict_continuum_screen/rt_tasks/t084_m1p75_a0p10_i0p05_w004
85	8	m1p75_a0p10_i0p05	1.75	0.10	5	w005	near_ir_rise	96	2.546352514425122	2.546352514425122	NIRSpec	true	full_n2401	1	2401	2401	6000	2.4989587671803415	4.9582515221832172e-06	0.084029632976029028	41001	128000	jwst_mcfost/runs/strict_continuum_screen/models/m1p75_a0p10_i0p05/disk_envelope_m1p75_a0p10_i0p05_rt.para	d2d1db46c828da7465b26f18a5dd211e1da3475b43ade0e3e4bc2839d74a084f	jwst_mcfost/runs/strict_continuum_screen/anchors/w005/strict_continuum_anchor.lambda	9a4c5d5cdb08e1cfbcaa2b5b0eb958d5026b54a4ecfae6683606dcf96e8edb75	8	jwst_mcfost/runs/strict_continuum_screen/models/m1p75_a0p10_i0p05/temperature	jwst_mcfost/runs/strict_continuum_screen/rt_tasks/t085_m1p75_a0p10_i0p05_w005
86	8	m1p75_a0p10_i0p05	1.75	0.10	6	w006	window_3p9	139	3.9143995604061015	3.9143995604061015	NIRSpec	true	zoom_n1201	3.9933471945199667	1201	1201	1502.4989583259237	1.2510399319949406	2.4822220872915486e-06	0.12917518549340135	41001	128000	jwst_mcfost/runs/strict_continuum_screen/models/m1p75_a0p10_i0p05/disk_envelope_m1p75_a0p10_i0p05_rt.para	d2d1db46c828da7465b26f18a5dd211e1da3475b43ade0e3e4bc2839d74a084f	jwst_mcfost/runs/strict_continuum_screen/anchors/w006/strict_continuum_anchor.lambda	c0f32299968b99649726432a9298eb8e93020139584fa61fd0f35fa3abaab4e0	8	jwst_mcfost/runs/strict_continuum_screen/models/m1p75_a0p10_i0p05/temperature	jwst_mcfost/runs/strict_continuum_screen/rt_tasks/t086_m1p75_a0p10_i0p05_w006
87	8	m1p75_a0p10_i0p05	1.75	0.10	7	w007	window_5p4	171	5.3906283153397085	5.3906283153397085	MIRI	false	zoom_n1201	3.9933471945199667	1201	1201	1502.4989583259237	1.2510399319949406	2.4822220872915486e-06	0.28389073440621038	41001	128000	jwst_mcfost/runs/strict_continuum_screen/models/m1p75_a0p10_i0p05/disk_envelope_m1p75_a0p10_i0p05_rt.para	d2d1db46c828da7465b26f18a5dd211e1da3475b43ade0e3e4bc2839d74a084f	jwst_mcfost/runs/strict_continuum_screen/anchors/w007/strict_continuum_anchor.lambda	d04ad31c2c028e1669b8a052960e0edcf8bb08a87f52c27820b2fb215fc11399	8	jwst_mcfost/runs/strict_continuum_screen/models/m1p75_a0p10_i0p05/temperature	jwst_mcfost/runs/strict_continuum_screen/rt_tasks/t087_m1p75_a0p10_i0p05_w007
88	8	m1p75_a0p10_i0p05	1.75	0.10	8	w008	window_13p8	265	13.799908320389276	13.799908320389276	MIRI	false	zoom_n1201	3.9933471945199667	1201	1201	1502.4989583259237	1.2510399319949406	2.4822220872915486e-06	0.5613969745728461	41001	128000	jwst_mcfost/runs/strict_continuum_screen/models/m1p75_a0p10_i0p05/disk_envelope_m1p75_a0p10_i0p05_rt.para	d2d1db46c828da7465b26f18a5dd211e1da3475b43ade0e3e4bc2839d74a084f	jwst_mcfost/runs/strict_continuum_screen/anchors/w008/strict_continuum_anchor.lambda	dc00d786476769c0d6165f9b9aea7c4cbe1e85dc4b0bc2512f8e12e8ce9d942b	8	jwst_mcfost/runs/strict_continuum_screen/models/m1p75_a0p10_i0p05/temperature	jwst_mcfost/runs/strict_continuum_screen/rt_tasks/t088_m1p75_a0p10_i0p05_w008
89	8	m1p75_a0p10_i0p05	1.75	0.10	9	w009	window_27p5	334	27.513091575690556	27.513091575690556	MIRI	false	zoom_n1201	3.9933471945199667	1201	1201	1502.4989583259237	1.2510399319949406	2.4822220872915486e-06	1.0139320219977885	41001	128000	jwst_mcfost/runs/strict_continuum_screen/models/m1p75_a0p10_i0p05/disk_envelope_m1p75_a0p10_i0p05_rt.para	d2d1db46c828da7465b26f18a5dd211e1da3475b43ade0e3e4bc2839d74a084f	jwst_mcfost/runs/strict_continuum_screen/anchors/w009/strict_continuum_anchor.lambda	7d1ac3036216489ffa93c81d5de564ce57ec16820cf043dfb5a36c68cd83f6bd	8	jwst_mcfost/runs/strict_continuum_screen/models/m1p75_a0p10_i0p05/temperature	jwst_mcfost/runs/strict_continuum_screen/rt_tasks/t089_m1p75_a0p10_i0p05_w009
90	9	m1p75_a0p20_i0p05	1.75	0.20	0	w000	near_ir_short	2	0.9946761707696127	0.9946761707696127	NIRSpec	false	full_n2401	1	2401	2401	6000	2.4989587671803415	4.9582515221832172e-06	0.032824313635397222	41001	128000	jwst_mcfost/runs/strict_continuum_screen/models/m1p75_a0p20_i0p05/disk_envelope_m1p75_a0p20_i0p05_rt.para	b59b7bf5495c4c07b48aa2f46a2387f28448b094eeaa6638a09633630611e2cf	jwst_mcfost/runs/strict_continuum_screen/anchors/w000/strict_continuum_anchor.lambda	5e0fe7e726e460092394135e5d86a4f329f3adf9446ff8f022ee68ce91e8928e	9	jwst_mcfost/runs/strict_continuum_screen/models/m1p75_a0p20_i0p05/temperature	jwst_mcfost/runs/strict_continuum_screen/rt_tasks/t090_m1p75_a0p20_i0p05_w000
91	9	m1p75_a0p20_i0p05	1.75	0.20	1	w001	near_ir_short	21	1.2028117593024095	1.2028117593024095	NIRSpec	false	full_n2401	1	2401	2401	6000	2.4989587671803415	4.9582515221832172e-06	0.039692788056979511	41001	128000	jwst_mcfost/runs/strict_continuum_screen/models/m1p75_a0p20_i0p05/disk_envelope_m1p75_a0p20_i0p05_rt.para	b59b7bf5495c4c07b48aa2f46a2387f28448b094eeaa6638a09633630611e2cf	jwst_mcfost/runs/strict_continuum_screen/anchors/w001/strict_continuum_anchor.lambda	334e806dac74f3cab0db03b39807968472f2e194cb77ac7d5efc0c9e0d0a305e	9	jwst_mcfost/runs/strict_continuum_screen/models/m1p75_a0p20_i0p05/temperature	jwst_mcfost/runs/strict_continuum_screen/rt_tasks/t091_m1p75_a0p20_i0p05_w001
92	9	m1p75_a0p20_i0p05	1.75	0.20	2	w002	near_ir_short	43	1.4987957445436022	1.4987957445436022	NIRSpec	false	full_n2401	1	2401	2401	6000	2.4989587671803415	4.9582515221832172e-06	0.049460259569938873	41001	128000	jwst_mcfost/runs/strict_continuum_screen/models/m1p75_a0p20_i0p05/disk_envelope_m1p75_a0p20_i0p05_rt.para	b59b7bf5495c4c07b48aa2f46a2387f28448b094eeaa6638a09633630611e2cf	jwst_mcfost/runs/strict_continuum_screen/anchors/w002/strict_continuum_anchor.lambda	132b8ae57ad0eddc7816e3f45e121643727120e30a1d5ab9708202d2a9310d54	9	jwst_mcfost/runs/strict_continuum_screen/models/m1p75_a0p20_i0p05/temperature	jwst_mcfost/runs/strict_continuum_screen/rt_tasks/t092_m1p75_a0p20_i0p05_w002
93	9	m1p75_a0p20_i0p05	1.75	0.20	3	w003	near_ir_rise	59	1.7588530996181813	1.7588530996181813	NIRSpec	false	full_n2401	1	2401	2401	6000	2.4989587671803415	4.9582515221832172e-06	0.058042152287399985	41001	128000	jwst_mcfost/runs/strict_continuum_screen/models/m1p75_a0p20_i0p05/disk_envelope_m1p75_a0p20_i0p05_rt.para	b59b7bf5495c4c07b48aa2f46a2387f28448b094eeaa6638a09633630611e2cf	jwst_mcfost/runs/strict_continuum_screen/anchors/w003/strict_continuum_anchor.lambda	90ac5acad1cc9a08e5697ce6d65ffd414b4b9f8cdea8cade92e91a9025a2a68e	9	jwst_mcfost/runs/strict_continuum_screen/models/m1p75_a0p20_i0p05/temperature	jwst_mcfost/runs/strict_continuum_screen/rt_tasks/t093_m1p75_a0p20_i0p05_w003
94	9	m1p75_a0p20_i0p05	1.75	0.20	4	w004	near_ir_rise	81	2.1916659199557045	2.1916659199557045	NIRSpec	false	full_n2401	1	2401	2401	6000	2.4989587671803415	4.9582515221832172e-06	0.072324975358538254	41001	128000	jwst_mcfost/runs/strict_continuum_screen/models/m1p75_a0p20_i0p05/disk_envelope_m1p75_a0p20_i0p05_rt.para	b59b7bf5495c4c07b48aa2f46a2387f28448b094eeaa6638a09633630611e2cf	jwst_mcfost/runs/strict_continuum_screen/anchors/w004/strict_continuum_anchor.lambda	651e2bf7f7383323e2c48df2e732fe3cc01f7c5816c25ccc82154fd902c5f7a4	9	jwst_mcfost/runs/strict_continuum_screen/models/m1p75_a0p20_i0p05/temperature	jwst_mcfost/runs/strict_continuum_screen/rt_tasks/t094_m1p75_a0p20_i0p05_w004
95	9	m1p75_a0p20_i0p05	1.75	0.20	5	w005	near_ir_rise	96	2.546352514425122	2.546352514425122	NIRSpec	true	full_n2401	1	2401	2401	6000	2.4989587671803415	4.9582515221832172e-06	0.084029632976029028	41001	128000	jwst_mcfost/runs/strict_continuum_screen/models/m1p75_a0p20_i0p05/disk_envelope_m1p75_a0p20_i0p05_rt.para	b59b7bf5495c4c07b48aa2f46a2387f28448b094eeaa6638a09633630611e2cf	jwst_mcfost/runs/strict_continuum_screen/anchors/w005/strict_continuum_anchor.lambda	9a4c5d5cdb08e1cfbcaa2b5b0eb958d5026b54a4ecfae6683606dcf96e8edb75	9	jwst_mcfost/runs/strict_continuum_screen/models/m1p75_a0p20_i0p05/temperature	jwst_mcfost/runs/strict_continuum_screen/rt_tasks/t095_m1p75_a0p20_i0p05_w005
96	9	m1p75_a0p20_i0p05	1.75	0.20	6	w006	window_3p9	139	3.9143995604061015	3.9143995604061015	NIRSpec	true	zoom_n1201	3.9933471945199667	1201	1201	1502.4989583259237	1.2510399319949406	2.4822220872915486e-06	0.12917518549340135	41001	128000	jwst_mcfost/runs/strict_continuum_screen/models/m1p75_a0p20_i0p05/disk_envelope_m1p75_a0p20_i0p05_rt.para	b59b7bf5495c4c07b48aa2f46a2387f28448b094eeaa6638a09633630611e2cf	jwst_mcfost/runs/strict_continuum_screen/anchors/w006/strict_continuum_anchor.lambda	c0f32299968b99649726432a9298eb8e93020139584fa61fd0f35fa3abaab4e0	9	jwst_mcfost/runs/strict_continuum_screen/models/m1p75_a0p20_i0p05/temperature	jwst_mcfost/runs/strict_continuum_screen/rt_tasks/t096_m1p75_a0p20_i0p05_w006
97	9	m1p75_a0p20_i0p05	1.75	0.20	7	w007	window_5p4	171	5.3906283153397085	5.3906283153397085	MIRI	false	zoom_n1201	3.9933471945199667	1201	1201	1502.4989583259237	1.2510399319949406	2.4822220872915486e-06	0.28389073440621038	41001	128000	jwst_mcfost/runs/strict_continuum_screen/models/m1p75_a0p20_i0p05/disk_envelope_m1p75_a0p20_i0p05_rt.para	b59b7bf5495c4c07b48aa2f46a2387f28448b094eeaa6638a09633630611e2cf	jwst_mcfost/runs/strict_continuum_screen/anchors/w007/strict_continuum_anchor.lambda	d04ad31c2c028e1669b8a052960e0edcf8bb08a87f52c27820b2fb215fc11399	9	jwst_mcfost/runs/strict_continuum_screen/models/m1p75_a0p20_i0p05/temperature	jwst_mcfost/runs/strict_continuum_screen/rt_tasks/t097_m1p75_a0p20_i0p05_w007
98	9	m1p75_a0p20_i0p05	1.75	0.20	8	w008	window_13p8	265	13.799908320389276	13.799908320389276	MIRI	false	zoom_n1201	3.9933471945199667	1201	1201	1502.4989583259237	1.2510399319949406	2.4822220872915486e-06	0.5613969745728461	41001	128000	jwst_mcfost/runs/strict_continuum_screen/models/m1p75_a0p20_i0p05/disk_envelope_m1p75_a0p20_i0p05_rt.para	b59b7bf5495c4c07b48aa2f46a2387f28448b094eeaa6638a09633630611e2cf	jwst_mcfost/runs/strict_continuum_screen/anchors/w008/strict_continuum_anchor.lambda	dc00d786476769c0d6165f9b9aea7c4cbe1e85dc4b0bc2512f8e12e8ce9d942b	9	jwst_mcfost/runs/strict_continuum_screen/models/m1p75_a0p20_i0p05/temperature	jwst_mcfost/runs/strict_continuum_screen/rt_tasks/t098_m1p75_a0p20_i0p05_w008
99	9	m1p75_a0p20_i0p05	1.75	0.20	9	w009	window_27p5	334	27.513091575690556	27.513091575690556	MIRI	false	zoom_n1201	3.9933471945199667	1201	1201	1502.4989583259237	1.2510399319949406	2.4822220872915486e-06	1.0139320219977885	41001	128000	jwst_mcfost/runs/strict_continuum_screen/models/m1p75_a0p20_i0p05/disk_envelope_m1p75_a0p20_i0p05_rt.para	b59b7bf5495c4c07b48aa2f46a2387f28448b094eeaa6638a09633630611e2cf	jwst_mcfost/runs/strict_continuum_screen/anchors/w009/strict_continuum_anchor.lambda	7d1ac3036216489ffa93c81d5de564ce57ec16820cf043dfb5a36c68cd83f6bd	9	jwst_mcfost/runs/strict_continuum_screen/models/m1p75_a0p20_i0p05/temperature	jwst_mcfost/runs/strict_continuum_screen/rt_tasks/t099_m1p75_a0p20_i0p05_w009
100	10	m1p75_a0p35_i0p05	1.75	0.35	0	w000	near_ir_short	2	0.9946761707696127	0.9946761707696127	NIRSpec	false	full_n2401	1	2401	2401	6000	2.4989587671803415	4.9582515221832172e-06	0.032824313635397222	41001	128000	jwst_mcfost/runs/strict_continuum_screen/models/m1p75_a0p35_i0p05/disk_envelope_m1p75_a0p35_i0p05_rt.para	c37947930983858c3ad35535472ee329526f0878473df19dea7e415a1ba113c9	jwst_mcfost/runs/strict_continuum_screen/anchors/w000/strict_continuum_anchor.lambda	5e0fe7e726e460092394135e5d86a4f329f3adf9446ff8f022ee68ce91e8928e	10	jwst_mcfost/runs/strict_continuum_screen/models/m1p75_a0p35_i0p05/temperature	jwst_mcfost/runs/strict_continuum_screen/rt_tasks/t100_m1p75_a0p35_i0p05_w000
101	10	m1p75_a0p35_i0p05	1.75	0.35	1	w001	near_ir_short	21	1.2028117593024095	1.2028117593024095	NIRSpec	false	full_n2401	1	2401	2401	6000	2.4989587671803415	4.9582515221832172e-06	0.039692788056979511	41001	128000	jwst_mcfost/runs/strict_continuum_screen/models/m1p75_a0p35_i0p05/disk_envelope_m1p75_a0p35_i0p05_rt.para	c37947930983858c3ad35535472ee329526f0878473df19dea7e415a1ba113c9	jwst_mcfost/runs/strict_continuum_screen/anchors/w001/strict_continuum_anchor.lambda	334e806dac74f3cab0db03b39807968472f2e194cb77ac7d5efc0c9e0d0a305e	10	jwst_mcfost/runs/strict_continuum_screen/models/m1p75_a0p35_i0p05/temperature	jwst_mcfost/runs/strict_continuum_screen/rt_tasks/t101_m1p75_a0p35_i0p05_w001
102	10	m1p75_a0p35_i0p05	1.75	0.35	2	w002	near_ir_short	43	1.4987957445436022	1.4987957445436022	NIRSpec	false	full_n2401	1	2401	2401	6000	2.4989587671803415	4.9582515221832172e-06	0.049460259569938873	41001	128000	jwst_mcfost/runs/strict_continuum_screen/models/m1p75_a0p35_i0p05/disk_envelope_m1p75_a0p35_i0p05_rt.para	c37947930983858c3ad35535472ee329526f0878473df19dea7e415a1ba113c9	jwst_mcfost/runs/strict_continuum_screen/anchors/w002/strict_continuum_anchor.lambda	132b8ae57ad0eddc7816e3f45e121643727120e30a1d5ab9708202d2a9310d54	10	jwst_mcfost/runs/strict_continuum_screen/models/m1p75_a0p35_i0p05/temperature	jwst_mcfost/runs/strict_continuum_screen/rt_tasks/t102_m1p75_a0p35_i0p05_w002
103	10	m1p75_a0p35_i0p05	1.75	0.35	3	w003	near_ir_rise	59	1.7588530996181813	1.7588530996181813	NIRSpec	false	full_n2401	1	2401	2401	6000	2.4989587671803415	4.9582515221832172e-06	0.058042152287399985	41001	128000	jwst_mcfost/runs/strict_continuum_screen/models/m1p75_a0p35_i0p05/disk_envelope_m1p75_a0p35_i0p05_rt.para	c37947930983858c3ad35535472ee329526f0878473df19dea7e415a1ba113c9	jwst_mcfost/runs/strict_continuum_screen/anchors/w003/strict_continuum_anchor.lambda	90ac5acad1cc9a08e5697ce6d65ffd414b4b9f8cdea8cade92e91a9025a2a68e	10	jwst_mcfost/runs/strict_continuum_screen/models/m1p75_a0p35_i0p05/temperature	jwst_mcfost/runs/strict_continuum_screen/rt_tasks/t103_m1p75_a0p35_i0p05_w003
104	10	m1p75_a0p35_i0p05	1.75	0.35	4	w004	near_ir_rise	81	2.1916659199557045	2.1916659199557045	NIRSpec	false	full_n2401	1	2401	2401	6000	2.4989587671803415	4.9582515221832172e-06	0.072324975358538254	41001	128000	jwst_mcfost/runs/strict_continuum_screen/models/m1p75_a0p35_i0p05/disk_envelope_m1p75_a0p35_i0p05_rt.para	c37947930983858c3ad35535472ee329526f0878473df19dea7e415a1ba113c9	jwst_mcfost/runs/strict_continuum_screen/anchors/w004/strict_continuum_anchor.lambda	651e2bf7f7383323e2c48df2e732fe3cc01f7c5816c25ccc82154fd902c5f7a4	10	jwst_mcfost/runs/strict_continuum_screen/models/m1p75_a0p35_i0p05/temperature	jwst_mcfost/runs/strict_continuum_screen/rt_tasks/t104_m1p75_a0p35_i0p05_w004
105	10	m1p75_a0p35_i0p05	1.75	0.35	5	w005	near_ir_rise	96	2.546352514425122	2.546352514425122	NIRSpec	true	full_n2401	1	2401	2401	6000	2.4989587671803415	4.9582515221832172e-06	0.084029632976029028	41001	128000	jwst_mcfost/runs/strict_continuum_screen/models/m1p75_a0p35_i0p05/disk_envelope_m1p75_a0p35_i0p05_rt.para	c37947930983858c3ad35535472ee329526f0878473df19dea7e415a1ba113c9	jwst_mcfost/runs/strict_continuum_screen/anchors/w005/strict_continuum_anchor.lambda	9a4c5d5cdb08e1cfbcaa2b5b0eb958d5026b54a4ecfae6683606dcf96e8edb75	10	jwst_mcfost/runs/strict_continuum_screen/models/m1p75_a0p35_i0p05/temperature	jwst_mcfost/runs/strict_continuum_screen/rt_tasks/t105_m1p75_a0p35_i0p05_w005
106	10	m1p75_a0p35_i0p05	1.75	0.35	6	w006	window_3p9	139	3.9143995604061015	3.9143995604061015	NIRSpec	true	zoom_n1201	3.9933471945199667	1201	1201	1502.4989583259237	1.2510399319949406	2.4822220872915486e-06	0.12917518549340135	41001	128000	jwst_mcfost/runs/strict_continuum_screen/models/m1p75_a0p35_i0p05/disk_envelope_m1p75_a0p35_i0p05_rt.para	c37947930983858c3ad35535472ee329526f0878473df19dea7e415a1ba113c9	jwst_mcfost/runs/strict_continuum_screen/anchors/w006/strict_continuum_anchor.lambda	c0f32299968b99649726432a9298eb8e93020139584fa61fd0f35fa3abaab4e0	10	jwst_mcfost/runs/strict_continuum_screen/models/m1p75_a0p35_i0p05/temperature	jwst_mcfost/runs/strict_continuum_screen/rt_tasks/t106_m1p75_a0p35_i0p05_w006
107	10	m1p75_a0p35_i0p05	1.75	0.35	7	w007	window_5p4	171	5.3906283153397085	5.3906283153397085	MIRI	false	zoom_n1201	3.9933471945199667	1201	1201	1502.4989583259237	1.2510399319949406	2.4822220872915486e-06	0.28389073440621038	41001	128000	jwst_mcfost/runs/strict_continuum_screen/models/m1p75_a0p35_i0p05/disk_envelope_m1p75_a0p35_i0p05_rt.para	c37947930983858c3ad35535472ee329526f0878473df19dea7e415a1ba113c9	jwst_mcfost/runs/strict_continuum_screen/anchors/w007/strict_continuum_anchor.lambda	d04ad31c2c028e1669b8a052960e0edcf8bb08a87f52c27820b2fb215fc11399	10	jwst_mcfost/runs/strict_continuum_screen/models/m1p75_a0p35_i0p05/temperature	jwst_mcfost/runs/strict_continuum_screen/rt_tasks/t107_m1p75_a0p35_i0p05_w007
108	10	m1p75_a0p35_i0p05	1.75	0.35	8	w008	window_13p8	265	13.799908320389276	13.799908320389276	MIRI	false	zoom_n1201	3.9933471945199667	1201	1201	1502.4989583259237	1.2510399319949406	2.4822220872915486e-06	0.5613969745728461	41001	128000	jwst_mcfost/runs/strict_continuum_screen/models/m1p75_a0p35_i0p05/disk_envelope_m1p75_a0p35_i0p05_rt.para	c37947930983858c3ad35535472ee329526f0878473df19dea7e415a1ba113c9	jwst_mcfost/runs/strict_continuum_screen/anchors/w008/strict_continuum_anchor.lambda	dc00d786476769c0d6165f9b9aea7c4cbe1e85dc4b0bc2512f8e12e8ce9d942b	10	jwst_mcfost/runs/strict_continuum_screen/models/m1p75_a0p35_i0p05/temperature	jwst_mcfost/runs/strict_continuum_screen/rt_tasks/t108_m1p75_a0p35_i0p05_w008
109	10	m1p75_a0p35_i0p05	1.75	0.35	9	w009	window_27p5	334	27.513091575690556	27.513091575690556	MIRI	false	zoom_n1201	3.9933471945199667	1201	1201	1502.4989583259237	1.2510399319949406	2.4822220872915486e-06	1.0139320219977885	41001	128000	jwst_mcfost/runs/strict_continuum_screen/models/m1p75_a0p35_i0p05/disk_envelope_m1p75_a0p35_i0p05_rt.para	c37947930983858c3ad35535472ee329526f0878473df19dea7e415a1ba113c9	jwst_mcfost/runs/strict_continuum_screen/anchors/w009/strict_continuum_anchor.lambda	7d1ac3036216489ffa93c81d5de564ce57ec16820cf043dfb5a36c68cd83f6bd	10	jwst_mcfost/runs/strict_continuum_screen/models/m1p75_a0p35_i0p05/temperature	jwst_mcfost/runs/strict_continuum_screen/rt_tasks/t109_m1p75_a0p35_i0p05_w009
110	11	m1p75_a0p50_i0p05	1.75	0.50	0	w000	near_ir_short	2	0.9946761707696127	0.9946761707696127	NIRSpec	false	full_n2401	1	2401	2401	6000	2.4989587671803415	4.9582515221832172e-06	0.032824313635397222	41001	128000	jwst_mcfost/runs/strict_continuum_screen/models/m1p75_a0p50_i0p05/disk_envelope_m1p75_a0p50_i0p05_rt.para	07c9d9351f1011a45b972bf3ac8669bed9a5cb73289c6deee82b57365060764c	jwst_mcfost/runs/strict_continuum_screen/anchors/w000/strict_continuum_anchor.lambda	5e0fe7e726e460092394135e5d86a4f329f3adf9446ff8f022ee68ce91e8928e	11	jwst_mcfost/runs/strict_continuum_screen/models/m1p75_a0p50_i0p05/temperature	jwst_mcfost/runs/strict_continuum_screen/rt_tasks/t110_m1p75_a0p50_i0p05_w000
111	11	m1p75_a0p50_i0p05	1.75	0.50	1	w001	near_ir_short	21	1.2028117593024095	1.2028117593024095	NIRSpec	false	full_n2401	1	2401	2401	6000	2.4989587671803415	4.9582515221832172e-06	0.039692788056979511	41001	128000	jwst_mcfost/runs/strict_continuum_screen/models/m1p75_a0p50_i0p05/disk_envelope_m1p75_a0p50_i0p05_rt.para	07c9d9351f1011a45b972bf3ac8669bed9a5cb73289c6deee82b57365060764c	jwst_mcfost/runs/strict_continuum_screen/anchors/w001/strict_continuum_anchor.lambda	334e806dac74f3cab0db03b39807968472f2e194cb77ac7d5efc0c9e0d0a305e	11	jwst_mcfost/runs/strict_continuum_screen/models/m1p75_a0p50_i0p05/temperature	jwst_mcfost/runs/strict_continuum_screen/rt_tasks/t111_m1p75_a0p50_i0p05_w001
112	11	m1p75_a0p50_i0p05	1.75	0.50	2	w002	near_ir_short	43	1.4987957445436022	1.4987957445436022	NIRSpec	false	full_n2401	1	2401	2401	6000	2.4989587671803415	4.9582515221832172e-06	0.049460259569938873	41001	128000	jwst_mcfost/runs/strict_continuum_screen/models/m1p75_a0p50_i0p05/disk_envelope_m1p75_a0p50_i0p05_rt.para	07c9d9351f1011a45b972bf3ac8669bed9a5cb73289c6deee82b57365060764c	jwst_mcfost/runs/strict_continuum_screen/anchors/w002/strict_continuum_anchor.lambda	132b8ae57ad0eddc7816e3f45e121643727120e30a1d5ab9708202d2a9310d54	11	jwst_mcfost/runs/strict_continuum_screen/models/m1p75_a0p50_i0p05/temperature	jwst_mcfost/runs/strict_continuum_screen/rt_tasks/t112_m1p75_a0p50_i0p05_w002
113	11	m1p75_a0p50_i0p05	1.75	0.50	3	w003	near_ir_rise	59	1.7588530996181813	1.7588530996181813	NIRSpec	false	full_n2401	1	2401	2401	6000	2.4989587671803415	4.9582515221832172e-06	0.058042152287399985	41001	128000	jwst_mcfost/runs/strict_continuum_screen/models/m1p75_a0p50_i0p05/disk_envelope_m1p75_a0p50_i0p05_rt.para	07c9d9351f1011a45b972bf3ac8669bed9a5cb73289c6deee82b57365060764c	jwst_mcfost/runs/strict_continuum_screen/anchors/w003/strict_continuum_anchor.lambda	90ac5acad1cc9a08e5697ce6d65ffd414b4b9f8cdea8cade92e91a9025a2a68e	11	jwst_mcfost/runs/strict_continuum_screen/models/m1p75_a0p50_i0p05/temperature	jwst_mcfost/runs/strict_continuum_screen/rt_tasks/t113_m1p75_a0p50_i0p05_w003
114	11	m1p75_a0p50_i0p05	1.75	0.50	4	w004	near_ir_rise	81	2.1916659199557045	2.1916659199557045	NIRSpec	false	full_n2401	1	2401	2401	6000	2.4989587671803415	4.9582515221832172e-06	0.072324975358538254	41001	128000	jwst_mcfost/runs/strict_continuum_screen/models/m1p75_a0p50_i0p05/disk_envelope_m1p75_a0p50_i0p05_rt.para	07c9d9351f1011a45b972bf3ac8669bed9a5cb73289c6deee82b57365060764c	jwst_mcfost/runs/strict_continuum_screen/anchors/w004/strict_continuum_anchor.lambda	651e2bf7f7383323e2c48df2e732fe3cc01f7c5816c25ccc82154fd902c5f7a4	11	jwst_mcfost/runs/strict_continuum_screen/models/m1p75_a0p50_i0p05/temperature	jwst_mcfost/runs/strict_continuum_screen/rt_tasks/t114_m1p75_a0p50_i0p05_w004
115	11	m1p75_a0p50_i0p05	1.75	0.50	5	w005	near_ir_rise	96	2.546352514425122	2.546352514425122	NIRSpec	true	full_n2401	1	2401	2401	6000	2.4989587671803415	4.9582515221832172e-06	0.084029632976029028	41001	128000	jwst_mcfost/runs/strict_continuum_screen/models/m1p75_a0p50_i0p05/disk_envelope_m1p75_a0p50_i0p05_rt.para	07c9d9351f1011a45b972bf3ac8669bed9a5cb73289c6deee82b57365060764c	jwst_mcfost/runs/strict_continuum_screen/anchors/w005/strict_continuum_anchor.lambda	9a4c5d5cdb08e1cfbcaa2b5b0eb958d5026b54a4ecfae6683606dcf96e8edb75	11	jwst_mcfost/runs/strict_continuum_screen/models/m1p75_a0p50_i0p05/temperature	jwst_mcfost/runs/strict_continuum_screen/rt_tasks/t115_m1p75_a0p50_i0p05_w005
116	11	m1p75_a0p50_i0p05	1.75	0.50	6	w006	window_3p9	139	3.9143995604061015	3.9143995604061015	NIRSpec	true	zoom_n1201	3.9933471945199667	1201	1201	1502.4989583259237	1.2510399319949406	2.4822220872915486e-06	0.12917518549340135	41001	128000	jwst_mcfost/runs/strict_continuum_screen/models/m1p75_a0p50_i0p05/disk_envelope_m1p75_a0p50_i0p05_rt.para	07c9d9351f1011a45b972bf3ac8669bed9a5cb73289c6deee82b57365060764c	jwst_mcfost/runs/strict_continuum_screen/anchors/w006/strict_continuum_anchor.lambda	c0f32299968b99649726432a9298eb8e93020139584fa61fd0f35fa3abaab4e0	11	jwst_mcfost/runs/strict_continuum_screen/models/m1p75_a0p50_i0p05/temperature	jwst_mcfost/runs/strict_continuum_screen/rt_tasks/t116_m1p75_a0p50_i0p05_w006
117	11	m1p75_a0p50_i0p05	1.75	0.50	7	w007	window_5p4	171	5.3906283153397085	5.3906283153397085	MIRI	false	zoom_n1201	3.9933471945199667	1201	1201	1502.4989583259237	1.2510399319949406	2.4822220872915486e-06	0.28389073440621038	41001	128000	jwst_mcfost/runs/strict_continuum_screen/models/m1p75_a0p50_i0p05/disk_envelope_m1p75_a0p50_i0p05_rt.para	07c9d9351f1011a45b972bf3ac8669bed9a5cb73289c6deee82b57365060764c	jwst_mcfost/runs/strict_continuum_screen/anchors/w007/strict_continuum_anchor.lambda	d04ad31c2c028e1669b8a052960e0edcf8bb08a87f52c27820b2fb215fc11399	11	jwst_mcfost/runs/strict_continuum_screen/models/m1p75_a0p50_i0p05/temperature	jwst_mcfost/runs/strict_continuum_screen/rt_tasks/t117_m1p75_a0p50_i0p05_w007
118	11	m1p75_a0p50_i0p05	1.75	0.50	8	w008	window_13p8	265	13.799908320389276	13.799908320389276	MIRI	false	zoom_n1201	3.9933471945199667	1201	1201	1502.4989583259237	1.2510399319949406	2.4822220872915486e-06	0.5613969745728461	41001	128000	jwst_mcfost/runs/strict_continuum_screen/models/m1p75_a0p50_i0p05/disk_envelope_m1p75_a0p50_i0p05_rt.para	07c9d9351f1011a45b972bf3ac8669bed9a5cb73289c6deee82b57365060764c	jwst_mcfost/runs/strict_continuum_screen/anchors/w008/strict_continuum_anchor.lambda	dc00d786476769c0d6165f9b9aea7c4cbe1e85dc4b0bc2512f8e12e8ce9d942b	11	jwst_mcfost/runs/strict_continuum_screen/models/m1p75_a0p50_i0p05/temperature	jwst_mcfost/runs/strict_continuum_screen/rt_tasks/t118_m1p75_a0p50_i0p05_w008
119	11	m1p75_a0p50_i0p05	1.75	0.50	9	w009	window_27p5	334	27.513091575690556	27.513091575690556	MIRI	false	zoom_n1201	3.9933471945199667	1201	1201	1502.4989583259237	1.2510399319949406	2.4822220872915486e-06	1.0139320219977885	41001	128000	jwst_mcfost/runs/strict_continuum_screen/models/m1p75_a0p50_i0p05/disk_envelope_m1p75_a0p50_i0p05_rt.para	07c9d9351f1011a45b972bf3ac8669bed9a5cb73289c6deee82b57365060764c	jwst_mcfost/runs/strict_continuum_screen/anchors/w009/strict_continuum_anchor.lambda	7d1ac3036216489ffa93c81d5de564ce57ec16820cf043dfb5a36c68cd83f6bd	11	jwst_mcfost/runs/strict_continuum_screen/models/m1p75_a0p50_i0p05/temperature	jwst_mcfost/runs/strict_continuum_screen/rt_tasks/t119_m1p75_a0p50_i0p05_w009
120	12	m2p00_a0p10_i0p05	2.00	0.10	0	w000	near_ir_short	2	0.9946761707696127	0.9946761707696127	NIRSpec	false	full_n2401	1	2401	2401	6000	2.4989587671803415	4.9582515221832172e-06	0.032824313635397222	41001	128000	jwst_mcfost/runs/strict_continuum_screen/models/m2p00_a0p10_i0p05/disk_envelope_m2p00_a0p10_i0p05_rt.para	5d6b8710378d78d9b311f8f01a969098280b5c0d77236b909ad695e4dfdba4f4	jwst_mcfost/runs/strict_continuum_screen/anchors/w000/strict_continuum_anchor.lambda	5e0fe7e726e460092394135e5d86a4f329f3adf9446ff8f022ee68ce91e8928e	12	jwst_mcfost/runs/strict_continuum_screen/models/m2p00_a0p10_i0p05/temperature	jwst_mcfost/runs/strict_continuum_screen/rt_tasks/t120_m2p00_a0p10_i0p05_w000
121	12	m2p00_a0p10_i0p05	2.00	0.10	1	w001	near_ir_short	21	1.2028117593024095	1.2028117593024095	NIRSpec	false	full_n2401	1	2401	2401	6000	2.4989587671803415	4.9582515221832172e-06	0.039692788056979511	41001	128000	jwst_mcfost/runs/strict_continuum_screen/models/m2p00_a0p10_i0p05/disk_envelope_m2p00_a0p10_i0p05_rt.para	5d6b8710378d78d9b311f8f01a969098280b5c0d77236b909ad695e4dfdba4f4	jwst_mcfost/runs/strict_continuum_screen/anchors/w001/strict_continuum_anchor.lambda	334e806dac74f3cab0db03b39807968472f2e194cb77ac7d5efc0c9e0d0a305e	12	jwst_mcfost/runs/strict_continuum_screen/models/m2p00_a0p10_i0p05/temperature	jwst_mcfost/runs/strict_continuum_screen/rt_tasks/t121_m2p00_a0p10_i0p05_w001
122	12	m2p00_a0p10_i0p05	2.00	0.10	2	w002	near_ir_short	43	1.4987957445436022	1.4987957445436022	NIRSpec	false	full_n2401	1	2401	2401	6000	2.4989587671803415	4.9582515221832172e-06	0.049460259569938873	41001	128000	jwst_mcfost/runs/strict_continuum_screen/models/m2p00_a0p10_i0p05/disk_envelope_m2p00_a0p10_i0p05_rt.para	5d6b8710378d78d9b311f8f01a969098280b5c0d77236b909ad695e4dfdba4f4	jwst_mcfost/runs/strict_continuum_screen/anchors/w002/strict_continuum_anchor.lambda	132b8ae57ad0eddc7816e3f45e121643727120e30a1d5ab9708202d2a9310d54	12	jwst_mcfost/runs/strict_continuum_screen/models/m2p00_a0p10_i0p05/temperature	jwst_mcfost/runs/strict_continuum_screen/rt_tasks/t122_m2p00_a0p10_i0p05_w002
123	12	m2p00_a0p10_i0p05	2.00	0.10	3	w003	near_ir_rise	59	1.7588530996181813	1.7588530996181813	NIRSpec	false	full_n2401	1	2401	2401	6000	2.4989587671803415	4.9582515221832172e-06	0.058042152287399985	41001	128000	jwst_mcfost/runs/strict_continuum_screen/models/m2p00_a0p10_i0p05/disk_envelope_m2p00_a0p10_i0p05_rt.para	5d6b8710378d78d9b311f8f01a969098280b5c0d77236b909ad695e4dfdba4f4	jwst_mcfost/runs/strict_continuum_screen/anchors/w003/strict_continuum_anchor.lambda	90ac5acad1cc9a08e5697ce6d65ffd414b4b9f8cdea8cade92e91a9025a2a68e	12	jwst_mcfost/runs/strict_continuum_screen/models/m2p00_a0p10_i0p05/temperature	jwst_mcfost/runs/strict_continuum_screen/rt_tasks/t123_m2p00_a0p10_i0p05_w003
124	12	m2p00_a0p10_i0p05	2.00	0.10	4	w004	near_ir_rise	81	2.1916659199557045	2.1916659199557045	NIRSpec	false	full_n2401	1	2401	2401	6000	2.4989587671803415	4.9582515221832172e-06	0.072324975358538254	41001	128000	jwst_mcfost/runs/strict_continuum_screen/models/m2p00_a0p10_i0p05/disk_envelope_m2p00_a0p10_i0p05_rt.para	5d6b8710378d78d9b311f8f01a969098280b5c0d77236b909ad695e4dfdba4f4	jwst_mcfost/runs/strict_continuum_screen/anchors/w004/strict_continuum_anchor.lambda	651e2bf7f7383323e2c48df2e732fe3cc01f7c5816c25ccc82154fd902c5f7a4	12	jwst_mcfost/runs/strict_continuum_screen/models/m2p00_a0p10_i0p05/temperature	jwst_mcfost/runs/strict_continuum_screen/rt_tasks/t124_m2p00_a0p10_i0p05_w004
125	12	m2p00_a0p10_i0p05	2.00	0.10	5	w005	near_ir_rise	96	2.546352514425122	2.546352514425122	NIRSpec	true	full_n2401	1	2401	2401	6000	2.4989587671803415	4.9582515221832172e-06	0.084029632976029028	41001	128000	jwst_mcfost/runs/strict_continuum_screen/models/m2p00_a0p10_i0p05/disk_envelope_m2p00_a0p10_i0p05_rt.para	5d6b8710378d78d9b311f8f01a969098280b5c0d77236b909ad695e4dfdba4f4	jwst_mcfost/runs/strict_continuum_screen/anchors/w005/strict_continuum_anchor.lambda	9a4c5d5cdb08e1cfbcaa2b5b0eb958d5026b54a4ecfae6683606dcf96e8edb75	12	jwst_mcfost/runs/strict_continuum_screen/models/m2p00_a0p10_i0p05/temperature	jwst_mcfost/runs/strict_continuum_screen/rt_tasks/t125_m2p00_a0p10_i0p05_w005
126	12	m2p00_a0p10_i0p05	2.00	0.10	6	w006	window_3p9	139	3.9143995604061015	3.9143995604061015	NIRSpec	true	zoom_n1201	3.9933471945199667	1201	1201	1502.4989583259237	1.2510399319949406	2.4822220872915486e-06	0.12917518549340135	41001	128000	jwst_mcfost/runs/strict_continuum_screen/models/m2p00_a0p10_i0p05/disk_envelope_m2p00_a0p10_i0p05_rt.para	5d6b8710378d78d9b311f8f01a969098280b5c0d77236b909ad695e4dfdba4f4	jwst_mcfost/runs/strict_continuum_screen/anchors/w006/strict_continuum_anchor.lambda	c0f32299968b99649726432a9298eb8e93020139584fa61fd0f35fa3abaab4e0	12	jwst_mcfost/runs/strict_continuum_screen/models/m2p00_a0p10_i0p05/temperature	jwst_mcfost/runs/strict_continuum_screen/rt_tasks/t126_m2p00_a0p10_i0p05_w006
127	12	m2p00_a0p10_i0p05	2.00	0.10	7	w007	window_5p4	171	5.3906283153397085	5.3906283153397085	MIRI	false	zoom_n1201	3.9933471945199667	1201	1201	1502.4989583259237	1.2510399319949406	2.4822220872915486e-06	0.28389073440621038	41001	128000	jwst_mcfost/runs/strict_continuum_screen/models/m2p00_a0p10_i0p05/disk_envelope_m2p00_a0p10_i0p05_rt.para	5d6b8710378d78d9b311f8f01a969098280b5c0d77236b909ad695e4dfdba4f4	jwst_mcfost/runs/strict_continuum_screen/anchors/w007/strict_continuum_anchor.lambda	d04ad31c2c028e1669b8a052960e0edcf8bb08a87f52c27820b2fb215fc11399	12	jwst_mcfost/runs/strict_continuum_screen/models/m2p00_a0p10_i0p05/temperature	jwst_mcfost/runs/strict_continuum_screen/rt_tasks/t127_m2p00_a0p10_i0p05_w007
128	12	m2p00_a0p10_i0p05	2.00	0.10	8	w008	window_13p8	265	13.799908320389276	13.799908320389276	MIRI	false	zoom_n1201	3.9933471945199667	1201	1201	1502.4989583259237	1.2510399319949406	2.4822220872915486e-06	0.5613969745728461	41001	128000	jwst_mcfost/runs/strict_continuum_screen/models/m2p00_a0p10_i0p05/disk_envelope_m2p00_a0p10_i0p05_rt.para	5d6b8710378d78d9b311f8f01a969098280b5c0d77236b909ad695e4dfdba4f4	jwst_mcfost/runs/strict_continuum_screen/anchors/w008/strict_continuum_anchor.lambda	dc00d786476769c0d6165f9b9aea7c4cbe1e85dc4b0bc2512f8e12e8ce9d942b	12	jwst_mcfost/runs/strict_continuum_screen/models/m2p00_a0p10_i0p05/temperature	jwst_mcfost/runs/strict_continuum_screen/rt_tasks/t128_m2p00_a0p10_i0p05_w008
129	12	m2p00_a0p10_i0p05	2.00	0.10	9	w009	window_27p5	334	27.513091575690556	27.513091575690556	MIRI	false	zoom_n1201	3.9933471945199667	1201	1201	1502.4989583259237	1.2510399319949406	2.4822220872915486e-06	1.0139320219977885	41001	128000	jwst_mcfost/runs/strict_continuum_screen/models/m2p00_a0p10_i0p05/disk_envelope_m2p00_a0p10_i0p05_rt.para	5d6b8710378d78d9b311f8f01a969098280b5c0d77236b909ad695e4dfdba4f4	jwst_mcfost/runs/strict_continuum_screen/anchors/w009/strict_continuum_anchor.lambda	7d1ac3036216489ffa93c81d5de564ce57ec16820cf043dfb5a36c68cd83f6bd	12	jwst_mcfost/runs/strict_continuum_screen/models/m2p00_a0p10_i0p05/temperature	jwst_mcfost/runs/strict_continuum_screen/rt_tasks/t129_m2p00_a0p10_i0p05_w009
130	13	m2p00_a0p20_i0p05	2.00	0.20	0	w000	near_ir_short	2	0.9946761707696127	0.9946761707696127	NIRSpec	false	full_n2401	1	2401	2401	6000	2.4989587671803415	4.9582515221832172e-06	0.032824313635397222	41001	128000	jwst_mcfost/runs/strict_continuum_screen/models/m2p00_a0p20_i0p05/disk_envelope_m2p00_a0p20_i0p05_rt.para	ab57679182f298622de33c6a933786996db8f5710a906226b1a31b63ef087463	jwst_mcfost/runs/strict_continuum_screen/anchors/w000/strict_continuum_anchor.lambda	5e0fe7e726e460092394135e5d86a4f329f3adf9446ff8f022ee68ce91e8928e	13	jwst_mcfost/runs/strict_continuum_screen/models/m2p00_a0p20_i0p05/temperature	jwst_mcfost/runs/strict_continuum_screen/rt_tasks/t130_m2p00_a0p20_i0p05_w000
131	13	m2p00_a0p20_i0p05	2.00	0.20	1	w001	near_ir_short	21	1.2028117593024095	1.2028117593024095	NIRSpec	false	full_n2401	1	2401	2401	6000	2.4989587671803415	4.9582515221832172e-06	0.039692788056979511	41001	128000	jwst_mcfost/runs/strict_continuum_screen/models/m2p00_a0p20_i0p05/disk_envelope_m2p00_a0p20_i0p05_rt.para	ab57679182f298622de33c6a933786996db8f5710a906226b1a31b63ef087463	jwst_mcfost/runs/strict_continuum_screen/anchors/w001/strict_continuum_anchor.lambda	334e806dac74f3cab0db03b39807968472f2e194cb77ac7d5efc0c9e0d0a305e	13	jwst_mcfost/runs/strict_continuum_screen/models/m2p00_a0p20_i0p05/temperature	jwst_mcfost/runs/strict_continuum_screen/rt_tasks/t131_m2p00_a0p20_i0p05_w001
132	13	m2p00_a0p20_i0p05	2.00	0.20	2	w002	near_ir_short	43	1.4987957445436022	1.4987957445436022	NIRSpec	false	full_n2401	1	2401	2401	6000	2.4989587671803415	4.9582515221832172e-06	0.049460259569938873	41001	128000	jwst_mcfost/runs/strict_continuum_screen/models/m2p00_a0p20_i0p05/disk_envelope_m2p00_a0p20_i0p05_rt.para	ab57679182f298622de33c6a933786996db8f5710a906226b1a31b63ef087463	jwst_mcfost/runs/strict_continuum_screen/anchors/w002/strict_continuum_anchor.lambda	132b8ae57ad0eddc7816e3f45e121643727120e30a1d5ab9708202d2a9310d54	13	jwst_mcfost/runs/strict_continuum_screen/models/m2p00_a0p20_i0p05/temperature	jwst_mcfost/runs/strict_continuum_screen/rt_tasks/t132_m2p00_a0p20_i0p05_w002
133	13	m2p00_a0p20_i0p05	2.00	0.20	3	w003	near_ir_rise	59	1.7588530996181813	1.7588530996181813	NIRSpec	false	full_n2401	1	2401	2401	6000	2.4989587671803415	4.9582515221832172e-06	0.058042152287399985	41001	128000	jwst_mcfost/runs/strict_continuum_screen/models/m2p00_a0p20_i0p05/disk_envelope_m2p00_a0p20_i0p05_rt.para	ab57679182f298622de33c6a933786996db8f5710a906226b1a31b63ef087463	jwst_mcfost/runs/strict_continuum_screen/anchors/w003/strict_continuum_anchor.lambda	90ac5acad1cc9a08e5697ce6d65ffd414b4b9f8cdea8cade92e91a9025a2a68e	13	jwst_mcfost/runs/strict_continuum_screen/models/m2p00_a0p20_i0p05/temperature	jwst_mcfost/runs/strict_continuum_screen/rt_tasks/t133_m2p00_a0p20_i0p05_w003
134	13	m2p00_a0p20_i0p05	2.00	0.20	4	w004	near_ir_rise	81	2.1916659199557045	2.1916659199557045	NIRSpec	false	full_n2401	1	2401	2401	6000	2.4989587671803415	4.9582515221832172e-06	0.072324975358538254	41001	128000	jwst_mcfost/runs/strict_continuum_screen/models/m2p00_a0p20_i0p05/disk_envelope_m2p00_a0p20_i0p05_rt.para	ab57679182f298622de33c6a933786996db8f5710a906226b1a31b63ef087463	jwst_mcfost/runs/strict_continuum_screen/anchors/w004/strict_continuum_anchor.lambda	651e2bf7f7383323e2c48df2e732fe3cc01f7c5816c25ccc82154fd902c5f7a4	13	jwst_mcfost/runs/strict_continuum_screen/models/m2p00_a0p20_i0p05/temperature	jwst_mcfost/runs/strict_continuum_screen/rt_tasks/t134_m2p00_a0p20_i0p05_w004
135	13	m2p00_a0p20_i0p05	2.00	0.20	5	w005	near_ir_rise	96	2.546352514425122	2.546352514425122	NIRSpec	true	full_n2401	1	2401	2401	6000	2.4989587671803415	4.9582515221832172e-06	0.084029632976029028	41001	128000	jwst_mcfost/runs/strict_continuum_screen/models/m2p00_a0p20_i0p05/disk_envelope_m2p00_a0p20_i0p05_rt.para	ab57679182f298622de33c6a933786996db8f5710a906226b1a31b63ef087463	jwst_mcfost/runs/strict_continuum_screen/anchors/w005/strict_continuum_anchor.lambda	9a4c5d5cdb08e1cfbcaa2b5b0eb958d5026b54a4ecfae6683606dcf96e8edb75	13	jwst_mcfost/runs/strict_continuum_screen/models/m2p00_a0p20_i0p05/temperature	jwst_mcfost/runs/strict_continuum_screen/rt_tasks/t135_m2p00_a0p20_i0p05_w005
136	13	m2p00_a0p20_i0p05	2.00	0.20	6	w006	window_3p9	139	3.9143995604061015	3.9143995604061015	NIRSpec	true	zoom_n1201	3.9933471945199667	1201	1201	1502.4989583259237	1.2510399319949406	2.4822220872915486e-06	0.12917518549340135	41001	128000	jwst_mcfost/runs/strict_continuum_screen/models/m2p00_a0p20_i0p05/disk_envelope_m2p00_a0p20_i0p05_rt.para	ab57679182f298622de33c6a933786996db8f5710a906226b1a31b63ef087463	jwst_mcfost/runs/strict_continuum_screen/anchors/w006/strict_continuum_anchor.lambda	c0f32299968b99649726432a9298eb8e93020139584fa61fd0f35fa3abaab4e0	13	jwst_mcfost/runs/strict_continuum_screen/models/m2p00_a0p20_i0p05/temperature	jwst_mcfost/runs/strict_continuum_screen/rt_tasks/t136_m2p00_a0p20_i0p05_w006
137	13	m2p00_a0p20_i0p05	2.00	0.20	7	w007	window_5p4	171	5.3906283153397085	5.3906283153397085	MIRI	false	zoom_n1201	3.9933471945199667	1201	1201	1502.4989583259237	1.2510399319949406	2.4822220872915486e-06	0.28389073440621038	41001	128000	jwst_mcfost/runs/strict_continuum_screen/models/m2p00_a0p20_i0p05/disk_envelope_m2p00_a0p20_i0p05_rt.para	ab57679182f298622de33c6a933786996db8f5710a906226b1a31b63ef087463	jwst_mcfost/runs/strict_continuum_screen/anchors/w007/strict_continuum_anchor.lambda	d04ad31c2c028e1669b8a052960e0edcf8bb08a87f52c27820b2fb215fc11399	13	jwst_mcfost/runs/strict_continuum_screen/models/m2p00_a0p20_i0p05/temperature	jwst_mcfost/runs/strict_continuum_screen/rt_tasks/t137_m2p00_a0p20_i0p05_w007
138	13	m2p00_a0p20_i0p05	2.00	0.20	8	w008	window_13p8	265	13.799908320389276	13.799908320389276	MIRI	false	zoom_n1201	3.9933471945199667	1201	1201	1502.4989583259237	1.2510399319949406	2.4822220872915486e-06	0.5613969745728461	41001	128000	jwst_mcfost/runs/strict_continuum_screen/models/m2p00_a0p20_i0p05/disk_envelope_m2p00_a0p20_i0p05_rt.para	ab57679182f298622de33c6a933786996db8f5710a906226b1a31b63ef087463	jwst_mcfost/runs/strict_continuum_screen/anchors/w008/strict_continuum_anchor.lambda	dc00d786476769c0d6165f9b9aea7c4cbe1e85dc4b0bc2512f8e12e8ce9d942b	13	jwst_mcfost/runs/strict_continuum_screen/models/m2p00_a0p20_i0p05/temperature	jwst_mcfost/runs/strict_continuum_screen/rt_tasks/t138_m2p00_a0p20_i0p05_w008
139	13	m2p00_a0p20_i0p05	2.00	0.20	9	w009	window_27p5	334	27.513091575690556	27.513091575690556	MIRI	false	zoom_n1201	3.9933471945199667	1201	1201	1502.4989583259237	1.2510399319949406	2.4822220872915486e-06	1.0139320219977885	41001	128000	jwst_mcfost/runs/strict_continuum_screen/models/m2p00_a0p20_i0p05/disk_envelope_m2p00_a0p20_i0p05_rt.para	ab57679182f298622de33c6a933786996db8f5710a906226b1a31b63ef087463	jwst_mcfost/runs/strict_continuum_screen/anchors/w009/strict_continuum_anchor.lambda	7d1ac3036216489ffa93c81d5de564ce57ec16820cf043dfb5a36c68cd83f6bd	13	jwst_mcfost/runs/strict_continuum_screen/models/m2p00_a0p20_i0p05/temperature	jwst_mcfost/runs/strict_continuum_screen/rt_tasks/t139_m2p00_a0p20_i0p05_w009
140	14	m2p00_a0p35_i0p05	2.00	0.35	0	w000	near_ir_short	2	0.9946761707696127	0.9946761707696127	NIRSpec	false	full_n2401	1	2401	2401	6000	2.4989587671803415	4.9582515221832172e-06	0.032824313635397222	41001	128000	jwst_mcfost/runs/strict_continuum_screen/models/m2p00_a0p35_i0p05/disk_envelope_m2p00_a0p35_i0p05_rt.para	6a53800a595e879b849faa8ad2481d4922cb1f3aafcd45a62e560eefa96ab46e	jwst_mcfost/runs/strict_continuum_screen/anchors/w000/strict_continuum_anchor.lambda	5e0fe7e726e460092394135e5d86a4f329f3adf9446ff8f022ee68ce91e8928e	14	jwst_mcfost/runs/strict_continuum_screen/models/m2p00_a0p35_i0p05/temperature	jwst_mcfost/runs/strict_continuum_screen/rt_tasks/t140_m2p00_a0p35_i0p05_w000
141	14	m2p00_a0p35_i0p05	2.00	0.35	1	w001	near_ir_short	21	1.2028117593024095	1.2028117593024095	NIRSpec	false	full_n2401	1	2401	2401	6000	2.4989587671803415	4.9582515221832172e-06	0.039692788056979511	41001	128000	jwst_mcfost/runs/strict_continuum_screen/models/m2p00_a0p35_i0p05/disk_envelope_m2p00_a0p35_i0p05_rt.para	6a53800a595e879b849faa8ad2481d4922cb1f3aafcd45a62e560eefa96ab46e	jwst_mcfost/runs/strict_continuum_screen/anchors/w001/strict_continuum_anchor.lambda	334e806dac74f3cab0db03b39807968472f2e194cb77ac7d5efc0c9e0d0a305e	14	jwst_mcfost/runs/strict_continuum_screen/models/m2p00_a0p35_i0p05/temperature	jwst_mcfost/runs/strict_continuum_screen/rt_tasks/t141_m2p00_a0p35_i0p05_w001
142	14	m2p00_a0p35_i0p05	2.00	0.35	2	w002	near_ir_short	43	1.4987957445436022	1.4987957445436022	NIRSpec	false	full_n2401	1	2401	2401	6000	2.4989587671803415	4.9582515221832172e-06	0.049460259569938873	41001	128000	jwst_mcfost/runs/strict_continuum_screen/models/m2p00_a0p35_i0p05/disk_envelope_m2p00_a0p35_i0p05_rt.para	6a53800a595e879b849faa8ad2481d4922cb1f3aafcd45a62e560eefa96ab46e	jwst_mcfost/runs/strict_continuum_screen/anchors/w002/strict_continuum_anchor.lambda	132b8ae57ad0eddc7816e3f45e121643727120e30a1d5ab9708202d2a9310d54	14	jwst_mcfost/runs/strict_continuum_screen/models/m2p00_a0p35_i0p05/temperature	jwst_mcfost/runs/strict_continuum_screen/rt_tasks/t142_m2p00_a0p35_i0p05_w002
143	14	m2p00_a0p35_i0p05	2.00	0.35	3	w003	near_ir_rise	59	1.7588530996181813	1.7588530996181813	NIRSpec	false	full_n2401	1	2401	2401	6000	2.4989587671803415	4.9582515221832172e-06	0.058042152287399985	41001	128000	jwst_mcfost/runs/strict_continuum_screen/models/m2p00_a0p35_i0p05/disk_envelope_m2p00_a0p35_i0p05_rt.para	6a53800a595e879b849faa8ad2481d4922cb1f3aafcd45a62e560eefa96ab46e	jwst_mcfost/runs/strict_continuum_screen/anchors/w003/strict_continuum_anchor.lambda	90ac5acad1cc9a08e5697ce6d65ffd414b4b9f8cdea8cade92e91a9025a2a68e	14	jwst_mcfost/runs/strict_continuum_screen/models/m2p00_a0p35_i0p05/temperature	jwst_mcfost/runs/strict_continuum_screen/rt_tasks/t143_m2p00_a0p35_i0p05_w003
144	14	m2p00_a0p35_i0p05	2.00	0.35	4	w004	near_ir_rise	81	2.1916659199557045	2.1916659199557045	NIRSpec	false	full_n2401	1	2401	2401	6000	2.4989587671803415	4.9582515221832172e-06	0.072324975358538254	41001	128000	jwst_mcfost/runs/strict_continuum_screen/models/m2p00_a0p35_i0p05/disk_envelope_m2p00_a0p35_i0p05_rt.para	6a53800a595e879b849faa8ad2481d4922cb1f3aafcd45a62e560eefa96ab46e	jwst_mcfost/runs/strict_continuum_screen/anchors/w004/strict_continuum_anchor.lambda	651e2bf7f7383323e2c48df2e732fe3cc01f7c5816c25ccc82154fd902c5f7a4	14	jwst_mcfost/runs/strict_continuum_screen/models/m2p00_a0p35_i0p05/temperature	jwst_mcfost/runs/strict_continuum_screen/rt_tasks/t144_m2p00_a0p35_i0p05_w004
145	14	m2p00_a0p35_i0p05	2.00	0.35	5	w005	near_ir_rise	96	2.546352514425122	2.546352514425122	NIRSpec	true	full_n2401	1	2401	2401	6000	2.4989587671803415	4.9582515221832172e-06	0.084029632976029028	41001	128000	jwst_mcfost/runs/strict_continuum_screen/models/m2p00_a0p35_i0p05/disk_envelope_m2p00_a0p35_i0p05_rt.para	6a53800a595e879b849faa8ad2481d4922cb1f3aafcd45a62e560eefa96ab46e	jwst_mcfost/runs/strict_continuum_screen/anchors/w005/strict_continuum_anchor.lambda	9a4c5d5cdb08e1cfbcaa2b5b0eb958d5026b54a4ecfae6683606dcf96e8edb75	14	jwst_mcfost/runs/strict_continuum_screen/models/m2p00_a0p35_i0p05/temperature	jwst_mcfost/runs/strict_continuum_screen/rt_tasks/t145_m2p00_a0p35_i0p05_w005
146	14	m2p00_a0p35_i0p05	2.00	0.35	6	w006	window_3p9	139	3.9143995604061015	3.9143995604061015	NIRSpec	true	zoom_n1201	3.9933471945199667	1201	1201	1502.4989583259237	1.2510399319949406	2.4822220872915486e-06	0.12917518549340135	41001	128000	jwst_mcfost/runs/strict_continuum_screen/models/m2p00_a0p35_i0p05/disk_envelope_m2p00_a0p35_i0p05_rt.para	6a53800a595e879b849faa8ad2481d4922cb1f3aafcd45a62e560eefa96ab46e	jwst_mcfost/runs/strict_continuum_screen/anchors/w006/strict_continuum_anchor.lambda	c0f32299968b99649726432a9298eb8e93020139584fa61fd0f35fa3abaab4e0	14	jwst_mcfost/runs/strict_continuum_screen/models/m2p00_a0p35_i0p05/temperature	jwst_mcfost/runs/strict_continuum_screen/rt_tasks/t146_m2p00_a0p35_i0p05_w006
147	14	m2p00_a0p35_i0p05	2.00	0.35	7	w007	window_5p4	171	5.3906283153397085	5.3906283153397085	MIRI	false	zoom_n1201	3.9933471945199667	1201	1201	1502.4989583259237	1.2510399319949406	2.4822220872915486e-06	0.28389073440621038	41001	128000	jwst_mcfost/runs/strict_continuum_screen/models/m2p00_a0p35_i0p05/disk_envelope_m2p00_a0p35_i0p05_rt.para	6a53800a595e879b849faa8ad2481d4922cb1f3aafcd45a62e560eefa96ab46e	jwst_mcfost/runs/strict_continuum_screen/anchors/w007/strict_continuum_anchor.lambda	d04ad31c2c028e1669b8a052960e0edcf8bb08a87f52c27820b2fb215fc11399	14	jwst_mcfost/runs/strict_continuum_screen/models/m2p00_a0p35_i0p05/temperature	jwst_mcfost/runs/strict_continuum_screen/rt_tasks/t147_m2p00_a0p35_i0p05_w007
148	14	m2p00_a0p35_i0p05	2.00	0.35	8	w008	window_13p8	265	13.799908320389276	13.799908320389276	MIRI	false	zoom_n1201	3.9933471945199667	1201	1201	1502.4989583259237	1.2510399319949406	2.4822220872915486e-06	0.5613969745728461	41001	128000	jwst_mcfost/runs/strict_continuum_screen/models/m2p00_a0p35_i0p05/disk_envelope_m2p00_a0p35_i0p05_rt.para	6a53800a595e879b849faa8ad2481d4922cb1f3aafcd45a62e560eefa96ab46e	jwst_mcfost/runs/strict_continuum_screen/anchors/w008/strict_continuum_anchor.lambda	dc00d786476769c0d6165f9b9aea7c4cbe1e85dc4b0bc2512f8e12e8ce9d942b	14	jwst_mcfost/runs/strict_continuum_screen/models/m2p00_a0p35_i0p05/temperature	jwst_mcfost/runs/strict_continuum_screen/rt_tasks/t148_m2p00_a0p35_i0p05_w008
149	14	m2p00_a0p35_i0p05	2.00	0.35	9	w009	window_27p5	334	27.513091575690556	27.513091575690556	MIRI	false	zoom_n1201	3.9933471945199667	1201	1201	1502.4989583259237	1.2510399319949406	2.4822220872915486e-06	1.0139320219977885	41001	128000	jwst_mcfost/runs/strict_continuum_screen/models/m2p00_a0p35_i0p05/disk_envelope_m2p00_a0p35_i0p05_rt.para	6a53800a595e879b849faa8ad2481d4922cb1f3aafcd45a62e560eefa96ab46e	jwst_mcfost/runs/strict_continuum_screen/anchors/w009/strict_continuum_anchor.lambda	7d1ac3036216489ffa93c81d5de564ce57ec16820cf043dfb5a36c68cd83f6bd	14	jwst_mcfost/runs/strict_continuum_screen/models/m2p00_a0p35_i0p05/temperature	jwst_mcfost/runs/strict_continuum_screen/rt_tasks/t149_m2p00_a0p35_i0p05_w009
150	15	m2p00_a0p50_i0p05	2.00	0.50	0	w000	near_ir_short	2	0.9946761707696127	0.9946761707696127	NIRSpec	false	full_n2401	1	2401	2401	6000	2.4989587671803415	4.9582515221832172e-06	0.032824313635397222	41001	128000	jwst_mcfost/runs/strict_continuum_screen/models/m2p00_a0p50_i0p05/disk_envelope_m2p00_a0p50_i0p05_rt.para	2a02b092455191897c32f918372080d7a9950f112814e58322e41dd8e7b54c45	jwst_mcfost/runs/strict_continuum_screen/anchors/w000/strict_continuum_anchor.lambda	5e0fe7e726e460092394135e5d86a4f329f3adf9446ff8f022ee68ce91e8928e	15	jwst_mcfost/runs/strict_continuum_screen/models/m2p00_a0p50_i0p05/temperature	jwst_mcfost/runs/strict_continuum_screen/rt_tasks/t150_m2p00_a0p50_i0p05_w000
151	15	m2p00_a0p50_i0p05	2.00	0.50	1	w001	near_ir_short	21	1.2028117593024095	1.2028117593024095	NIRSpec	false	full_n2401	1	2401	2401	6000	2.4989587671803415	4.9582515221832172e-06	0.039692788056979511	41001	128000	jwst_mcfost/runs/strict_continuum_screen/models/m2p00_a0p50_i0p05/disk_envelope_m2p00_a0p50_i0p05_rt.para	2a02b092455191897c32f918372080d7a9950f112814e58322e41dd8e7b54c45	jwst_mcfost/runs/strict_continuum_screen/anchors/w001/strict_continuum_anchor.lambda	334e806dac74f3cab0db03b39807968472f2e194cb77ac7d5efc0c9e0d0a305e	15	jwst_mcfost/runs/strict_continuum_screen/models/m2p00_a0p50_i0p05/temperature	jwst_mcfost/runs/strict_continuum_screen/rt_tasks/t151_m2p00_a0p50_i0p05_w001
152	15	m2p00_a0p50_i0p05	2.00	0.50	2	w002	near_ir_short	43	1.4987957445436022	1.4987957445436022	NIRSpec	false	full_n2401	1	2401	2401	6000	2.4989587671803415	4.9582515221832172e-06	0.049460259569938873	41001	128000	jwst_mcfost/runs/strict_continuum_screen/models/m2p00_a0p50_i0p05/disk_envelope_m2p00_a0p50_i0p05_rt.para	2a02b092455191897c32f918372080d7a9950f112814e58322e41dd8e7b54c45	jwst_mcfost/runs/strict_continuum_screen/anchors/w002/strict_continuum_anchor.lambda	132b8ae57ad0eddc7816e3f45e121643727120e30a1d5ab9708202d2a9310d54	15	jwst_mcfost/runs/strict_continuum_screen/models/m2p00_a0p50_i0p05/temperature	jwst_mcfost/runs/strict_continuum_screen/rt_tasks/t152_m2p00_a0p50_i0p05_w002
153	15	m2p00_a0p50_i0p05	2.00	0.50	3	w003	near_ir_rise	59	1.7588530996181813	1.7588530996181813	NIRSpec	false	full_n2401	1	2401	2401	6000	2.4989587671803415	4.9582515221832172e-06	0.058042152287399985	41001	128000	jwst_mcfost/runs/strict_continuum_screen/models/m2p00_a0p50_i0p05/disk_envelope_m2p00_a0p50_i0p05_rt.para	2a02b092455191897c32f918372080d7a9950f112814e58322e41dd8e7b54c45	jwst_mcfost/runs/strict_continuum_screen/anchors/w003/strict_continuum_anchor.lambda	90ac5acad1cc9a08e5697ce6d65ffd414b4b9f8cdea8cade92e91a9025a2a68e	15	jwst_mcfost/runs/strict_continuum_screen/models/m2p00_a0p50_i0p05/temperature	jwst_mcfost/runs/strict_continuum_screen/rt_tasks/t153_m2p00_a0p50_i0p05_w003
154	15	m2p00_a0p50_i0p05	2.00	0.50	4	w004	near_ir_rise	81	2.1916659199557045	2.1916659199557045	NIRSpec	false	full_n2401	1	2401	2401	6000	2.4989587671803415	4.9582515221832172e-06	0.072324975358538254	41001	128000	jwst_mcfost/runs/strict_continuum_screen/models/m2p00_a0p50_i0p05/disk_envelope_m2p00_a0p50_i0p05_rt.para	2a02b092455191897c32f918372080d7a9950f112814e58322e41dd8e7b54c45	jwst_mcfost/runs/strict_continuum_screen/anchors/w004/strict_continuum_anchor.lambda	651e2bf7f7383323e2c48df2e732fe3cc01f7c5816c25ccc82154fd902c5f7a4	15	jwst_mcfost/runs/strict_continuum_screen/models/m2p00_a0p50_i0p05/temperature	jwst_mcfost/runs/strict_continuum_screen/rt_tasks/t154_m2p00_a0p50_i0p05_w004
155	15	m2p00_a0p50_i0p05	2.00	0.50	5	w005	near_ir_rise	96	2.546352514425122	2.546352514425122	NIRSpec	true	full_n2401	1	2401	2401	6000	2.4989587671803415	4.9582515221832172e-06	0.084029632976029028	41001	128000	jwst_mcfost/runs/strict_continuum_screen/models/m2p00_a0p50_i0p05/disk_envelope_m2p00_a0p50_i0p05_rt.para	2a02b092455191897c32f918372080d7a9950f112814e58322e41dd8e7b54c45	jwst_mcfost/runs/strict_continuum_screen/anchors/w005/strict_continuum_anchor.lambda	9a4c5d5cdb08e1cfbcaa2b5b0eb958d5026b54a4ecfae6683606dcf96e8edb75	15	jwst_mcfost/runs/strict_continuum_screen/models/m2p00_a0p50_i0p05/temperature	jwst_mcfost/runs/strict_continuum_screen/rt_tasks/t155_m2p00_a0p50_i0p05_w005
156	15	m2p00_a0p50_i0p05	2.00	0.50	6	w006	window_3p9	139	3.9143995604061015	3.9143995604061015	NIRSpec	true	zoom_n1201	3.9933471945199667	1201	1201	1502.4989583259237	1.2510399319949406	2.4822220872915486e-06	0.12917518549340135	41001	128000	jwst_mcfost/runs/strict_continuum_screen/models/m2p00_a0p50_i0p05/disk_envelope_m2p00_a0p50_i0p05_rt.para	2a02b092455191897c32f918372080d7a9950f112814e58322e41dd8e7b54c45	jwst_mcfost/runs/strict_continuum_screen/anchors/w006/strict_continuum_anchor.lambda	c0f32299968b99649726432a9298eb8e93020139584fa61fd0f35fa3abaab4e0	15	jwst_mcfost/runs/strict_continuum_screen/models/m2p00_a0p50_i0p05/temperature	jwst_mcfost/runs/strict_continuum_screen/rt_tasks/t156_m2p00_a0p50_i0p05_w006
157	15	m2p00_a0p50_i0p05	2.00	0.50	7	w007	window_5p4	171	5.3906283153397085	5.3906283153397085	MIRI	false	zoom_n1201	3.9933471945199667	1201	1201	1502.4989583259237	1.2510399319949406	2.4822220872915486e-06	0.28389073440621038	41001	128000	jwst_mcfost/runs/strict_continuum_screen/models/m2p00_a0p50_i0p05/disk_envelope_m2p00_a0p50_i0p05_rt.para	2a02b092455191897c32f918372080d7a9950f112814e58322e41dd8e7b54c45	jwst_mcfost/runs/strict_continuum_screen/anchors/w007/strict_continuum_anchor.lambda	d04ad31c2c028e1669b8a052960e0edcf8bb08a87f52c27820b2fb215fc11399	15	jwst_mcfost/runs/strict_continuum_screen/models/m2p00_a0p50_i0p05/temperature	jwst_mcfost/runs/strict_continuum_screen/rt_tasks/t157_m2p00_a0p50_i0p05_w007
158	15	m2p00_a0p50_i0p05	2.00	0.50	8	w008	window_13p8	265	13.799908320389276	13.799908320389276	MIRI	false	zoom_n1201	3.9933471945199667	1201	1201	1502.4989583259237	1.2510399319949406	2.4822220872915486e-06	0.5613969745728461	41001	128000	jwst_mcfost/runs/strict_continuum_screen/models/m2p00_a0p50_i0p05/disk_envelope_m2p00_a0p50_i0p05_rt.para	2a02b092455191897c32f918372080d7a9950f112814e58322e41dd8e7b54c45	jwst_mcfost/runs/strict_continuum_screen/anchors/w008/strict_continuum_anchor.lambda	dc00d786476769c0d6165f9b9aea7c4cbe1e85dc4b0bc2512f8e12e8ce9d942b	15	jwst_mcfost/runs/strict_continuum_screen/models/m2p00_a0p50_i0p05/temperature	jwst_mcfost/runs/strict_continuum_screen/rt_tasks/t158_m2p00_a0p50_i0p05_w008
159	15	m2p00_a0p50_i0p05	2.00	0.50	9	w009	window_27p5	334	27.513091575690556	27.513091575690556	MIRI	false	zoom_n1201	3.9933471945199667	1201	1201	1502.4989583259237	1.2510399319949406	2.4822220872915486e-06	1.0139320219977885	41001	128000	jwst_mcfost/runs/strict_continuum_screen/models/m2p00_a0p50_i0p05/disk_envelope_m2p00_a0p50_i0p05_rt.para	2a02b092455191897c32f918372080d7a9950f112814e58322e41dd8e7b54c45	jwst_mcfost/runs/strict_continuum_screen/anchors/w009/strict_continuum_anchor.lambda	7d1ac3036216489ffa93c81d5de564ce57ec16820cf043dfb5a36c68cd83f6bd	15	jwst_mcfost/runs/strict_continuum_screen/models/m2p00_a0p50_i0p05/temperature	jwst_mcfost/runs/strict_continuum_screen/rt_tasks/t159_m2p00_a0p50_i0p05_w009
