task_index	phase	seed	parent_kind	parent_id	score_anchor_id	continuum_target_id	analysis_partition	source_table	source_table_sha256	source_row_sha256	target_wavelength_um	lsf_node_global_index	lsf_node_index	lsf_quadrature_weight	lsf_profile	target_resolving_power_R	wavelength_um	instrument	source_segment	native_run_id	model_input_representation	conversion_before_aggregation	aggregated_representation	wavelength_file	wavelength_file_sha256	spatial_config	zoom_token	nx	ny	expected_fov_au	expected_pixel_au	expected_cdelt_deg	aperture_name	east_arcsec	north_arcsec	aperture_radius_arcsec	model_index	model_label	mass_factor	envelope_size_exponent	cavity_tag	requested_half_opening_deg	cavity_h0_token	cavity_r0_token	cavity_exponent_token	mdot_token	envelope_amin_um	accepted_packets	rt_sed_method	processes_per_task	openmp_threads	temperature_file	temperature_file_sha256	temperature_role	optical_coverage_role	direct_scoring_role	variant_token	envelope_dhs_vmax	envelope_amax_um	inclination_deg	h2o_mass_fraction	silicate_mass_fraction	source_task_index	source_task_row_sha256	parameter_role	parameter	parameter_sha256	dust_role	task_workdir	task_row_sha256
0	broadband_guardrail	52001	broadband_guardrail	w001			broadband_continuum_guardrail_report_only	jwst_mcfost/runs/ice_feature_method2_pilot_v1/continuum_check_anchors.tsv	f1fd86f32eec5e20bc210ba67e2b4bc78efb69427b387e48de1c127e118636b7	be8495af19d834ec9883095aa3e489588ad62932dedba95a6ce055e53bc4efcb	1.2028117593024095						1.2028117593024095	NIRSpec			lambda_F_lambda_W_m-2			jwst_mcfost/runs/h2o_3um_method2_screen_v3/anchors/broadband_guardrail/w001/anchor.lambda	f2c711b7a22d165e60719d22fe81cbf246393fb51629f0b9dda93883c17f8e87	full_domain_n4801	1	4801	4801	6000	1.2497396375755052	2.4796421380466373e-06	stellar_center	0.0	0.0	1.0	1	m2p25_c17p5_a0p40_q2p75_i0p05	2.25	2.75	c17p5	17.5	317.159480236321	100	1.0	7.3011756855e-08	0.03	128000	2	1	16	jwst_mcfost/runs/strict_continuum_cavity_mass_q_v1/models/m2p25_c17p5_a0p40_q2p75_i0p05/temperature/seed=41001/data_th/Temperature.fits.gz	1bd212f2f54dd8c1701a6064e129ba7fdb5721cb3fe296472433bbdd3b79ec1c	reused_accepted_continuum_temperature_screening_only_not_self_consistent_for_changed_dust	inside_h2o_optical_constants	report_only	v00_base	0.8	0.4	70.0	0.04	0.96	0	0753aa87e3445e42eae140bfe4d917cbb1b787200fbeed0c439d642c9fa3b738	dust_axis_v00_base	jwst_mcfost/runs/h2o_3um_dust_axis_grid_v1/parameters/dust_v00_base_rt.para	9c4c70e8b4348d36edd1af8b24b37c3ed573b5897459b34c593e173e09e95f0b	dust_axis_grid_disjoint_dhs_screening_dust	jwst_mcfost/runs/h2o_3um_dust_axis_grid_v1/tasks/v00_base/broadband_guardrail/t000_w001_single_s52001	43b751e9a7ffb86568ab8b16ceb62828803efd4595a43be3ddabfeb6c5e7a41d
1	broadband_guardrail	52001	broadband_guardrail	w002			broadband_continuum_guardrail_report_only	jwst_mcfost/runs/ice_feature_method2_pilot_v1/continuum_check_anchors.tsv	f1fd86f32eec5e20bc210ba67e2b4bc78efb69427b387e48de1c127e118636b7	8c2d627b94e2d8d2408e8e154425025de3b0c17865e36f0d9230db46f403fa15	1.4987957445436022						1.4987957445436022	NIRSpec			lambda_F_lambda_W_m-2			jwst_mcfost/runs/h2o_3um_method2_screen_v3/anchors/broadband_guardrail/w002/anchor.lambda	e07fb493ca052ff264e01e5c8df0ac557154f8a40c47dfb456aad5930517c966	full_domain_n4801	1	4801	4801	6000	1.2497396375755052	2.4796421380466373e-06	stellar_center	0.0	0.0	1.0	1	m2p25_c17p5_a0p40_q2p75_i0p05	2.25	2.75	c17p5	17.5	317.159480236321	100	1.0	7.3011756855e-08	0.03	128000	2	1	16	jwst_mcfost/runs/strict_continuum_cavity_mass_q_v1/models/m2p25_c17p5_a0p40_q2p75_i0p05/temperature/seed=41001/data_th/Temperature.fits.gz	1bd212f2f54dd8c1701a6064e129ba7fdb5721cb3fe296472433bbdd3b79ec1c	reused_accepted_continuum_temperature_screening_only_not_self_consistent_for_changed_dust	inside_h2o_optical_constants	report_only	v00_base	0.8	0.4	70.0	0.04	0.96	1	4d6a0f6f21c2c9374490473f84d12c7ab64295daf370b4c8408bd6bc957cdbe9	dust_axis_v00_base	jwst_mcfost/runs/h2o_3um_dust_axis_grid_v1/parameters/dust_v00_base_rt.para	9c4c70e8b4348d36edd1af8b24b37c3ed573b5897459b34c593e173e09e95f0b	dust_axis_grid_disjoint_dhs_screening_dust	jwst_mcfost/runs/h2o_3um_dust_axis_grid_v1/tasks/v00_base/broadband_guardrail/t001_w002_single_s52001	f94a7d2823092a3fa694f7c8abc77e167e77164a96f18ddb33b9d45bb3a84d86
2	broadband_guardrail	52001	broadband_guardrail	w003			broadband_continuum_guardrail_report_only	jwst_mcfost/runs/ice_feature_method2_pilot_v1/continuum_check_anchors.tsv	f1fd86f32eec5e20bc210ba67e2b4bc78efb69427b387e48de1c127e118636b7	ca3be8f62fc5c741b2ed68f040fac1c490a5660995bc938abcad21f265509655	1.7588530996181813						1.7588530996181813	NIRSpec			lambda_F_lambda_W_m-2			jwst_mcfost/runs/h2o_3um_method2_screen_v3/anchors/broadband_guardrail/w003/anchor.lambda	a9c5146eec96dc1ea9604097f402a7a0eb415206f4e4b32a2836e09dfdb6b5e2	full_domain_n4801	1	4801	4801	6000	1.2497396375755052	2.4796421380466373e-06	stellar_center	0.0	0.0	1.0	1	m2p25_c17p5_a0p40_q2p75_i0p05	2.25	2.75	c17p5	17.5	317.159480236321	100	1.0	7.3011756855e-08	0.03	128000	2	1	16	jwst_mcfost/runs/strict_continuum_cavity_mass_q_v1/models/m2p25_c17p5_a0p40_q2p75_i0p05/temperature/seed=41001/data_th/Temperature.fits.gz	1bd212f2f54dd8c1701a6064e129ba7fdb5721cb3fe296472433bbdd3b79ec1c	reused_accepted_continuum_temperature_screening_only_not_self_consistent_for_changed_dust	inside_h2o_optical_constants	report_only	v00_base	0.8	0.4	70.0	0.04	0.96	2	5bea68cf41b73f71ecd91e3a5f09e6eb1670dd4f85f83fe2fde459beed258649	dust_axis_v00_base	jwst_mcfost/runs/h2o_3um_dust_axis_grid_v1/parameters/dust_v00_base_rt.para	9c4c70e8b4348d36edd1af8b24b37c3ed573b5897459b34c593e173e09e95f0b	dust_axis_grid_disjoint_dhs_screening_dust	jwst_mcfost/runs/h2o_3um_dust_axis_grid_v1/tasks/v00_base/broadband_guardrail/t002_w003_single_s52001	ed1ffcd159f697d47b06ab584e6624387bd3f72af5987cc1ff3c23b66a98ad6c
3	broadband_guardrail	52001	broadband_guardrail	w004			broadband_continuum_guardrail_report_only	jwst_mcfost/runs/ice_feature_method2_pilot_v1/continuum_check_anchors.tsv	f1fd86f32eec5e20bc210ba67e2b4bc78efb69427b387e48de1c127e118636b7	ea7082373d182e4d3e13fde932c59a66963ade00a452a1124d2f4372d5278e55	2.1916659199557045						2.1916659199557045	NIRSpec			lambda_F_lambda_W_m-2			jwst_mcfost/runs/h2o_3um_method2_screen_v3/anchors/broadband_guardrail/w004/anchor.lambda	f7762b5bee0778f151ac09bf2a609fcf351f2fd1c1c57b09be9d1bd19fb77e3c	full_domain_n4801	1	4801	4801	6000	1.2497396375755052	2.4796421380466373e-06	stellar_center	0.0	0.0	1.0	1	m2p25_c17p5_a0p40_q2p75_i0p05	2.25	2.75	c17p5	17.5	317.159480236321	100	1.0	7.3011756855e-08	0.03	128000	2	1	16	jwst_mcfost/runs/strict_continuum_cavity_mass_q_v1/models/m2p25_c17p5_a0p40_q2p75_i0p05/temperature/seed=41001/data_th/Temperature.fits.gz	1bd212f2f54dd8c1701a6064e129ba7fdb5721cb3fe296472433bbdd3b79ec1c	reused_accepted_continuum_temperature_screening_only_not_self_consistent_for_changed_dust	inside_h2o_optical_constants	report_only	v00_base	0.8	0.4	70.0	0.04	0.96	3	a24d6b16764baaff76e82d64dfc357a9243d4963979b202fa39013f5bf6b0102	dust_axis_v00_base	jwst_mcfost/runs/h2o_3um_dust_axis_grid_v1/parameters/dust_v00_base_rt.para	9c4c70e8b4348d36edd1af8b24b37c3ed573b5897459b34c593e173e09e95f0b	dust_axis_grid_disjoint_dhs_screening_dust	jwst_mcfost/runs/h2o_3um_dust_axis_grid_v1/tasks/v00_base/broadband_guardrail/t003_w004_single_s52001	9f9a94bd2abaf33e3328d57070e16c57ccd8289400fff62351b32dafa8bccc6c
4	broadband_guardrail	52001	broadband_guardrail	w005			broadband_continuum_guardrail_report_only	jwst_mcfost/runs/ice_feature_method2_pilot_v1/continuum_check_anchors.tsv	f1fd86f32eec5e20bc210ba67e2b4bc78efb69427b387e48de1c127e118636b7	26580c835ed5110860144fdcbc249ba6f16c9fef2f8ea7bab13d16dd643b6bb9	2.5463525144251218						2.5463525144251218	NIRSpec			lambda_F_lambda_W_m-2			jwst_mcfost/runs/h2o_3um_method2_screen_v3/anchors/broadband_guardrail/w005/anchor.lambda	1097793022b13ff0ac82638d85e9d60d35080eb3937764ad07599179d97862ef	full_domain_n4801	1	4801	4801	6000	1.2497396375755052	2.4796421380466373e-06	stellar_center	0.0	0.0	1.0	1	m2p25_c17p5_a0p40_q2p75_i0p05	2.25	2.75	c17p5	17.5	317.159480236321	100	1.0	7.3011756855e-08	0.03	128000	2	1	16	jwst_mcfost/runs/strict_continuum_cavity_mass_q_v1/models/m2p25_c17p5_a0p40_q2p75_i0p05/temperature/seed=41001/data_th/Temperature.fits.gz	1bd212f2f54dd8c1701a6064e129ba7fdb5721cb3fe296472433bbdd3b79ec1c	reused_accepted_continuum_temperature_screening_only_not_self_consistent_for_changed_dust	inside_h2o_optical_constants	report_only	v00_base	0.8	0.4	70.0	0.04	0.96	4	3d0b057546488b3ac2d1787a936dc092d31a541500f3ca880aeb6045d816095d	dust_axis_v00_base	jwst_mcfost/runs/h2o_3um_dust_axis_grid_v1/parameters/dust_v00_base_rt.para	9c4c70e8b4348d36edd1af8b24b37c3ed573b5897459b34c593e173e09e95f0b	dust_axis_grid_disjoint_dhs_screening_dust	jwst_mcfost/runs/h2o_3um_dust_axis_grid_v1/tasks/v00_base/broadband_guardrail/t004_w005_single_s52001	482baa46f5fd5af9601752a2f4e769eaf75de0126ca51a81f4116b3b9dd8a1ca
5	broadband_guardrail	52001	broadband_guardrail	w006			broadband_continuum_guardrail_report_only	jwst_mcfost/runs/ice_feature_method2_pilot_v1/continuum_check_anchors.tsv	f1fd86f32eec5e20bc210ba67e2b4bc78efb69427b387e48de1c127e118636b7	1026cba4b28d9f4bf3663e4dc18b1586244f74649ea0d30ad2bcc3f974c0861b	3.9143995604061015						3.9143995604061015	NIRSpec			lambda_F_lambda_W_m-2			jwst_mcfost/runs/h2o_3um_method2_screen_v3/anchors/broadband_guardrail/w006/anchor.lambda	b82128fc84cd81495038ead356b26b6e6be5f7ae7a55105af31d392047ae9385	full_domain_n4801	1	4801	4801	6000	1.2497396375755052	2.4796421380466373e-06	stellar_center	0.0	0.0	1.0	1	m2p25_c17p5_a0p40_q2p75_i0p05	2.25	2.75	c17p5	17.5	317.159480236321	100	1.0	7.3011756855e-08	0.03	128000	2	1	16	jwst_mcfost/runs/strict_continuum_cavity_mass_q_v1/models/m2p25_c17p5_a0p40_q2p75_i0p05/temperature/seed=41001/data_th/Temperature.fits.gz	1bd212f2f54dd8c1701a6064e129ba7fdb5721cb3fe296472433bbdd3b79ec1c	reused_accepted_continuum_temperature_screening_only_not_self_consistent_for_changed_dust	inside_h2o_optical_constants	report_only	v00_base	0.8	0.4	70.0	0.04	0.96	5	fe325ddaacc07c82dd57c3121e3f237bb4c9911d1fba7acf23235c03ac89c3b4	dust_axis_v00_base	jwst_mcfost/runs/h2o_3um_dust_axis_grid_v1/parameters/dust_v00_base_rt.para	9c4c70e8b4348d36edd1af8b24b37c3ed573b5897459b34c593e173e09e95f0b	dust_axis_grid_disjoint_dhs_screening_dust	jwst_mcfost/runs/h2o_3um_dust_axis_grid_v1/tasks/v00_base/broadband_guardrail/t005_w006_single_s52001	476dc386144418f64b9b4a45995d1b8726de98ce95151cd0c93117754308101b
6	broadband_guardrail	52001	broadband_guardrail	w007			broadband_continuum_guardrail_report_only	jwst_mcfost/runs/ice_feature_method2_pilot_v1/continuum_check_anchors.tsv	f1fd86f32eec5e20bc210ba67e2b4bc78efb69427b387e48de1c127e118636b7	91cbd5c9b4101022047aee9b5009bc5cf825f2c0850ca7446ec8f2d8eb8c416c	5.3906283153397085						5.3906283153397085	MIRI			lambda_F_lambda_W_m-2			jwst_mcfost/runs/h2o_3um_method2_screen_v3/anchors/broadband_guardrail/w007/anchor.lambda	87caf527afb4a319fcc1a82bbc39eccb30b95cfb9beacd102a79e815c7cd8f58	full_domain_n4801	1	4801	4801	6000	1.2497396375755052	2.4796421380466373e-06	stellar_center	0.0	0.0	1.0	1	m2p25_c17p5_a0p40_q2p75_i0p05	2.25	2.75	c17p5	17.5	317.159480236321	100	1.0	7.3011756855e-08	0.03	128000	2	1	16	jwst_mcfost/runs/strict_continuum_cavity_mass_q_v1/models/m2p25_c17p5_a0p40_q2p75_i0p05/temperature/seed=41001/data_th/Temperature.fits.gz	1bd212f2f54dd8c1701a6064e129ba7fdb5721cb3fe296472433bbdd3b79ec1c	reused_accepted_continuum_temperature_screening_only_not_self_consistent_for_changed_dust	inside_h2o_optical_constants	report_only	v00_base	0.8	0.4	70.0	0.04	0.96	6	ef7e89378eaf7bb1fb451bd8bba89faa7711da693d1b745f61d8705bae68842c	dust_axis_v00_base	jwst_mcfost/runs/h2o_3um_dust_axis_grid_v1/parameters/dust_v00_base_rt.para	9c4c70e8b4348d36edd1af8b24b37c3ed573b5897459b34c593e173e09e95f0b	dust_axis_grid_disjoint_dhs_screening_dust	jwst_mcfost/runs/h2o_3um_dust_axis_grid_v1/tasks/v00_base/broadband_guardrail/t006_w007_single_s52001	10665533749fccae1acfca2b05211d1c541f9195f16ea2808e7f31de53de2168
7	broadband_guardrail	52001	broadband_guardrail	w008			broadband_continuum_guardrail_report_only	jwst_mcfost/runs/ice_feature_method2_pilot_v1/continuum_check_anchors.tsv	f1fd86f32eec5e20bc210ba67e2b4bc78efb69427b387e48de1c127e118636b7	ff79343f5023234e348b11140f6b973d8c465bfcb3cde6046ce18f64bdb7e142	13.799908320389276						13.799908320389276	MIRI			lambda_F_lambda_W_m-2			jwst_mcfost/runs/h2o_3um_method2_screen_v3/anchors/broadband_guardrail/w008/anchor.lambda	8a30fa7840e4a27c1d6a81fa121d610c3293460d00aa1e38428c728a91dbf63a	full_domain_n4801	1	4801	4801	6000	1.2497396375755052	2.4796421380466373e-06	stellar_center	0.0	0.0	1.0	1	m2p25_c17p5_a0p40_q2p75_i0p05	2.25	2.75	c17p5	17.5	317.159480236321	100	1.0	7.3011756855e-08	0.03	128000	2	1	16	jwst_mcfost/runs/strict_continuum_cavity_mass_q_v1/models/m2p25_c17p5_a0p40_q2p75_i0p05/temperature/seed=41001/data_th/Temperature.fits.gz	1bd212f2f54dd8c1701a6064e129ba7fdb5721cb3fe296472433bbdd3b79ec1c	reused_accepted_continuum_temperature_screening_only_not_self_consistent_for_changed_dust	inside_h2o_optical_constants	report_only	v00_base	0.8	0.4	70.0	0.04	0.96	7	8330a266dd31893798bd83592298ea2ab899f1c7fd626c168e51c1a0c4202903	dust_axis_v00_base	jwst_mcfost/runs/h2o_3um_dust_axis_grid_v1/parameters/dust_v00_base_rt.para	9c4c70e8b4348d36edd1af8b24b37c3ed573b5897459b34c593e173e09e95f0b	dust_axis_grid_disjoint_dhs_screening_dust	jwst_mcfost/runs/h2o_3um_dust_axis_grid_v1/tasks/v00_base/broadband_guardrail/t007_w008_single_s52001	adfa2c73b87941ff4f45aa6142755160c2ffeb90c1f8b6dba3baa47958deddbd
8	broadband_guardrail	52001	broadband_guardrail	w001			broadband_continuum_guardrail_report_only	jwst_mcfost/runs/ice_feature_method2_pilot_v1/continuum_check_anchors.tsv	f1fd86f32eec5e20bc210ba67e2b4bc78efb69427b387e48de1c127e118636b7	be8495af19d834ec9883095aa3e489588ad62932dedba95a6ce055e53bc4efcb	1.2028117593024095						1.2028117593024095	NIRSpec			lambda_F_lambda_W_m-2			jwst_mcfost/runs/h2o_3um_method2_screen_v3/anchors/broadband_guardrail/w001/anchor.lambda	f2c711b7a22d165e60719d22fe81cbf246393fb51629f0b9dda93883c17f8e87	full_domain_n4801	1	4801	4801	6000	1.2497396375755052	2.4796421380466373e-06	stellar_center	0.0	0.0	1.0	1	m2p25_c17p5_a0p40_q2p75_i0p05	2.25	2.75	c17p5	17.5	317.159480236321	100	1.0	7.3011756855e-08	0.03	128000	2	1	16	jwst_mcfost/runs/strict_continuum_cavity_mass_q_v1/models/m2p25_c17p5_a0p40_q2p75_i0p05/temperature/seed=41001/data_th/Temperature.fits.gz	1bd212f2f54dd8c1701a6064e129ba7fdb5721cb3fe296472433bbdd3b79ec1c	reused_accepted_continuum_temperature_screening_only_not_self_consistent_for_changed_dust	inside_h2o_optical_constants	report_only	v01_vmax0p4_amax0p4	0.4	0.4	70.0	0.04	0.96	0	0753aa87e3445e42eae140bfe4d917cbb1b787200fbeed0c439d642c9fa3b738	dust_axis_v01_vmax0p4_amax0p4	jwst_mcfost/runs/h2o_3um_dust_axis_grid_v1/parameters/dust_v01_vmax0p4_amax0p4_rt.para	7828f6de4e66de125d2b0250cb1a6399095098e33a10bc7ca2ddbef463d7f37f	dust_axis_grid_disjoint_dhs_screening_dust	jwst_mcfost/runs/h2o_3um_dust_axis_grid_v1/tasks/v01_vmax0p4_amax0p4/broadband_guardrail/t008_w001_single_s52001	2eab4912599c019e08a12515068fed5a89d23bc2b337e3d9dfad82238d7410c5
9	broadband_guardrail	52001	broadband_guardrail	w002			broadband_continuum_guardrail_report_only	jwst_mcfost/runs/ice_feature_method2_pilot_v1/continuum_check_anchors.tsv	f1fd86f32eec5e20bc210ba67e2b4bc78efb69427b387e48de1c127e118636b7	8c2d627b94e2d8d2408e8e154425025de3b0c17865e36f0d9230db46f403fa15	1.4987957445436022						1.4987957445436022	NIRSpec			lambda_F_lambda_W_m-2			jwst_mcfost/runs/h2o_3um_method2_screen_v3/anchors/broadband_guardrail/w002/anchor.lambda	e07fb493ca052ff264e01e5c8df0ac557154f8a40c47dfb456aad5930517c966	full_domain_n4801	1	4801	4801	6000	1.2497396375755052	2.4796421380466373e-06	stellar_center	0.0	0.0	1.0	1	m2p25_c17p5_a0p40_q2p75_i0p05	2.25	2.75	c17p5	17.5	317.159480236321	100	1.0	7.3011756855e-08	0.03	128000	2	1	16	jwst_mcfost/runs/strict_continuum_cavity_mass_q_v1/models/m2p25_c17p5_a0p40_q2p75_i0p05/temperature/seed=41001/data_th/Temperature.fits.gz	1bd212f2f54dd8c1701a6064e129ba7fdb5721cb3fe296472433bbdd3b79ec1c	reused_accepted_continuum_temperature_screening_only_not_self_consistent_for_changed_dust	inside_h2o_optical_constants	report_only	v01_vmax0p4_amax0p4	0.4	0.4	70.0	0.04	0.96	1	4d6a0f6f21c2c9374490473f84d12c7ab64295daf370b4c8408bd6bc957cdbe9	dust_axis_v01_vmax0p4_amax0p4	jwst_mcfost/runs/h2o_3um_dust_axis_grid_v1/parameters/dust_v01_vmax0p4_amax0p4_rt.para	7828f6de4e66de125d2b0250cb1a6399095098e33a10bc7ca2ddbef463d7f37f	dust_axis_grid_disjoint_dhs_screening_dust	jwst_mcfost/runs/h2o_3um_dust_axis_grid_v1/tasks/v01_vmax0p4_amax0p4/broadband_guardrail/t009_w002_single_s52001	59fa11bb17d848eb9d60db4c19c509b7cfc3ae107d24b2f0496b4361f72675a8
10	broadband_guardrail	52001	broadband_guardrail	w003			broadband_continuum_guardrail_report_only	jwst_mcfost/runs/ice_feature_method2_pilot_v1/continuum_check_anchors.tsv	f1fd86f32eec5e20bc210ba67e2b4bc78efb69427b387e48de1c127e118636b7	ca3be8f62fc5c741b2ed68f040fac1c490a5660995bc938abcad21f265509655	1.7588530996181813						1.7588530996181813	NIRSpec			lambda_F_lambda_W_m-2			jwst_mcfost/runs/h2o_3um_method2_screen_v3/anchors/broadband_guardrail/w003/anchor.lambda	a9c5146eec96dc1ea9604097f402a7a0eb415206f4e4b32a2836e09dfdb6b5e2	full_domain_n4801	1	4801	4801	6000	1.2497396375755052	2.4796421380466373e-06	stellar_center	0.0	0.0	1.0	1	m2p25_c17p5_a0p40_q2p75_i0p05	2.25	2.75	c17p5	17.5	317.159480236321	100	1.0	7.3011756855e-08	0.03	128000	2	1	16	jwst_mcfost/runs/strict_continuum_cavity_mass_q_v1/models/m2p25_c17p5_a0p40_q2p75_i0p05/temperature/seed=41001/data_th/Temperature.fits.gz	1bd212f2f54dd8c1701a6064e129ba7fdb5721cb3fe296472433bbdd3b79ec1c	reused_accepted_continuum_temperature_screening_only_not_self_consistent_for_changed_dust	inside_h2o_optical_constants	report_only	v01_vmax0p4_amax0p4	0.4	0.4	70.0	0.04	0.96	2	5bea68cf41b73f71ecd91e3a5f09e6eb1670dd4f85f83fe2fde459beed258649	dust_axis_v01_vmax0p4_amax0p4	jwst_mcfost/runs/h2o_3um_dust_axis_grid_v1/parameters/dust_v01_vmax0p4_amax0p4_rt.para	7828f6de4e66de125d2b0250cb1a6399095098e33a10bc7ca2ddbef463d7f37f	dust_axis_grid_disjoint_dhs_screening_dust	jwst_mcfost/runs/h2o_3um_dust_axis_grid_v1/tasks/v01_vmax0p4_amax0p4/broadband_guardrail/t010_w003_single_s52001	b8aa2fd03224f29595a3c49e83a10cabc76fd597fb29d814ef6cdc099186d70b
11	broadband_guardrail	52001	broadband_guardrail	w004			broadband_continuum_guardrail_report_only	jwst_mcfost/runs/ice_feature_method2_pilot_v1/continuum_check_anchors.tsv	f1fd86f32eec5e20bc210ba67e2b4bc78efb69427b387e48de1c127e118636b7	ea7082373d182e4d3e13fde932c59a66963ade00a452a1124d2f4372d5278e55	2.1916659199557045						2.1916659199557045	NIRSpec			lambda_F_lambda_W_m-2			jwst_mcfost/runs/h2o_3um_method2_screen_v3/anchors/broadband_guardrail/w004/anchor.lambda	f7762b5bee0778f151ac09bf2a609fcf351f2fd1c1c57b09be9d1bd19fb77e3c	full_domain_n4801	1	4801	4801	6000	1.2497396375755052	2.4796421380466373e-06	stellar_center	0.0	0.0	1.0	1	m2p25_c17p5_a0p40_q2p75_i0p05	2.25	2.75	c17p5	17.5	317.159480236321	100	1.0	7.3011756855e-08	0.03	128000	2	1	16	jwst_mcfost/runs/strict_continuum_cavity_mass_q_v1/models/m2p25_c17p5_a0p40_q2p75_i0p05/temperature/seed=41001/data_th/Temperature.fits.gz	1bd212f2f54dd8c1701a6064e129ba7fdb5721cb3fe296472433bbdd3b79ec1c	reused_accepted_continuum_temperature_screening_only_not_self_consistent_for_changed_dust	inside_h2o_optical_constants	report_only	v01_vmax0p4_amax0p4	0.4	0.4	70.0	0.04	0.96	3	a24d6b16764baaff76e82d64dfc357a9243d4963979b202fa39013f5bf6b0102	dust_axis_v01_vmax0p4_amax0p4	jwst_mcfost/runs/h2o_3um_dust_axis_grid_v1/parameters/dust_v01_vmax0p4_amax0p4_rt.para	7828f6de4e66de125d2b0250cb1a6399095098e33a10bc7ca2ddbef463d7f37f	dust_axis_grid_disjoint_dhs_screening_dust	jwst_mcfost/runs/h2o_3um_dust_axis_grid_v1/tasks/v01_vmax0p4_amax0p4/broadband_guardrail/t011_w004_single_s52001	58cf817591fd827ccbeba8d0e6ba1e1851383fc8bbb5429020c6c4eb740865c5
12	broadband_guardrail	52001	broadband_guardrail	w005			broadband_continuum_guardrail_report_only	jwst_mcfost/runs/ice_feature_method2_pilot_v1/continuum_check_anchors.tsv	f1fd86f32eec5e20bc210ba67e2b4bc78efb69427b387e48de1c127e118636b7	26580c835ed5110860144fdcbc249ba6f16c9fef2f8ea7bab13d16dd643b6bb9	2.5463525144251218						2.5463525144251218	NIRSpec			lambda_F_lambda_W_m-2			jwst_mcfost/runs/h2o_3um_method2_screen_v3/anchors/broadband_guardrail/w005/anchor.lambda	1097793022b13ff0ac82638d85e9d60d35080eb3937764ad07599179d97862ef	full_domain_n4801	1	4801	4801	6000	1.2497396375755052	2.4796421380466373e-06	stellar_center	0.0	0.0	1.0	1	m2p25_c17p5_a0p40_q2p75_i0p05	2.25	2.75	c17p5	17.5	317.159480236321	100	1.0	7.3011756855e-08	0.03	128000	2	1	16	jwst_mcfost/runs/strict_continuum_cavity_mass_q_v1/models/m2p25_c17p5_a0p40_q2p75_i0p05/temperature/seed=41001/data_th/Temperature.fits.gz	1bd212f2f54dd8c1701a6064e129ba7fdb5721cb3fe296472433bbdd3b79ec1c	reused_accepted_continuum_temperature_screening_only_not_self_consistent_for_changed_dust	inside_h2o_optical_constants	report_only	v01_vmax0p4_amax0p4	0.4	0.4	70.0	0.04	0.96	4	3d0b057546488b3ac2d1787a936dc092d31a541500f3ca880aeb6045d816095d	dust_axis_v01_vmax0p4_amax0p4	jwst_mcfost/runs/h2o_3um_dust_axis_grid_v1/parameters/dust_v01_vmax0p4_amax0p4_rt.para	7828f6de4e66de125d2b0250cb1a6399095098e33a10bc7ca2ddbef463d7f37f	dust_axis_grid_disjoint_dhs_screening_dust	jwst_mcfost/runs/h2o_3um_dust_axis_grid_v1/tasks/v01_vmax0p4_amax0p4/broadband_guardrail/t012_w005_single_s52001	5724cdbfc281d62f1aebbcf3169d3c6c78b77bfb180ccb2cc1ed800b194dcae2
13	broadband_guardrail	52001	broadband_guardrail	w006			broadband_continuum_guardrail_report_only	jwst_mcfost/runs/ice_feature_method2_pilot_v1/continuum_check_anchors.tsv	f1fd86f32eec5e20bc210ba67e2b4bc78efb69427b387e48de1c127e118636b7	1026cba4b28d9f4bf3663e4dc18b1586244f74649ea0d30ad2bcc3f974c0861b	3.9143995604061015						3.9143995604061015	NIRSpec			lambda_F_lambda_W_m-2			jwst_mcfost/runs/h2o_3um_method2_screen_v3/anchors/broadband_guardrail/w006/anchor.lambda	b82128fc84cd81495038ead356b26b6e6be5f7ae7a55105af31d392047ae9385	full_domain_n4801	1	4801	4801	6000	1.2497396375755052	2.4796421380466373e-06	stellar_center	0.0	0.0	1.0	1	m2p25_c17p5_a0p40_q2p75_i0p05	2.25	2.75	c17p5	17.5	317.159480236321	100	1.0	7.3011756855e-08	0.03	128000	2	1	16	jwst_mcfost/runs/strict_continuum_cavity_mass_q_v1/models/m2p25_c17p5_a0p40_q2p75_i0p05/temperature/seed=41001/data_th/Temperature.fits.gz	1bd212f2f54dd8c1701a6064e129ba7fdb5721cb3fe296472433bbdd3b79ec1c	reused_accepted_continuum_temperature_screening_only_not_self_consistent_for_changed_dust	inside_h2o_optical_constants	report_only	v01_vmax0p4_amax0p4	0.4	0.4	70.0	0.04	0.96	5	fe325ddaacc07c82dd57c3121e3f237bb4c9911d1fba7acf23235c03ac89c3b4	dust_axis_v01_vmax0p4_amax0p4	jwst_mcfost/runs/h2o_3um_dust_axis_grid_v1/parameters/dust_v01_vmax0p4_amax0p4_rt.para	7828f6de4e66de125d2b0250cb1a6399095098e33a10bc7ca2ddbef463d7f37f	dust_axis_grid_disjoint_dhs_screening_dust	jwst_mcfost/runs/h2o_3um_dust_axis_grid_v1/tasks/v01_vmax0p4_amax0p4/broadband_guardrail/t013_w006_single_s52001	a6c26239c571518cc8504e64f27fe1185aa633dffa42bea6128a2e20bb47719b
14	broadband_guardrail	52001	broadband_guardrail	w007			broadband_continuum_guardrail_report_only	jwst_mcfost/runs/ice_feature_method2_pilot_v1/continuum_check_anchors.tsv	f1fd86f32eec5e20bc210ba67e2b4bc78efb69427b387e48de1c127e118636b7	91cbd5c9b4101022047aee9b5009bc5cf825f2c0850ca7446ec8f2d8eb8c416c	5.3906283153397085						5.3906283153397085	MIRI			lambda_F_lambda_W_m-2			jwst_mcfost/runs/h2o_3um_method2_screen_v3/anchors/broadband_guardrail/w007/anchor.lambda	87caf527afb4a319fcc1a82bbc39eccb30b95cfb9beacd102a79e815c7cd8f58	full_domain_n4801	1	4801	4801	6000	1.2497396375755052	2.4796421380466373e-06	stellar_center	0.0	0.0	1.0	1	m2p25_c17p5_a0p40_q2p75_i0p05	2.25	2.75	c17p5	17.5	317.159480236321	100	1.0	7.3011756855e-08	0.03	128000	2	1	16	jwst_mcfost/runs/strict_continuum_cavity_mass_q_v1/models/m2p25_c17p5_a0p40_q2p75_i0p05/temperature/seed=41001/data_th/Temperature.fits.gz	1bd212f2f54dd8c1701a6064e129ba7fdb5721cb3fe296472433bbdd3b79ec1c	reused_accepted_continuum_temperature_screening_only_not_self_consistent_for_changed_dust	inside_h2o_optical_constants	report_only	v01_vmax0p4_amax0p4	0.4	0.4	70.0	0.04	0.96	6	ef7e89378eaf7bb1fb451bd8bba89faa7711da693d1b745f61d8705bae68842c	dust_axis_v01_vmax0p4_amax0p4	jwst_mcfost/runs/h2o_3um_dust_axis_grid_v1/parameters/dust_v01_vmax0p4_amax0p4_rt.para	7828f6de4e66de125d2b0250cb1a6399095098e33a10bc7ca2ddbef463d7f37f	dust_axis_grid_disjoint_dhs_screening_dust	jwst_mcfost/runs/h2o_3um_dust_axis_grid_v1/tasks/v01_vmax0p4_amax0p4/broadband_guardrail/t014_w007_single_s52001	cc8918aad6b0f0b2e5f9a886e42c2f3d586b9d8a12b6b8b551b1b616d0594c95
15	broadband_guardrail	52001	broadband_guardrail	w008			broadband_continuum_guardrail_report_only	jwst_mcfost/runs/ice_feature_method2_pilot_v1/continuum_check_anchors.tsv	f1fd86f32eec5e20bc210ba67e2b4bc78efb69427b387e48de1c127e118636b7	ff79343f5023234e348b11140f6b973d8c465bfcb3cde6046ce18f64bdb7e142	13.799908320389276						13.799908320389276	MIRI			lambda_F_lambda_W_m-2			jwst_mcfost/runs/h2o_3um_method2_screen_v3/anchors/broadband_guardrail/w008/anchor.lambda	8a30fa7840e4a27c1d6a81fa121d610c3293460d00aa1e38428c728a91dbf63a	full_domain_n4801	1	4801	4801	6000	1.2497396375755052	2.4796421380466373e-06	stellar_center	0.0	0.0	1.0	1	m2p25_c17p5_a0p40_q2p75_i0p05	2.25	2.75	c17p5	17.5	317.159480236321	100	1.0	7.3011756855e-08	0.03	128000	2	1	16	jwst_mcfost/runs/strict_continuum_cavity_mass_q_v1/models/m2p25_c17p5_a0p40_q2p75_i0p05/temperature/seed=41001/data_th/Temperature.fits.gz	1bd212f2f54dd8c1701a6064e129ba7fdb5721cb3fe296472433bbdd3b79ec1c	reused_accepted_continuum_temperature_screening_only_not_self_consistent_for_changed_dust	inside_h2o_optical_constants	report_only	v01_vmax0p4_amax0p4	0.4	0.4	70.0	0.04	0.96	7	8330a266dd31893798bd83592298ea2ab899f1c7fd626c168e51c1a0c4202903	dust_axis_v01_vmax0p4_amax0p4	jwst_mcfost/runs/h2o_3um_dust_axis_grid_v1/parameters/dust_v01_vmax0p4_amax0p4_rt.para	7828f6de4e66de125d2b0250cb1a6399095098e33a10bc7ca2ddbef463d7f37f	dust_axis_grid_disjoint_dhs_screening_dust	jwst_mcfost/runs/h2o_3um_dust_axis_grid_v1/tasks/v01_vmax0p4_amax0p4/broadband_guardrail/t015_w008_single_s52001	fa8b92e747b0e151d451d3df19006756f4dded04b24bd065509ffc78d01ae82c
16	broadband_guardrail	52001	broadband_guardrail	w001			broadband_continuum_guardrail_report_only	jwst_mcfost/runs/ice_feature_method2_pilot_v1/continuum_check_anchors.tsv	f1fd86f32eec5e20bc210ba67e2b4bc78efb69427b387e48de1c127e118636b7	be8495af19d834ec9883095aa3e489588ad62932dedba95a6ce055e53bc4efcb	1.2028117593024095						1.2028117593024095	NIRSpec			lambda_F_lambda_W_m-2			jwst_mcfost/runs/h2o_3um_method2_screen_v3/anchors/broadband_guardrail/w001/anchor.lambda	f2c711b7a22d165e60719d22fe81cbf246393fb51629f0b9dda93883c17f8e87	full_domain_n4801	1	4801	4801	6000	1.2497396375755052	2.4796421380466373e-06	stellar_center	0.0	0.0	1.0	1	m2p25_c17p5_a0p40_q2p75_i0p05	2.25	2.75	c17p5	17.5	317.159480236321	100	1.0	7.3011756855e-08	0.03	128000	2	1	16	jwst_mcfost/runs/strict_continuum_cavity_mass_q_v1/models/m2p25_c17p5_a0p40_q2p75_i0p05/temperature/seed=41001/data_th/Temperature.fits.gz	1bd212f2f54dd8c1701a6064e129ba7fdb5721cb3fe296472433bbdd3b79ec1c	reused_accepted_continuum_temperature_screening_only_not_self_consistent_for_changed_dust	inside_h2o_optical_constants	report_only	v02_vmax0p1_amax0p4	0.1	0.4	70.0	0.04	0.96	0	0753aa87e3445e42eae140bfe4d917cbb1b787200fbeed0c439d642c9fa3b738	dust_axis_v02_vmax0p1_amax0p4	jwst_mcfost/runs/h2o_3um_dust_axis_grid_v1/parameters/dust_v02_vmax0p1_amax0p4_rt.para	28e8ce08b312e24af72cf45cb679b895e70d6ea7d2dd1e03b1cab2169f03b9ca	dust_axis_grid_disjoint_dhs_screening_dust	jwst_mcfost/runs/h2o_3um_dust_axis_grid_v1/tasks/v02_vmax0p1_amax0p4/broadband_guardrail/t016_w001_single_s52001	b9defc318c4a157c6b450d37b591183cade5cec392c2e9d616b7404fc6d77df4
17	broadband_guardrail	52001	broadband_guardrail	w002			broadband_continuum_guardrail_report_only	jwst_mcfost/runs/ice_feature_method2_pilot_v1/continuum_check_anchors.tsv	f1fd86f32eec5e20bc210ba67e2b4bc78efb69427b387e48de1c127e118636b7	8c2d627b94e2d8d2408e8e154425025de3b0c17865e36f0d9230db46f403fa15	1.4987957445436022						1.4987957445436022	NIRSpec			lambda_F_lambda_W_m-2			jwst_mcfost/runs/h2o_3um_method2_screen_v3/anchors/broadband_guardrail/w002/anchor.lambda	e07fb493ca052ff264e01e5c8df0ac557154f8a40c47dfb456aad5930517c966	full_domain_n4801	1	4801	4801	6000	1.2497396375755052	2.4796421380466373e-06	stellar_center	0.0	0.0	1.0	1	m2p25_c17p5_a0p40_q2p75_i0p05	2.25	2.75	c17p5	17.5	317.159480236321	100	1.0	7.3011756855e-08	0.03	128000	2	1	16	jwst_mcfost/runs/strict_continuum_cavity_mass_q_v1/models/m2p25_c17p5_a0p40_q2p75_i0p05/temperature/seed=41001/data_th/Temperature.fits.gz	1bd212f2f54dd8c1701a6064e129ba7fdb5721cb3fe296472433bbdd3b79ec1c	reused_accepted_continuum_temperature_screening_only_not_self_consistent_for_changed_dust	inside_h2o_optical_constants	report_only	v02_vmax0p1_amax0p4	0.1	0.4	70.0	0.04	0.96	1	4d6a0f6f21c2c9374490473f84d12c7ab64295daf370b4c8408bd6bc957cdbe9	dust_axis_v02_vmax0p1_amax0p4	jwst_mcfost/runs/h2o_3um_dust_axis_grid_v1/parameters/dust_v02_vmax0p1_amax0p4_rt.para	28e8ce08b312e24af72cf45cb679b895e70d6ea7d2dd1e03b1cab2169f03b9ca	dust_axis_grid_disjoint_dhs_screening_dust	jwst_mcfost/runs/h2o_3um_dust_axis_grid_v1/tasks/v02_vmax0p1_amax0p4/broadband_guardrail/t017_w002_single_s52001	4af6a811cff5827e12c38ee9fb4f73d525fc087055a62025603712cdc1f52de6
18	broadband_guardrail	52001	broadband_guardrail	w003			broadband_continuum_guardrail_report_only	jwst_mcfost/runs/ice_feature_method2_pilot_v1/continuum_check_anchors.tsv	f1fd86f32eec5e20bc210ba67e2b4bc78efb69427b387e48de1c127e118636b7	ca3be8f62fc5c741b2ed68f040fac1c490a5660995bc938abcad21f265509655	1.7588530996181813						1.7588530996181813	NIRSpec			lambda_F_lambda_W_m-2			jwst_mcfost/runs/h2o_3um_method2_screen_v3/anchors/broadband_guardrail/w003/anchor.lambda	a9c5146eec96dc1ea9604097f402a7a0eb415206f4e4b32a2836e09dfdb6b5e2	full_domain_n4801	1	4801	4801	6000	1.2497396375755052	2.4796421380466373e-06	stellar_center	0.0	0.0	1.0	1	m2p25_c17p5_a0p40_q2p75_i0p05	2.25	2.75	c17p5	17.5	317.159480236321	100	1.0	7.3011756855e-08	0.03	128000	2	1	16	jwst_mcfost/runs/strict_continuum_cavity_mass_q_v1/models/m2p25_c17p5_a0p40_q2p75_i0p05/temperature/seed=41001/data_th/Temperature.fits.gz	1bd212f2f54dd8c1701a6064e129ba7fdb5721cb3fe296472433bbdd3b79ec1c	reused_accepted_continuum_temperature_screening_only_not_self_consistent_for_changed_dust	inside_h2o_optical_constants	report_only	v02_vmax0p1_amax0p4	0.1	0.4	70.0	0.04	0.96	2	5bea68cf41b73f71ecd91e3a5f09e6eb1670dd4f85f83fe2fde459beed258649	dust_axis_v02_vmax0p1_amax0p4	jwst_mcfost/runs/h2o_3um_dust_axis_grid_v1/parameters/dust_v02_vmax0p1_amax0p4_rt.para	28e8ce08b312e24af72cf45cb679b895e70d6ea7d2dd1e03b1cab2169f03b9ca	dust_axis_grid_disjoint_dhs_screening_dust	jwst_mcfost/runs/h2o_3um_dust_axis_grid_v1/tasks/v02_vmax0p1_amax0p4/broadband_guardrail/t018_w003_single_s52001	f4ca1666c40d3d7e34b0a0f99565d762ee32f999d1e1ff2063ce95912836bc74
19	broadband_guardrail	52001	broadband_guardrail	w004			broadband_continuum_guardrail_report_only	jwst_mcfost/runs/ice_feature_method2_pilot_v1/continuum_check_anchors.tsv	f1fd86f32eec5e20bc210ba67e2b4bc78efb69427b387e48de1c127e118636b7	ea7082373d182e4d3e13fde932c59a66963ade00a452a1124d2f4372d5278e55	2.1916659199557045						2.1916659199557045	NIRSpec			lambda_F_lambda_W_m-2			jwst_mcfost/runs/h2o_3um_method2_screen_v3/anchors/broadband_guardrail/w004/anchor.lambda	f7762b5bee0778f151ac09bf2a609fcf351f2fd1c1c57b09be9d1bd19fb77e3c	full_domain_n4801	1	4801	4801	6000	1.2497396375755052	2.4796421380466373e-06	stellar_center	0.0	0.0	1.0	1	m2p25_c17p5_a0p40_q2p75_i0p05	2.25	2.75	c17p5	17.5	317.159480236321	100	1.0	7.3011756855e-08	0.03	128000	2	1	16	jwst_mcfost/runs/strict_continuum_cavity_mass_q_v1/models/m2p25_c17p5_a0p40_q2p75_i0p05/temperature/seed=41001/data_th/Temperature.fits.gz	1bd212f2f54dd8c1701a6064e129ba7fdb5721cb3fe296472433bbdd3b79ec1c	reused_accepted_continuum_temperature_screening_only_not_self_consistent_for_changed_dust	inside_h2o_optical_constants	report_only	v02_vmax0p1_amax0p4	0.1	0.4	70.0	0.04	0.96	3	a24d6b16764baaff76e82d64dfc357a9243d4963979b202fa39013f5bf6b0102	dust_axis_v02_vmax0p1_amax0p4	jwst_mcfost/runs/h2o_3um_dust_axis_grid_v1/parameters/dust_v02_vmax0p1_amax0p4_rt.para	28e8ce08b312e24af72cf45cb679b895e70d6ea7d2dd1e03b1cab2169f03b9ca	dust_axis_grid_disjoint_dhs_screening_dust	jwst_mcfost/runs/h2o_3um_dust_axis_grid_v1/tasks/v02_vmax0p1_amax0p4/broadband_guardrail/t019_w004_single_s52001	eb35c2cc7a294d5a78d1562d65524ae1e2a38fce9786f6aad084fd1f26e142f6
20	broadband_guardrail	52001	broadband_guardrail	w005			broadband_continuum_guardrail_report_only	jwst_mcfost/runs/ice_feature_method2_pilot_v1/continuum_check_anchors.tsv	f1fd86f32eec5e20bc210ba67e2b4bc78efb69427b387e48de1c127e118636b7	26580c835ed5110860144fdcbc249ba6f16c9fef2f8ea7bab13d16dd643b6bb9	2.5463525144251218						2.5463525144251218	NIRSpec			lambda_F_lambda_W_m-2			jwst_mcfost/runs/h2o_3um_method2_screen_v3/anchors/broadband_guardrail/w005/anchor.lambda	1097793022b13ff0ac82638d85e9d60d35080eb3937764ad07599179d97862ef	full_domain_n4801	1	4801	4801	6000	1.2497396375755052	2.4796421380466373e-06	stellar_center	0.0	0.0	1.0	1	m2p25_c17p5_a0p40_q2p75_i0p05	2.25	2.75	c17p5	17.5	317.159480236321	100	1.0	7.3011756855e-08	0.03	128000	2	1	16	jwst_mcfost/runs/strict_continuum_cavity_mass_q_v1/models/m2p25_c17p5_a0p40_q2p75_i0p05/temperature/seed=41001/data_th/Temperature.fits.gz	1bd212f2f54dd8c1701a6064e129ba7fdb5721cb3fe296472433bbdd3b79ec1c	reused_accepted_continuum_temperature_screening_only_not_self_consistent_for_changed_dust	inside_h2o_optical_constants	report_only	v02_vmax0p1_amax0p4	0.1	0.4	70.0	0.04	0.96	4	3d0b057546488b3ac2d1787a936dc092d31a541500f3ca880aeb6045d816095d	dust_axis_v02_vmax0p1_amax0p4	jwst_mcfost/runs/h2o_3um_dust_axis_grid_v1/parameters/dust_v02_vmax0p1_amax0p4_rt.para	28e8ce08b312e24af72cf45cb679b895e70d6ea7d2dd1e03b1cab2169f03b9ca	dust_axis_grid_disjoint_dhs_screening_dust	jwst_mcfost/runs/h2o_3um_dust_axis_grid_v1/tasks/v02_vmax0p1_amax0p4/broadband_guardrail/t020_w005_single_s52001	eb28e1b6d772a0f96ba5d5159b71fcd550543c566ddc68d69b38744b3ecc3753
21	broadband_guardrail	52001	broadband_guardrail	w006			broadband_continuum_guardrail_report_only	jwst_mcfost/runs/ice_feature_method2_pilot_v1/continuum_check_anchors.tsv	f1fd86f32eec5e20bc210ba67e2b4bc78efb69427b387e48de1c127e118636b7	1026cba4b28d9f4bf3663e4dc18b1586244f74649ea0d30ad2bcc3f974c0861b	3.9143995604061015						3.9143995604061015	NIRSpec			lambda_F_lambda_W_m-2			jwst_mcfost/runs/h2o_3um_method2_screen_v3/anchors/broadband_guardrail/w006/anchor.lambda	b82128fc84cd81495038ead356b26b6e6be5f7ae7a55105af31d392047ae9385	full_domain_n4801	1	4801	4801	6000	1.2497396375755052	2.4796421380466373e-06	stellar_center	0.0	0.0	1.0	1	m2p25_c17p5_a0p40_q2p75_i0p05	2.25	2.75	c17p5	17.5	317.159480236321	100	1.0	7.3011756855e-08	0.03	128000	2	1	16	jwst_mcfost/runs/strict_continuum_cavity_mass_q_v1/models/m2p25_c17p5_a0p40_q2p75_i0p05/temperature/seed=41001/data_th/Temperature.fits.gz	1bd212f2f54dd8c1701a6064e129ba7fdb5721cb3fe296472433bbdd3b79ec1c	reused_accepted_continuum_temperature_screening_only_not_self_consistent_for_changed_dust	inside_h2o_optical_constants	report_only	v02_vmax0p1_amax0p4	0.1	0.4	70.0	0.04	0.96	5	fe325ddaacc07c82dd57c3121e3f237bb4c9911d1fba7acf23235c03ac89c3b4	dust_axis_v02_vmax0p1_amax0p4	jwst_mcfost/runs/h2o_3um_dust_axis_grid_v1/parameters/dust_v02_vmax0p1_amax0p4_rt.para	28e8ce08b312e24af72cf45cb679b895e70d6ea7d2dd1e03b1cab2169f03b9ca	dust_axis_grid_disjoint_dhs_screening_dust	jwst_mcfost/runs/h2o_3um_dust_axis_grid_v1/tasks/v02_vmax0p1_amax0p4/broadband_guardrail/t021_w006_single_s52001	e00b934ed6ad81f1b4c0eb4a41da7a57f4e89a81eeaaeab683168cf494929bd0
22	broadband_guardrail	52001	broadband_guardrail	w007			broadband_continuum_guardrail_report_only	jwst_mcfost/runs/ice_feature_method2_pilot_v1/continuum_check_anchors.tsv	f1fd86f32eec5e20bc210ba67e2b4bc78efb69427b387e48de1c127e118636b7	91cbd5c9b4101022047aee9b5009bc5cf825f2c0850ca7446ec8f2d8eb8c416c	5.3906283153397085						5.3906283153397085	MIRI			lambda_F_lambda_W_m-2			jwst_mcfost/runs/h2o_3um_method2_screen_v3/anchors/broadband_guardrail/w007/anchor.lambda	87caf527afb4a319fcc1a82bbc39eccb30b95cfb9beacd102a79e815c7cd8f58	full_domain_n4801	1	4801	4801	6000	1.2497396375755052	2.4796421380466373e-06	stellar_center	0.0	0.0	1.0	1	m2p25_c17p5_a0p40_q2p75_i0p05	2.25	2.75	c17p5	17.5	317.159480236321	100	1.0	7.3011756855e-08	0.03	128000	2	1	16	jwst_mcfost/runs/strict_continuum_cavity_mass_q_v1/models/m2p25_c17p5_a0p40_q2p75_i0p05/temperature/seed=41001/data_th/Temperature.fits.gz	1bd212f2f54dd8c1701a6064e129ba7fdb5721cb3fe296472433bbdd3b79ec1c	reused_accepted_continuum_temperature_screening_only_not_self_consistent_for_changed_dust	inside_h2o_optical_constants	report_only	v02_vmax0p1_amax0p4	0.1	0.4	70.0	0.04	0.96	6	ef7e89378eaf7bb1fb451bd8bba89faa7711da693d1b745f61d8705bae68842c	dust_axis_v02_vmax0p1_amax0p4	jwst_mcfost/runs/h2o_3um_dust_axis_grid_v1/parameters/dust_v02_vmax0p1_amax0p4_rt.para	28e8ce08b312e24af72cf45cb679b895e70d6ea7d2dd1e03b1cab2169f03b9ca	dust_axis_grid_disjoint_dhs_screening_dust	jwst_mcfost/runs/h2o_3um_dust_axis_grid_v1/tasks/v02_vmax0p1_amax0p4/broadband_guardrail/t022_w007_single_s52001	a98689dcc479b9a39f5454a64a1978ba3586b2eafba0da778624a95b726e14f2
23	broadband_guardrail	52001	broadband_guardrail	w008			broadband_continuum_guardrail_report_only	jwst_mcfost/runs/ice_feature_method2_pilot_v1/continuum_check_anchors.tsv	f1fd86f32eec5e20bc210ba67e2b4bc78efb69427b387e48de1c127e118636b7	ff79343f5023234e348b11140f6b973d8c465bfcb3cde6046ce18f64bdb7e142	13.799908320389276						13.799908320389276	MIRI			lambda_F_lambda_W_m-2			jwst_mcfost/runs/h2o_3um_method2_screen_v3/anchors/broadband_guardrail/w008/anchor.lambda	8a30fa7840e4a27c1d6a81fa121d610c3293460d00aa1e38428c728a91dbf63a	full_domain_n4801	1	4801	4801	6000	1.2497396375755052	2.4796421380466373e-06	stellar_center	0.0	0.0	1.0	1	m2p25_c17p5_a0p40_q2p75_i0p05	2.25	2.75	c17p5	17.5	317.159480236321	100	1.0	7.3011756855e-08	0.03	128000	2	1	16	jwst_mcfost/runs/strict_continuum_cavity_mass_q_v1/models/m2p25_c17p5_a0p40_q2p75_i0p05/temperature/seed=41001/data_th/Temperature.fits.gz	1bd212f2f54dd8c1701a6064e129ba7fdb5721cb3fe296472433bbdd3b79ec1c	reused_accepted_continuum_temperature_screening_only_not_self_consistent_for_changed_dust	inside_h2o_optical_constants	report_only	v02_vmax0p1_amax0p4	0.1	0.4	70.0	0.04	0.96	7	8330a266dd31893798bd83592298ea2ab899f1c7fd626c168e51c1a0c4202903	dust_axis_v02_vmax0p1_amax0p4	jwst_mcfost/runs/h2o_3um_dust_axis_grid_v1/parameters/dust_v02_vmax0p1_amax0p4_rt.para	28e8ce08b312e24af72cf45cb679b895e70d6ea7d2dd1e03b1cab2169f03b9ca	dust_axis_grid_disjoint_dhs_screening_dust	jwst_mcfost/runs/h2o_3um_dust_axis_grid_v1/tasks/v02_vmax0p1_amax0p4/broadband_guardrail/t023_w008_single_s52001	0eb7f392be21c24dd63f318c8f6726dc0d37aa4ed37d520c10451f0bf33f4833
24	broadband_guardrail	52001	broadband_guardrail	w001			broadband_continuum_guardrail_report_only	jwst_mcfost/runs/ice_feature_method2_pilot_v1/continuum_check_anchors.tsv	f1fd86f32eec5e20bc210ba67e2b4bc78efb69427b387e48de1c127e118636b7	be8495af19d834ec9883095aa3e489588ad62932dedba95a6ce055e53bc4efcb	1.2028117593024095						1.2028117593024095	NIRSpec			lambda_F_lambda_W_m-2			jwst_mcfost/runs/h2o_3um_method2_screen_v3/anchors/broadband_guardrail/w001/anchor.lambda	f2c711b7a22d165e60719d22fe81cbf246393fb51629f0b9dda93883c17f8e87	full_domain_n4801	1	4801	4801	6000	1.2497396375755052	2.4796421380466373e-06	stellar_center	0.0	0.0	1.0	1	m2p25_c17p5_a0p40_q2p75_i0p05	2.25	2.75	c17p5	17.5	317.159480236321	100	1.0	7.3011756855e-08	0.03	128000	2	1	16	jwst_mcfost/runs/strict_continuum_cavity_mass_q_v1/models/m2p25_c17p5_a0p40_q2p75_i0p05/temperature/seed=41001/data_th/Temperature.fits.gz	1bd212f2f54dd8c1701a6064e129ba7fdb5721cb3fe296472433bbdd3b79ec1c	reused_accepted_continuum_temperature_screening_only_not_self_consistent_for_changed_dust	inside_h2o_optical_constants	report_only	v03_vmax0p8_amax1p0	0.8	1.0	70.0	0.04	0.96	0	0753aa87e3445e42eae140bfe4d917cbb1b787200fbeed0c439d642c9fa3b738	dust_axis_v03_vmax0p8_amax1p0	jwst_mcfost/runs/h2o_3um_dust_axis_grid_v1/parameters/dust_v03_vmax0p8_amax1p0_rt.para	1de9dcd8abc5aee913c4c0ededad5d79f7494de88c195562fcfcadb931a49a40	dust_axis_grid_disjoint_dhs_screening_dust	jwst_mcfost/runs/h2o_3um_dust_axis_grid_v1/tasks/v03_vmax0p8_amax1p0/broadband_guardrail/t024_w001_single_s52001	76cea2580ad662e0dc48226256fd14f6781aa02f354822d87845eb42b112d6e7
25	broadband_guardrail	52001	broadband_guardrail	w002			broadband_continuum_guardrail_report_only	jwst_mcfost/runs/ice_feature_method2_pilot_v1/continuum_check_anchors.tsv	f1fd86f32eec5e20bc210ba67e2b4bc78efb69427b387e48de1c127e118636b7	8c2d627b94e2d8d2408e8e154425025de3b0c17865e36f0d9230db46f403fa15	1.4987957445436022						1.4987957445436022	NIRSpec			lambda_F_lambda_W_m-2			jwst_mcfost/runs/h2o_3um_method2_screen_v3/anchors/broadband_guardrail/w002/anchor.lambda	e07fb493ca052ff264e01e5c8df0ac557154f8a40c47dfb456aad5930517c966	full_domain_n4801	1	4801	4801	6000	1.2497396375755052	2.4796421380466373e-06	stellar_center	0.0	0.0	1.0	1	m2p25_c17p5_a0p40_q2p75_i0p05	2.25	2.75	c17p5	17.5	317.159480236321	100	1.0	7.3011756855e-08	0.03	128000	2	1	16	jwst_mcfost/runs/strict_continuum_cavity_mass_q_v1/models/m2p25_c17p5_a0p40_q2p75_i0p05/temperature/seed=41001/data_th/Temperature.fits.gz	1bd212f2f54dd8c1701a6064e129ba7fdb5721cb3fe296472433bbdd3b79ec1c	reused_accepted_continuum_temperature_screening_only_not_self_consistent_for_changed_dust	inside_h2o_optical_constants	report_only	v03_vmax0p8_amax1p0	0.8	1.0	70.0	0.04	0.96	1	4d6a0f6f21c2c9374490473f84d12c7ab64295daf370b4c8408bd6bc957cdbe9	dust_axis_v03_vmax0p8_amax1p0	jwst_mcfost/runs/h2o_3um_dust_axis_grid_v1/parameters/dust_v03_vmax0p8_amax1p0_rt.para	1de9dcd8abc5aee913c4c0ededad5d79f7494de88c195562fcfcadb931a49a40	dust_axis_grid_disjoint_dhs_screening_dust	jwst_mcfost/runs/h2o_3um_dust_axis_grid_v1/tasks/v03_vmax0p8_amax1p0/broadband_guardrail/t025_w002_single_s52001	febb2fde5dd81be3faed1263063bb2dba38e4aa8aadea2e4cc68762cb35de9a8
26	broadband_guardrail	52001	broadband_guardrail	w003			broadband_continuum_guardrail_report_only	jwst_mcfost/runs/ice_feature_method2_pilot_v1/continuum_check_anchors.tsv	f1fd86f32eec5e20bc210ba67e2b4bc78efb69427b387e48de1c127e118636b7	ca3be8f62fc5c741b2ed68f040fac1c490a5660995bc938abcad21f265509655	1.7588530996181813						1.7588530996181813	NIRSpec			lambda_F_lambda_W_m-2			jwst_mcfost/runs/h2o_3um_method2_screen_v3/anchors/broadband_guardrail/w003/anchor.lambda	a9c5146eec96dc1ea9604097f402a7a0eb415206f4e4b32a2836e09dfdb6b5e2	full_domain_n4801	1	4801	4801	6000	1.2497396375755052	2.4796421380466373e-06	stellar_center	0.0	0.0	1.0	1	m2p25_c17p5_a0p40_q2p75_i0p05	2.25	2.75	c17p5	17.5	317.159480236321	100	1.0	7.3011756855e-08	0.03	128000	2	1	16	jwst_mcfost/runs/strict_continuum_cavity_mass_q_v1/models/m2p25_c17p5_a0p40_q2p75_i0p05/temperature/seed=41001/data_th/Temperature.fits.gz	1bd212f2f54dd8c1701a6064e129ba7fdb5721cb3fe296472433bbdd3b79ec1c	reused_accepted_continuum_temperature_screening_only_not_self_consistent_for_changed_dust	inside_h2o_optical_constants	report_only	v03_vmax0p8_amax1p0	0.8	1.0	70.0	0.04	0.96	2	5bea68cf41b73f71ecd91e3a5f09e6eb1670dd4f85f83fe2fde459beed258649	dust_axis_v03_vmax0p8_amax1p0	jwst_mcfost/runs/h2o_3um_dust_axis_grid_v1/parameters/dust_v03_vmax0p8_amax1p0_rt.para	1de9dcd8abc5aee913c4c0ededad5d79f7494de88c195562fcfcadb931a49a40	dust_axis_grid_disjoint_dhs_screening_dust	jwst_mcfost/runs/h2o_3um_dust_axis_grid_v1/tasks/v03_vmax0p8_amax1p0/broadband_guardrail/t026_w003_single_s52001	78c1e94c25ebef9e3715c51066b49019c7f082d449fc3c4edbc3a35bac4f3c4e
27	broadband_guardrail	52001	broadband_guardrail	w004			broadband_continuum_guardrail_report_only	jwst_mcfost/runs/ice_feature_method2_pilot_v1/continuum_check_anchors.tsv	f1fd86f32eec5e20bc210ba67e2b4bc78efb69427b387e48de1c127e118636b7	ea7082373d182e4d3e13fde932c59a66963ade00a452a1124d2f4372d5278e55	2.1916659199557045						2.1916659199557045	NIRSpec			lambda_F_lambda_W_m-2			jwst_mcfost/runs/h2o_3um_method2_screen_v3/anchors/broadband_guardrail/w004/anchor.lambda	f7762b5bee0778f151ac09bf2a609fcf351f2fd1c1c57b09be9d1bd19fb77e3c	full_domain_n4801	1	4801	4801	6000	1.2497396375755052	2.4796421380466373e-06	stellar_center	0.0	0.0	1.0	1	m2p25_c17p5_a0p40_q2p75_i0p05	2.25	2.75	c17p5	17.5	317.159480236321	100	1.0	7.3011756855e-08	0.03	128000	2	1	16	jwst_mcfost/runs/strict_continuum_cavity_mass_q_v1/models/m2p25_c17p5_a0p40_q2p75_i0p05/temperature/seed=41001/data_th/Temperature.fits.gz	1bd212f2f54dd8c1701a6064e129ba7fdb5721cb3fe296472433bbdd3b79ec1c	reused_accepted_continuum_temperature_screening_only_not_self_consistent_for_changed_dust	inside_h2o_optical_constants	report_only	v03_vmax0p8_amax1p0	0.8	1.0	70.0	0.04	0.96	3	a24d6b16764baaff76e82d64dfc357a9243d4963979b202fa39013f5bf6b0102	dust_axis_v03_vmax0p8_amax1p0	jwst_mcfost/runs/h2o_3um_dust_axis_grid_v1/parameters/dust_v03_vmax0p8_amax1p0_rt.para	1de9dcd8abc5aee913c4c0ededad5d79f7494de88c195562fcfcadb931a49a40	dust_axis_grid_disjoint_dhs_screening_dust	jwst_mcfost/runs/h2o_3um_dust_axis_grid_v1/tasks/v03_vmax0p8_amax1p0/broadband_guardrail/t027_w004_single_s52001	6b0c6f774f60a338f4c46628e50211064705ec9aaaf1424603c144188325898e
28	broadband_guardrail	52001	broadband_guardrail	w005			broadband_continuum_guardrail_report_only	jwst_mcfost/runs/ice_feature_method2_pilot_v1/continuum_check_anchors.tsv	f1fd86f32eec5e20bc210ba67e2b4bc78efb69427b387e48de1c127e118636b7	26580c835ed5110860144fdcbc249ba6f16c9fef2f8ea7bab13d16dd643b6bb9	2.5463525144251218						2.5463525144251218	NIRSpec			lambda_F_lambda_W_m-2			jwst_mcfost/runs/h2o_3um_method2_screen_v3/anchors/broadband_guardrail/w005/anchor.lambda	1097793022b13ff0ac82638d85e9d60d35080eb3937764ad07599179d97862ef	full_domain_n4801	1	4801	4801	6000	1.2497396375755052	2.4796421380466373e-06	stellar_center	0.0	0.0	1.0	1	m2p25_c17p5_a0p40_q2p75_i0p05	2.25	2.75	c17p5	17.5	317.159480236321	100	1.0	7.3011756855e-08	0.03	128000	2	1	16	jwst_mcfost/runs/strict_continuum_cavity_mass_q_v1/models/m2p25_c17p5_a0p40_q2p75_i0p05/temperature/seed=41001/data_th/Temperature.fits.gz	1bd212f2f54dd8c1701a6064e129ba7fdb5721cb3fe296472433bbdd3b79ec1c	reused_accepted_continuum_temperature_screening_only_not_self_consistent_for_changed_dust	inside_h2o_optical_constants	report_only	v03_vmax0p8_amax1p0	0.8	1.0	70.0	0.04	0.96	4	3d0b057546488b3ac2d1787a936dc092d31a541500f3ca880aeb6045d816095d	dust_axis_v03_vmax0p8_amax1p0	jwst_mcfost/runs/h2o_3um_dust_axis_grid_v1/parameters/dust_v03_vmax0p8_amax1p0_rt.para	1de9dcd8abc5aee913c4c0ededad5d79f7494de88c195562fcfcadb931a49a40	dust_axis_grid_disjoint_dhs_screening_dust	jwst_mcfost/runs/h2o_3um_dust_axis_grid_v1/tasks/v03_vmax0p8_amax1p0/broadband_guardrail/t028_w005_single_s52001	29e55b1505a9fcef20417dba394ea78f3808c5830d8764adcc7d792ad2665f3c
29	broadband_guardrail	52001	broadband_guardrail	w006			broadband_continuum_guardrail_report_only	jwst_mcfost/runs/ice_feature_method2_pilot_v1/continuum_check_anchors.tsv	f1fd86f32eec5e20bc210ba67e2b4bc78efb69427b387e48de1c127e118636b7	1026cba4b28d9f4bf3663e4dc18b1586244f74649ea0d30ad2bcc3f974c0861b	3.9143995604061015						3.9143995604061015	NIRSpec			lambda_F_lambda_W_m-2			jwst_mcfost/runs/h2o_3um_method2_screen_v3/anchors/broadband_guardrail/w006/anchor.lambda	b82128fc84cd81495038ead356b26b6e6be5f7ae7a55105af31d392047ae9385	full_domain_n4801	1	4801	4801	6000	1.2497396375755052	2.4796421380466373e-06	stellar_center	0.0	0.0	1.0	1	m2p25_c17p5_a0p40_q2p75_i0p05	2.25	2.75	c17p5	17.5	317.159480236321	100	1.0	7.3011756855e-08	0.03	128000	2	1	16	jwst_mcfost/runs/strict_continuum_cavity_mass_q_v1/models/m2p25_c17p5_a0p40_q2p75_i0p05/temperature/seed=41001/data_th/Temperature.fits.gz	1bd212f2f54dd8c1701a6064e129ba7fdb5721cb3fe296472433bbdd3b79ec1c	reused_accepted_continuum_temperature_screening_only_not_self_consistent_for_changed_dust	inside_h2o_optical_constants	report_only	v03_vmax0p8_amax1p0	0.8	1.0	70.0	0.04	0.96	5	fe325ddaacc07c82dd57c3121e3f237bb4c9911d1fba7acf23235c03ac89c3b4	dust_axis_v03_vmax0p8_amax1p0	jwst_mcfost/runs/h2o_3um_dust_axis_grid_v1/parameters/dust_v03_vmax0p8_amax1p0_rt.para	1de9dcd8abc5aee913c4c0ededad5d79f7494de88c195562fcfcadb931a49a40	dust_axis_grid_disjoint_dhs_screening_dust	jwst_mcfost/runs/h2o_3um_dust_axis_grid_v1/tasks/v03_vmax0p8_amax1p0/broadband_guardrail/t029_w006_single_s52001	5c53b604d14ac56cee63fbd1850dd254d18498e7381b7927bd80b580efb50404
30	broadband_guardrail	52001	broadband_guardrail	w007			broadband_continuum_guardrail_report_only	jwst_mcfost/runs/ice_feature_method2_pilot_v1/continuum_check_anchors.tsv	f1fd86f32eec5e20bc210ba67e2b4bc78efb69427b387e48de1c127e118636b7	91cbd5c9b4101022047aee9b5009bc5cf825f2c0850ca7446ec8f2d8eb8c416c	5.3906283153397085						5.3906283153397085	MIRI			lambda_F_lambda_W_m-2			jwst_mcfost/runs/h2o_3um_method2_screen_v3/anchors/broadband_guardrail/w007/anchor.lambda	87caf527afb4a319fcc1a82bbc39eccb30b95cfb9beacd102a79e815c7cd8f58	full_domain_n4801	1	4801	4801	6000	1.2497396375755052	2.4796421380466373e-06	stellar_center	0.0	0.0	1.0	1	m2p25_c17p5_a0p40_q2p75_i0p05	2.25	2.75	c17p5	17.5	317.159480236321	100	1.0	7.3011756855e-08	0.03	128000	2	1	16	jwst_mcfost/runs/strict_continuum_cavity_mass_q_v1/models/m2p25_c17p5_a0p40_q2p75_i0p05/temperature/seed=41001/data_th/Temperature.fits.gz	1bd212f2f54dd8c1701a6064e129ba7fdb5721cb3fe296472433bbdd3b79ec1c	reused_accepted_continuum_temperature_screening_only_not_self_consistent_for_changed_dust	inside_h2o_optical_constants	report_only	v03_vmax0p8_amax1p0	0.8	1.0	70.0	0.04	0.96	6	ef7e89378eaf7bb1fb451bd8bba89faa7711da693d1b745f61d8705bae68842c	dust_axis_v03_vmax0p8_amax1p0	jwst_mcfost/runs/h2o_3um_dust_axis_grid_v1/parameters/dust_v03_vmax0p8_amax1p0_rt.para	1de9dcd8abc5aee913c4c0ededad5d79f7494de88c195562fcfcadb931a49a40	dust_axis_grid_disjoint_dhs_screening_dust	jwst_mcfost/runs/h2o_3um_dust_axis_grid_v1/tasks/v03_vmax0p8_amax1p0/broadband_guardrail/t030_w007_single_s52001	83884306c9db8dbf212d5cdae1b2fa9c0f546c62e06bad52c125e526c23513fb
31	broadband_guardrail	52001	broadband_guardrail	w008			broadband_continuum_guardrail_report_only	jwst_mcfost/runs/ice_feature_method2_pilot_v1/continuum_check_anchors.tsv	f1fd86f32eec5e20bc210ba67e2b4bc78efb69427b387e48de1c127e118636b7	ff79343f5023234e348b11140f6b973d8c465bfcb3cde6046ce18f64bdb7e142	13.799908320389276						13.799908320389276	MIRI			lambda_F_lambda_W_m-2			jwst_mcfost/runs/h2o_3um_method2_screen_v3/anchors/broadband_guardrail/w008/anchor.lambda	8a30fa7840e4a27c1d6a81fa121d610c3293460d00aa1e38428c728a91dbf63a	full_domain_n4801	1	4801	4801	6000	1.2497396375755052	2.4796421380466373e-06	stellar_center	0.0	0.0	1.0	1	m2p25_c17p5_a0p40_q2p75_i0p05	2.25	2.75	c17p5	17.5	317.159480236321	100	1.0	7.3011756855e-08	0.03	128000	2	1	16	jwst_mcfost/runs/strict_continuum_cavity_mass_q_v1/models/m2p25_c17p5_a0p40_q2p75_i0p05/temperature/seed=41001/data_th/Temperature.fits.gz	1bd212f2f54dd8c1701a6064e129ba7fdb5721cb3fe296472433bbdd3b79ec1c	reused_accepted_continuum_temperature_screening_only_not_self_consistent_for_changed_dust	inside_h2o_optical_constants	report_only	v03_vmax0p8_amax1p0	0.8	1.0	70.0	0.04	0.96	7	8330a266dd31893798bd83592298ea2ab899f1c7fd626c168e51c1a0c4202903	dust_axis_v03_vmax0p8_amax1p0	jwst_mcfost/runs/h2o_3um_dust_axis_grid_v1/parameters/dust_v03_vmax0p8_amax1p0_rt.para	1de9dcd8abc5aee913c4c0ededad5d79f7494de88c195562fcfcadb931a49a40	dust_axis_grid_disjoint_dhs_screening_dust	jwst_mcfost/runs/h2o_3um_dust_axis_grid_v1/tasks/v03_vmax0p8_amax1p0/broadband_guardrail/t031_w008_single_s52001	a360c32e9f69e40475c2de9fdd13395858eae13e6b59f7c8822535a03536da42
32	broadband_guardrail	52001	broadband_guardrail	w001			broadband_continuum_guardrail_report_only	jwst_mcfost/runs/ice_feature_method2_pilot_v1/continuum_check_anchors.tsv	f1fd86f32eec5e20bc210ba67e2b4bc78efb69427b387e48de1c127e118636b7	be8495af19d834ec9883095aa3e489588ad62932dedba95a6ce055e53bc4efcb	1.2028117593024095						1.2028117593024095	NIRSpec			lambda_F_lambda_W_m-2			jwst_mcfost/runs/h2o_3um_method2_screen_v3/anchors/broadband_guardrail/w001/anchor.lambda	f2c711b7a22d165e60719d22fe81cbf246393fb51629f0b9dda93883c17f8e87	full_domain_n4801	1	4801	4801	6000	1.2497396375755052	2.4796421380466373e-06	stellar_center	0.0	0.0	1.0	1	m2p25_c17p5_a0p40_q2p75_i0p05	2.25	2.75	c17p5	17.5	317.159480236321	100	1.0	7.3011756855e-08	0.03	128000	2	1	16	jwst_mcfost/runs/strict_continuum_cavity_mass_q_v1/models/m2p25_c17p5_a0p40_q2p75_i0p05/temperature/seed=41001/data_th/Temperature.fits.gz	1bd212f2f54dd8c1701a6064e129ba7fdb5721cb3fe296472433bbdd3b79ec1c	reused_accepted_continuum_temperature_screening_only_not_self_consistent_for_changed_dust	inside_h2o_optical_constants	report_only	v04_vmax0p4_amax1p0	0.4	1.0	70.0	0.04	0.96	0	0753aa87e3445e42eae140bfe4d917cbb1b787200fbeed0c439d642c9fa3b738	dust_axis_v04_vmax0p4_amax1p0	jwst_mcfost/runs/h2o_3um_dust_axis_grid_v1/parameters/dust_v04_vmax0p4_amax1p0_rt.para	59c4abb99f4170fd55e0ccfcd2d2c3b064f804b133122a05f356ff59229d94b0	dust_axis_grid_disjoint_dhs_screening_dust	jwst_mcfost/runs/h2o_3um_dust_axis_grid_v1/tasks/v04_vmax0p4_amax1p0/broadband_guardrail/t032_w001_single_s52001	7135713803915c3e40870114469c1eda81be327e67be32d4a441772cb9047cd0
33	broadband_guardrail	52001	broadband_guardrail	w002			broadband_continuum_guardrail_report_only	jwst_mcfost/runs/ice_feature_method2_pilot_v1/continuum_check_anchors.tsv	f1fd86f32eec5e20bc210ba67e2b4bc78efb69427b387e48de1c127e118636b7	8c2d627b94e2d8d2408e8e154425025de3b0c17865e36f0d9230db46f403fa15	1.4987957445436022						1.4987957445436022	NIRSpec			lambda_F_lambda_W_m-2			jwst_mcfost/runs/h2o_3um_method2_screen_v3/anchors/broadband_guardrail/w002/anchor.lambda	e07fb493ca052ff264e01e5c8df0ac557154f8a40c47dfb456aad5930517c966	full_domain_n4801	1	4801	4801	6000	1.2497396375755052	2.4796421380466373e-06	stellar_center	0.0	0.0	1.0	1	m2p25_c17p5_a0p40_q2p75_i0p05	2.25	2.75	c17p5	17.5	317.159480236321	100	1.0	7.3011756855e-08	0.03	128000	2	1	16	jwst_mcfost/runs/strict_continuum_cavity_mass_q_v1/models/m2p25_c17p5_a0p40_q2p75_i0p05/temperature/seed=41001/data_th/Temperature.fits.gz	1bd212f2f54dd8c1701a6064e129ba7fdb5721cb3fe296472433bbdd3b79ec1c	reused_accepted_continuum_temperature_screening_only_not_self_consistent_for_changed_dust	inside_h2o_optical_constants	report_only	v04_vmax0p4_amax1p0	0.4	1.0	70.0	0.04	0.96	1	4d6a0f6f21c2c9374490473f84d12c7ab64295daf370b4c8408bd6bc957cdbe9	dust_axis_v04_vmax0p4_amax1p0	jwst_mcfost/runs/h2o_3um_dust_axis_grid_v1/parameters/dust_v04_vmax0p4_amax1p0_rt.para	59c4abb99f4170fd55e0ccfcd2d2c3b064f804b133122a05f356ff59229d94b0	dust_axis_grid_disjoint_dhs_screening_dust	jwst_mcfost/runs/h2o_3um_dust_axis_grid_v1/tasks/v04_vmax0p4_amax1p0/broadband_guardrail/t033_w002_single_s52001	288976f7a1e688bb3ed90e221440c08f4056a9b3f21296b1cc811acf00c033d4
34	broadband_guardrail	52001	broadband_guardrail	w003			broadband_continuum_guardrail_report_only	jwst_mcfost/runs/ice_feature_method2_pilot_v1/continuum_check_anchors.tsv	f1fd86f32eec5e20bc210ba67e2b4bc78efb69427b387e48de1c127e118636b7	ca3be8f62fc5c741b2ed68f040fac1c490a5660995bc938abcad21f265509655	1.7588530996181813						1.7588530996181813	NIRSpec			lambda_F_lambda_W_m-2			jwst_mcfost/runs/h2o_3um_method2_screen_v3/anchors/broadband_guardrail/w003/anchor.lambda	a9c5146eec96dc1ea9604097f402a7a0eb415206f4e4b32a2836e09dfdb6b5e2	full_domain_n4801	1	4801	4801	6000	1.2497396375755052	2.4796421380466373e-06	stellar_center	0.0	0.0	1.0	1	m2p25_c17p5_a0p40_q2p75_i0p05	2.25	2.75	c17p5	17.5	317.159480236321	100	1.0	7.3011756855e-08	0.03	128000	2	1	16	jwst_mcfost/runs/strict_continuum_cavity_mass_q_v1/models/m2p25_c17p5_a0p40_q2p75_i0p05/temperature/seed=41001/data_th/Temperature.fits.gz	1bd212f2f54dd8c1701a6064e129ba7fdb5721cb3fe296472433bbdd3b79ec1c	reused_accepted_continuum_temperature_screening_only_not_self_consistent_for_changed_dust	inside_h2o_optical_constants	report_only	v04_vmax0p4_amax1p0	0.4	1.0	70.0	0.04	0.96	2	5bea68cf41b73f71ecd91e3a5f09e6eb1670dd4f85f83fe2fde459beed258649	dust_axis_v04_vmax0p4_amax1p0	jwst_mcfost/runs/h2o_3um_dust_axis_grid_v1/parameters/dust_v04_vmax0p4_amax1p0_rt.para	59c4abb99f4170fd55e0ccfcd2d2c3b064f804b133122a05f356ff59229d94b0	dust_axis_grid_disjoint_dhs_screening_dust	jwst_mcfost/runs/h2o_3um_dust_axis_grid_v1/tasks/v04_vmax0p4_amax1p0/broadband_guardrail/t034_w003_single_s52001	28673029d808b7da0f4b04d0ed6ca5b17ad84948c658ee569a13d93713519d9d
35	broadband_guardrail	52001	broadband_guardrail	w004			broadband_continuum_guardrail_report_only	jwst_mcfost/runs/ice_feature_method2_pilot_v1/continuum_check_anchors.tsv	f1fd86f32eec5e20bc210ba67e2b4bc78efb69427b387e48de1c127e118636b7	ea7082373d182e4d3e13fde932c59a66963ade00a452a1124d2f4372d5278e55	2.1916659199557045						2.1916659199557045	NIRSpec			lambda_F_lambda_W_m-2			jwst_mcfost/runs/h2o_3um_method2_screen_v3/anchors/broadband_guardrail/w004/anchor.lambda	f7762b5bee0778f151ac09bf2a609fcf351f2fd1c1c57b09be9d1bd19fb77e3c	full_domain_n4801	1	4801	4801	6000	1.2497396375755052	2.4796421380466373e-06	stellar_center	0.0	0.0	1.0	1	m2p25_c17p5_a0p40_q2p75_i0p05	2.25	2.75	c17p5	17.5	317.159480236321	100	1.0	7.3011756855e-08	0.03	128000	2	1	16	jwst_mcfost/runs/strict_continuum_cavity_mass_q_v1/models/m2p25_c17p5_a0p40_q2p75_i0p05/temperature/seed=41001/data_th/Temperature.fits.gz	1bd212f2f54dd8c1701a6064e129ba7fdb5721cb3fe296472433bbdd3b79ec1c	reused_accepted_continuum_temperature_screening_only_not_self_consistent_for_changed_dust	inside_h2o_optical_constants	report_only	v04_vmax0p4_amax1p0	0.4	1.0	70.0	0.04	0.96	3	a24d6b16764baaff76e82d64dfc357a9243d4963979b202fa39013f5bf6b0102	dust_axis_v04_vmax0p4_amax1p0	jwst_mcfost/runs/h2o_3um_dust_axis_grid_v1/parameters/dust_v04_vmax0p4_amax1p0_rt.para	59c4abb99f4170fd55e0ccfcd2d2c3b064f804b133122a05f356ff59229d94b0	dust_axis_grid_disjoint_dhs_screening_dust	jwst_mcfost/runs/h2o_3um_dust_axis_grid_v1/tasks/v04_vmax0p4_amax1p0/broadband_guardrail/t035_w004_single_s52001	37269b723405c0850ce200c54cb0b40a39179338a609b88e86fa6d2b4fced85d
36	broadband_guardrail	52001	broadband_guardrail	w005			broadband_continuum_guardrail_report_only	jwst_mcfost/runs/ice_feature_method2_pilot_v1/continuum_check_anchors.tsv	f1fd86f32eec5e20bc210ba67e2b4bc78efb69427b387e48de1c127e118636b7	26580c835ed5110860144fdcbc249ba6f16c9fef2f8ea7bab13d16dd643b6bb9	2.5463525144251218						2.5463525144251218	NIRSpec			lambda_F_lambda_W_m-2			jwst_mcfost/runs/h2o_3um_method2_screen_v3/anchors/broadband_guardrail/w005/anchor.lambda	1097793022b13ff0ac82638d85e9d60d35080eb3937764ad07599179d97862ef	full_domain_n4801	1	4801	4801	6000	1.2497396375755052	2.4796421380466373e-06	stellar_center	0.0	0.0	1.0	1	m2p25_c17p5_a0p40_q2p75_i0p05	2.25	2.75	c17p5	17.5	317.159480236321	100	1.0	7.3011756855e-08	0.03	128000	2	1	16	jwst_mcfost/runs/strict_continuum_cavity_mass_q_v1/models/m2p25_c17p5_a0p40_q2p75_i0p05/temperature/seed=41001/data_th/Temperature.fits.gz	1bd212f2f54dd8c1701a6064e129ba7fdb5721cb3fe296472433bbdd3b79ec1c	reused_accepted_continuum_temperature_screening_only_not_self_consistent_for_changed_dust	inside_h2o_optical_constants	report_only	v04_vmax0p4_amax1p0	0.4	1.0	70.0	0.04	0.96	4	3d0b057546488b3ac2d1787a936dc092d31a541500f3ca880aeb6045d816095d	dust_axis_v04_vmax0p4_amax1p0	jwst_mcfost/runs/h2o_3um_dust_axis_grid_v1/parameters/dust_v04_vmax0p4_amax1p0_rt.para	59c4abb99f4170fd55e0ccfcd2d2c3b064f804b133122a05f356ff59229d94b0	dust_axis_grid_disjoint_dhs_screening_dust	jwst_mcfost/runs/h2o_3um_dust_axis_grid_v1/tasks/v04_vmax0p4_amax1p0/broadband_guardrail/t036_w005_single_s52001	41f9cb048bf604db662caeb466130f51b9c8b3354607f750c21ce1e291067a4f
37	broadband_guardrail	52001	broadband_guardrail	w006			broadband_continuum_guardrail_report_only	jwst_mcfost/runs/ice_feature_method2_pilot_v1/continuum_check_anchors.tsv	f1fd86f32eec5e20bc210ba67e2b4bc78efb69427b387e48de1c127e118636b7	1026cba4b28d9f4bf3663e4dc18b1586244f74649ea0d30ad2bcc3f974c0861b	3.9143995604061015						3.9143995604061015	NIRSpec			lambda_F_lambda_W_m-2			jwst_mcfost/runs/h2o_3um_method2_screen_v3/anchors/broadband_guardrail/w006/anchor.lambda	b82128fc84cd81495038ead356b26b6e6be5f7ae7a55105af31d392047ae9385	full_domain_n4801	1	4801	4801	6000	1.2497396375755052	2.4796421380466373e-06	stellar_center	0.0	0.0	1.0	1	m2p25_c17p5_a0p40_q2p75_i0p05	2.25	2.75	c17p5	17.5	317.159480236321	100	1.0	7.3011756855e-08	0.03	128000	2	1	16	jwst_mcfost/runs/strict_continuum_cavity_mass_q_v1/models/m2p25_c17p5_a0p40_q2p75_i0p05/temperature/seed=41001/data_th/Temperature.fits.gz	1bd212f2f54dd8c1701a6064e129ba7fdb5721cb3fe296472433bbdd3b79ec1c	reused_accepted_continuum_temperature_screening_only_not_self_consistent_for_changed_dust	inside_h2o_optical_constants	report_only	v04_vmax0p4_amax1p0	0.4	1.0	70.0	0.04	0.96	5	fe325ddaacc07c82dd57c3121e3f237bb4c9911d1fba7acf23235c03ac89c3b4	dust_axis_v04_vmax0p4_amax1p0	jwst_mcfost/runs/h2o_3um_dust_axis_grid_v1/parameters/dust_v04_vmax0p4_amax1p0_rt.para	59c4abb99f4170fd55e0ccfcd2d2c3b064f804b133122a05f356ff59229d94b0	dust_axis_grid_disjoint_dhs_screening_dust	jwst_mcfost/runs/h2o_3um_dust_axis_grid_v1/tasks/v04_vmax0p4_amax1p0/broadband_guardrail/t037_w006_single_s52001	5e1051bff1043d57607b53692418d02cb33cdddf652c3908f67677e6dff7ed21
38	broadband_guardrail	52001	broadband_guardrail	w007			broadband_continuum_guardrail_report_only	jwst_mcfost/runs/ice_feature_method2_pilot_v1/continuum_check_anchors.tsv	f1fd86f32eec5e20bc210ba67e2b4bc78efb69427b387e48de1c127e118636b7	91cbd5c9b4101022047aee9b5009bc5cf825f2c0850ca7446ec8f2d8eb8c416c	5.3906283153397085						5.3906283153397085	MIRI			lambda_F_lambda_W_m-2			jwst_mcfost/runs/h2o_3um_method2_screen_v3/anchors/broadband_guardrail/w007/anchor.lambda	87caf527afb4a319fcc1a82bbc39eccb30b95cfb9beacd102a79e815c7cd8f58	full_domain_n4801	1	4801	4801	6000	1.2497396375755052	2.4796421380466373e-06	stellar_center	0.0	0.0	1.0	1	m2p25_c17p5_a0p40_q2p75_i0p05	2.25	2.75	c17p5	17.5	317.159480236321	100	1.0	7.3011756855e-08	0.03	128000	2	1	16	jwst_mcfost/runs/strict_continuum_cavity_mass_q_v1/models/m2p25_c17p5_a0p40_q2p75_i0p05/temperature/seed=41001/data_th/Temperature.fits.gz	1bd212f2f54dd8c1701a6064e129ba7fdb5721cb3fe296472433bbdd3b79ec1c	reused_accepted_continuum_temperature_screening_only_not_self_consistent_for_changed_dust	inside_h2o_optical_constants	report_only	v04_vmax0p4_amax1p0	0.4	1.0	70.0	0.04	0.96	6	ef7e89378eaf7bb1fb451bd8bba89faa7711da693d1b745f61d8705bae68842c	dust_axis_v04_vmax0p4_amax1p0	jwst_mcfost/runs/h2o_3um_dust_axis_grid_v1/parameters/dust_v04_vmax0p4_amax1p0_rt.para	59c4abb99f4170fd55e0ccfcd2d2c3b064f804b133122a05f356ff59229d94b0	dust_axis_grid_disjoint_dhs_screening_dust	jwst_mcfost/runs/h2o_3um_dust_axis_grid_v1/tasks/v04_vmax0p4_amax1p0/broadband_guardrail/t038_w007_single_s52001	5c823726e7df79d777f1d2df53012cf0811484135ddc490375708c11dfad9556
39	broadband_guardrail	52001	broadband_guardrail	w008			broadband_continuum_guardrail_report_only	jwst_mcfost/runs/ice_feature_method2_pilot_v1/continuum_check_anchors.tsv	f1fd86f32eec5e20bc210ba67e2b4bc78efb69427b387e48de1c127e118636b7	ff79343f5023234e348b11140f6b973d8c465bfcb3cde6046ce18f64bdb7e142	13.799908320389276						13.799908320389276	MIRI			lambda_F_lambda_W_m-2			jwst_mcfost/runs/h2o_3um_method2_screen_v3/anchors/broadband_guardrail/w008/anchor.lambda	8a30fa7840e4a27c1d6a81fa121d610c3293460d00aa1e38428c728a91dbf63a	full_domain_n4801	1	4801	4801	6000	1.2497396375755052	2.4796421380466373e-06	stellar_center	0.0	0.0	1.0	1	m2p25_c17p5_a0p40_q2p75_i0p05	2.25	2.75	c17p5	17.5	317.159480236321	100	1.0	7.3011756855e-08	0.03	128000	2	1	16	jwst_mcfost/runs/strict_continuum_cavity_mass_q_v1/models/m2p25_c17p5_a0p40_q2p75_i0p05/temperature/seed=41001/data_th/Temperature.fits.gz	1bd212f2f54dd8c1701a6064e129ba7fdb5721cb3fe296472433bbdd3b79ec1c	reused_accepted_continuum_temperature_screening_only_not_self_consistent_for_changed_dust	inside_h2o_optical_constants	report_only	v04_vmax0p4_amax1p0	0.4	1.0	70.0	0.04	0.96	7	8330a266dd31893798bd83592298ea2ab899f1c7fd626c168e51c1a0c4202903	dust_axis_v04_vmax0p4_amax1p0	jwst_mcfost/runs/h2o_3um_dust_axis_grid_v1/parameters/dust_v04_vmax0p4_amax1p0_rt.para	59c4abb99f4170fd55e0ccfcd2d2c3b064f804b133122a05f356ff59229d94b0	dust_axis_grid_disjoint_dhs_screening_dust	jwst_mcfost/runs/h2o_3um_dust_axis_grid_v1/tasks/v04_vmax0p4_amax1p0/broadband_guardrail/t039_w008_single_s52001	12497804e48058c927deffeb465ebe1b6f4daeb386f2d163692381dfd063a087
40	broadband_guardrail	52001	broadband_guardrail	w001			broadband_continuum_guardrail_report_only	jwst_mcfost/runs/ice_feature_method2_pilot_v1/continuum_check_anchors.tsv	f1fd86f32eec5e20bc210ba67e2b4bc78efb69427b387e48de1c127e118636b7	be8495af19d834ec9883095aa3e489588ad62932dedba95a6ce055e53bc4efcb	1.2028117593024095						1.2028117593024095	NIRSpec			lambda_F_lambda_W_m-2			jwst_mcfost/runs/h2o_3um_method2_screen_v3/anchors/broadband_guardrail/w001/anchor.lambda	f2c711b7a22d165e60719d22fe81cbf246393fb51629f0b9dda93883c17f8e87	full_domain_n4801	1	4801	4801	6000	1.2497396375755052	2.4796421380466373e-06	stellar_center	0.0	0.0	1.0	1	m2p25_c17p5_a0p40_q2p75_i0p05	2.25	2.75	c17p5	17.5	317.159480236321	100	1.0	7.3011756855e-08	0.03	128000	2	1	16	jwst_mcfost/runs/strict_continuum_cavity_mass_q_v1/models/m2p25_c17p5_a0p40_q2p75_i0p05/temperature/seed=41001/data_th/Temperature.fits.gz	1bd212f2f54dd8c1701a6064e129ba7fdb5721cb3fe296472433bbdd3b79ec1c	reused_accepted_continuum_temperature_screening_only_not_self_consistent_for_changed_dust	inside_h2o_optical_constants	report_only	v05_vmax0p1_amax1p0	0.1	1.0	70.0	0.04	0.96	0	0753aa87e3445e42eae140bfe4d917cbb1b787200fbeed0c439d642c9fa3b738	dust_axis_v05_vmax0p1_amax1p0	jwst_mcfost/runs/h2o_3um_dust_axis_grid_v1/parameters/dust_v05_vmax0p1_amax1p0_rt.para	4facba63ee7310b2767ec82ec0abc63dc5bd709637f01f754c49375372002eed	dust_axis_grid_disjoint_dhs_screening_dust	jwst_mcfost/runs/h2o_3um_dust_axis_grid_v1/tasks/v05_vmax0p1_amax1p0/broadband_guardrail/t040_w001_single_s52001	08e14ada5d5e655735fbcd5b65021754049d73f6da226c1522778f7391907f54
41	broadband_guardrail	52001	broadband_guardrail	w002			broadband_continuum_guardrail_report_only	jwst_mcfost/runs/ice_feature_method2_pilot_v1/continuum_check_anchors.tsv	f1fd86f32eec5e20bc210ba67e2b4bc78efb69427b387e48de1c127e118636b7	8c2d627b94e2d8d2408e8e154425025de3b0c17865e36f0d9230db46f403fa15	1.4987957445436022						1.4987957445436022	NIRSpec			lambda_F_lambda_W_m-2			jwst_mcfost/runs/h2o_3um_method2_screen_v3/anchors/broadband_guardrail/w002/anchor.lambda	e07fb493ca052ff264e01e5c8df0ac557154f8a40c47dfb456aad5930517c966	full_domain_n4801	1	4801	4801	6000	1.2497396375755052	2.4796421380466373e-06	stellar_center	0.0	0.0	1.0	1	m2p25_c17p5_a0p40_q2p75_i0p05	2.25	2.75	c17p5	17.5	317.159480236321	100	1.0	7.3011756855e-08	0.03	128000	2	1	16	jwst_mcfost/runs/strict_continuum_cavity_mass_q_v1/models/m2p25_c17p5_a0p40_q2p75_i0p05/temperature/seed=41001/data_th/Temperature.fits.gz	1bd212f2f54dd8c1701a6064e129ba7fdb5721cb3fe296472433bbdd3b79ec1c	reused_accepted_continuum_temperature_screening_only_not_self_consistent_for_changed_dust	inside_h2o_optical_constants	report_only	v05_vmax0p1_amax1p0	0.1	1.0	70.0	0.04	0.96	1	4d6a0f6f21c2c9374490473f84d12c7ab64295daf370b4c8408bd6bc957cdbe9	dust_axis_v05_vmax0p1_amax1p0	jwst_mcfost/runs/h2o_3um_dust_axis_grid_v1/parameters/dust_v05_vmax0p1_amax1p0_rt.para	4facba63ee7310b2767ec82ec0abc63dc5bd709637f01f754c49375372002eed	dust_axis_grid_disjoint_dhs_screening_dust	jwst_mcfost/runs/h2o_3um_dust_axis_grid_v1/tasks/v05_vmax0p1_amax1p0/broadband_guardrail/t041_w002_single_s52001	6fd3f5df4af562565647cfcb7b503f07f9e44855ab67cd4a3a2fb1abe5bbe69c
42	broadband_guardrail	52001	broadband_guardrail	w003			broadband_continuum_guardrail_report_only	jwst_mcfost/runs/ice_feature_method2_pilot_v1/continuum_check_anchors.tsv	f1fd86f32eec5e20bc210ba67e2b4bc78efb69427b387e48de1c127e118636b7	ca3be8f62fc5c741b2ed68f040fac1c490a5660995bc938abcad21f265509655	1.7588530996181813						1.7588530996181813	NIRSpec			lambda_F_lambda_W_m-2			jwst_mcfost/runs/h2o_3um_method2_screen_v3/anchors/broadband_guardrail/w003/anchor.lambda	a9c5146eec96dc1ea9604097f402a7a0eb415206f4e4b32a2836e09dfdb6b5e2	full_domain_n4801	1	4801	4801	6000	1.2497396375755052	2.4796421380466373e-06	stellar_center	0.0	0.0	1.0	1	m2p25_c17p5_a0p40_q2p75_i0p05	2.25	2.75	c17p5	17.5	317.159480236321	100	1.0	7.3011756855e-08	0.03	128000	2	1	16	jwst_mcfost/runs/strict_continuum_cavity_mass_q_v1/models/m2p25_c17p5_a0p40_q2p75_i0p05/temperature/seed=41001/data_th/Temperature.fits.gz	1bd212f2f54dd8c1701a6064e129ba7fdb5721cb3fe296472433bbdd3b79ec1c	reused_accepted_continuum_temperature_screening_only_not_self_consistent_for_changed_dust	inside_h2o_optical_constants	report_only	v05_vmax0p1_amax1p0	0.1	1.0	70.0	0.04	0.96	2	5bea68cf41b73f71ecd91e3a5f09e6eb1670dd4f85f83fe2fde459beed258649	dust_axis_v05_vmax0p1_amax1p0	jwst_mcfost/runs/h2o_3um_dust_axis_grid_v1/parameters/dust_v05_vmax0p1_amax1p0_rt.para	4facba63ee7310b2767ec82ec0abc63dc5bd709637f01f754c49375372002eed	dust_axis_grid_disjoint_dhs_screening_dust	jwst_mcfost/runs/h2o_3um_dust_axis_grid_v1/tasks/v05_vmax0p1_amax1p0/broadband_guardrail/t042_w003_single_s52001	ee31d0e051659561f497be6aa0c085c30713f44503c263ec816ecb22b8bf7164
43	broadband_guardrail	52001	broadband_guardrail	w004			broadband_continuum_guardrail_report_only	jwst_mcfost/runs/ice_feature_method2_pilot_v1/continuum_check_anchors.tsv	f1fd86f32eec5e20bc210ba67e2b4bc78efb69427b387e48de1c127e118636b7	ea7082373d182e4d3e13fde932c59a66963ade00a452a1124d2f4372d5278e55	2.1916659199557045						2.1916659199557045	NIRSpec			lambda_F_lambda_W_m-2			jwst_mcfost/runs/h2o_3um_method2_screen_v3/anchors/broadband_guardrail/w004/anchor.lambda	f7762b5bee0778f151ac09bf2a609fcf351f2fd1c1c57b09be9d1bd19fb77e3c	full_domain_n4801	1	4801	4801	6000	1.2497396375755052	2.4796421380466373e-06	stellar_center	0.0	0.0	1.0	1	m2p25_c17p5_a0p40_q2p75_i0p05	2.25	2.75	c17p5	17.5	317.159480236321	100	1.0	7.3011756855e-08	0.03	128000	2	1	16	jwst_mcfost/runs/strict_continuum_cavity_mass_q_v1/models/m2p25_c17p5_a0p40_q2p75_i0p05/temperature/seed=41001/data_th/Temperature.fits.gz	1bd212f2f54dd8c1701a6064e129ba7fdb5721cb3fe296472433bbdd3b79ec1c	reused_accepted_continuum_temperature_screening_only_not_self_consistent_for_changed_dust	inside_h2o_optical_constants	report_only	v05_vmax0p1_amax1p0	0.1	1.0	70.0	0.04	0.96	3	a24d6b16764baaff76e82d64dfc357a9243d4963979b202fa39013f5bf6b0102	dust_axis_v05_vmax0p1_amax1p0	jwst_mcfost/runs/h2o_3um_dust_axis_grid_v1/parameters/dust_v05_vmax0p1_amax1p0_rt.para	4facba63ee7310b2767ec82ec0abc63dc5bd709637f01f754c49375372002eed	dust_axis_grid_disjoint_dhs_screening_dust	jwst_mcfost/runs/h2o_3um_dust_axis_grid_v1/tasks/v05_vmax0p1_amax1p0/broadband_guardrail/t043_w004_single_s52001	480056adaf64fe0032d3dfb02864d8323fa46128db49b1a4f6e73a3b0d196f81
44	broadband_guardrail	52001	broadband_guardrail	w005			broadband_continuum_guardrail_report_only	jwst_mcfost/runs/ice_feature_method2_pilot_v1/continuum_check_anchors.tsv	f1fd86f32eec5e20bc210ba67e2b4bc78efb69427b387e48de1c127e118636b7	26580c835ed5110860144fdcbc249ba6f16c9fef2f8ea7bab13d16dd643b6bb9	2.5463525144251218						2.5463525144251218	NIRSpec			lambda_F_lambda_W_m-2			jwst_mcfost/runs/h2o_3um_method2_screen_v3/anchors/broadband_guardrail/w005/anchor.lambda	1097793022b13ff0ac82638d85e9d60d35080eb3937764ad07599179d97862ef	full_domain_n4801	1	4801	4801	6000	1.2497396375755052	2.4796421380466373e-06	stellar_center	0.0	0.0	1.0	1	m2p25_c17p5_a0p40_q2p75_i0p05	2.25	2.75	c17p5	17.5	317.159480236321	100	1.0	7.3011756855e-08	0.03	128000	2	1	16	jwst_mcfost/runs/strict_continuum_cavity_mass_q_v1/models/m2p25_c17p5_a0p40_q2p75_i0p05/temperature/seed=41001/data_th/Temperature.fits.gz	1bd212f2f54dd8c1701a6064e129ba7fdb5721cb3fe296472433bbdd3b79ec1c	reused_accepted_continuum_temperature_screening_only_not_self_consistent_for_changed_dust	inside_h2o_optical_constants	report_only	v05_vmax0p1_amax1p0	0.1	1.0	70.0	0.04	0.96	4	3d0b057546488b3ac2d1787a936dc092d31a541500f3ca880aeb6045d816095d	dust_axis_v05_vmax0p1_amax1p0	jwst_mcfost/runs/h2o_3um_dust_axis_grid_v1/parameters/dust_v05_vmax0p1_amax1p0_rt.para	4facba63ee7310b2767ec82ec0abc63dc5bd709637f01f754c49375372002eed	dust_axis_grid_disjoint_dhs_screening_dust	jwst_mcfost/runs/h2o_3um_dust_axis_grid_v1/tasks/v05_vmax0p1_amax1p0/broadband_guardrail/t044_w005_single_s52001	934ba65a7448ef1c9965df9b3b962c22f3895f07461c71dee78569af2c5dc084
45	broadband_guardrail	52001	broadband_guardrail	w006			broadband_continuum_guardrail_report_only	jwst_mcfost/runs/ice_feature_method2_pilot_v1/continuum_check_anchors.tsv	f1fd86f32eec5e20bc210ba67e2b4bc78efb69427b387e48de1c127e118636b7	1026cba4b28d9f4bf3663e4dc18b1586244f74649ea0d30ad2bcc3f974c0861b	3.9143995604061015						3.9143995604061015	NIRSpec			lambda_F_lambda_W_m-2			jwst_mcfost/runs/h2o_3um_method2_screen_v3/anchors/broadband_guardrail/w006/anchor.lambda	b82128fc84cd81495038ead356b26b6e6be5f7ae7a55105af31d392047ae9385	full_domain_n4801	1	4801	4801	6000	1.2497396375755052	2.4796421380466373e-06	stellar_center	0.0	0.0	1.0	1	m2p25_c17p5_a0p40_q2p75_i0p05	2.25	2.75	c17p5	17.5	317.159480236321	100	1.0	7.3011756855e-08	0.03	128000	2	1	16	jwst_mcfost/runs/strict_continuum_cavity_mass_q_v1/models/m2p25_c17p5_a0p40_q2p75_i0p05/temperature/seed=41001/data_th/Temperature.fits.gz	1bd212f2f54dd8c1701a6064e129ba7fdb5721cb3fe296472433bbdd3b79ec1c	reused_accepted_continuum_temperature_screening_only_not_self_consistent_for_changed_dust	inside_h2o_optical_constants	report_only	v05_vmax0p1_amax1p0	0.1	1.0	70.0	0.04	0.96	5	fe325ddaacc07c82dd57c3121e3f237bb4c9911d1fba7acf23235c03ac89c3b4	dust_axis_v05_vmax0p1_amax1p0	jwst_mcfost/runs/h2o_3um_dust_axis_grid_v1/parameters/dust_v05_vmax0p1_amax1p0_rt.para	4facba63ee7310b2767ec82ec0abc63dc5bd709637f01f754c49375372002eed	dust_axis_grid_disjoint_dhs_screening_dust	jwst_mcfost/runs/h2o_3um_dust_axis_grid_v1/tasks/v05_vmax0p1_amax1p0/broadband_guardrail/t045_w006_single_s52001	0f8d4e84f07697664510e680690c0861f61c6f29abc6b9ebaefd75dcc61cf5f3
46	broadband_guardrail	52001	broadband_guardrail	w007			broadband_continuum_guardrail_report_only	jwst_mcfost/runs/ice_feature_method2_pilot_v1/continuum_check_anchors.tsv	f1fd86f32eec5e20bc210ba67e2b4bc78efb69427b387e48de1c127e118636b7	91cbd5c9b4101022047aee9b5009bc5cf825f2c0850ca7446ec8f2d8eb8c416c	5.3906283153397085						5.3906283153397085	MIRI			lambda_F_lambda_W_m-2			jwst_mcfost/runs/h2o_3um_method2_screen_v3/anchors/broadband_guardrail/w007/anchor.lambda	87caf527afb4a319fcc1a82bbc39eccb30b95cfb9beacd102a79e815c7cd8f58	full_domain_n4801	1	4801	4801	6000	1.2497396375755052	2.4796421380466373e-06	stellar_center	0.0	0.0	1.0	1	m2p25_c17p5_a0p40_q2p75_i0p05	2.25	2.75	c17p5	17.5	317.159480236321	100	1.0	7.3011756855e-08	0.03	128000	2	1	16	jwst_mcfost/runs/strict_continuum_cavity_mass_q_v1/models/m2p25_c17p5_a0p40_q2p75_i0p05/temperature/seed=41001/data_th/Temperature.fits.gz	1bd212f2f54dd8c1701a6064e129ba7fdb5721cb3fe296472433bbdd3b79ec1c	reused_accepted_continuum_temperature_screening_only_not_self_consistent_for_changed_dust	inside_h2o_optical_constants	report_only	v05_vmax0p1_amax1p0	0.1	1.0	70.0	0.04	0.96	6	ef7e89378eaf7bb1fb451bd8bba89faa7711da693d1b745f61d8705bae68842c	dust_axis_v05_vmax0p1_amax1p0	jwst_mcfost/runs/h2o_3um_dust_axis_grid_v1/parameters/dust_v05_vmax0p1_amax1p0_rt.para	4facba63ee7310b2767ec82ec0abc63dc5bd709637f01f754c49375372002eed	dust_axis_grid_disjoint_dhs_screening_dust	jwst_mcfost/runs/h2o_3um_dust_axis_grid_v1/tasks/v05_vmax0p1_amax1p0/broadband_guardrail/t046_w007_single_s52001	00e14bffc86fd760093abeb8a078338e294da96adeb141dda8c4a62ba3dc03ea
47	broadband_guardrail	52001	broadband_guardrail	w008			broadband_continuum_guardrail_report_only	jwst_mcfost/runs/ice_feature_method2_pilot_v1/continuum_check_anchors.tsv	f1fd86f32eec5e20bc210ba67e2b4bc78efb69427b387e48de1c127e118636b7	ff79343f5023234e348b11140f6b973d8c465bfcb3cde6046ce18f64bdb7e142	13.799908320389276						13.799908320389276	MIRI			lambda_F_lambda_W_m-2			jwst_mcfost/runs/h2o_3um_method2_screen_v3/anchors/broadband_guardrail/w008/anchor.lambda	8a30fa7840e4a27c1d6a81fa121d610c3293460d00aa1e38428c728a91dbf63a	full_domain_n4801	1	4801	4801	6000	1.2497396375755052	2.4796421380466373e-06	stellar_center	0.0	0.0	1.0	1	m2p25_c17p5_a0p40_q2p75_i0p05	2.25	2.75	c17p5	17.5	317.159480236321	100	1.0	7.3011756855e-08	0.03	128000	2	1	16	jwst_mcfost/runs/strict_continuum_cavity_mass_q_v1/models/m2p25_c17p5_a0p40_q2p75_i0p05/temperature/seed=41001/data_th/Temperature.fits.gz	1bd212f2f54dd8c1701a6064e129ba7fdb5721cb3fe296472433bbdd3b79ec1c	reused_accepted_continuum_temperature_screening_only_not_self_consistent_for_changed_dust	inside_h2o_optical_constants	report_only	v05_vmax0p1_amax1p0	0.1	1.0	70.0	0.04	0.96	7	8330a266dd31893798bd83592298ea2ab899f1c7fd626c168e51c1a0c4202903	dust_axis_v05_vmax0p1_amax1p0	jwst_mcfost/runs/h2o_3um_dust_axis_grid_v1/parameters/dust_v05_vmax0p1_amax1p0_rt.para	4facba63ee7310b2767ec82ec0abc63dc5bd709637f01f754c49375372002eed	dust_axis_grid_disjoint_dhs_screening_dust	jwst_mcfost/runs/h2o_3um_dust_axis_grid_v1/tasks/v05_vmax0p1_amax1p0/broadband_guardrail/t047_w008_single_s52001	569fccc2b5b32b14594f46391bd5ed61cf98b30e49845caa7594573c038b670b
48	broadband_guardrail	52001	broadband_guardrail	w001			broadband_continuum_guardrail_report_only	jwst_mcfost/runs/ice_feature_method2_pilot_v1/continuum_check_anchors.tsv	f1fd86f32eec5e20bc210ba67e2b4bc78efb69427b387e48de1c127e118636b7	be8495af19d834ec9883095aa3e489588ad62932dedba95a6ce055e53bc4efcb	1.2028117593024095						1.2028117593024095	NIRSpec			lambda_F_lambda_W_m-2			jwst_mcfost/runs/h2o_3um_method2_screen_v3/anchors/broadband_guardrail/w001/anchor.lambda	f2c711b7a22d165e60719d22fe81cbf246393fb51629f0b9dda93883c17f8e87	full_domain_n4801	1	4801	4801	6000	1.2497396375755052	2.4796421380466373e-06	stellar_center	0.0	0.0	1.0	1	m2p25_c17p5_a0p40_q2p75_i0p05	2.25	2.75	c17p5	17.5	317.159480236321	100	1.0	7.3011756855e-08	0.03	128000	2	1	16	jwst_mcfost/runs/strict_continuum_cavity_mass_q_v1/models/m2p25_c17p5_a0p40_q2p75_i0p05/temperature/seed=41001/data_th/Temperature.fits.gz	1bd212f2f54dd8c1701a6064e129ba7fdb5721cb3fe296472433bbdd3b79ec1c	reused_accepted_continuum_temperature_screening_only_not_self_consistent_for_changed_dust	inside_h2o_optical_constants	report_only	v06_vmax0p8_amax2p0	0.8	2.0	70.0	0.04	0.96	0	0753aa87e3445e42eae140bfe4d917cbb1b787200fbeed0c439d642c9fa3b738	dust_axis_v06_vmax0p8_amax2p0	jwst_mcfost/runs/h2o_3um_dust_axis_grid_v1/parameters/dust_v06_vmax0p8_amax2p0_rt.para	106a4f3d16faf38096e4e115cb5ce87f820336ddb0a340734dae31caab167a76	dust_axis_grid_disjoint_dhs_screening_dust	jwst_mcfost/runs/h2o_3um_dust_axis_grid_v1/tasks/v06_vmax0p8_amax2p0/broadband_guardrail/t048_w001_single_s52001	0fc5db4423e5bd204516f3c9d631b2c9c0b1ebf6050d0e6b2682ff1db7ad62e8
49	broadband_guardrail	52001	broadband_guardrail	w002			broadband_continuum_guardrail_report_only	jwst_mcfost/runs/ice_feature_method2_pilot_v1/continuum_check_anchors.tsv	f1fd86f32eec5e20bc210ba67e2b4bc78efb69427b387e48de1c127e118636b7	8c2d627b94e2d8d2408e8e154425025de3b0c17865e36f0d9230db46f403fa15	1.4987957445436022						1.4987957445436022	NIRSpec			lambda_F_lambda_W_m-2			jwst_mcfost/runs/h2o_3um_method2_screen_v3/anchors/broadband_guardrail/w002/anchor.lambda	e07fb493ca052ff264e01e5c8df0ac557154f8a40c47dfb456aad5930517c966	full_domain_n4801	1	4801	4801	6000	1.2497396375755052	2.4796421380466373e-06	stellar_center	0.0	0.0	1.0	1	m2p25_c17p5_a0p40_q2p75_i0p05	2.25	2.75	c17p5	17.5	317.159480236321	100	1.0	7.3011756855e-08	0.03	128000	2	1	16	jwst_mcfost/runs/strict_continuum_cavity_mass_q_v1/models/m2p25_c17p5_a0p40_q2p75_i0p05/temperature/seed=41001/data_th/Temperature.fits.gz	1bd212f2f54dd8c1701a6064e129ba7fdb5721cb3fe296472433bbdd3b79ec1c	reused_accepted_continuum_temperature_screening_only_not_self_consistent_for_changed_dust	inside_h2o_optical_constants	report_only	v06_vmax0p8_amax2p0	0.8	2.0	70.0	0.04	0.96	1	4d6a0f6f21c2c9374490473f84d12c7ab64295daf370b4c8408bd6bc957cdbe9	dust_axis_v06_vmax0p8_amax2p0	jwst_mcfost/runs/h2o_3um_dust_axis_grid_v1/parameters/dust_v06_vmax0p8_amax2p0_rt.para	106a4f3d16faf38096e4e115cb5ce87f820336ddb0a340734dae31caab167a76	dust_axis_grid_disjoint_dhs_screening_dust	jwst_mcfost/runs/h2o_3um_dust_axis_grid_v1/tasks/v06_vmax0p8_amax2p0/broadband_guardrail/t049_w002_single_s52001	a12e41069ab131f627ad3c5ef131434f0816624ebcb2914375823eb6cc13071a
50	broadband_guardrail	52001	broadband_guardrail	w003			broadband_continuum_guardrail_report_only	jwst_mcfost/runs/ice_feature_method2_pilot_v1/continuum_check_anchors.tsv	f1fd86f32eec5e20bc210ba67e2b4bc78efb69427b387e48de1c127e118636b7	ca3be8f62fc5c741b2ed68f040fac1c490a5660995bc938abcad21f265509655	1.7588530996181813						1.7588530996181813	NIRSpec			lambda_F_lambda_W_m-2			jwst_mcfost/runs/h2o_3um_method2_screen_v3/anchors/broadband_guardrail/w003/anchor.lambda	a9c5146eec96dc1ea9604097f402a7a0eb415206f4e4b32a2836e09dfdb6b5e2	full_domain_n4801	1	4801	4801	6000	1.2497396375755052	2.4796421380466373e-06	stellar_center	0.0	0.0	1.0	1	m2p25_c17p5_a0p40_q2p75_i0p05	2.25	2.75	c17p5	17.5	317.159480236321	100	1.0	7.3011756855e-08	0.03	128000	2	1	16	jwst_mcfost/runs/strict_continuum_cavity_mass_q_v1/models/m2p25_c17p5_a0p40_q2p75_i0p05/temperature/seed=41001/data_th/Temperature.fits.gz	1bd212f2f54dd8c1701a6064e129ba7fdb5721cb3fe296472433bbdd3b79ec1c	reused_accepted_continuum_temperature_screening_only_not_self_consistent_for_changed_dust	inside_h2o_optical_constants	report_only	v06_vmax0p8_amax2p0	0.8	2.0	70.0	0.04	0.96	2	5bea68cf41b73f71ecd91e3a5f09e6eb1670dd4f85f83fe2fde459beed258649	dust_axis_v06_vmax0p8_amax2p0	jwst_mcfost/runs/h2o_3um_dust_axis_grid_v1/parameters/dust_v06_vmax0p8_amax2p0_rt.para	106a4f3d16faf38096e4e115cb5ce87f820336ddb0a340734dae31caab167a76	dust_axis_grid_disjoint_dhs_screening_dust	jwst_mcfost/runs/h2o_3um_dust_axis_grid_v1/tasks/v06_vmax0p8_amax2p0/broadband_guardrail/t050_w003_single_s52001	8dd31a8c9a96f1826dedab3c71975b028f33ab22d70c624712a49aa391b1c965
51	broadband_guardrail	52001	broadband_guardrail	w004			broadband_continuum_guardrail_report_only	jwst_mcfost/runs/ice_feature_method2_pilot_v1/continuum_check_anchors.tsv	f1fd86f32eec5e20bc210ba67e2b4bc78efb69427b387e48de1c127e118636b7	ea7082373d182e4d3e13fde932c59a66963ade00a452a1124d2f4372d5278e55	2.1916659199557045						2.1916659199557045	NIRSpec			lambda_F_lambda_W_m-2			jwst_mcfost/runs/h2o_3um_method2_screen_v3/anchors/broadband_guardrail/w004/anchor.lambda	f7762b5bee0778f151ac09bf2a609fcf351f2fd1c1c57b09be9d1bd19fb77e3c	full_domain_n4801	1	4801	4801	6000	1.2497396375755052	2.4796421380466373e-06	stellar_center	0.0	0.0	1.0	1	m2p25_c17p5_a0p40_q2p75_i0p05	2.25	2.75	c17p5	17.5	317.159480236321	100	1.0	7.3011756855e-08	0.03	128000	2	1	16	jwst_mcfost/runs/strict_continuum_cavity_mass_q_v1/models/m2p25_c17p5_a0p40_q2p75_i0p05/temperature/seed=41001/data_th/Temperature.fits.gz	1bd212f2f54dd8c1701a6064e129ba7fdb5721cb3fe296472433bbdd3b79ec1c	reused_accepted_continuum_temperature_screening_only_not_self_consistent_for_changed_dust	inside_h2o_optical_constants	report_only	v06_vmax0p8_amax2p0	0.8	2.0	70.0	0.04	0.96	3	a24d6b16764baaff76e82d64dfc357a9243d4963979b202fa39013f5bf6b0102	dust_axis_v06_vmax0p8_amax2p0	jwst_mcfost/runs/h2o_3um_dust_axis_grid_v1/parameters/dust_v06_vmax0p8_amax2p0_rt.para	106a4f3d16faf38096e4e115cb5ce87f820336ddb0a340734dae31caab167a76	dust_axis_grid_disjoint_dhs_screening_dust	jwst_mcfost/runs/h2o_3um_dust_axis_grid_v1/tasks/v06_vmax0p8_amax2p0/broadband_guardrail/t051_w004_single_s52001	6c4c9c1ba0530d18c27d1db7e765fdbf4ab1a5fb101db8a917399488ac9c8a34
52	broadband_guardrail	52001	broadband_guardrail	w005			broadband_continuum_guardrail_report_only	jwst_mcfost/runs/ice_feature_method2_pilot_v1/continuum_check_anchors.tsv	f1fd86f32eec5e20bc210ba67e2b4bc78efb69427b387e48de1c127e118636b7	26580c835ed5110860144fdcbc249ba6f16c9fef2f8ea7bab13d16dd643b6bb9	2.5463525144251218						2.5463525144251218	NIRSpec			lambda_F_lambda_W_m-2			jwst_mcfost/runs/h2o_3um_method2_screen_v3/anchors/broadband_guardrail/w005/anchor.lambda	1097793022b13ff0ac82638d85e9d60d35080eb3937764ad07599179d97862ef	full_domain_n4801	1	4801	4801	6000	1.2497396375755052	2.4796421380466373e-06	stellar_center	0.0	0.0	1.0	1	m2p25_c17p5_a0p40_q2p75_i0p05	2.25	2.75	c17p5	17.5	317.159480236321	100	1.0	7.3011756855e-08	0.03	128000	2	1	16	jwst_mcfost/runs/strict_continuum_cavity_mass_q_v1/models/m2p25_c17p5_a0p40_q2p75_i0p05/temperature/seed=41001/data_th/Temperature.fits.gz	1bd212f2f54dd8c1701a6064e129ba7fdb5721cb3fe296472433bbdd3b79ec1c	reused_accepted_continuum_temperature_screening_only_not_self_consistent_for_changed_dust	inside_h2o_optical_constants	report_only	v06_vmax0p8_amax2p0	0.8	2.0	70.0	0.04	0.96	4	3d0b057546488b3ac2d1787a936dc092d31a541500f3ca880aeb6045d816095d	dust_axis_v06_vmax0p8_amax2p0	jwst_mcfost/runs/h2o_3um_dust_axis_grid_v1/parameters/dust_v06_vmax0p8_amax2p0_rt.para	106a4f3d16faf38096e4e115cb5ce87f820336ddb0a340734dae31caab167a76	dust_axis_grid_disjoint_dhs_screening_dust	jwst_mcfost/runs/h2o_3um_dust_axis_grid_v1/tasks/v06_vmax0p8_amax2p0/broadband_guardrail/t052_w005_single_s52001	8e5f7e8089ca014d6293a9bb476459738be68a2eb78178198c4e8c3e595693a0
53	broadband_guardrail	52001	broadband_guardrail	w006			broadband_continuum_guardrail_report_only	jwst_mcfost/runs/ice_feature_method2_pilot_v1/continuum_check_anchors.tsv	f1fd86f32eec5e20bc210ba67e2b4bc78efb69427b387e48de1c127e118636b7	1026cba4b28d9f4bf3663e4dc18b1586244f74649ea0d30ad2bcc3f974c0861b	3.9143995604061015						3.9143995604061015	NIRSpec			lambda_F_lambda_W_m-2			jwst_mcfost/runs/h2o_3um_method2_screen_v3/anchors/broadband_guardrail/w006/anchor.lambda	b82128fc84cd81495038ead356b26b6e6be5f7ae7a55105af31d392047ae9385	full_domain_n4801	1	4801	4801	6000	1.2497396375755052	2.4796421380466373e-06	stellar_center	0.0	0.0	1.0	1	m2p25_c17p5_a0p40_q2p75_i0p05	2.25	2.75	c17p5	17.5	317.159480236321	100	1.0	7.3011756855e-08	0.03	128000	2	1	16	jwst_mcfost/runs/strict_continuum_cavity_mass_q_v1/models/m2p25_c17p5_a0p40_q2p75_i0p05/temperature/seed=41001/data_th/Temperature.fits.gz	1bd212f2f54dd8c1701a6064e129ba7fdb5721cb3fe296472433bbdd3b79ec1c	reused_accepted_continuum_temperature_screening_only_not_self_consistent_for_changed_dust	inside_h2o_optical_constants	report_only	v06_vmax0p8_amax2p0	0.8	2.0	70.0	0.04	0.96	5	fe325ddaacc07c82dd57c3121e3f237bb4c9911d1fba7acf23235c03ac89c3b4	dust_axis_v06_vmax0p8_amax2p0	jwst_mcfost/runs/h2o_3um_dust_axis_grid_v1/parameters/dust_v06_vmax0p8_amax2p0_rt.para	106a4f3d16faf38096e4e115cb5ce87f820336ddb0a340734dae31caab167a76	dust_axis_grid_disjoint_dhs_screening_dust	jwst_mcfost/runs/h2o_3um_dust_axis_grid_v1/tasks/v06_vmax0p8_amax2p0/broadband_guardrail/t053_w006_single_s52001	6dfb586c140bbc8ed1188bdd8c932bb4735a0ea54e99f3f95a594b7f286cafde
54	broadband_guardrail	52001	broadband_guardrail	w007			broadband_continuum_guardrail_report_only	jwst_mcfost/runs/ice_feature_method2_pilot_v1/continuum_check_anchors.tsv	f1fd86f32eec5e20bc210ba67e2b4bc78efb69427b387e48de1c127e118636b7	91cbd5c9b4101022047aee9b5009bc5cf825f2c0850ca7446ec8f2d8eb8c416c	5.3906283153397085						5.3906283153397085	MIRI			lambda_F_lambda_W_m-2			jwst_mcfost/runs/h2o_3um_method2_screen_v3/anchors/broadband_guardrail/w007/anchor.lambda	87caf527afb4a319fcc1a82bbc39eccb30b95cfb9beacd102a79e815c7cd8f58	full_domain_n4801	1	4801	4801	6000	1.2497396375755052	2.4796421380466373e-06	stellar_center	0.0	0.0	1.0	1	m2p25_c17p5_a0p40_q2p75_i0p05	2.25	2.75	c17p5	17.5	317.159480236321	100	1.0	7.3011756855e-08	0.03	128000	2	1	16	jwst_mcfost/runs/strict_continuum_cavity_mass_q_v1/models/m2p25_c17p5_a0p40_q2p75_i0p05/temperature/seed=41001/data_th/Temperature.fits.gz	1bd212f2f54dd8c1701a6064e129ba7fdb5721cb3fe296472433bbdd3b79ec1c	reused_accepted_continuum_temperature_screening_only_not_self_consistent_for_changed_dust	inside_h2o_optical_constants	report_only	v06_vmax0p8_amax2p0	0.8	2.0	70.0	0.04	0.96	6	ef7e89378eaf7bb1fb451bd8bba89faa7711da693d1b745f61d8705bae68842c	dust_axis_v06_vmax0p8_amax2p0	jwst_mcfost/runs/h2o_3um_dust_axis_grid_v1/parameters/dust_v06_vmax0p8_amax2p0_rt.para	106a4f3d16faf38096e4e115cb5ce87f820336ddb0a340734dae31caab167a76	dust_axis_grid_disjoint_dhs_screening_dust	jwst_mcfost/runs/h2o_3um_dust_axis_grid_v1/tasks/v06_vmax0p8_amax2p0/broadband_guardrail/t054_w007_single_s52001	25b111eaad444ee1520a17826a792ee06b4b5d477629d1fc8a998a6ad1a4b9a5
55	broadband_guardrail	52001	broadband_guardrail	w008			broadband_continuum_guardrail_report_only	jwst_mcfost/runs/ice_feature_method2_pilot_v1/continuum_check_anchors.tsv	f1fd86f32eec5e20bc210ba67e2b4bc78efb69427b387e48de1c127e118636b7	ff79343f5023234e348b11140f6b973d8c465bfcb3cde6046ce18f64bdb7e142	13.799908320389276						13.799908320389276	MIRI			lambda_F_lambda_W_m-2			jwst_mcfost/runs/h2o_3um_method2_screen_v3/anchors/broadband_guardrail/w008/anchor.lambda	8a30fa7840e4a27c1d6a81fa121d610c3293460d00aa1e38428c728a91dbf63a	full_domain_n4801	1	4801	4801	6000	1.2497396375755052	2.4796421380466373e-06	stellar_center	0.0	0.0	1.0	1	m2p25_c17p5_a0p40_q2p75_i0p05	2.25	2.75	c17p5	17.5	317.159480236321	100	1.0	7.3011756855e-08	0.03	128000	2	1	16	jwst_mcfost/runs/strict_continuum_cavity_mass_q_v1/models/m2p25_c17p5_a0p40_q2p75_i0p05/temperature/seed=41001/data_th/Temperature.fits.gz	1bd212f2f54dd8c1701a6064e129ba7fdb5721cb3fe296472433bbdd3b79ec1c	reused_accepted_continuum_temperature_screening_only_not_self_consistent_for_changed_dust	inside_h2o_optical_constants	report_only	v06_vmax0p8_amax2p0	0.8	2.0	70.0	0.04	0.96	7	8330a266dd31893798bd83592298ea2ab899f1c7fd626c168e51c1a0c4202903	dust_axis_v06_vmax0p8_amax2p0	jwst_mcfost/runs/h2o_3um_dust_axis_grid_v1/parameters/dust_v06_vmax0p8_amax2p0_rt.para	106a4f3d16faf38096e4e115cb5ce87f820336ddb0a340734dae31caab167a76	dust_axis_grid_disjoint_dhs_screening_dust	jwst_mcfost/runs/h2o_3um_dust_axis_grid_v1/tasks/v06_vmax0p8_amax2p0/broadband_guardrail/t055_w008_single_s52001	004b5f4a660d5ca396ff80400378e98ee19b63350a06f3e62ab18692a8794510
56	broadband_guardrail	52001	broadband_guardrail	w001			broadband_continuum_guardrail_report_only	jwst_mcfost/runs/ice_feature_method2_pilot_v1/continuum_check_anchors.tsv	f1fd86f32eec5e20bc210ba67e2b4bc78efb69427b387e48de1c127e118636b7	be8495af19d834ec9883095aa3e489588ad62932dedba95a6ce055e53bc4efcb	1.2028117593024095						1.2028117593024095	NIRSpec			lambda_F_lambda_W_m-2			jwst_mcfost/runs/h2o_3um_method2_screen_v3/anchors/broadband_guardrail/w001/anchor.lambda	f2c711b7a22d165e60719d22fe81cbf246393fb51629f0b9dda93883c17f8e87	full_domain_n4801	1	4801	4801	6000	1.2497396375755052	2.4796421380466373e-06	stellar_center	0.0	0.0	1.0	1	m2p25_c17p5_a0p40_q2p75_i0p05	2.25	2.75	c17p5	17.5	317.159480236321	100	1.0	7.3011756855e-08	0.03	128000	2	1	16	jwst_mcfost/runs/strict_continuum_cavity_mass_q_v1/models/m2p25_c17p5_a0p40_q2p75_i0p05/temperature/seed=41001/data_th/Temperature.fits.gz	1bd212f2f54dd8c1701a6064e129ba7fdb5721cb3fe296472433bbdd3b79ec1c	reused_accepted_continuum_temperature_screening_only_not_self_consistent_for_changed_dust	inside_h2o_optical_constants	report_only	v07_vmax0p4_amax2p0	0.4	2.0	70.0	0.04	0.96	0	0753aa87e3445e42eae140bfe4d917cbb1b787200fbeed0c439d642c9fa3b738	dust_axis_v07_vmax0p4_amax2p0	jwst_mcfost/runs/h2o_3um_dust_axis_grid_v1/parameters/dust_v07_vmax0p4_amax2p0_rt.para	a486a7454bd0499390a0b01511eb64bbf650c8a43c66140e34a489b583f91438	dust_axis_grid_disjoint_dhs_screening_dust	jwst_mcfost/runs/h2o_3um_dust_axis_grid_v1/tasks/v07_vmax0p4_amax2p0/broadband_guardrail/t056_w001_single_s52001	bc13649d1da7c48a932d07fa2d10035fc95c4d4e8141ac5564ed54a25de0b723
57	broadband_guardrail	52001	broadband_guardrail	w002			broadband_continuum_guardrail_report_only	jwst_mcfost/runs/ice_feature_method2_pilot_v1/continuum_check_anchors.tsv	f1fd86f32eec5e20bc210ba67e2b4bc78efb69427b387e48de1c127e118636b7	8c2d627b94e2d8d2408e8e154425025de3b0c17865e36f0d9230db46f403fa15	1.4987957445436022						1.4987957445436022	NIRSpec			lambda_F_lambda_W_m-2			jwst_mcfost/runs/h2o_3um_method2_screen_v3/anchors/broadband_guardrail/w002/anchor.lambda	e07fb493ca052ff264e01e5c8df0ac557154f8a40c47dfb456aad5930517c966	full_domain_n4801	1	4801	4801	6000	1.2497396375755052	2.4796421380466373e-06	stellar_center	0.0	0.0	1.0	1	m2p25_c17p5_a0p40_q2p75_i0p05	2.25	2.75	c17p5	17.5	317.159480236321	100	1.0	7.3011756855e-08	0.03	128000	2	1	16	jwst_mcfost/runs/strict_continuum_cavity_mass_q_v1/models/m2p25_c17p5_a0p40_q2p75_i0p05/temperature/seed=41001/data_th/Temperature.fits.gz	1bd212f2f54dd8c1701a6064e129ba7fdb5721cb3fe296472433bbdd3b79ec1c	reused_accepted_continuum_temperature_screening_only_not_self_consistent_for_changed_dust	inside_h2o_optical_constants	report_only	v07_vmax0p4_amax2p0	0.4	2.0	70.0	0.04	0.96	1	4d6a0f6f21c2c9374490473f84d12c7ab64295daf370b4c8408bd6bc957cdbe9	dust_axis_v07_vmax0p4_amax2p0	jwst_mcfost/runs/h2o_3um_dust_axis_grid_v1/parameters/dust_v07_vmax0p4_amax2p0_rt.para	a486a7454bd0499390a0b01511eb64bbf650c8a43c66140e34a489b583f91438	dust_axis_grid_disjoint_dhs_screening_dust	jwst_mcfost/runs/h2o_3um_dust_axis_grid_v1/tasks/v07_vmax0p4_amax2p0/broadband_guardrail/t057_w002_single_s52001	06755e6cf03ab7198b1c2cb78b25ae130eae4dc7311a6669fe482f0e02089c79
58	broadband_guardrail	52001	broadband_guardrail	w003			broadband_continuum_guardrail_report_only	jwst_mcfost/runs/ice_feature_method2_pilot_v1/continuum_check_anchors.tsv	f1fd86f32eec5e20bc210ba67e2b4bc78efb69427b387e48de1c127e118636b7	ca3be8f62fc5c741b2ed68f040fac1c490a5660995bc938abcad21f265509655	1.7588530996181813						1.7588530996181813	NIRSpec			lambda_F_lambda_W_m-2			jwst_mcfost/runs/h2o_3um_method2_screen_v3/anchors/broadband_guardrail/w003/anchor.lambda	a9c5146eec96dc1ea9604097f402a7a0eb415206f4e4b32a2836e09dfdb6b5e2	full_domain_n4801	1	4801	4801	6000	1.2497396375755052	2.4796421380466373e-06	stellar_center	0.0	0.0	1.0	1	m2p25_c17p5_a0p40_q2p75_i0p05	2.25	2.75	c17p5	17.5	317.159480236321	100	1.0	7.3011756855e-08	0.03	128000	2	1	16	jwst_mcfost/runs/strict_continuum_cavity_mass_q_v1/models/m2p25_c17p5_a0p40_q2p75_i0p05/temperature/seed=41001/data_th/Temperature.fits.gz	1bd212f2f54dd8c1701a6064e129ba7fdb5721cb3fe296472433bbdd3b79ec1c	reused_accepted_continuum_temperature_screening_only_not_self_consistent_for_changed_dust	inside_h2o_optical_constants	report_only	v07_vmax0p4_amax2p0	0.4	2.0	70.0	0.04	0.96	2	5bea68cf41b73f71ecd91e3a5f09e6eb1670dd4f85f83fe2fde459beed258649	dust_axis_v07_vmax0p4_amax2p0	jwst_mcfost/runs/h2o_3um_dust_axis_grid_v1/parameters/dust_v07_vmax0p4_amax2p0_rt.para	a486a7454bd0499390a0b01511eb64bbf650c8a43c66140e34a489b583f91438	dust_axis_grid_disjoint_dhs_screening_dust	jwst_mcfost/runs/h2o_3um_dust_axis_grid_v1/tasks/v07_vmax0p4_amax2p0/broadband_guardrail/t058_w003_single_s52001	68122319ab060a420f91799994e9e752593a66eb46db8685aff92acd20662564
59	broadband_guardrail	52001	broadband_guardrail	w004			broadband_continuum_guardrail_report_only	jwst_mcfost/runs/ice_feature_method2_pilot_v1/continuum_check_anchors.tsv	f1fd86f32eec5e20bc210ba67e2b4bc78efb69427b387e48de1c127e118636b7	ea7082373d182e4d3e13fde932c59a66963ade00a452a1124d2f4372d5278e55	2.1916659199557045						2.1916659199557045	NIRSpec			lambda_F_lambda_W_m-2			jwst_mcfost/runs/h2o_3um_method2_screen_v3/anchors/broadband_guardrail/w004/anchor.lambda	f7762b5bee0778f151ac09bf2a609fcf351f2fd1c1c57b09be9d1bd19fb77e3c	full_domain_n4801	1	4801	4801	6000	1.2497396375755052	2.4796421380466373e-06	stellar_center	0.0	0.0	1.0	1	m2p25_c17p5_a0p40_q2p75_i0p05	2.25	2.75	c17p5	17.5	317.159480236321	100	1.0	7.3011756855e-08	0.03	128000	2	1	16	jwst_mcfost/runs/strict_continuum_cavity_mass_q_v1/models/m2p25_c17p5_a0p40_q2p75_i0p05/temperature/seed=41001/data_th/Temperature.fits.gz	1bd212f2f54dd8c1701a6064e129ba7fdb5721cb3fe296472433bbdd3b79ec1c	reused_accepted_continuum_temperature_screening_only_not_self_consistent_for_changed_dust	inside_h2o_optical_constants	report_only	v07_vmax0p4_amax2p0	0.4	2.0	70.0	0.04	0.96	3	a24d6b16764baaff76e82d64dfc357a9243d4963979b202fa39013f5bf6b0102	dust_axis_v07_vmax0p4_amax2p0	jwst_mcfost/runs/h2o_3um_dust_axis_grid_v1/parameters/dust_v07_vmax0p4_amax2p0_rt.para	a486a7454bd0499390a0b01511eb64bbf650c8a43c66140e34a489b583f91438	dust_axis_grid_disjoint_dhs_screening_dust	jwst_mcfost/runs/h2o_3um_dust_axis_grid_v1/tasks/v07_vmax0p4_amax2p0/broadband_guardrail/t059_w004_single_s52001	83df3e88f02dff7af16100e421b634a917528314da2df6e1634d7bb7592ad828
60	broadband_guardrail	52001	broadband_guardrail	w005			broadband_continuum_guardrail_report_only	jwst_mcfost/runs/ice_feature_method2_pilot_v1/continuum_check_anchors.tsv	f1fd86f32eec5e20bc210ba67e2b4bc78efb69427b387e48de1c127e118636b7	26580c835ed5110860144fdcbc249ba6f16c9fef2f8ea7bab13d16dd643b6bb9	2.5463525144251218						2.5463525144251218	NIRSpec			lambda_F_lambda_W_m-2			jwst_mcfost/runs/h2o_3um_method2_screen_v3/anchors/broadband_guardrail/w005/anchor.lambda	1097793022b13ff0ac82638d85e9d60d35080eb3937764ad07599179d97862ef	full_domain_n4801	1	4801	4801	6000	1.2497396375755052	2.4796421380466373e-06	stellar_center	0.0	0.0	1.0	1	m2p25_c17p5_a0p40_q2p75_i0p05	2.25	2.75	c17p5	17.5	317.159480236321	100	1.0	7.3011756855e-08	0.03	128000	2	1	16	jwst_mcfost/runs/strict_continuum_cavity_mass_q_v1/models/m2p25_c17p5_a0p40_q2p75_i0p05/temperature/seed=41001/data_th/Temperature.fits.gz	1bd212f2f54dd8c1701a6064e129ba7fdb5721cb3fe296472433bbdd3b79ec1c	reused_accepted_continuum_temperature_screening_only_not_self_consistent_for_changed_dust	inside_h2o_optical_constants	report_only	v07_vmax0p4_amax2p0	0.4	2.0	70.0	0.04	0.96	4	3d0b057546488b3ac2d1787a936dc092d31a541500f3ca880aeb6045d816095d	dust_axis_v07_vmax0p4_amax2p0	jwst_mcfost/runs/h2o_3um_dust_axis_grid_v1/parameters/dust_v07_vmax0p4_amax2p0_rt.para	a486a7454bd0499390a0b01511eb64bbf650c8a43c66140e34a489b583f91438	dust_axis_grid_disjoint_dhs_screening_dust	jwst_mcfost/runs/h2o_3um_dust_axis_grid_v1/tasks/v07_vmax0p4_amax2p0/broadband_guardrail/t060_w005_single_s52001	4bff8912650e2b1f59529b378a1483ed20ba350db4b45ec8398cb8c9fa4c7ce7
61	broadband_guardrail	52001	broadband_guardrail	w006			broadband_continuum_guardrail_report_only	jwst_mcfost/runs/ice_feature_method2_pilot_v1/continuum_check_anchors.tsv	f1fd86f32eec5e20bc210ba67e2b4bc78efb69427b387e48de1c127e118636b7	1026cba4b28d9f4bf3663e4dc18b1586244f74649ea0d30ad2bcc3f974c0861b	3.9143995604061015						3.9143995604061015	NIRSpec			lambda_F_lambda_W_m-2			jwst_mcfost/runs/h2o_3um_method2_screen_v3/anchors/broadband_guardrail/w006/anchor.lambda	b82128fc84cd81495038ead356b26b6e6be5f7ae7a55105af31d392047ae9385	full_domain_n4801	1	4801	4801	6000	1.2497396375755052	2.4796421380466373e-06	stellar_center	0.0	0.0	1.0	1	m2p25_c17p5_a0p40_q2p75_i0p05	2.25	2.75	c17p5	17.5	317.159480236321	100	1.0	7.3011756855e-08	0.03	128000	2	1	16	jwst_mcfost/runs/strict_continuum_cavity_mass_q_v1/models/m2p25_c17p5_a0p40_q2p75_i0p05/temperature/seed=41001/data_th/Temperature.fits.gz	1bd212f2f54dd8c1701a6064e129ba7fdb5721cb3fe296472433bbdd3b79ec1c	reused_accepted_continuum_temperature_screening_only_not_self_consistent_for_changed_dust	inside_h2o_optical_constants	report_only	v07_vmax0p4_amax2p0	0.4	2.0	70.0	0.04	0.96	5	fe325ddaacc07c82dd57c3121e3f237bb4c9911d1fba7acf23235c03ac89c3b4	dust_axis_v07_vmax0p4_amax2p0	jwst_mcfost/runs/h2o_3um_dust_axis_grid_v1/parameters/dust_v07_vmax0p4_amax2p0_rt.para	a486a7454bd0499390a0b01511eb64bbf650c8a43c66140e34a489b583f91438	dust_axis_grid_disjoint_dhs_screening_dust	jwst_mcfost/runs/h2o_3um_dust_axis_grid_v1/tasks/v07_vmax0p4_amax2p0/broadband_guardrail/t061_w006_single_s52001	632a614e3470a5d3b9b7950615c5c600e6eef3ed55b26999c963e4751e9b8eca
62	broadband_guardrail	52001	broadband_guardrail	w007			broadband_continuum_guardrail_report_only	jwst_mcfost/runs/ice_feature_method2_pilot_v1/continuum_check_anchors.tsv	f1fd86f32eec5e20bc210ba67e2b4bc78efb69427b387e48de1c127e118636b7	91cbd5c9b4101022047aee9b5009bc5cf825f2c0850ca7446ec8f2d8eb8c416c	5.3906283153397085						5.3906283153397085	MIRI			lambda_F_lambda_W_m-2			jwst_mcfost/runs/h2o_3um_method2_screen_v3/anchors/broadband_guardrail/w007/anchor.lambda	87caf527afb4a319fcc1a82bbc39eccb30b95cfb9beacd102a79e815c7cd8f58	full_domain_n4801	1	4801	4801	6000	1.2497396375755052	2.4796421380466373e-06	stellar_center	0.0	0.0	1.0	1	m2p25_c17p5_a0p40_q2p75_i0p05	2.25	2.75	c17p5	17.5	317.159480236321	100	1.0	7.3011756855e-08	0.03	128000	2	1	16	jwst_mcfost/runs/strict_continuum_cavity_mass_q_v1/models/m2p25_c17p5_a0p40_q2p75_i0p05/temperature/seed=41001/data_th/Temperature.fits.gz	1bd212f2f54dd8c1701a6064e129ba7fdb5721cb3fe296472433bbdd3b79ec1c	reused_accepted_continuum_temperature_screening_only_not_self_consistent_for_changed_dust	inside_h2o_optical_constants	report_only	v07_vmax0p4_amax2p0	0.4	2.0	70.0	0.04	0.96	6	ef7e89378eaf7bb1fb451bd8bba89faa7711da693d1b745f61d8705bae68842c	dust_axis_v07_vmax0p4_amax2p0	jwst_mcfost/runs/h2o_3um_dust_axis_grid_v1/parameters/dust_v07_vmax0p4_amax2p0_rt.para	a486a7454bd0499390a0b01511eb64bbf650c8a43c66140e34a489b583f91438	dust_axis_grid_disjoint_dhs_screening_dust	jwst_mcfost/runs/h2o_3um_dust_axis_grid_v1/tasks/v07_vmax0p4_amax2p0/broadband_guardrail/t062_w007_single_s52001	9d448d6e4f50a6120a190a916a3279ebb1e34084c213fa7675640a939ac78425
63	broadband_guardrail	52001	broadband_guardrail	w008			broadband_continuum_guardrail_report_only	jwst_mcfost/runs/ice_feature_method2_pilot_v1/continuum_check_anchors.tsv	f1fd86f32eec5e20bc210ba67e2b4bc78efb69427b387e48de1c127e118636b7	ff79343f5023234e348b11140f6b973d8c465bfcb3cde6046ce18f64bdb7e142	13.799908320389276						13.799908320389276	MIRI			lambda_F_lambda_W_m-2			jwst_mcfost/runs/h2o_3um_method2_screen_v3/anchors/broadband_guardrail/w008/anchor.lambda	8a30fa7840e4a27c1d6a81fa121d610c3293460d00aa1e38428c728a91dbf63a	full_domain_n4801	1	4801	4801	6000	1.2497396375755052	2.4796421380466373e-06	stellar_center	0.0	0.0	1.0	1	m2p25_c17p5_a0p40_q2p75_i0p05	2.25	2.75	c17p5	17.5	317.159480236321	100	1.0	7.3011756855e-08	0.03	128000	2	1	16	jwst_mcfost/runs/strict_continuum_cavity_mass_q_v1/models/m2p25_c17p5_a0p40_q2p75_i0p05/temperature/seed=41001/data_th/Temperature.fits.gz	1bd212f2f54dd8c1701a6064e129ba7fdb5721cb3fe296472433bbdd3b79ec1c	reused_accepted_continuum_temperature_screening_only_not_self_consistent_for_changed_dust	inside_h2o_optical_constants	report_only	v07_vmax0p4_amax2p0	0.4	2.0	70.0	0.04	0.96	7	8330a266dd31893798bd83592298ea2ab899f1c7fd626c168e51c1a0c4202903	dust_axis_v07_vmax0p4_amax2p0	jwst_mcfost/runs/h2o_3um_dust_axis_grid_v1/parameters/dust_v07_vmax0p4_amax2p0_rt.para	a486a7454bd0499390a0b01511eb64bbf650c8a43c66140e34a489b583f91438	dust_axis_grid_disjoint_dhs_screening_dust	jwst_mcfost/runs/h2o_3um_dust_axis_grid_v1/tasks/v07_vmax0p4_amax2p0/broadband_guardrail/t063_w008_single_s52001	ad87e2c3e1b1807415f75550ea4613319882bbd7139ff3661fbcf6f9bb2475ab
64	broadband_guardrail	52001	broadband_guardrail	w001			broadband_continuum_guardrail_report_only	jwst_mcfost/runs/ice_feature_method2_pilot_v1/continuum_check_anchors.tsv	f1fd86f32eec5e20bc210ba67e2b4bc78efb69427b387e48de1c127e118636b7	be8495af19d834ec9883095aa3e489588ad62932dedba95a6ce055e53bc4efcb	1.2028117593024095						1.2028117593024095	NIRSpec			lambda_F_lambda_W_m-2			jwst_mcfost/runs/h2o_3um_method2_screen_v3/anchors/broadband_guardrail/w001/anchor.lambda	f2c711b7a22d165e60719d22fe81cbf246393fb51629f0b9dda93883c17f8e87	full_domain_n4801	1	4801	4801	6000	1.2497396375755052	2.4796421380466373e-06	stellar_center	0.0	0.0	1.0	1	m2p25_c17p5_a0p40_q2p75_i0p05	2.25	2.75	c17p5	17.5	317.159480236321	100	1.0	7.3011756855e-08	0.03	128000	2	1	16	jwst_mcfost/runs/strict_continuum_cavity_mass_q_v1/models/m2p25_c17p5_a0p40_q2p75_i0p05/temperature/seed=41001/data_th/Temperature.fits.gz	1bd212f2f54dd8c1701a6064e129ba7fdb5721cb3fe296472433bbdd3b79ec1c	reused_accepted_continuum_temperature_screening_only_not_self_consistent_for_changed_dust	inside_h2o_optical_constants	report_only	v08_vmax0p1_amax2p0	0.1	2.0	70.0	0.04	0.96	0	0753aa87e3445e42eae140bfe4d917cbb1b787200fbeed0c439d642c9fa3b738	dust_axis_v08_vmax0p1_amax2p0	jwst_mcfost/runs/h2o_3um_dust_axis_grid_v1/parameters/dust_v08_vmax0p1_amax2p0_rt.para	35c5b3c7d164e483e57e031874897680ab022b4ad46f22e680fb2a4053d6ad58	dust_axis_grid_disjoint_dhs_screening_dust	jwst_mcfost/runs/h2o_3um_dust_axis_grid_v1/tasks/v08_vmax0p1_amax2p0/broadband_guardrail/t064_w001_single_s52001	1231476d6f9537c9a589206bc93dcb6f4ecbf2c1cb0217aeaf28b57be64e99f4
65	broadband_guardrail	52001	broadband_guardrail	w002			broadband_continuum_guardrail_report_only	jwst_mcfost/runs/ice_feature_method2_pilot_v1/continuum_check_anchors.tsv	f1fd86f32eec5e20bc210ba67e2b4bc78efb69427b387e48de1c127e118636b7	8c2d627b94e2d8d2408e8e154425025de3b0c17865e36f0d9230db46f403fa15	1.4987957445436022						1.4987957445436022	NIRSpec			lambda_F_lambda_W_m-2			jwst_mcfost/runs/h2o_3um_method2_screen_v3/anchors/broadband_guardrail/w002/anchor.lambda	e07fb493ca052ff264e01e5c8df0ac557154f8a40c47dfb456aad5930517c966	full_domain_n4801	1	4801	4801	6000	1.2497396375755052	2.4796421380466373e-06	stellar_center	0.0	0.0	1.0	1	m2p25_c17p5_a0p40_q2p75_i0p05	2.25	2.75	c17p5	17.5	317.159480236321	100	1.0	7.3011756855e-08	0.03	128000	2	1	16	jwst_mcfost/runs/strict_continuum_cavity_mass_q_v1/models/m2p25_c17p5_a0p40_q2p75_i0p05/temperature/seed=41001/data_th/Temperature.fits.gz	1bd212f2f54dd8c1701a6064e129ba7fdb5721cb3fe296472433bbdd3b79ec1c	reused_accepted_continuum_temperature_screening_only_not_self_consistent_for_changed_dust	inside_h2o_optical_constants	report_only	v08_vmax0p1_amax2p0	0.1	2.0	70.0	0.04	0.96	1	4d6a0f6f21c2c9374490473f84d12c7ab64295daf370b4c8408bd6bc957cdbe9	dust_axis_v08_vmax0p1_amax2p0	jwst_mcfost/runs/h2o_3um_dust_axis_grid_v1/parameters/dust_v08_vmax0p1_amax2p0_rt.para	35c5b3c7d164e483e57e031874897680ab022b4ad46f22e680fb2a4053d6ad58	dust_axis_grid_disjoint_dhs_screening_dust	jwst_mcfost/runs/h2o_3um_dust_axis_grid_v1/tasks/v08_vmax0p1_amax2p0/broadband_guardrail/t065_w002_single_s52001	3a7e394eea7ec2989af3fdf5af0bd366af1f5738d60bae453a173105e5c0de29
66	broadband_guardrail	52001	broadband_guardrail	w003			broadband_continuum_guardrail_report_only	jwst_mcfost/runs/ice_feature_method2_pilot_v1/continuum_check_anchors.tsv	f1fd86f32eec5e20bc210ba67e2b4bc78efb69427b387e48de1c127e118636b7	ca3be8f62fc5c741b2ed68f040fac1c490a5660995bc938abcad21f265509655	1.7588530996181813						1.7588530996181813	NIRSpec			lambda_F_lambda_W_m-2			jwst_mcfost/runs/h2o_3um_method2_screen_v3/anchors/broadband_guardrail/w003/anchor.lambda	a9c5146eec96dc1ea9604097f402a7a0eb415206f4e4b32a2836e09dfdb6b5e2	full_domain_n4801	1	4801	4801	6000	1.2497396375755052	2.4796421380466373e-06	stellar_center	0.0	0.0	1.0	1	m2p25_c17p5_a0p40_q2p75_i0p05	2.25	2.75	c17p5	17.5	317.159480236321	100	1.0	7.3011756855e-08	0.03	128000	2	1	16	jwst_mcfost/runs/strict_continuum_cavity_mass_q_v1/models/m2p25_c17p5_a0p40_q2p75_i0p05/temperature/seed=41001/data_th/Temperature.fits.gz	1bd212f2f54dd8c1701a6064e129ba7fdb5721cb3fe296472433bbdd3b79ec1c	reused_accepted_continuum_temperature_screening_only_not_self_consistent_for_changed_dust	inside_h2o_optical_constants	report_only	v08_vmax0p1_amax2p0	0.1	2.0	70.0	0.04	0.96	2	5bea68cf41b73f71ecd91e3a5f09e6eb1670dd4f85f83fe2fde459beed258649	dust_axis_v08_vmax0p1_amax2p0	jwst_mcfost/runs/h2o_3um_dust_axis_grid_v1/parameters/dust_v08_vmax0p1_amax2p0_rt.para	35c5b3c7d164e483e57e031874897680ab022b4ad46f22e680fb2a4053d6ad58	dust_axis_grid_disjoint_dhs_screening_dust	jwst_mcfost/runs/h2o_3um_dust_axis_grid_v1/tasks/v08_vmax0p1_amax2p0/broadband_guardrail/t066_w003_single_s52001	47b92e000448ff0a24360a17309f71820c32e13ae805676236a300e85b32e281
67	broadband_guardrail	52001	broadband_guardrail	w004			broadband_continuum_guardrail_report_only	jwst_mcfost/runs/ice_feature_method2_pilot_v1/continuum_check_anchors.tsv	f1fd86f32eec5e20bc210ba67e2b4bc78efb69427b387e48de1c127e118636b7	ea7082373d182e4d3e13fde932c59a66963ade00a452a1124d2f4372d5278e55	2.1916659199557045						2.1916659199557045	NIRSpec			lambda_F_lambda_W_m-2			jwst_mcfost/runs/h2o_3um_method2_screen_v3/anchors/broadband_guardrail/w004/anchor.lambda	f7762b5bee0778f151ac09bf2a609fcf351f2fd1c1c57b09be9d1bd19fb77e3c	full_domain_n4801	1	4801	4801	6000	1.2497396375755052	2.4796421380466373e-06	stellar_center	0.0	0.0	1.0	1	m2p25_c17p5_a0p40_q2p75_i0p05	2.25	2.75	c17p5	17.5	317.159480236321	100	1.0	7.3011756855e-08	0.03	128000	2	1	16	jwst_mcfost/runs/strict_continuum_cavity_mass_q_v1/models/m2p25_c17p5_a0p40_q2p75_i0p05/temperature/seed=41001/data_th/Temperature.fits.gz	1bd212f2f54dd8c1701a6064e129ba7fdb5721cb3fe296472433bbdd3b79ec1c	reused_accepted_continuum_temperature_screening_only_not_self_consistent_for_changed_dust	inside_h2o_optical_constants	report_only	v08_vmax0p1_amax2p0	0.1	2.0	70.0	0.04	0.96	3	a24d6b16764baaff76e82d64dfc357a9243d4963979b202fa39013f5bf6b0102	dust_axis_v08_vmax0p1_amax2p0	jwst_mcfost/runs/h2o_3um_dust_axis_grid_v1/parameters/dust_v08_vmax0p1_amax2p0_rt.para	35c5b3c7d164e483e57e031874897680ab022b4ad46f22e680fb2a4053d6ad58	dust_axis_grid_disjoint_dhs_screening_dust	jwst_mcfost/runs/h2o_3um_dust_axis_grid_v1/tasks/v08_vmax0p1_amax2p0/broadband_guardrail/t067_w004_single_s52001	700a8df41770396f2e2bed28214fbf50d2be0bf20886be5a797f672d976882f5
68	broadband_guardrail	52001	broadband_guardrail	w005			broadband_continuum_guardrail_report_only	jwst_mcfost/runs/ice_feature_method2_pilot_v1/continuum_check_anchors.tsv	f1fd86f32eec5e20bc210ba67e2b4bc78efb69427b387e48de1c127e118636b7	26580c835ed5110860144fdcbc249ba6f16c9fef2f8ea7bab13d16dd643b6bb9	2.5463525144251218						2.5463525144251218	NIRSpec			lambda_F_lambda_W_m-2			jwst_mcfost/runs/h2o_3um_method2_screen_v3/anchors/broadband_guardrail/w005/anchor.lambda	1097793022b13ff0ac82638d85e9d60d35080eb3937764ad07599179d97862ef	full_domain_n4801	1	4801	4801	6000	1.2497396375755052	2.4796421380466373e-06	stellar_center	0.0	0.0	1.0	1	m2p25_c17p5_a0p40_q2p75_i0p05	2.25	2.75	c17p5	17.5	317.159480236321	100	1.0	7.3011756855e-08	0.03	128000	2	1	16	jwst_mcfost/runs/strict_continuum_cavity_mass_q_v1/models/m2p25_c17p5_a0p40_q2p75_i0p05/temperature/seed=41001/data_th/Temperature.fits.gz	1bd212f2f54dd8c1701a6064e129ba7fdb5721cb3fe296472433bbdd3b79ec1c	reused_accepted_continuum_temperature_screening_only_not_self_consistent_for_changed_dust	inside_h2o_optical_constants	report_only	v08_vmax0p1_amax2p0	0.1	2.0	70.0	0.04	0.96	4	3d0b057546488b3ac2d1787a936dc092d31a541500f3ca880aeb6045d816095d	dust_axis_v08_vmax0p1_amax2p0	jwst_mcfost/runs/h2o_3um_dust_axis_grid_v1/parameters/dust_v08_vmax0p1_amax2p0_rt.para	35c5b3c7d164e483e57e031874897680ab022b4ad46f22e680fb2a4053d6ad58	dust_axis_grid_disjoint_dhs_screening_dust	jwst_mcfost/runs/h2o_3um_dust_axis_grid_v1/tasks/v08_vmax0p1_amax2p0/broadband_guardrail/t068_w005_single_s52001	05d100c15a4f5ce4c2311693404efc9754746617f59c9805c3d65524fcd52e97
69	broadband_guardrail	52001	broadband_guardrail	w006			broadband_continuum_guardrail_report_only	jwst_mcfost/runs/ice_feature_method2_pilot_v1/continuum_check_anchors.tsv	f1fd86f32eec5e20bc210ba67e2b4bc78efb69427b387e48de1c127e118636b7	1026cba4b28d9f4bf3663e4dc18b1586244f74649ea0d30ad2bcc3f974c0861b	3.9143995604061015						3.9143995604061015	NIRSpec			lambda_F_lambda_W_m-2			jwst_mcfost/runs/h2o_3um_method2_screen_v3/anchors/broadband_guardrail/w006/anchor.lambda	b82128fc84cd81495038ead356b26b6e6be5f7ae7a55105af31d392047ae9385	full_domain_n4801	1	4801	4801	6000	1.2497396375755052	2.4796421380466373e-06	stellar_center	0.0	0.0	1.0	1	m2p25_c17p5_a0p40_q2p75_i0p05	2.25	2.75	c17p5	17.5	317.159480236321	100	1.0	7.3011756855e-08	0.03	128000	2	1	16	jwst_mcfost/runs/strict_continuum_cavity_mass_q_v1/models/m2p25_c17p5_a0p40_q2p75_i0p05/temperature/seed=41001/data_th/Temperature.fits.gz	1bd212f2f54dd8c1701a6064e129ba7fdb5721cb3fe296472433bbdd3b79ec1c	reused_accepted_continuum_temperature_screening_only_not_self_consistent_for_changed_dust	inside_h2o_optical_constants	report_only	v08_vmax0p1_amax2p0	0.1	2.0	70.0	0.04	0.96	5	fe325ddaacc07c82dd57c3121e3f237bb4c9911d1fba7acf23235c03ac89c3b4	dust_axis_v08_vmax0p1_amax2p0	jwst_mcfost/runs/h2o_3um_dust_axis_grid_v1/parameters/dust_v08_vmax0p1_amax2p0_rt.para	35c5b3c7d164e483e57e031874897680ab022b4ad46f22e680fb2a4053d6ad58	dust_axis_grid_disjoint_dhs_screening_dust	jwst_mcfost/runs/h2o_3um_dust_axis_grid_v1/tasks/v08_vmax0p1_amax2p0/broadband_guardrail/t069_w006_single_s52001	78c4b8fae5088ed5d6b527555736e95aadfa42376d1aa178c5871652b67a0491
70	broadband_guardrail	52001	broadband_guardrail	w007			broadband_continuum_guardrail_report_only	jwst_mcfost/runs/ice_feature_method2_pilot_v1/continuum_check_anchors.tsv	f1fd86f32eec5e20bc210ba67e2b4bc78efb69427b387e48de1c127e118636b7	91cbd5c9b4101022047aee9b5009bc5cf825f2c0850ca7446ec8f2d8eb8c416c	5.3906283153397085						5.3906283153397085	MIRI			lambda_F_lambda_W_m-2			jwst_mcfost/runs/h2o_3um_method2_screen_v3/anchors/broadband_guardrail/w007/anchor.lambda	87caf527afb4a319fcc1a82bbc39eccb30b95cfb9beacd102a79e815c7cd8f58	full_domain_n4801	1	4801	4801	6000	1.2497396375755052	2.4796421380466373e-06	stellar_center	0.0	0.0	1.0	1	m2p25_c17p5_a0p40_q2p75_i0p05	2.25	2.75	c17p5	17.5	317.159480236321	100	1.0	7.3011756855e-08	0.03	128000	2	1	16	jwst_mcfost/runs/strict_continuum_cavity_mass_q_v1/models/m2p25_c17p5_a0p40_q2p75_i0p05/temperature/seed=41001/data_th/Temperature.fits.gz	1bd212f2f54dd8c1701a6064e129ba7fdb5721cb3fe296472433bbdd3b79ec1c	reused_accepted_continuum_temperature_screening_only_not_self_consistent_for_changed_dust	inside_h2o_optical_constants	report_only	v08_vmax0p1_amax2p0	0.1	2.0	70.0	0.04	0.96	6	ef7e89378eaf7bb1fb451bd8bba89faa7711da693d1b745f61d8705bae68842c	dust_axis_v08_vmax0p1_amax2p0	jwst_mcfost/runs/h2o_3um_dust_axis_grid_v1/parameters/dust_v08_vmax0p1_amax2p0_rt.para	35c5b3c7d164e483e57e031874897680ab022b4ad46f22e680fb2a4053d6ad58	dust_axis_grid_disjoint_dhs_screening_dust	jwst_mcfost/runs/h2o_3um_dust_axis_grid_v1/tasks/v08_vmax0p1_amax2p0/broadband_guardrail/t070_w007_single_s52001	d338a020e025a5cb06c2ffdbe2ec8c26394d37a4707f5c6146ef6402eecab3ca
71	broadband_guardrail	52001	broadband_guardrail	w008			broadband_continuum_guardrail_report_only	jwst_mcfost/runs/ice_feature_method2_pilot_v1/continuum_check_anchors.tsv	f1fd86f32eec5e20bc210ba67e2b4bc78efb69427b387e48de1c127e118636b7	ff79343f5023234e348b11140f6b973d8c465bfcb3cde6046ce18f64bdb7e142	13.799908320389276						13.799908320389276	MIRI			lambda_F_lambda_W_m-2			jwst_mcfost/runs/h2o_3um_method2_screen_v3/anchors/broadband_guardrail/w008/anchor.lambda	8a30fa7840e4a27c1d6a81fa121d610c3293460d00aa1e38428c728a91dbf63a	full_domain_n4801	1	4801	4801	6000	1.2497396375755052	2.4796421380466373e-06	stellar_center	0.0	0.0	1.0	1	m2p25_c17p5_a0p40_q2p75_i0p05	2.25	2.75	c17p5	17.5	317.159480236321	100	1.0	7.3011756855e-08	0.03	128000	2	1	16	jwst_mcfost/runs/strict_continuum_cavity_mass_q_v1/models/m2p25_c17p5_a0p40_q2p75_i0p05/temperature/seed=41001/data_th/Temperature.fits.gz	1bd212f2f54dd8c1701a6064e129ba7fdb5721cb3fe296472433bbdd3b79ec1c	reused_accepted_continuum_temperature_screening_only_not_self_consistent_for_changed_dust	inside_h2o_optical_constants	report_only	v08_vmax0p1_amax2p0	0.1	2.0	70.0	0.04	0.96	7	8330a266dd31893798bd83592298ea2ab899f1c7fd626c168e51c1a0c4202903	dust_axis_v08_vmax0p1_amax2p0	jwst_mcfost/runs/h2o_3um_dust_axis_grid_v1/parameters/dust_v08_vmax0p1_amax2p0_rt.para	35c5b3c7d164e483e57e031874897680ab022b4ad46f22e680fb2a4053d6ad58	dust_axis_grid_disjoint_dhs_screening_dust	jwst_mcfost/runs/h2o_3um_dust_axis_grid_v1/tasks/v08_vmax0p1_amax2p0/broadband_guardrail/t071_w008_single_s52001	09c4268b890dc91f5f4bea099ef8088cfbe542c1a0eeccfead4120d5c3a2c3c5
72	broadband_guardrail	52001	broadband_guardrail	w001			broadband_continuum_guardrail_report_only	jwst_mcfost/runs/ice_feature_method2_pilot_v1/continuum_check_anchors.tsv	f1fd86f32eec5e20bc210ba67e2b4bc78efb69427b387e48de1c127e118636b7	be8495af19d834ec9883095aa3e489588ad62932dedba95a6ce055e53bc4efcb	1.2028117593024095						1.2028117593024095	NIRSpec			lambda_F_lambda_W_m-2			jwst_mcfost/runs/h2o_3um_method2_screen_v3/anchors/broadband_guardrail/w001/anchor.lambda	f2c711b7a22d165e60719d22fe81cbf246393fb51629f0b9dda93883c17f8e87	full_domain_n4801	1	4801	4801	6000	1.2497396375755052	2.4796421380466373e-06	stellar_center	0.0	0.0	1.0	1	m2p25_c17p5_a0p40_q2p75_i0p05	2.25	2.75	c17p5	17.5	317.159480236321	100	1.0	7.3011756855e-08	0.03	128000	2	1	16	jwst_mcfost/runs/strict_continuum_cavity_mass_q_v1/models/m2p25_c17p5_a0p40_q2p75_i0p05/temperature/seed=41001/data_th/Temperature.fits.gz	1bd212f2f54dd8c1701a6064e129ba7fdb5721cb3fe296472433bbdd3b79ec1c	reused_accepted_continuum_temperature_screening_only_not_self_consistent_for_changed_dust	inside_h2o_optical_constants	report_only	v09_base_incl60	0.8	0.4	60.0	0.04	0.96	0	0753aa87e3445e42eae140bfe4d917cbb1b787200fbeed0c439d642c9fa3b738	dust_axis_v09_base_incl60	jwst_mcfost/runs/h2o_3um_dust_axis_grid_v1/parameters/dust_v09_base_incl60_rt.para	b1d004037d1138f386c4759fd005a7cb2170782bab006c6ed3d031952960504d	dust_axis_grid_disjoint_dhs_screening_dust	jwst_mcfost/runs/h2o_3um_dust_axis_grid_v1/tasks/v09_base_incl60/broadband_guardrail/t072_w001_single_s52001	30caaf3cae3025432b9d9de05a6563e707228d97d48f92fe16bccbffd4516206
73	broadband_guardrail	52001	broadband_guardrail	w002			broadband_continuum_guardrail_report_only	jwst_mcfost/runs/ice_feature_method2_pilot_v1/continuum_check_anchors.tsv	f1fd86f32eec5e20bc210ba67e2b4bc78efb69427b387e48de1c127e118636b7	8c2d627b94e2d8d2408e8e154425025de3b0c17865e36f0d9230db46f403fa15	1.4987957445436022						1.4987957445436022	NIRSpec			lambda_F_lambda_W_m-2			jwst_mcfost/runs/h2o_3um_method2_screen_v3/anchors/broadband_guardrail/w002/anchor.lambda	e07fb493ca052ff264e01e5c8df0ac557154f8a40c47dfb456aad5930517c966	full_domain_n4801	1	4801	4801	6000	1.2497396375755052	2.4796421380466373e-06	stellar_center	0.0	0.0	1.0	1	m2p25_c17p5_a0p40_q2p75_i0p05	2.25	2.75	c17p5	17.5	317.159480236321	100	1.0	7.3011756855e-08	0.03	128000	2	1	16	jwst_mcfost/runs/strict_continuum_cavity_mass_q_v1/models/m2p25_c17p5_a0p40_q2p75_i0p05/temperature/seed=41001/data_th/Temperature.fits.gz	1bd212f2f54dd8c1701a6064e129ba7fdb5721cb3fe296472433bbdd3b79ec1c	reused_accepted_continuum_temperature_screening_only_not_self_consistent_for_changed_dust	inside_h2o_optical_constants	report_only	v09_base_incl60	0.8	0.4	60.0	0.04	0.96	1	4d6a0f6f21c2c9374490473f84d12c7ab64295daf370b4c8408bd6bc957cdbe9	dust_axis_v09_base_incl60	jwst_mcfost/runs/h2o_3um_dust_axis_grid_v1/parameters/dust_v09_base_incl60_rt.para	b1d004037d1138f386c4759fd005a7cb2170782bab006c6ed3d031952960504d	dust_axis_grid_disjoint_dhs_screening_dust	jwst_mcfost/runs/h2o_3um_dust_axis_grid_v1/tasks/v09_base_incl60/broadband_guardrail/t073_w002_single_s52001	1703a72a95cbd94b303c5255686906a6f20e036541eeee36bea4fdb892bd0a39
74	broadband_guardrail	52001	broadband_guardrail	w003			broadband_continuum_guardrail_report_only	jwst_mcfost/runs/ice_feature_method2_pilot_v1/continuum_check_anchors.tsv	f1fd86f32eec5e20bc210ba67e2b4bc78efb69427b387e48de1c127e118636b7	ca3be8f62fc5c741b2ed68f040fac1c490a5660995bc938abcad21f265509655	1.7588530996181813						1.7588530996181813	NIRSpec			lambda_F_lambda_W_m-2			jwst_mcfost/runs/h2o_3um_method2_screen_v3/anchors/broadband_guardrail/w003/anchor.lambda	a9c5146eec96dc1ea9604097f402a7a0eb415206f4e4b32a2836e09dfdb6b5e2	full_domain_n4801	1	4801	4801	6000	1.2497396375755052	2.4796421380466373e-06	stellar_center	0.0	0.0	1.0	1	m2p25_c17p5_a0p40_q2p75_i0p05	2.25	2.75	c17p5	17.5	317.159480236321	100	1.0	7.3011756855e-08	0.03	128000	2	1	16	jwst_mcfost/runs/strict_continuum_cavity_mass_q_v1/models/m2p25_c17p5_a0p40_q2p75_i0p05/temperature/seed=41001/data_th/Temperature.fits.gz	1bd212f2f54dd8c1701a6064e129ba7fdb5721cb3fe296472433bbdd3b79ec1c	reused_accepted_continuum_temperature_screening_only_not_self_consistent_for_changed_dust	inside_h2o_optical_constants	report_only	v09_base_incl60	0.8	0.4	60.0	0.04	0.96	2	5bea68cf41b73f71ecd91e3a5f09e6eb1670dd4f85f83fe2fde459beed258649	dust_axis_v09_base_incl60	jwst_mcfost/runs/h2o_3um_dust_axis_grid_v1/parameters/dust_v09_base_incl60_rt.para	b1d004037d1138f386c4759fd005a7cb2170782bab006c6ed3d031952960504d	dust_axis_grid_disjoint_dhs_screening_dust	jwst_mcfost/runs/h2o_3um_dust_axis_grid_v1/tasks/v09_base_incl60/broadband_guardrail/t074_w003_single_s52001	1f2e85aa0da71107564e513151e75077eb3b4d9879604993edb8c9bca0981ba4
75	broadband_guardrail	52001	broadband_guardrail	w004			broadband_continuum_guardrail_report_only	jwst_mcfost/runs/ice_feature_method2_pilot_v1/continuum_check_anchors.tsv	f1fd86f32eec5e20bc210ba67e2b4bc78efb69427b387e48de1c127e118636b7	ea7082373d182e4d3e13fde932c59a66963ade00a452a1124d2f4372d5278e55	2.1916659199557045						2.1916659199557045	NIRSpec			lambda_F_lambda_W_m-2			jwst_mcfost/runs/h2o_3um_method2_screen_v3/anchors/broadband_guardrail/w004/anchor.lambda	f7762b5bee0778f151ac09bf2a609fcf351f2fd1c1c57b09be9d1bd19fb77e3c	full_domain_n4801	1	4801	4801	6000	1.2497396375755052	2.4796421380466373e-06	stellar_center	0.0	0.0	1.0	1	m2p25_c17p5_a0p40_q2p75_i0p05	2.25	2.75	c17p5	17.5	317.159480236321	100	1.0	7.3011756855e-08	0.03	128000	2	1	16	jwst_mcfost/runs/strict_continuum_cavity_mass_q_v1/models/m2p25_c17p5_a0p40_q2p75_i0p05/temperature/seed=41001/data_th/Temperature.fits.gz	1bd212f2f54dd8c1701a6064e129ba7fdb5721cb3fe296472433bbdd3b79ec1c	reused_accepted_continuum_temperature_screening_only_not_self_consistent_for_changed_dust	inside_h2o_optical_constants	report_only	v09_base_incl60	0.8	0.4	60.0	0.04	0.96	3	a24d6b16764baaff76e82d64dfc357a9243d4963979b202fa39013f5bf6b0102	dust_axis_v09_base_incl60	jwst_mcfost/runs/h2o_3um_dust_axis_grid_v1/parameters/dust_v09_base_incl60_rt.para	b1d004037d1138f386c4759fd005a7cb2170782bab006c6ed3d031952960504d	dust_axis_grid_disjoint_dhs_screening_dust	jwst_mcfost/runs/h2o_3um_dust_axis_grid_v1/tasks/v09_base_incl60/broadband_guardrail/t075_w004_single_s52001	83714ab52165180873f79f0eb0a4acc601e5dc737df6a24fef6ee56b98c913a7
76	broadband_guardrail	52001	broadband_guardrail	w005			broadband_continuum_guardrail_report_only	jwst_mcfost/runs/ice_feature_method2_pilot_v1/continuum_check_anchors.tsv	f1fd86f32eec5e20bc210ba67e2b4bc78efb69427b387e48de1c127e118636b7	26580c835ed5110860144fdcbc249ba6f16c9fef2f8ea7bab13d16dd643b6bb9	2.5463525144251218						2.5463525144251218	NIRSpec			lambda_F_lambda_W_m-2			jwst_mcfost/runs/h2o_3um_method2_screen_v3/anchors/broadband_guardrail/w005/anchor.lambda	1097793022b13ff0ac82638d85e9d60d35080eb3937764ad07599179d97862ef	full_domain_n4801	1	4801	4801	6000	1.2497396375755052	2.4796421380466373e-06	stellar_center	0.0	0.0	1.0	1	m2p25_c17p5_a0p40_q2p75_i0p05	2.25	2.75	c17p5	17.5	317.159480236321	100	1.0	7.3011756855e-08	0.03	128000	2	1	16	jwst_mcfost/runs/strict_continuum_cavity_mass_q_v1/models/m2p25_c17p5_a0p40_q2p75_i0p05/temperature/seed=41001/data_th/Temperature.fits.gz	1bd212f2f54dd8c1701a6064e129ba7fdb5721cb3fe296472433bbdd3b79ec1c	reused_accepted_continuum_temperature_screening_only_not_self_consistent_for_changed_dust	inside_h2o_optical_constants	report_only	v09_base_incl60	0.8	0.4	60.0	0.04	0.96	4	3d0b057546488b3ac2d1787a936dc092d31a541500f3ca880aeb6045d816095d	dust_axis_v09_base_incl60	jwst_mcfost/runs/h2o_3um_dust_axis_grid_v1/parameters/dust_v09_base_incl60_rt.para	b1d004037d1138f386c4759fd005a7cb2170782bab006c6ed3d031952960504d	dust_axis_grid_disjoint_dhs_screening_dust	jwst_mcfost/runs/h2o_3um_dust_axis_grid_v1/tasks/v09_base_incl60/broadband_guardrail/t076_w005_single_s52001	1c3969a6100292237d52d9ec4e5020ddef6265da108339692ec12c05289a25bc
77	broadband_guardrail	52001	broadband_guardrail	w006			broadband_continuum_guardrail_report_only	jwst_mcfost/runs/ice_feature_method2_pilot_v1/continuum_check_anchors.tsv	f1fd86f32eec5e20bc210ba67e2b4bc78efb69427b387e48de1c127e118636b7	1026cba4b28d9f4bf3663e4dc18b1586244f74649ea0d30ad2bcc3f974c0861b	3.9143995604061015						3.9143995604061015	NIRSpec			lambda_F_lambda_W_m-2			jwst_mcfost/runs/h2o_3um_method2_screen_v3/anchors/broadband_guardrail/w006/anchor.lambda	b82128fc84cd81495038ead356b26b6e6be5f7ae7a55105af31d392047ae9385	full_domain_n4801	1	4801	4801	6000	1.2497396375755052	2.4796421380466373e-06	stellar_center	0.0	0.0	1.0	1	m2p25_c17p5_a0p40_q2p75_i0p05	2.25	2.75	c17p5	17.5	317.159480236321	100	1.0	7.3011756855e-08	0.03	128000	2	1	16	jwst_mcfost/runs/strict_continuum_cavity_mass_q_v1/models/m2p25_c17p5_a0p40_q2p75_i0p05/temperature/seed=41001/data_th/Temperature.fits.gz	1bd212f2f54dd8c1701a6064e129ba7fdb5721cb3fe296472433bbdd3b79ec1c	reused_accepted_continuum_temperature_screening_only_not_self_consistent_for_changed_dust	inside_h2o_optical_constants	report_only	v09_base_incl60	0.8	0.4	60.0	0.04	0.96	5	fe325ddaacc07c82dd57c3121e3f237bb4c9911d1fba7acf23235c03ac89c3b4	dust_axis_v09_base_incl60	jwst_mcfost/runs/h2o_3um_dust_axis_grid_v1/parameters/dust_v09_base_incl60_rt.para	b1d004037d1138f386c4759fd005a7cb2170782bab006c6ed3d031952960504d	dust_axis_grid_disjoint_dhs_screening_dust	jwst_mcfost/runs/h2o_3um_dust_axis_grid_v1/tasks/v09_base_incl60/broadband_guardrail/t077_w006_single_s52001	5642d8b4efb6684c0dfe49488f033725da33b05761a13bf87cd0558b2c2f35c4
78	broadband_guardrail	52001	broadband_guardrail	w007			broadband_continuum_guardrail_report_only	jwst_mcfost/runs/ice_feature_method2_pilot_v1/continuum_check_anchors.tsv	f1fd86f32eec5e20bc210ba67e2b4bc78efb69427b387e48de1c127e118636b7	91cbd5c9b4101022047aee9b5009bc5cf825f2c0850ca7446ec8f2d8eb8c416c	5.3906283153397085						5.3906283153397085	MIRI			lambda_F_lambda_W_m-2			jwst_mcfost/runs/h2o_3um_method2_screen_v3/anchors/broadband_guardrail/w007/anchor.lambda	87caf527afb4a319fcc1a82bbc39eccb30b95cfb9beacd102a79e815c7cd8f58	full_domain_n4801	1	4801	4801	6000	1.2497396375755052	2.4796421380466373e-06	stellar_center	0.0	0.0	1.0	1	m2p25_c17p5_a0p40_q2p75_i0p05	2.25	2.75	c17p5	17.5	317.159480236321	100	1.0	7.3011756855e-08	0.03	128000	2	1	16	jwst_mcfost/runs/strict_continuum_cavity_mass_q_v1/models/m2p25_c17p5_a0p40_q2p75_i0p05/temperature/seed=41001/data_th/Temperature.fits.gz	1bd212f2f54dd8c1701a6064e129ba7fdb5721cb3fe296472433bbdd3b79ec1c	reused_accepted_continuum_temperature_screening_only_not_self_consistent_for_changed_dust	inside_h2o_optical_constants	report_only	v09_base_incl60	0.8	0.4	60.0	0.04	0.96	6	ef7e89378eaf7bb1fb451bd8bba89faa7711da693d1b745f61d8705bae68842c	dust_axis_v09_base_incl60	jwst_mcfost/runs/h2o_3um_dust_axis_grid_v1/parameters/dust_v09_base_incl60_rt.para	b1d004037d1138f386c4759fd005a7cb2170782bab006c6ed3d031952960504d	dust_axis_grid_disjoint_dhs_screening_dust	jwst_mcfost/runs/h2o_3um_dust_axis_grid_v1/tasks/v09_base_incl60/broadband_guardrail/t078_w007_single_s52001	b079f1bd7e5d1736e2eced4cda50916e00f5866e5a80ade4b5a068cb8ffd9a1f
79	broadband_guardrail	52001	broadband_guardrail	w008			broadband_continuum_guardrail_report_only	jwst_mcfost/runs/ice_feature_method2_pilot_v1/continuum_check_anchors.tsv	f1fd86f32eec5e20bc210ba67e2b4bc78efb69427b387e48de1c127e118636b7	ff79343f5023234e348b11140f6b973d8c465bfcb3cde6046ce18f64bdb7e142	13.799908320389276						13.799908320389276	MIRI			lambda_F_lambda_W_m-2			jwst_mcfost/runs/h2o_3um_method2_screen_v3/anchors/broadband_guardrail/w008/anchor.lambda	8a30fa7840e4a27c1d6a81fa121d610c3293460d00aa1e38428c728a91dbf63a	full_domain_n4801	1	4801	4801	6000	1.2497396375755052	2.4796421380466373e-06	stellar_center	0.0	0.0	1.0	1	m2p25_c17p5_a0p40_q2p75_i0p05	2.25	2.75	c17p5	17.5	317.159480236321	100	1.0	7.3011756855e-08	0.03	128000	2	1	16	jwst_mcfost/runs/strict_continuum_cavity_mass_q_v1/models/m2p25_c17p5_a0p40_q2p75_i0p05/temperature/seed=41001/data_th/Temperature.fits.gz	1bd212f2f54dd8c1701a6064e129ba7fdb5721cb3fe296472433bbdd3b79ec1c	reused_accepted_continuum_temperature_screening_only_not_self_consistent_for_changed_dust	inside_h2o_optical_constants	report_only	v09_base_incl60	0.8	0.4	60.0	0.04	0.96	7	8330a266dd31893798bd83592298ea2ab899f1c7fd626c168e51c1a0c4202903	dust_axis_v09_base_incl60	jwst_mcfost/runs/h2o_3um_dust_axis_grid_v1/parameters/dust_v09_base_incl60_rt.para	b1d004037d1138f386c4759fd005a7cb2170782bab006c6ed3d031952960504d	dust_axis_grid_disjoint_dhs_screening_dust	jwst_mcfost/runs/h2o_3um_dust_axis_grid_v1/tasks/v09_base_incl60/broadband_guardrail/t079_w008_single_s52001	a0ee9f0fa0caf50ca6969d12793691c5f33be3bc159ae5ca68a3aa9840a9bc28
80	broadband_guardrail	52001	broadband_guardrail	w001			broadband_continuum_guardrail_report_only	jwst_mcfost/runs/ice_feature_method2_pilot_v1/continuum_check_anchors.tsv	f1fd86f32eec5e20bc210ba67e2b4bc78efb69427b387e48de1c127e118636b7	be8495af19d834ec9883095aa3e489588ad62932dedba95a6ce055e53bc4efcb	1.2028117593024095						1.2028117593024095	NIRSpec			lambda_F_lambda_W_m-2			jwst_mcfost/runs/h2o_3um_method2_screen_v3/anchors/broadband_guardrail/w001/anchor.lambda	f2c711b7a22d165e60719d22fe81cbf246393fb51629f0b9dda93883c17f8e87	full_domain_n4801	1	4801	4801	6000	1.2497396375755052	2.4796421380466373e-06	stellar_center	0.0	0.0	1.0	1	m2p25_c17p5_a0p40_q2p75_i0p05	2.25	2.75	c17p5	17.5	317.159480236321	100	1.0	7.3011756855e-08	0.03	128000	2	1	16	jwst_mcfost/runs/strict_continuum_cavity_mass_q_v1/models/m2p25_c17p5_a0p40_q2p75_i0p05/temperature/seed=41001/data_th/Temperature.fits.gz	1bd212f2f54dd8c1701a6064e129ba7fdb5721cb3fe296472433bbdd3b79ec1c	reused_accepted_continuum_temperature_screening_only_not_self_consistent_for_changed_dust	inside_h2o_optical_constants	report_only	v10_base_incl50	0.8	0.4	50.0	0.04	0.96	0	0753aa87e3445e42eae140bfe4d917cbb1b787200fbeed0c439d642c9fa3b738	dust_axis_v10_base_incl50	jwst_mcfost/runs/h2o_3um_dust_axis_grid_v1/parameters/dust_v10_base_incl50_rt.para	cfd9f8741b081f1f1ced7dd326d9e9eb66f9c518f1cb65b022b1c50082a40279	dust_axis_grid_disjoint_dhs_screening_dust	jwst_mcfost/runs/h2o_3um_dust_axis_grid_v1/tasks/v10_base_incl50/broadband_guardrail/t080_w001_single_s52001	eaedbfcfbdc73fa5652af252aa38e93d1bd396b4124ed6aaae8ee7984b2ac2c4
81	broadband_guardrail	52001	broadband_guardrail	w002			broadband_continuum_guardrail_report_only	jwst_mcfost/runs/ice_feature_method2_pilot_v1/continuum_check_anchors.tsv	f1fd86f32eec5e20bc210ba67e2b4bc78efb69427b387e48de1c127e118636b7	8c2d627b94e2d8d2408e8e154425025de3b0c17865e36f0d9230db46f403fa15	1.4987957445436022						1.4987957445436022	NIRSpec			lambda_F_lambda_W_m-2			jwst_mcfost/runs/h2o_3um_method2_screen_v3/anchors/broadband_guardrail/w002/anchor.lambda	e07fb493ca052ff264e01e5c8df0ac557154f8a40c47dfb456aad5930517c966	full_domain_n4801	1	4801	4801	6000	1.2497396375755052	2.4796421380466373e-06	stellar_center	0.0	0.0	1.0	1	m2p25_c17p5_a0p40_q2p75_i0p05	2.25	2.75	c17p5	17.5	317.159480236321	100	1.0	7.3011756855e-08	0.03	128000	2	1	16	jwst_mcfost/runs/strict_continuum_cavity_mass_q_v1/models/m2p25_c17p5_a0p40_q2p75_i0p05/temperature/seed=41001/data_th/Temperature.fits.gz	1bd212f2f54dd8c1701a6064e129ba7fdb5721cb3fe296472433bbdd3b79ec1c	reused_accepted_continuum_temperature_screening_only_not_self_consistent_for_changed_dust	inside_h2o_optical_constants	report_only	v10_base_incl50	0.8	0.4	50.0	0.04	0.96	1	4d6a0f6f21c2c9374490473f84d12c7ab64295daf370b4c8408bd6bc957cdbe9	dust_axis_v10_base_incl50	jwst_mcfost/runs/h2o_3um_dust_axis_grid_v1/parameters/dust_v10_base_incl50_rt.para	cfd9f8741b081f1f1ced7dd326d9e9eb66f9c518f1cb65b022b1c50082a40279	dust_axis_grid_disjoint_dhs_screening_dust	jwst_mcfost/runs/h2o_3um_dust_axis_grid_v1/tasks/v10_base_incl50/broadband_guardrail/t081_w002_single_s52001	977b7eeeac2f28dd903c87d5f58c0f3735565442bc91d69acd1d8053b471f229
82	broadband_guardrail	52001	broadband_guardrail	w003			broadband_continuum_guardrail_report_only	jwst_mcfost/runs/ice_feature_method2_pilot_v1/continuum_check_anchors.tsv	f1fd86f32eec5e20bc210ba67e2b4bc78efb69427b387e48de1c127e118636b7	ca3be8f62fc5c741b2ed68f040fac1c490a5660995bc938abcad21f265509655	1.7588530996181813						1.7588530996181813	NIRSpec			lambda_F_lambda_W_m-2			jwst_mcfost/runs/h2o_3um_method2_screen_v3/anchors/broadband_guardrail/w003/anchor.lambda	a9c5146eec96dc1ea9604097f402a7a0eb415206f4e4b32a2836e09dfdb6b5e2	full_domain_n4801	1	4801	4801	6000	1.2497396375755052	2.4796421380466373e-06	stellar_center	0.0	0.0	1.0	1	m2p25_c17p5_a0p40_q2p75_i0p05	2.25	2.75	c17p5	17.5	317.159480236321	100	1.0	7.3011756855e-08	0.03	128000	2	1	16	jwst_mcfost/runs/strict_continuum_cavity_mass_q_v1/models/m2p25_c17p5_a0p40_q2p75_i0p05/temperature/seed=41001/data_th/Temperature.fits.gz	1bd212f2f54dd8c1701a6064e129ba7fdb5721cb3fe296472433bbdd3b79ec1c	reused_accepted_continuum_temperature_screening_only_not_self_consistent_for_changed_dust	inside_h2o_optical_constants	report_only	v10_base_incl50	0.8	0.4	50.0	0.04	0.96	2	5bea68cf41b73f71ecd91e3a5f09e6eb1670dd4f85f83fe2fde459beed258649	dust_axis_v10_base_incl50	jwst_mcfost/runs/h2o_3um_dust_axis_grid_v1/parameters/dust_v10_base_incl50_rt.para	cfd9f8741b081f1f1ced7dd326d9e9eb66f9c518f1cb65b022b1c50082a40279	dust_axis_grid_disjoint_dhs_screening_dust	jwst_mcfost/runs/h2o_3um_dust_axis_grid_v1/tasks/v10_base_incl50/broadband_guardrail/t082_w003_single_s52001	5c0542cde90b8dbbd0d48fd5172cba22d4b9fb4aa22ee6f7ba979830a14b98e9
83	broadband_guardrail	52001	broadband_guardrail	w004			broadband_continuum_guardrail_report_only	jwst_mcfost/runs/ice_feature_method2_pilot_v1/continuum_check_anchors.tsv	f1fd86f32eec5e20bc210ba67e2b4bc78efb69427b387e48de1c127e118636b7	ea7082373d182e4d3e13fde932c59a66963ade00a452a1124d2f4372d5278e55	2.1916659199557045						2.1916659199557045	NIRSpec			lambda_F_lambda_W_m-2			jwst_mcfost/runs/h2o_3um_method2_screen_v3/anchors/broadband_guardrail/w004/anchor.lambda	f7762b5bee0778f151ac09bf2a609fcf351f2fd1c1c57b09be9d1bd19fb77e3c	full_domain_n4801	1	4801	4801	6000	1.2497396375755052	2.4796421380466373e-06	stellar_center	0.0	0.0	1.0	1	m2p25_c17p5_a0p40_q2p75_i0p05	2.25	2.75	c17p5	17.5	317.159480236321	100	1.0	7.3011756855e-08	0.03	128000	2	1	16	jwst_mcfost/runs/strict_continuum_cavity_mass_q_v1/models/m2p25_c17p5_a0p40_q2p75_i0p05/temperature/seed=41001/data_th/Temperature.fits.gz	1bd212f2f54dd8c1701a6064e129ba7fdb5721cb3fe296472433bbdd3b79ec1c	reused_accepted_continuum_temperature_screening_only_not_self_consistent_for_changed_dust	inside_h2o_optical_constants	report_only	v10_base_incl50	0.8	0.4	50.0	0.04	0.96	3	a24d6b16764baaff76e82d64dfc357a9243d4963979b202fa39013f5bf6b0102	dust_axis_v10_base_incl50	jwst_mcfost/runs/h2o_3um_dust_axis_grid_v1/parameters/dust_v10_base_incl50_rt.para	cfd9f8741b081f1f1ced7dd326d9e9eb66f9c518f1cb65b022b1c50082a40279	dust_axis_grid_disjoint_dhs_screening_dust	jwst_mcfost/runs/h2o_3um_dust_axis_grid_v1/tasks/v10_base_incl50/broadband_guardrail/t083_w004_single_s52001	871a56625910af316ece0eb5cc8ab74353dbe43215b7377db04ce47feedb01f2
84	broadband_guardrail	52001	broadband_guardrail	w005			broadband_continuum_guardrail_report_only	jwst_mcfost/runs/ice_feature_method2_pilot_v1/continuum_check_anchors.tsv	f1fd86f32eec5e20bc210ba67e2b4bc78efb69427b387e48de1c127e118636b7	26580c835ed5110860144fdcbc249ba6f16c9fef2f8ea7bab13d16dd643b6bb9	2.5463525144251218						2.5463525144251218	NIRSpec			lambda_F_lambda_W_m-2			jwst_mcfost/runs/h2o_3um_method2_screen_v3/anchors/broadband_guardrail/w005/anchor.lambda	1097793022b13ff0ac82638d85e9d60d35080eb3937764ad07599179d97862ef	full_domain_n4801	1	4801	4801	6000	1.2497396375755052	2.4796421380466373e-06	stellar_center	0.0	0.0	1.0	1	m2p25_c17p5_a0p40_q2p75_i0p05	2.25	2.75	c17p5	17.5	317.159480236321	100	1.0	7.3011756855e-08	0.03	128000	2	1	16	jwst_mcfost/runs/strict_continuum_cavity_mass_q_v1/models/m2p25_c17p5_a0p40_q2p75_i0p05/temperature/seed=41001/data_th/Temperature.fits.gz	1bd212f2f54dd8c1701a6064e129ba7fdb5721cb3fe296472433bbdd3b79ec1c	reused_accepted_continuum_temperature_screening_only_not_self_consistent_for_changed_dust	inside_h2o_optical_constants	report_only	v10_base_incl50	0.8	0.4	50.0	0.04	0.96	4	3d0b057546488b3ac2d1787a936dc092d31a541500f3ca880aeb6045d816095d	dust_axis_v10_base_incl50	jwst_mcfost/runs/h2o_3um_dust_axis_grid_v1/parameters/dust_v10_base_incl50_rt.para	cfd9f8741b081f1f1ced7dd326d9e9eb66f9c518f1cb65b022b1c50082a40279	dust_axis_grid_disjoint_dhs_screening_dust	jwst_mcfost/runs/h2o_3um_dust_axis_grid_v1/tasks/v10_base_incl50/broadband_guardrail/t084_w005_single_s52001	3e6b82b62fba903d295938939465125b4b8e10e4690a892715ab5d79de2e4b2c
85	broadband_guardrail	52001	broadband_guardrail	w006			broadband_continuum_guardrail_report_only	jwst_mcfost/runs/ice_feature_method2_pilot_v1/continuum_check_anchors.tsv	f1fd86f32eec5e20bc210ba67e2b4bc78efb69427b387e48de1c127e118636b7	1026cba4b28d9f4bf3663e4dc18b1586244f74649ea0d30ad2bcc3f974c0861b	3.9143995604061015						3.9143995604061015	NIRSpec			lambda_F_lambda_W_m-2			jwst_mcfost/runs/h2o_3um_method2_screen_v3/anchors/broadband_guardrail/w006/anchor.lambda	b82128fc84cd81495038ead356b26b6e6be5f7ae7a55105af31d392047ae9385	full_domain_n4801	1	4801	4801	6000	1.2497396375755052	2.4796421380466373e-06	stellar_center	0.0	0.0	1.0	1	m2p25_c17p5_a0p40_q2p75_i0p05	2.25	2.75	c17p5	17.5	317.159480236321	100	1.0	7.3011756855e-08	0.03	128000	2	1	16	jwst_mcfost/runs/strict_continuum_cavity_mass_q_v1/models/m2p25_c17p5_a0p40_q2p75_i0p05/temperature/seed=41001/data_th/Temperature.fits.gz	1bd212f2f54dd8c1701a6064e129ba7fdb5721cb3fe296472433bbdd3b79ec1c	reused_accepted_continuum_temperature_screening_only_not_self_consistent_for_changed_dust	inside_h2o_optical_constants	report_only	v10_base_incl50	0.8	0.4	50.0	0.04	0.96	5	fe325ddaacc07c82dd57c3121e3f237bb4c9911d1fba7acf23235c03ac89c3b4	dust_axis_v10_base_incl50	jwst_mcfost/runs/h2o_3um_dust_axis_grid_v1/parameters/dust_v10_base_incl50_rt.para	cfd9f8741b081f1f1ced7dd326d9e9eb66f9c518f1cb65b022b1c50082a40279	dust_axis_grid_disjoint_dhs_screening_dust	jwst_mcfost/runs/h2o_3um_dust_axis_grid_v1/tasks/v10_base_incl50/broadband_guardrail/t085_w006_single_s52001	1a64f5b01f749fc4c0cb0293c48115348ff1c3b772b6a2b7aac1453fed205a40
86	broadband_guardrail	52001	broadband_guardrail	w007			broadband_continuum_guardrail_report_only	jwst_mcfost/runs/ice_feature_method2_pilot_v1/continuum_check_anchors.tsv	f1fd86f32eec5e20bc210ba67e2b4bc78efb69427b387e48de1c127e118636b7	91cbd5c9b4101022047aee9b5009bc5cf825f2c0850ca7446ec8f2d8eb8c416c	5.3906283153397085						5.3906283153397085	MIRI			lambda_F_lambda_W_m-2			jwst_mcfost/runs/h2o_3um_method2_screen_v3/anchors/broadband_guardrail/w007/anchor.lambda	87caf527afb4a319fcc1a82bbc39eccb30b95cfb9beacd102a79e815c7cd8f58	full_domain_n4801	1	4801	4801	6000	1.2497396375755052	2.4796421380466373e-06	stellar_center	0.0	0.0	1.0	1	m2p25_c17p5_a0p40_q2p75_i0p05	2.25	2.75	c17p5	17.5	317.159480236321	100	1.0	7.3011756855e-08	0.03	128000	2	1	16	jwst_mcfost/runs/strict_continuum_cavity_mass_q_v1/models/m2p25_c17p5_a0p40_q2p75_i0p05/temperature/seed=41001/data_th/Temperature.fits.gz	1bd212f2f54dd8c1701a6064e129ba7fdb5721cb3fe296472433bbdd3b79ec1c	reused_accepted_continuum_temperature_screening_only_not_self_consistent_for_changed_dust	inside_h2o_optical_constants	report_only	v10_base_incl50	0.8	0.4	50.0	0.04	0.96	6	ef7e89378eaf7bb1fb451bd8bba89faa7711da693d1b745f61d8705bae68842c	dust_axis_v10_base_incl50	jwst_mcfost/runs/h2o_3um_dust_axis_grid_v1/parameters/dust_v10_base_incl50_rt.para	cfd9f8741b081f1f1ced7dd326d9e9eb66f9c518f1cb65b022b1c50082a40279	dust_axis_grid_disjoint_dhs_screening_dust	jwst_mcfost/runs/h2o_3um_dust_axis_grid_v1/tasks/v10_base_incl50/broadband_guardrail/t086_w007_single_s52001	f0e52ee37adcb1688797f8ead349cfba4ffd7ad41e7ff4c9b6d74d8f9267953b
87	broadband_guardrail	52001	broadband_guardrail	w008			broadband_continuum_guardrail_report_only	jwst_mcfost/runs/ice_feature_method2_pilot_v1/continuum_check_anchors.tsv	f1fd86f32eec5e20bc210ba67e2b4bc78efb69427b387e48de1c127e118636b7	ff79343f5023234e348b11140f6b973d8c465bfcb3cde6046ce18f64bdb7e142	13.799908320389276						13.799908320389276	MIRI			lambda_F_lambda_W_m-2			jwst_mcfost/runs/h2o_3um_method2_screen_v3/anchors/broadband_guardrail/w008/anchor.lambda	8a30fa7840e4a27c1d6a81fa121d610c3293460d00aa1e38428c728a91dbf63a	full_domain_n4801	1	4801	4801	6000	1.2497396375755052	2.4796421380466373e-06	stellar_center	0.0	0.0	1.0	1	m2p25_c17p5_a0p40_q2p75_i0p05	2.25	2.75	c17p5	17.5	317.159480236321	100	1.0	7.3011756855e-08	0.03	128000	2	1	16	jwst_mcfost/runs/strict_continuum_cavity_mass_q_v1/models/m2p25_c17p5_a0p40_q2p75_i0p05/temperature/seed=41001/data_th/Temperature.fits.gz	1bd212f2f54dd8c1701a6064e129ba7fdb5721cb3fe296472433bbdd3b79ec1c	reused_accepted_continuum_temperature_screening_only_not_self_consistent_for_changed_dust	inside_h2o_optical_constants	report_only	v10_base_incl50	0.8	0.4	50.0	0.04	0.96	7	8330a266dd31893798bd83592298ea2ab899f1c7fd626c168e51c1a0c4202903	dust_axis_v10_base_incl50	jwst_mcfost/runs/h2o_3um_dust_axis_grid_v1/parameters/dust_v10_base_incl50_rt.para	cfd9f8741b081f1f1ced7dd326d9e9eb66f9c518f1cb65b022b1c50082a40279	dust_axis_grid_disjoint_dhs_screening_dust	jwst_mcfost/runs/h2o_3um_dust_axis_grid_v1/tasks/v10_base_incl50/broadband_guardrail/t087_w008_single_s52001	1468b7f3a66e2a24c4513095939af734dc0ab9d93958e1bbad810cf0cca7f176
88	broadband_guardrail	52001	broadband_guardrail	w001			broadband_continuum_guardrail_report_only	jwst_mcfost/runs/ice_feature_method2_pilot_v1/continuum_check_anchors.tsv	f1fd86f32eec5e20bc210ba67e2b4bc78efb69427b387e48de1c127e118636b7	be8495af19d834ec9883095aa3e489588ad62932dedba95a6ce055e53bc4efcb	1.2028117593024095						1.2028117593024095	NIRSpec			lambda_F_lambda_W_m-2			jwst_mcfost/runs/h2o_3um_method2_screen_v3/anchors/broadband_guardrail/w001/anchor.lambda	f2c711b7a22d165e60719d22fe81cbf246393fb51629f0b9dda93883c17f8e87	full_domain_n4801	1	4801	4801	6000	1.2497396375755052	2.4796421380466373e-06	stellar_center	0.0	0.0	1.0	1	m2p25_c17p5_a0p40_q2p75_i0p05	2.25	2.75	c17p5	17.5	317.159480236321	100	1.0	7.3011756855e-08	0.03	128000	2	1	16	jwst_mcfost/runs/strict_continuum_cavity_mass_q_v1/models/m2p25_c17p5_a0p40_q2p75_i0p05/temperature/seed=41001/data_th/Temperature.fits.gz	1bd212f2f54dd8c1701a6064e129ba7fdb5721cb3fe296472433bbdd3b79ec1c	reused_accepted_continuum_temperature_screening_only_not_self_consistent_for_changed_dust	inside_h2o_optical_constants	report_only	v11_vmax0p1_amax1p0_incl60	0.1	1.0	60.0	0.04	0.96	0	0753aa87e3445e42eae140bfe4d917cbb1b787200fbeed0c439d642c9fa3b738	dust_axis_v11_vmax0p1_amax1p0_incl60	jwst_mcfost/runs/h2o_3um_dust_axis_grid_v1/parameters/dust_v11_vmax0p1_amax1p0_incl60_rt.para	e5bef92ac0e146c6f1213afd71aabc4ac6b1b45ef4bb093b1f59e7a887fc7c92	dust_axis_grid_disjoint_dhs_screening_dust	jwst_mcfost/runs/h2o_3um_dust_axis_grid_v1/tasks/v11_vmax0p1_amax1p0_incl60/broadband_guardrail/t088_w001_single_s52001	1c13c2dca338cad7fb4c8a37a8da08a19d802da04f0d70f471a34fc2c76692ce
89	broadband_guardrail	52001	broadband_guardrail	w002			broadband_continuum_guardrail_report_only	jwst_mcfost/runs/ice_feature_method2_pilot_v1/continuum_check_anchors.tsv	f1fd86f32eec5e20bc210ba67e2b4bc78efb69427b387e48de1c127e118636b7	8c2d627b94e2d8d2408e8e154425025de3b0c17865e36f0d9230db46f403fa15	1.4987957445436022						1.4987957445436022	NIRSpec			lambda_F_lambda_W_m-2			jwst_mcfost/runs/h2o_3um_method2_screen_v3/anchors/broadband_guardrail/w002/anchor.lambda	e07fb493ca052ff264e01e5c8df0ac557154f8a40c47dfb456aad5930517c966	full_domain_n4801	1	4801	4801	6000	1.2497396375755052	2.4796421380466373e-06	stellar_center	0.0	0.0	1.0	1	m2p25_c17p5_a0p40_q2p75_i0p05	2.25	2.75	c17p5	17.5	317.159480236321	100	1.0	7.3011756855e-08	0.03	128000	2	1	16	jwst_mcfost/runs/strict_continuum_cavity_mass_q_v1/models/m2p25_c17p5_a0p40_q2p75_i0p05/temperature/seed=41001/data_th/Temperature.fits.gz	1bd212f2f54dd8c1701a6064e129ba7fdb5721cb3fe296472433bbdd3b79ec1c	reused_accepted_continuum_temperature_screening_only_not_self_consistent_for_changed_dust	inside_h2o_optical_constants	report_only	v11_vmax0p1_amax1p0_incl60	0.1	1.0	60.0	0.04	0.96	1	4d6a0f6f21c2c9374490473f84d12c7ab64295daf370b4c8408bd6bc957cdbe9	dust_axis_v11_vmax0p1_amax1p0_incl60	jwst_mcfost/runs/h2o_3um_dust_axis_grid_v1/parameters/dust_v11_vmax0p1_amax1p0_incl60_rt.para	e5bef92ac0e146c6f1213afd71aabc4ac6b1b45ef4bb093b1f59e7a887fc7c92	dust_axis_grid_disjoint_dhs_screening_dust	jwst_mcfost/runs/h2o_3um_dust_axis_grid_v1/tasks/v11_vmax0p1_amax1p0_incl60/broadband_guardrail/t089_w002_single_s52001	1af1419ea2ef39adc3066bd216524448f7787c1fca7324b0e4f7379556bdd176
90	broadband_guardrail	52001	broadband_guardrail	w003			broadband_continuum_guardrail_report_only	jwst_mcfost/runs/ice_feature_method2_pilot_v1/continuum_check_anchors.tsv	f1fd86f32eec5e20bc210ba67e2b4bc78efb69427b387e48de1c127e118636b7	ca3be8f62fc5c741b2ed68f040fac1c490a5660995bc938abcad21f265509655	1.7588530996181813						1.7588530996181813	NIRSpec			lambda_F_lambda_W_m-2			jwst_mcfost/runs/h2o_3um_method2_screen_v3/anchors/broadband_guardrail/w003/anchor.lambda	a9c5146eec96dc1ea9604097f402a7a0eb415206f4e4b32a2836e09dfdb6b5e2	full_domain_n4801	1	4801	4801	6000	1.2497396375755052	2.4796421380466373e-06	stellar_center	0.0	0.0	1.0	1	m2p25_c17p5_a0p40_q2p75_i0p05	2.25	2.75	c17p5	17.5	317.159480236321	100	1.0	7.3011756855e-08	0.03	128000	2	1	16	jwst_mcfost/runs/strict_continuum_cavity_mass_q_v1/models/m2p25_c17p5_a0p40_q2p75_i0p05/temperature/seed=41001/data_th/Temperature.fits.gz	1bd212f2f54dd8c1701a6064e129ba7fdb5721cb3fe296472433bbdd3b79ec1c	reused_accepted_continuum_temperature_screening_only_not_self_consistent_for_changed_dust	inside_h2o_optical_constants	report_only	v11_vmax0p1_amax1p0_incl60	0.1	1.0	60.0	0.04	0.96	2	5bea68cf41b73f71ecd91e3a5f09e6eb1670dd4f85f83fe2fde459beed258649	dust_axis_v11_vmax0p1_amax1p0_incl60	jwst_mcfost/runs/h2o_3um_dust_axis_grid_v1/parameters/dust_v11_vmax0p1_amax1p0_incl60_rt.para	e5bef92ac0e146c6f1213afd71aabc4ac6b1b45ef4bb093b1f59e7a887fc7c92	dust_axis_grid_disjoint_dhs_screening_dust	jwst_mcfost/runs/h2o_3um_dust_axis_grid_v1/tasks/v11_vmax0p1_amax1p0_incl60/broadband_guardrail/t090_w003_single_s52001	7a03f24d83f0a8149773478cf5a67a1ea5f4247f334560a4c4f8c6d808d0a5ad
91	broadband_guardrail	52001	broadband_guardrail	w004			broadband_continuum_guardrail_report_only	jwst_mcfost/runs/ice_feature_method2_pilot_v1/continuum_check_anchors.tsv	f1fd86f32eec5e20bc210ba67e2b4bc78efb69427b387e48de1c127e118636b7	ea7082373d182e4d3e13fde932c59a66963ade00a452a1124d2f4372d5278e55	2.1916659199557045						2.1916659199557045	NIRSpec			lambda_F_lambda_W_m-2			jwst_mcfost/runs/h2o_3um_method2_screen_v3/anchors/broadband_guardrail/w004/anchor.lambda	f7762b5bee0778f151ac09bf2a609fcf351f2fd1c1c57b09be9d1bd19fb77e3c	full_domain_n4801	1	4801	4801	6000	1.2497396375755052	2.4796421380466373e-06	stellar_center	0.0	0.0	1.0	1	m2p25_c17p5_a0p40_q2p75_i0p05	2.25	2.75	c17p5	17.5	317.159480236321	100	1.0	7.3011756855e-08	0.03	128000	2	1	16	jwst_mcfost/runs/strict_continuum_cavity_mass_q_v1/models/m2p25_c17p5_a0p40_q2p75_i0p05/temperature/seed=41001/data_th/Temperature.fits.gz	1bd212f2f54dd8c1701a6064e129ba7fdb5721cb3fe296472433bbdd3b79ec1c	reused_accepted_continuum_temperature_screening_only_not_self_consistent_for_changed_dust	inside_h2o_optical_constants	report_only	v11_vmax0p1_amax1p0_incl60	0.1	1.0	60.0	0.04	0.96	3	a24d6b16764baaff76e82d64dfc357a9243d4963979b202fa39013f5bf6b0102	dust_axis_v11_vmax0p1_amax1p0_incl60	jwst_mcfost/runs/h2o_3um_dust_axis_grid_v1/parameters/dust_v11_vmax0p1_amax1p0_incl60_rt.para	e5bef92ac0e146c6f1213afd71aabc4ac6b1b45ef4bb093b1f59e7a887fc7c92	dust_axis_grid_disjoint_dhs_screening_dust	jwst_mcfost/runs/h2o_3um_dust_axis_grid_v1/tasks/v11_vmax0p1_amax1p0_incl60/broadband_guardrail/t091_w004_single_s52001	c868ef71c5787d91d8873a242958991d8cc1baef96f806bbb7d94aae3f9566a5
92	broadband_guardrail	52001	broadband_guardrail	w005			broadband_continuum_guardrail_report_only	jwst_mcfost/runs/ice_feature_method2_pilot_v1/continuum_check_anchors.tsv	f1fd86f32eec5e20bc210ba67e2b4bc78efb69427b387e48de1c127e118636b7	26580c835ed5110860144fdcbc249ba6f16c9fef2f8ea7bab13d16dd643b6bb9	2.5463525144251218						2.5463525144251218	NIRSpec			lambda_F_lambda_W_m-2			jwst_mcfost/runs/h2o_3um_method2_screen_v3/anchors/broadband_guardrail/w005/anchor.lambda	1097793022b13ff0ac82638d85e9d60d35080eb3937764ad07599179d97862ef	full_domain_n4801	1	4801	4801	6000	1.2497396375755052	2.4796421380466373e-06	stellar_center	0.0	0.0	1.0	1	m2p25_c17p5_a0p40_q2p75_i0p05	2.25	2.75	c17p5	17.5	317.159480236321	100	1.0	7.3011756855e-08	0.03	128000	2	1	16	jwst_mcfost/runs/strict_continuum_cavity_mass_q_v1/models/m2p25_c17p5_a0p40_q2p75_i0p05/temperature/seed=41001/data_th/Temperature.fits.gz	1bd212f2f54dd8c1701a6064e129ba7fdb5721cb3fe296472433bbdd3b79ec1c	reused_accepted_continuum_temperature_screening_only_not_self_consistent_for_changed_dust	inside_h2o_optical_constants	report_only	v11_vmax0p1_amax1p0_incl60	0.1	1.0	60.0	0.04	0.96	4	3d0b057546488b3ac2d1787a936dc092d31a541500f3ca880aeb6045d816095d	dust_axis_v11_vmax0p1_amax1p0_incl60	jwst_mcfost/runs/h2o_3um_dust_axis_grid_v1/parameters/dust_v11_vmax0p1_amax1p0_incl60_rt.para	e5bef92ac0e146c6f1213afd71aabc4ac6b1b45ef4bb093b1f59e7a887fc7c92	dust_axis_grid_disjoint_dhs_screening_dust	jwst_mcfost/runs/h2o_3um_dust_axis_grid_v1/tasks/v11_vmax0p1_amax1p0_incl60/broadband_guardrail/t092_w005_single_s52001	97d8e0706028b651c5d793ee7d223a60b829ee2de6b8678453a77ea4ad241866
93	broadband_guardrail	52001	broadband_guardrail	w006			broadband_continuum_guardrail_report_only	jwst_mcfost/runs/ice_feature_method2_pilot_v1/continuum_check_anchors.tsv	f1fd86f32eec5e20bc210ba67e2b4bc78efb69427b387e48de1c127e118636b7	1026cba4b28d9f4bf3663e4dc18b1586244f74649ea0d30ad2bcc3f974c0861b	3.9143995604061015						3.9143995604061015	NIRSpec			lambda_F_lambda_W_m-2			jwst_mcfost/runs/h2o_3um_method2_screen_v3/anchors/broadband_guardrail/w006/anchor.lambda	b82128fc84cd81495038ead356b26b6e6be5f7ae7a55105af31d392047ae9385	full_domain_n4801	1	4801	4801	6000	1.2497396375755052	2.4796421380466373e-06	stellar_center	0.0	0.0	1.0	1	m2p25_c17p5_a0p40_q2p75_i0p05	2.25	2.75	c17p5	17.5	317.159480236321	100	1.0	7.3011756855e-08	0.03	128000	2	1	16	jwst_mcfost/runs/strict_continuum_cavity_mass_q_v1/models/m2p25_c17p5_a0p40_q2p75_i0p05/temperature/seed=41001/data_th/Temperature.fits.gz	1bd212f2f54dd8c1701a6064e129ba7fdb5721cb3fe296472433bbdd3b79ec1c	reused_accepted_continuum_temperature_screening_only_not_self_consistent_for_changed_dust	inside_h2o_optical_constants	report_only	v11_vmax0p1_amax1p0_incl60	0.1	1.0	60.0	0.04	0.96	5	fe325ddaacc07c82dd57c3121e3f237bb4c9911d1fba7acf23235c03ac89c3b4	dust_axis_v11_vmax0p1_amax1p0_incl60	jwst_mcfost/runs/h2o_3um_dust_axis_grid_v1/parameters/dust_v11_vmax0p1_amax1p0_incl60_rt.para	e5bef92ac0e146c6f1213afd71aabc4ac6b1b45ef4bb093b1f59e7a887fc7c92	dust_axis_grid_disjoint_dhs_screening_dust	jwst_mcfost/runs/h2o_3um_dust_axis_grid_v1/tasks/v11_vmax0p1_amax1p0_incl60/broadband_guardrail/t093_w006_single_s52001	24446ab623964b45436abd05b147a29dfc426ac402c3ad6a2f309df5442aeea1
94	broadband_guardrail	52001	broadband_guardrail	w007			broadband_continuum_guardrail_report_only	jwst_mcfost/runs/ice_feature_method2_pilot_v1/continuum_check_anchors.tsv	f1fd86f32eec5e20bc210ba67e2b4bc78efb69427b387e48de1c127e118636b7	91cbd5c9b4101022047aee9b5009bc5cf825f2c0850ca7446ec8f2d8eb8c416c	5.3906283153397085						5.3906283153397085	MIRI			lambda_F_lambda_W_m-2			jwst_mcfost/runs/h2o_3um_method2_screen_v3/anchors/broadband_guardrail/w007/anchor.lambda	87caf527afb4a319fcc1a82bbc39eccb30b95cfb9beacd102a79e815c7cd8f58	full_domain_n4801	1	4801	4801	6000	1.2497396375755052	2.4796421380466373e-06	stellar_center	0.0	0.0	1.0	1	m2p25_c17p5_a0p40_q2p75_i0p05	2.25	2.75	c17p5	17.5	317.159480236321	100	1.0	7.3011756855e-08	0.03	128000	2	1	16	jwst_mcfost/runs/strict_continuum_cavity_mass_q_v1/models/m2p25_c17p5_a0p40_q2p75_i0p05/temperature/seed=41001/data_th/Temperature.fits.gz	1bd212f2f54dd8c1701a6064e129ba7fdb5721cb3fe296472433bbdd3b79ec1c	reused_accepted_continuum_temperature_screening_only_not_self_consistent_for_changed_dust	inside_h2o_optical_constants	report_only	v11_vmax0p1_amax1p0_incl60	0.1	1.0	60.0	0.04	0.96	6	ef7e89378eaf7bb1fb451bd8bba89faa7711da693d1b745f61d8705bae68842c	dust_axis_v11_vmax0p1_amax1p0_incl60	jwst_mcfost/runs/h2o_3um_dust_axis_grid_v1/parameters/dust_v11_vmax0p1_amax1p0_incl60_rt.para	e5bef92ac0e146c6f1213afd71aabc4ac6b1b45ef4bb093b1f59e7a887fc7c92	dust_axis_grid_disjoint_dhs_screening_dust	jwst_mcfost/runs/h2o_3um_dust_axis_grid_v1/tasks/v11_vmax0p1_amax1p0_incl60/broadband_guardrail/t094_w007_single_s52001	b8dec902440bf6cb021b3952c114d8e9fd66d1e45f086f15491bbd05a4da425e
95	broadband_guardrail	52001	broadband_guardrail	w008			broadband_continuum_guardrail_report_only	jwst_mcfost/runs/ice_feature_method2_pilot_v1/continuum_check_anchors.tsv	f1fd86f32eec5e20bc210ba67e2b4bc78efb69427b387e48de1c127e118636b7	ff79343f5023234e348b11140f6b973d8c465bfcb3cde6046ce18f64bdb7e142	13.799908320389276						13.799908320389276	MIRI			lambda_F_lambda_W_m-2			jwst_mcfost/runs/h2o_3um_method2_screen_v3/anchors/broadband_guardrail/w008/anchor.lambda	8a30fa7840e4a27c1d6a81fa121d610c3293460d00aa1e38428c728a91dbf63a	full_domain_n4801	1	4801	4801	6000	1.2497396375755052	2.4796421380466373e-06	stellar_center	0.0	0.0	1.0	1	m2p25_c17p5_a0p40_q2p75_i0p05	2.25	2.75	c17p5	17.5	317.159480236321	100	1.0	7.3011756855e-08	0.03	128000	2	1	16	jwst_mcfost/runs/strict_continuum_cavity_mass_q_v1/models/m2p25_c17p5_a0p40_q2p75_i0p05/temperature/seed=41001/data_th/Temperature.fits.gz	1bd212f2f54dd8c1701a6064e129ba7fdb5721cb3fe296472433bbdd3b79ec1c	reused_accepted_continuum_temperature_screening_only_not_self_consistent_for_changed_dust	inside_h2o_optical_constants	report_only	v11_vmax0p1_amax1p0_incl60	0.1	1.0	60.0	0.04	0.96	7	8330a266dd31893798bd83592298ea2ab899f1c7fd626c168e51c1a0c4202903	dust_axis_v11_vmax0p1_amax1p0_incl60	jwst_mcfost/runs/h2o_3um_dust_axis_grid_v1/parameters/dust_v11_vmax0p1_amax1p0_incl60_rt.para	e5bef92ac0e146c6f1213afd71aabc4ac6b1b45ef4bb093b1f59e7a887fc7c92	dust_axis_grid_disjoint_dhs_screening_dust	jwst_mcfost/runs/h2o_3um_dust_axis_grid_v1/tasks/v11_vmax0p1_amax1p0_incl60/broadband_guardrail/t095_w008_single_s52001	8a23eb803b1f78445cf36b4cef8ae86e004f05d0faf0350b56ef25435a754212
96	broadband_guardrail	52001	broadband_guardrail	w001			broadband_continuum_guardrail_report_only	jwst_mcfost/runs/ice_feature_method2_pilot_v1/continuum_check_anchors.tsv	f1fd86f32eec5e20bc210ba67e2b4bc78efb69427b387e48de1c127e118636b7	be8495af19d834ec9883095aa3e489588ad62932dedba95a6ce055e53bc4efcb	1.2028117593024095						1.2028117593024095	NIRSpec			lambda_F_lambda_W_m-2			jwst_mcfost/runs/h2o_3um_method2_screen_v3/anchors/broadband_guardrail/w001/anchor.lambda	f2c711b7a22d165e60719d22fe81cbf246393fb51629f0b9dda93883c17f8e87	full_domain_n4801	1	4801	4801	6000	1.2497396375755052	2.4796421380466373e-06	stellar_center	0.0	0.0	1.0	1	m2p25_c17p5_a0p40_q2p75_i0p05	2.25	2.75	c17p5	17.5	317.159480236321	100	1.0	7.3011756855e-08	0.03	128000	2	1	16	jwst_mcfost/runs/strict_continuum_cavity_mass_q_v1/models/m2p25_c17p5_a0p40_q2p75_i0p05/temperature/seed=41001/data_th/Temperature.fits.gz	1bd212f2f54dd8c1701a6064e129ba7fdb5721cb3fe296472433bbdd3b79ec1c	reused_accepted_continuum_temperature_screening_only_not_self_consistent_for_changed_dust	inside_h2o_optical_constants	report_only	v12_vmax0p1_amax1p0_incl50	0.1	1.0	50.0	0.04	0.96	0	0753aa87e3445e42eae140bfe4d917cbb1b787200fbeed0c439d642c9fa3b738	dust_axis_v12_vmax0p1_amax1p0_incl50	jwst_mcfost/runs/h2o_3um_dust_axis_grid_v1/parameters/dust_v12_vmax0p1_amax1p0_incl50_rt.para	d0bc7329dc28ee3c40d8d693c1ada943de80410a6223bce5219d55d1e03f8f5b	dust_axis_grid_disjoint_dhs_screening_dust	jwst_mcfost/runs/h2o_3um_dust_axis_grid_v1/tasks/v12_vmax0p1_amax1p0_incl50/broadband_guardrail/t096_w001_single_s52001	570d6c0f4774c1c1358599f9ed65e189f782600c10ad84f8402406372ef58d7b
97	broadband_guardrail	52001	broadband_guardrail	w002			broadband_continuum_guardrail_report_only	jwst_mcfost/runs/ice_feature_method2_pilot_v1/continuum_check_anchors.tsv	f1fd86f32eec5e20bc210ba67e2b4bc78efb69427b387e48de1c127e118636b7	8c2d627b94e2d8d2408e8e154425025de3b0c17865e36f0d9230db46f403fa15	1.4987957445436022						1.4987957445436022	NIRSpec			lambda_F_lambda_W_m-2			jwst_mcfost/runs/h2o_3um_method2_screen_v3/anchors/broadband_guardrail/w002/anchor.lambda	e07fb493ca052ff264e01e5c8df0ac557154f8a40c47dfb456aad5930517c966	full_domain_n4801	1	4801	4801	6000	1.2497396375755052	2.4796421380466373e-06	stellar_center	0.0	0.0	1.0	1	m2p25_c17p5_a0p40_q2p75_i0p05	2.25	2.75	c17p5	17.5	317.159480236321	100	1.0	7.3011756855e-08	0.03	128000	2	1	16	jwst_mcfost/runs/strict_continuum_cavity_mass_q_v1/models/m2p25_c17p5_a0p40_q2p75_i0p05/temperature/seed=41001/data_th/Temperature.fits.gz	1bd212f2f54dd8c1701a6064e129ba7fdb5721cb3fe296472433bbdd3b79ec1c	reused_accepted_continuum_temperature_screening_only_not_self_consistent_for_changed_dust	inside_h2o_optical_constants	report_only	v12_vmax0p1_amax1p0_incl50	0.1	1.0	50.0	0.04	0.96	1	4d6a0f6f21c2c9374490473f84d12c7ab64295daf370b4c8408bd6bc957cdbe9	dust_axis_v12_vmax0p1_amax1p0_incl50	jwst_mcfost/runs/h2o_3um_dust_axis_grid_v1/parameters/dust_v12_vmax0p1_amax1p0_incl50_rt.para	d0bc7329dc28ee3c40d8d693c1ada943de80410a6223bce5219d55d1e03f8f5b	dust_axis_grid_disjoint_dhs_screening_dust	jwst_mcfost/runs/h2o_3um_dust_axis_grid_v1/tasks/v12_vmax0p1_amax1p0_incl50/broadband_guardrail/t097_w002_single_s52001	1f4fae7c85a6f5bb1c91c685330e5fb2ee036033ce33248ed7da992f7a462b35
98	broadband_guardrail	52001	broadband_guardrail	w003			broadband_continuum_guardrail_report_only	jwst_mcfost/runs/ice_feature_method2_pilot_v1/continuum_check_anchors.tsv	f1fd86f32eec5e20bc210ba67e2b4bc78efb69427b387e48de1c127e118636b7	ca3be8f62fc5c741b2ed68f040fac1c490a5660995bc938abcad21f265509655	1.7588530996181813						1.7588530996181813	NIRSpec			lambda_F_lambda_W_m-2			jwst_mcfost/runs/h2o_3um_method2_screen_v3/anchors/broadband_guardrail/w003/anchor.lambda	a9c5146eec96dc1ea9604097f402a7a0eb415206f4e4b32a2836e09dfdb6b5e2	full_domain_n4801	1	4801	4801	6000	1.2497396375755052	2.4796421380466373e-06	stellar_center	0.0	0.0	1.0	1	m2p25_c17p5_a0p40_q2p75_i0p05	2.25	2.75	c17p5	17.5	317.159480236321	100	1.0	7.3011756855e-08	0.03	128000	2	1	16	jwst_mcfost/runs/strict_continuum_cavity_mass_q_v1/models/m2p25_c17p5_a0p40_q2p75_i0p05/temperature/seed=41001/data_th/Temperature.fits.gz	1bd212f2f54dd8c1701a6064e129ba7fdb5721cb3fe296472433bbdd3b79ec1c	reused_accepted_continuum_temperature_screening_only_not_self_consistent_for_changed_dust	inside_h2o_optical_constants	report_only	v12_vmax0p1_amax1p0_incl50	0.1	1.0	50.0	0.04	0.96	2	5bea68cf41b73f71ecd91e3a5f09e6eb1670dd4f85f83fe2fde459beed258649	dust_axis_v12_vmax0p1_amax1p0_incl50	jwst_mcfost/runs/h2o_3um_dust_axis_grid_v1/parameters/dust_v12_vmax0p1_amax1p0_incl50_rt.para	d0bc7329dc28ee3c40d8d693c1ada943de80410a6223bce5219d55d1e03f8f5b	dust_axis_grid_disjoint_dhs_screening_dust	jwst_mcfost/runs/h2o_3um_dust_axis_grid_v1/tasks/v12_vmax0p1_amax1p0_incl50/broadband_guardrail/t098_w003_single_s52001	23da8810ed8d57168b0a5dfe41f13932e1b59e447d7d8f9937b7df8b71a77053
99	broadband_guardrail	52001	broadband_guardrail	w004			broadband_continuum_guardrail_report_only	jwst_mcfost/runs/ice_feature_method2_pilot_v1/continuum_check_anchors.tsv	f1fd86f32eec5e20bc210ba67e2b4bc78efb69427b387e48de1c127e118636b7	ea7082373d182e4d3e13fde932c59a66963ade00a452a1124d2f4372d5278e55	2.1916659199557045						2.1916659199557045	NIRSpec			lambda_F_lambda_W_m-2			jwst_mcfost/runs/h2o_3um_method2_screen_v3/anchors/broadband_guardrail/w004/anchor.lambda	f7762b5bee0778f151ac09bf2a609fcf351f2fd1c1c57b09be9d1bd19fb77e3c	full_domain_n4801	1	4801	4801	6000	1.2497396375755052	2.4796421380466373e-06	stellar_center	0.0	0.0	1.0	1	m2p25_c17p5_a0p40_q2p75_i0p05	2.25	2.75	c17p5	17.5	317.159480236321	100	1.0	7.3011756855e-08	0.03	128000	2	1	16	jwst_mcfost/runs/strict_continuum_cavity_mass_q_v1/models/m2p25_c17p5_a0p40_q2p75_i0p05/temperature/seed=41001/data_th/Temperature.fits.gz	1bd212f2f54dd8c1701a6064e129ba7fdb5721cb3fe296472433bbdd3b79ec1c	reused_accepted_continuum_temperature_screening_only_not_self_consistent_for_changed_dust	inside_h2o_optical_constants	report_only	v12_vmax0p1_amax1p0_incl50	0.1	1.0	50.0	0.04	0.96	3	a24d6b16764baaff76e82d64dfc357a9243d4963979b202fa39013f5bf6b0102	dust_axis_v12_vmax0p1_amax1p0_incl50	jwst_mcfost/runs/h2o_3um_dust_axis_grid_v1/parameters/dust_v12_vmax0p1_amax1p0_incl50_rt.para	d0bc7329dc28ee3c40d8d693c1ada943de80410a6223bce5219d55d1e03f8f5b	dust_axis_grid_disjoint_dhs_screening_dust	jwst_mcfost/runs/h2o_3um_dust_axis_grid_v1/tasks/v12_vmax0p1_amax1p0_incl50/broadband_guardrail/t099_w004_single_s52001	2ba1057dfa941cdfedd2a493d1fff585437bc9ec3b9df5ff689617ca0f32b080
100	broadband_guardrail	52001	broadband_guardrail	w005			broadband_continuum_guardrail_report_only	jwst_mcfost/runs/ice_feature_method2_pilot_v1/continuum_check_anchors.tsv	f1fd86f32eec5e20bc210ba67e2b4bc78efb69427b387e48de1c127e118636b7	26580c835ed5110860144fdcbc249ba6f16c9fef2f8ea7bab13d16dd643b6bb9	2.5463525144251218						2.5463525144251218	NIRSpec			lambda_F_lambda_W_m-2			jwst_mcfost/runs/h2o_3um_method2_screen_v3/anchors/broadband_guardrail/w005/anchor.lambda	1097793022b13ff0ac82638d85e9d60d35080eb3937764ad07599179d97862ef	full_domain_n4801	1	4801	4801	6000	1.2497396375755052	2.4796421380466373e-06	stellar_center	0.0	0.0	1.0	1	m2p25_c17p5_a0p40_q2p75_i0p05	2.25	2.75	c17p5	17.5	317.159480236321	100	1.0	7.3011756855e-08	0.03	128000	2	1	16	jwst_mcfost/runs/strict_continuum_cavity_mass_q_v1/models/m2p25_c17p5_a0p40_q2p75_i0p05/temperature/seed=41001/data_th/Temperature.fits.gz	1bd212f2f54dd8c1701a6064e129ba7fdb5721cb3fe296472433bbdd3b79ec1c	reused_accepted_continuum_temperature_screening_only_not_self_consistent_for_changed_dust	inside_h2o_optical_constants	report_only	v12_vmax0p1_amax1p0_incl50	0.1	1.0	50.0	0.04	0.96	4	3d0b057546488b3ac2d1787a936dc092d31a541500f3ca880aeb6045d816095d	dust_axis_v12_vmax0p1_amax1p0_incl50	jwst_mcfost/runs/h2o_3um_dust_axis_grid_v1/parameters/dust_v12_vmax0p1_amax1p0_incl50_rt.para	d0bc7329dc28ee3c40d8d693c1ada943de80410a6223bce5219d55d1e03f8f5b	dust_axis_grid_disjoint_dhs_screening_dust	jwst_mcfost/runs/h2o_3um_dust_axis_grid_v1/tasks/v12_vmax0p1_amax1p0_incl50/broadband_guardrail/t100_w005_single_s52001	9f27aab960e60ac11b162c49fc7ab61755f5b846da12bbc74204b5e0f0fc8d93
101	broadband_guardrail	52001	broadband_guardrail	w006			broadband_continuum_guardrail_report_only	jwst_mcfost/runs/ice_feature_method2_pilot_v1/continuum_check_anchors.tsv	f1fd86f32eec5e20bc210ba67e2b4bc78efb69427b387e48de1c127e118636b7	1026cba4b28d9f4bf3663e4dc18b1586244f74649ea0d30ad2bcc3f974c0861b	3.9143995604061015						3.9143995604061015	NIRSpec			lambda_F_lambda_W_m-2			jwst_mcfost/runs/h2o_3um_method2_screen_v3/anchors/broadband_guardrail/w006/anchor.lambda	b82128fc84cd81495038ead356b26b6e6be5f7ae7a55105af31d392047ae9385	full_domain_n4801	1	4801	4801	6000	1.2497396375755052	2.4796421380466373e-06	stellar_center	0.0	0.0	1.0	1	m2p25_c17p5_a0p40_q2p75_i0p05	2.25	2.75	c17p5	17.5	317.159480236321	100	1.0	7.3011756855e-08	0.03	128000	2	1	16	jwst_mcfost/runs/strict_continuum_cavity_mass_q_v1/models/m2p25_c17p5_a0p40_q2p75_i0p05/temperature/seed=41001/data_th/Temperature.fits.gz	1bd212f2f54dd8c1701a6064e129ba7fdb5721cb3fe296472433bbdd3b79ec1c	reused_accepted_continuum_temperature_screening_only_not_self_consistent_for_changed_dust	inside_h2o_optical_constants	report_only	v12_vmax0p1_amax1p0_incl50	0.1	1.0	50.0	0.04	0.96	5	fe325ddaacc07c82dd57c3121e3f237bb4c9911d1fba7acf23235c03ac89c3b4	dust_axis_v12_vmax0p1_amax1p0_incl50	jwst_mcfost/runs/h2o_3um_dust_axis_grid_v1/parameters/dust_v12_vmax0p1_amax1p0_incl50_rt.para	d0bc7329dc28ee3c40d8d693c1ada943de80410a6223bce5219d55d1e03f8f5b	dust_axis_grid_disjoint_dhs_screening_dust	jwst_mcfost/runs/h2o_3um_dust_axis_grid_v1/tasks/v12_vmax0p1_amax1p0_incl50/broadband_guardrail/t101_w006_single_s52001	7aec7f16a3e4e237bece65fc07b7930e50d7e03175dfd0b436f42b2af7471827
102	broadband_guardrail	52001	broadband_guardrail	w007			broadband_continuum_guardrail_report_only	jwst_mcfost/runs/ice_feature_method2_pilot_v1/continuum_check_anchors.tsv	f1fd86f32eec5e20bc210ba67e2b4bc78efb69427b387e48de1c127e118636b7	91cbd5c9b4101022047aee9b5009bc5cf825f2c0850ca7446ec8f2d8eb8c416c	5.3906283153397085						5.3906283153397085	MIRI			lambda_F_lambda_W_m-2			jwst_mcfost/runs/h2o_3um_method2_screen_v3/anchors/broadband_guardrail/w007/anchor.lambda	87caf527afb4a319fcc1a82bbc39eccb30b95cfb9beacd102a79e815c7cd8f58	full_domain_n4801	1	4801	4801	6000	1.2497396375755052	2.4796421380466373e-06	stellar_center	0.0	0.0	1.0	1	m2p25_c17p5_a0p40_q2p75_i0p05	2.25	2.75	c17p5	17.5	317.159480236321	100	1.0	7.3011756855e-08	0.03	128000	2	1	16	jwst_mcfost/runs/strict_continuum_cavity_mass_q_v1/models/m2p25_c17p5_a0p40_q2p75_i0p05/temperature/seed=41001/data_th/Temperature.fits.gz	1bd212f2f54dd8c1701a6064e129ba7fdb5721cb3fe296472433bbdd3b79ec1c	reused_accepted_continuum_temperature_screening_only_not_self_consistent_for_changed_dust	inside_h2o_optical_constants	report_only	v12_vmax0p1_amax1p0_incl50	0.1	1.0	50.0	0.04	0.96	6	ef7e89378eaf7bb1fb451bd8bba89faa7711da693d1b745f61d8705bae68842c	dust_axis_v12_vmax0p1_amax1p0_incl50	jwst_mcfost/runs/h2o_3um_dust_axis_grid_v1/parameters/dust_v12_vmax0p1_amax1p0_incl50_rt.para	d0bc7329dc28ee3c40d8d693c1ada943de80410a6223bce5219d55d1e03f8f5b	dust_axis_grid_disjoint_dhs_screening_dust	jwst_mcfost/runs/h2o_3um_dust_axis_grid_v1/tasks/v12_vmax0p1_amax1p0_incl50/broadband_guardrail/t102_w007_single_s52001	95be9e5e27c48532663044238a26f79db61f0346a7f95ef8cc50f0cdb8116d10
103	broadband_guardrail	52001	broadband_guardrail	w008			broadband_continuum_guardrail_report_only	jwst_mcfost/runs/ice_feature_method2_pilot_v1/continuum_check_anchors.tsv	f1fd86f32eec5e20bc210ba67e2b4bc78efb69427b387e48de1c127e118636b7	ff79343f5023234e348b11140f6b973d8c465bfcb3cde6046ce18f64bdb7e142	13.799908320389276						13.799908320389276	MIRI			lambda_F_lambda_W_m-2			jwst_mcfost/runs/h2o_3um_method2_screen_v3/anchors/broadband_guardrail/w008/anchor.lambda	8a30fa7840e4a27c1d6a81fa121d610c3293460d00aa1e38428c728a91dbf63a	full_domain_n4801	1	4801	4801	6000	1.2497396375755052	2.4796421380466373e-06	stellar_center	0.0	0.0	1.0	1	m2p25_c17p5_a0p40_q2p75_i0p05	2.25	2.75	c17p5	17.5	317.159480236321	100	1.0	7.3011756855e-08	0.03	128000	2	1	16	jwst_mcfost/runs/strict_continuum_cavity_mass_q_v1/models/m2p25_c17p5_a0p40_q2p75_i0p05/temperature/seed=41001/data_th/Temperature.fits.gz	1bd212f2f54dd8c1701a6064e129ba7fdb5721cb3fe296472433bbdd3b79ec1c	reused_accepted_continuum_temperature_screening_only_not_self_consistent_for_changed_dust	inside_h2o_optical_constants	report_only	v12_vmax0p1_amax1p0_incl50	0.1	1.0	50.0	0.04	0.96	7	8330a266dd31893798bd83592298ea2ab899f1c7fd626c168e51c1a0c4202903	dust_axis_v12_vmax0p1_amax1p0_incl50	jwst_mcfost/runs/h2o_3um_dust_axis_grid_v1/parameters/dust_v12_vmax0p1_amax1p0_incl50_rt.para	d0bc7329dc28ee3c40d8d693c1ada943de80410a6223bce5219d55d1e03f8f5b	dust_axis_grid_disjoint_dhs_screening_dust	jwst_mcfost/runs/h2o_3um_dust_axis_grid_v1/tasks/v12_vmax0p1_amax1p0_incl50/broadband_guardrail/t103_w008_single_s52001	ae82f0912493ad2052c7ea38405cd8655350495d5fe4f5cd32c0a31b2e5e1009
