# H2O ice optical constants for MCFOST
# Laboratory temperature: 30.0 K
# Source: https://icedb.strw.leidenuniv.nl/data_opt_const/2
# Citation: He et al., ApJ, DOI 10.3847/1538-4357/ac3fbb
# Columns: wavelength_um  n_real  k_imaginary
# Negative laboratory k samples clipped to zero: 206
# Density and sublimation temperature below are explicit modeling assumptions.
0.94 150

2.5004000002e-01 1.2181600000e+00 6.4100000000e-04
2.5660999999e-01 1.2158000000e+00 6.4100000000e-04
2.6317000000e-01 1.2125300000e+00 6.4100000000e-04
2.6974000000e-01 1.2100200000e+00 6.4100000000e-04
2.7629999997e-01 1.2078300000e+00 6.4100000000e-04
2.8286999998e-01 1.2054500000e+00 6.4100000000e-04
2.8942999996e-01 1.2038200000e+00 6.4100000000e-04
2.9600000003e-01 1.2023800000e+00 6.4100000000e-04
3.0256999999e-01 1.2007600000e+00 6.4100000000e-04
3.0912999998e-01 1.1990400000e+00 6.4100000000e-04
3.1570000002e-01 1.1976200000e+00 6.4100000000e-04
3.2226000000e-01 1.1966100000e+00 6.4100000000e-04
3.2883000002e-01 1.1956400000e+00 6.4100000000e-04
3.3539000004e-01 1.1943000000e+00 6.4100000000e-04
3.4195999997e-01 1.1930200000e+00 6.4100000000e-04
3.4852999997e-01 1.1920900000e+00 6.4100000000e-04
3.5509000006e-01 1.1914500000e+00 6.4100000000e-04
3.6165999997e-01 1.1908400000e+00 6.4100000000e-04
3.6821999994e-01 1.1898400000e+00 6.4100000000e-04
3.7478999996e-01 1.1887700000e+00 6.4100000000e-04
3.8135000000e-01 1.1880700000e+00 6.4100000000e-04
3.8792000005e-01 1.1874500000e+00 6.4100000000e-04
3.9449000006e-01 1.1868900000e+00 6.4100000000e-04
4.0105000007e-01 1.1864100000e+00 6.4100000000e-04
4.0762000002e-01 1.1859200000e+00 6.4100000000e-04
4.1418000001e-01 1.1852600000e+00 6.4100000000e-04
4.2075000001e-01 1.1846100000e+00 6.4100000000e-04
4.2730999999e-01 1.1839700000e+00 6.4100000000e-04
4.3388000002e-01 1.1833500000e+00 6.4100000000e-04
4.4043999998e-01 1.1827600000e+00 6.4100000000e-04
4.4700999993e-01 1.1822700000e+00 6.4100000000e-04
4.5358000003e-01 1.1819700000e+00 6.4100000000e-04
4.6014000002e-01 1.1817800000e+00 6.4100000000e-04
4.6670999994e-01 1.1815900000e+00 6.4100000000e-04
4.7327000004e-01 1.1811700000e+00 6.4100000000e-04
4.7984000008e-01 1.1804300000e+00 6.4100000000e-04
4.8639999991e-01 1.1799500000e+00 6.4100000000e-04
4.9297000008e-01 1.1794300000e+00 6.4100000000e-04
4.9954000009e-01 1.1789600000e+00 6.4100000000e-04
5.0610000002e-01 1.1785000000e+00 6.4100000000e-04
5.1267000001e-01 1.1785300000e+00 6.4100000000e-04
5.1923000004e-01 1.1781800000e+00 6.4100000000e-04
5.2579999988e-01 1.1778600000e+00 6.4100000000e-04
5.3236000010e-01 1.1778300000e+00 6.4100000000e-04
5.3893000009e-01 1.1774700000e+00 6.4100000000e-04
5.4550000009e-01 1.1770300000e+00 6.4100000000e-04
5.5205999997e-01 1.1768500000e+00 6.4100000000e-04
5.5862999997e-01 1.1761200000e+00 6.4100000000e-04
5.6519000001e-01 1.1757800000e+00 6.4100000000e-04
5.7176000012e-01 1.1756200000e+00 6.4100000000e-04
5.7832000010e-01 1.1752100000e+00 6.4100000000e-04
5.8488999994e-01 1.1751000000e+00 6.4100000000e-04
5.9146000014e-01 1.1745900000e+00 6.4100000000e-04
5.9801999991e-01 1.1743200000e+00 6.4100000000e-04
6.0458999988e-01 1.1743900000e+00 6.4100000000e-04
6.1114999991e-01 1.1740300000e+00 6.4100000000e-04
6.1771999993e-01 1.1740500000e+00 6.4100000000e-04
6.2427999993e-01 1.1732800000e+00 6.4100000000e-04
6.3085000019e-01 1.1734900000e+00 6.4100000000e-04
6.3742000002e-01 1.1731200000e+00 6.4100000000e-04
6.4398000000e-01 1.1730800000e+00 6.4100000000e-04
6.5054999995e-01 1.1729500000e+00 6.4100000000e-04
6.5711000008e-01 1.1726800000e+00 6.4100000000e-04
6.6368000004e-01 1.1727200000e+00 6.4100000000e-04
6.7023999984e-01 1.1719800000e+00 6.4100000000e-04
6.7681000009e-01 1.1716200000e+00 6.4100000000e-04
6.8338000021e-01 1.1711400000e+00 6.4100000000e-04
6.8994000011e-01 1.1709800000e+00 6.4100000000e-04
6.9650999999e-01 1.1710700000e+00 6.4100000000e-04
7.0307000015e-01 1.1711000000e+00 6.4100000000e-04
7.0963999976e-01 1.1708100000e+00 6.4100000000e-04
7.1620000025e-01 1.1706300000e+00 6.4100000000e-04
7.2277000001e-01 1.1703400000e+00 6.4100000000e-04
7.2933999986e-01 1.1700200000e+00 6.4100000000e-04
7.3589999981e-01 1.1699000000e+00 6.4100000000e-04
7.4247000012e-01 1.1695600000e+00 6.4100000000e-04
7.4902999997e-01 1.1695200000e+00 6.4100000000e-04
7.5559999981e-01 1.1694100000e+00 6.4100000000e-04
7.6215999985e-01 1.1693100000e+00 6.4100000000e-04
7.6873000018e-01 1.1692000000e+00 6.4100000000e-04
7.7530000013e-01 1.1690900000e+00 6.4100000000e-04
7.8185999984e-01 1.1689900000e+00 6.4100000000e-04
7.8842999979e-01 1.1688800000e+00 6.4100000000e-04
7.9498999973e-01 1.1687700000e+00 6.4100000000e-04
8.0155999992e-01 1.1686300000e+00 6.4100000000e-04
8.0812000010e-01 1.1684900000e+00 6.4100000000e-04
8.1468999996e-01 1.1683500000e+00 6.4100000000e-04
8.2125000012e-01 1.1682100000e+00 6.4100000000e-04
8.2781999971e-01 1.1680700000e+00 6.4100000000e-04
8.3438999996e-01 1.1679300000e+00 6.4100000000e-04
8.4094999969e-01 1.1677900000e+00 6.4100000000e-04
8.4752000028e-01 1.1676500000e+00 6.4100000000e-04
8.5407999986e-01 1.1675100000e+00 6.4100000000e-04
8.6064999999e-01 1.1673600000e+00 6.4100000000e-04
8.6721000021e-01 1.1672200000e+00 6.4100000000e-04
8.7378000008e-01 1.1670800000e+00 6.4100000000e-04
8.8035000019e-01 1.1669400000e+00 6.4100000000e-04
8.8691000032e-01 1.1668000000e+00 6.4100000000e-04
8.9347999973e-01 1.1666600000e+00 6.4100000000e-04
9.0003999967e-01 1.1665200000e+00 6.4100000000e-04
9.0660999967e-01 1.1663800000e+00 6.4100000000e-04
9.1316999963e-01 1.1662400000e+00 6.4100000000e-04
9.1973999995e-01 1.1661000000e+00 6.4100000000e-04
9.2630999978e-01 1.1659800000e+00 6.4100000000e-04
9.3287000031e-01 1.1658600000e+00 6.4100000000e-04
9.3943999997e-01 1.1657500000e+00 6.4100000000e-04
9.4600000039e-01 1.1656400000e+00 6.4100000000e-04
9.5257000033e-01 1.1655600000e+00 6.4100000000e-04
9.5913000034e-01 1.1654800000e+00 6.4100000000e-04
9.6569999990e-01 1.1654100000e+00 6.4100000000e-04
9.7227000011e-01 1.1653300000e+00 6.4100000000e-04
9.7882999984e-01 1.1652500000e+00 6.4100000000e-04
9.8540000024e-01 1.1651800000e+00 6.4100000000e-04
9.9195999954e-01 1.1651000000e+00 6.4100000000e-04
9.9853000008e-01 1.1650200000e+00 6.4100000000e-04
1.0050899999e+00 1.1649500000e+00 6.4100000000e-04
1.0116599996e+00 1.1648700000e+00 6.4100000000e-04
1.0182299999e+00 1.1647900000e+00 6.4100000000e-04
1.0247900001e+00 1.1647200000e+00 6.4100000000e-04
1.0313600004e+00 1.1646400000e+00 6.4100000000e-04
1.0379200003e+00 1.1645600000e+00 6.4100000000e-04
1.0444900004e+00 1.1644900000e+00 6.4100000000e-04
1.0510499998e+00 1.1644100000e+00 6.4100000000e-04
1.0576199995e+00 1.1643300000e+00 6.4100000000e-04
1.0641899997e+00 1.1642600000e+00 6.4100000000e-04
1.0707500001e+00 1.1641800000e+00 6.4100000000e-04
1.0773199997e+00 1.1641000000e+00 6.4100000000e-04
1.0838800002e+00 1.1640300000e+00 6.4100000000e-04
1.0904500000e+00 1.1639500000e+00 6.4100000000e-04
1.0970099995e+00 1.1638800000e+00 6.4100000000e-04
1.1035800004e+00 1.1638000000e+00 6.4100000000e-04
1.1101500000e+00 1.1637300000e+00 6.4100000000e-04
1.1167099997e+00 1.1636600000e+00 6.4100000000e-04
1.1232800002e+00 1.1635900000e+00 6.4100000000e-04
1.1298400005e+00 1.1635200000e+00 6.4100000000e-04
1.1364100006e+00 1.1634500000e+00 6.4100000000e-04
1.1429700004e+00 1.1633800000e+00 6.4100000000e-04
1.1495399996e+00 1.1633100000e+00 6.4100000000e-04
1.1561000001e+00 1.1632400000e+00 6.4100000000e-04
1.1626700004e+00 1.1631700000e+00 6.4100000000e-04
1.1692399998e+00 1.1631000000e+00 6.4100000000e-04
1.1758000004e+00 1.1630300000e+00 6.4100000000e-04
1.1823699997e+00 1.1629600000e+00 6.4100000000e-04
1.1889299998e+00 1.1628900000e+00 6.4100000000e-04
1.1955000003e+00 1.1628200000e+00 6.4100000000e-04
1.2020600005e+00 1.1627500000e+00 6.4100000000e-04
1.2086300001e+00 1.1626800000e+00 6.4100000000e-04
1.2152000001e+00 1.1626100000e+00 6.4100000000e-04
1.2217599996e+00 1.1625400000e+00 6.4100000000e-04
1.2283300002e+00 1.1624500000e+00 6.4100000000e-04
1.2348900002e+00 1.1623600000e+00 6.4100000000e-04
1.2414599998e+00 1.1622700000e+00 6.4100000000e-04
1.2480200007e+00 1.1621700000e+00 6.4100000000e-04
1.2545900006e+00 1.1620700000e+00 6.4100000000e-04
1.2611600001e+00 1.1619700000e+00 6.4100000000e-04
1.2677200000e+00 1.1618600000e+00 6.4100000000e-04
1.2742899999e+00 1.1617600000e+00 6.4100000000e-04
1.2808500008e+00 1.1616600000e+00 6.4100000000e-04
1.2874200001e+00 1.1615600000e+00 6.4100000000e-04
1.2939799993e+00 1.1614600000e+00 6.4100000000e-04
1.3005500001e+00 1.1613500000e+00 6.4100000000e-04
1.3071200003e+00 1.1612500000e+00 6.4100000000e-04
1.3136799992e+00 1.1611500000e+00 6.4100000000e-04
1.3202500009e+00 1.1610500000e+00 6.4100000000e-04
1.3268099994e+00 1.1609400000e+00 6.4100000000e-04
1.3333799999e+00 1.1608400000e+00 6.4100000000e-04
1.3399400004e+00 1.1607400000e+00 6.4100000000e-04
1.3465100001e+00 1.1606400000e+00 6.4100000000e-04
1.3530800006e+00 1.1605400000e+00 6.4100000000e-04
1.3596399997e+00 1.1604300000e+00 6.4100000000e-04
1.3662100002e+00 1.1603300000e+00 6.4100000000e-04
1.3727700009e+00 1.1602300000e+00 6.4100000000e-04
1.3793399997e+00 1.1601500000e+00 6.4100000000e-04
1.3858999992e+00 1.1600600000e+00 6.4100000000e-04
1.3924700007e+00 1.1599700000e+00 6.4100000000e-04
1.3990400006e+00 1.1598800000e+00 6.4100000000e-04
1.4056000009e+00 1.1598000000e+00 6.4100000000e-04
1.4121700000e+00 1.1597200000e+00 6.4100000000e-04
1.4187300005e+00 1.1596400000e+00 6.4100000000e-04
1.4253000006e+00 1.1595500000e+00 6.4100000000e-04
1.4318599998e+00 1.1594700000e+00 6.4100000000e-04
1.4384300004e+00 1.1593900000e+00 6.4100000000e-04
1.4450000010e+00 1.1593000000e+00 6.4100000000e-04
1.4515600000e+00 1.1592200000e+00 6.4100000000e-04
1.4581300004e+00 1.1591400000e+00 6.4100000000e-04
1.4646899997e+00 1.1590600000e+00 6.4100000000e-04
1.4712599996e+00 1.1589700000e+00 6.4100000000e-04
1.4778199996e+00 1.1588900000e+00 6.4100000000e-04
1.4843899996e+00 1.1588100000e+00 6.4100000000e-04
1.4909499991e+00 1.1587200000e+00 6.4100000000e-04
1.4975200006e+00 1.1586400000e+00 6.4100000000e-04
1.5040899997e+00 1.1585600000e+00 6.4100000000e-04
1.5106500002e+00 1.1584800000e+00 6.4100000000e-04
1.5172200009e+00 1.1583900000e+00 6.4100000000e-04
1.5237800002e+00 1.1583100000e+00 6.4100000000e-04
1.5303500007e+00 1.1582300000e+00 6.4100000000e-04
1.5369099994e+00 1.1581400000e+00 6.4100000000e-04
1.5434799998e+00 1.1580600000e+00 6.4100000000e-04
1.5500500008e+00 1.1579800000e+00 6.4100000000e-04
1.5566099994e+00 1.1579000000e+00 6.4100000000e-04
1.5631800004e+00 1.1578100000e+00 6.4100000000e-04
1.5697399990e+00 1.1577300000e+00 6.4100000000e-04
1.5763100002e+00 1.1576300000e+00 6.4100000000e-04
1.5828700010e+00 1.1575100000e+00 6.4100000000e-04
1.5894399997e+00 1.1574000000e+00 6.4100000000e-04
1.5960100005e+00 1.1572800000e+00 6.4100000000e-04
1.6025699992e+00 1.1571400000e+00 6.4100000000e-04
1.6091400002e+00 1.1569800000e+00 6.4100000000e-04
1.6156999999e+00 1.1568300000e+00 6.4100000000e-04
1.6222700008e+00 1.1566800000e+00 6.4100000000e-04
1.6288299991e+00 1.1565200000e+00 6.4100000000e-04
1.6353999992e+00 1.1563700000e+00 6.4100000000e-04
1.6419700011e+00 1.1562200000e+00 6.4100000000e-04
1.6485300012e+00 1.1560600000e+00 6.4100000000e-04
1.6551000003e+00 1.1559100000e+00 6.4100000000e-04
1.6616599992e+00 1.1557600000e+00 6.4100000000e-04
1.6682300011e+00 1.1556000000e+00 6.4100000000e-04
1.6747900011e+00 1.1554500000e+00 6.4100000000e-04
1.6813599988e+00 1.1553000000e+00 6.4100000000e-04
1.6879299991e+00 1.1551400000e+00 6.4100000000e-04
1.6944900004e+00 1.1549900000e+00 6.4100000000e-04
1.7010599990e+00 1.1548200000e+00 6.4100000000e-04
1.7076199991e+00 1.1546300000e+00 6.4100000000e-04
1.7141899988e+00 1.1544400000e+00 6.4100000000e-04
1.7207499998e+00 1.1542500000e+00 6.4100000000e-04
1.7273199999e+00 1.1540600000e+00 6.4100000000e-04
1.7338900010e+00 1.1538600000e+00 6.4100000000e-04
1.7404499986e+00 1.1536700000e+00 6.4100000000e-04
1.7470200014e+00 1.1534800000e+00 6.4100000000e-04
1.7535800011e+00 1.1532900000e+00 6.4100000000e-04
1.7601499991e+00 1.1531000000e+00 6.4100000000e-04
1.7667100008e+00 1.1529100000e+00 6.4100000000e-04
1.7732799989e+00 1.1527200000e+00 6.4100000000e-04
1.7798500010e+00 1.1525200000e+00 6.4100000000e-04
1.7864099999e+00 1.1523300000e+00 6.4100000000e-04
1.7929800010e+00 1.1521400000e+00 6.4100000000e-04
1.7995400005e+00 1.1519500000e+00 6.4100000000e-04
1.8061099990e+00 1.1517400000e+00 6.4100000000e-04
1.8126699996e+00 1.1515300000e+00 6.4100000000e-04
1.8192400006e+00 1.1513300000e+00 6.4100000000e-04
1.8258099992e+00 1.1511100000e+00 6.4100000000e-04
1.8323699990e+00 1.1508900000e+00 6.4100000000e-04
1.8389400003e+00 1.1506600000e+00 6.4100000000e-04
1.8454999997e+00 1.1504400000e+00 6.4100000000e-04
1.8520700017e+00 1.1502200000e+00 6.4100000000e-04
1.8586300001e+00 1.1499900000e+00 6.4100000000e-04
1.8652000002e+00 1.1497700000e+00 6.4100000000e-04
1.8717599987e+00 1.1495400000e+00 6.4100000000e-04
1.8783299985e+00 1.1493200000e+00 6.4100000000e-04
1.8848999990e+00 1.1491000000e+00 6.4100000000e-04
1.8914600015e+00 1.1488700000e+00 6.4100000000e-04
1.8980300009e+00 1.1486500000e+00 6.4100000000e-04
1.9045899983e+00 1.1484200000e+00 6.4100000000e-04
1.9111599988e+00 1.1482000000e+00 6.4100000000e-04
1.9177200009e+00 1.1479800000e+00 6.4100000000e-04
1.9242899992e+00 1.1477500000e+00 6.4100000000e-04
1.9308600007e+00 1.1474800000e+00 6.4100000000e-04
1.9374200010e+00 1.1472100000e+00 6.4100000000e-04
1.9439900011e+00 1.1469400000e+00 6.4100000000e-04
1.9505499997e+00 1.1466500000e+00 6.4100000000e-04
1.9571200018e+00 1.1463300000e+00 6.4100000000e-04
1.9636799986e+00 1.1460000000e+00 6.4100000000e-04
1.9702500013e+00 1.1456800000e+00 6.4100000000e-04
1.9768199985e+00 1.1453600000e+00 6.4100000000e-04
1.9833800015e+00 1.1450400000e+00 6.4100000000e-04
1.9899500003e+00 1.1447100000e+00 6.4100000000e-04
1.9965100007e+00 1.1443900000e+00 6.4100000000e-04
2.0030799999e+00 1.1440700000e+00 6.4100000000e-04
2.0096400019e+00 1.1437500000e+00 6.4100000000e-04
2.0162100018e+00 1.1434200000e+00 6.4100000000e-04
2.0227799981e+00 1.1431000000e+00 6.4100000000e-04
2.0293399988e+00 1.1427700000e+00 6.4100000000e-04
2.0359099995e+00 1.1424400000e+00 6.4100000000e-04
2.0424700019e+00 1.1421100000e+00 6.4100000000e-04
2.0490399980e+00 1.1417800000e+00 6.4100000000e-04
2.0556000004e+00 1.1414100000e+00 6.4100000000e-04
2.0621700001e+00 1.1410500000e+00 6.4100000000e-04
2.0687400018e+00 1.1406900000e+00 6.4100000000e-04
2.0752999984e+00 1.1403200000e+00 6.4100000000e-04
2.0818699999e+00 1.1399600000e+00 6.4100000000e-04
2.0884299988e+00 1.1395900000e+00 6.4100000000e-04
2.0949999999e+00 1.1392300000e+00 6.4100000000e-04
2.1015600012e+00 1.1388700000e+00 6.4100000000e-04
2.1081300017e+00 1.1385000000e+00 6.4100000000e-04
2.1147000000e+00 1.1381400000e+00 6.4100000000e-04
2.1212599993e+00 1.1377700000e+00 6.4100000000e-04
2.1278300001e+00 1.1373800000e+00 6.4100000000e-04
2.1343900010e+00 1.1369500000e+00 6.4100000000e-04
2.1409600015e+00 1.1365300000e+00 6.4100000000e-04
2.1475199993e+00 1.1361000000e+00 6.4100000000e-04
2.1540900021e+00 1.1356700000e+00 6.4100000000e-04
2.1606600013e+00 1.1352300000e+00 6.4100000000e-04
2.1672199991e+00 1.1347900000e+00 6.4100000000e-04
2.1737900022e+00 1.1343500000e+00 6.4100000000e-04
2.1803500007e+00 1.1339100000e+00 6.4100000000e-04
2.1869200022e+00 1.1334800000e+00 6.4100000000e-04
2.1934800009e+00 1.1330400000e+00 6.4100000000e-04
2.2000500010e+00 1.1325900000e+00 6.4100000000e-04
2.2066100004e+00 1.1320200000e+00 6.4100000000e-04
2.2131799999e+00 1.1314400000e+00 6.4100000000e-04
2.2197499979e+00 1.1308600000e+00 6.4100000000e-04
2.2263099995e+00 1.1302700000e+00 6.4100000000e-04
2.2328800016e+00 1.1296300000e+00 6.4100000000e-04
2.2394400024e+00 1.1289900000e+00 6.4100000000e-04
2.2460099986e+00 1.1283600000e+00 6.4100000000e-04
2.2525700016e+00 1.1278300000e+00 4.9292300000e-04
2.2591399987e+00 1.1274900000e+00 1.1791700000e-04
2.2657099981e+00 1.1271500000e+00 0.0000000000e+00
2.2722699990e+00 1.1268100000e+00 0.0000000000e+00
2.2788400021e+00 1.1253500000e+00 0.0000000000e+00
2.2853999975e+00 1.1243800000e+00 0.0000000000e+00
2.2919700017e+00 1.1238700000e+00 0.0000000000e+00
2.2985300011e+00 1.1229000000e+00 0.0000000000e+00
2.3050999976e+00 1.1219900000e+00 0.0000000000e+00
2.3116700018e+00 1.1215700000e+00 0.0000000000e+00
2.3182300023e+00 1.1206700000e+00 0.0000000000e+00
2.3247999976e+00 1.1208700000e+00 0.0000000000e+00
2.3313600018e+00 1.1194100000e+00 0.0000000000e+00
2.3379299991e+00 1.1187300000e+00 0.0000000000e+00
2.3444900016e+00 1.1170600000e+00 0.0000000000e+00
2.3510600021e+00 1.1169500000e+00 2.7025400000e-05
2.3576299977e+00 1.1171000000e+00 0.0000000000e+00
2.3641899980e+00 1.1153300000e+00 0.0000000000e+00
2.3707599983e+00 1.1146100000e+00 3.1235200000e-04
2.3773200001e+00 1.1137900000e+00 3.0773400000e-05
2.3838899975e+00 1.1130100000e+00 4.4907600000e-04
2.3904499974e+00 1.1124300000e+00 9.4953600000e-05
2.3970199998e+00 1.1120300000e+00 0.0000000000e+00
2.4035899982e+00 1.1105800000e+00 4.3187800000e-04
2.4101499997e+00 1.1095800000e+00 8.4031300000e-04
2.4167199980e+00 1.1087000000e+00 4.4328500000e-05
2.4232799973e+00 1.1078100000e+00 2.8447900000e-04
2.4298499997e+00 1.1074000000e+00 5.2940600000e-04
2.4364099975e+00 1.1060600000e+00 9.5912900000e-04
2.4429799979e+00 1.1052600000e+00 8.8177000000e-04
2.4495499990e+00 1.1043000000e+00 1.3800000000e-03
2.4561100020e+00 1.1036700000e+00 8.4984700000e-04
2.4626799993e+00 1.1020700000e+00 1.4400000000e-03
2.4692399983e+00 1.1011400000e+00 1.4100000000e-03
2.4758099994e+00 1.0999700000e+00 1.9600000000e-03
2.4823699973e+00 1.0989900000e+00 1.7800000000e-03
2.4889400031e+00 1.0983700000e+00 1.2500000000e-03
2.4955099973e+00 1.0965700000e+00 1.7000000000e-03
2.5020700000e+00 1.0960700000e+00 1.6700000000e-03
2.5086400008e+00 1.0946100000e+00 1.8700000000e-03
2.5152000013e+00 1.0931400000e+00 1.7100000000e-03
2.5217699991e+00 1.0926900000e+00 1.9400000000e-03
2.5283300009e+00 1.0904900000e+00 2.1500000000e-03
2.5349000026e+00 1.0895500000e+00 2.2800000000e-03
2.5414599997e+00 1.0881500000e+00 2.7900000000e-03
2.5480300025e+00 1.0869100000e+00 2.0200000000e-03
2.5546000023e+00 1.0850400000e+00 2.4800000000e-03
2.5611600014e+00 1.0840600000e+00 2.9100000000e-03
2.5677300029e+00 1.0827300000e+00 3.0500000000e-03
2.5742899999e+00 1.0806400000e+00 3.2800000000e-03
2.5808600021e+00 1.0792900000e+00 2.9800000000e-03
2.5874200017e+00 1.0776400000e+00 3.1800000000e-03
2.5939899981e+00 1.0755500000e+00 3.5900000000e-03
2.6005600015e+00 1.0739300000e+00 3.6900000000e-03
2.6071199973e+00 1.0718300000e+00 3.4900000000e-03
2.6136900001e+00 1.0702700000e+00 3.8900000000e-03
2.6202500000e+00 1.0679200000e+00 4.0900000000e-03
2.6268199998e+00 1.0656200000e+00 4.0100000000e-03
2.6333799991e+00 1.0639800000e+00 4.3400000000e-03
2.6399499996e+00 1.0619900000e+00 4.8000000000e-03
2.6465200014e+00 1.0595600000e+00 4.8800000000e-03
2.6530800034e+00 1.0568400000e+00 5.4700000000e-03
2.6596499993e+00 1.0545000000e+00 5.5700000000e-03
2.6662099982e+00 1.0509800000e+00 5.6400000000e-03
2.6727799988e+00 1.0490100000e+00 5.9300000000e-03
2.6793400020e+00 1.0468400000e+00 6.2600000000e-03
2.6859100014e+00 1.0428000000e+00 6.8400000000e-03
2.6924799965e+00 1.0387400000e+00 6.9700000000e-03
2.6990400033e+00 1.0359300000e+00 8.0900000000e-03
2.7056099976e+00 1.0330000000e+00 8.1400000000e-03
2.7121700012e+00 1.0270100000e+00 7.7800000000e-03
2.7187399989e+00 1.0240300000e+00 1.0520000000e-02
2.7252999990e+00 1.0199700000e+00 1.2920000000e-02
2.7318700001e+00 1.0185700000e+00 1.3640000000e-02
2.7384400035e+00 1.0142000000e+00 1.2950000000e-02
2.7449999997e+00 1.0090500000e+00 1.3200000000e-02
2.7515699984e+00 1.0037200000e+00 1.4740000000e-02
2.7581300012e+00 9.9778000000e-01 1.5940000000e-02
2.7647000018e+00 9.9189000000e-01 1.8380000000e-02
2.7712599975e+00 9.8650000000e-01 2.0000000000e-02
2.7778300010e+00 9.7905000000e-01 2.2520000000e-02
2.7844000014e+00 9.7464000000e-01 2.5720000000e-02
2.7909600013e+00 9.6581000000e-01 2.8170000000e-02
2.7975300026e+00 9.6011000000e-01 3.2120000000e-02
2.8040900031e+00 9.5434000000e-01 3.6290000000e-02
2.8106600014e+00 9.4513000000e-01 4.0410000000e-02
2.8172200003e+00 9.3769000000e-01 4.5320000000e-02
2.8237900004e+00 9.3212000000e-01 5.1000000000e-02
2.8303600015e+00 9.2211000000e-01 5.7530000000e-02
2.8369200026e+00 9.1277000000e-01 6.4460000000e-02
2.8434900024e+00 9.0502000000e-01 7.2560000000e-02
2.8500500028e+00 8.9790000000e-01 8.1580000000e-02
2.8566199977e+00 8.9062000000e-01 9.1840000000e-02
2.8631800031e+00 8.8056000000e-01 1.0362000000e-01
2.8697499969e+00 8.7245000000e-01 1.1612000000e-01
2.8763199975e+00 8.6694000000e-01 1.3062000000e-01
2.8828799990e+00 8.6091000000e-01 1.4612000000e-01
2.8894500040e+00 8.5828000000e-01 1.6283000000e-01
2.8960100005e+00 8.5686000000e-01 1.8029000000e-01
2.9025800021e+00 8.5634000000e-01 1.9735000000e-01
2.9091400027e+00 8.5965000000e-01 2.1505000000e-01
2.9157099991e+00 8.6205000000e-01 2.3260000000e-01
2.9222700025e+00 8.6881000000e-01 2.4937000000e-01
2.9288399984e+00 8.7441000000e-01 2.6552000000e-01
2.9354099958e+00 8.8426000000e-01 2.8169000000e-01
2.9419699978e+00 8.9468000000e-01 2.9693000000e-01
2.9485399983e+00 9.0305000000e-01 3.1073000000e-01
2.9550999979e+00 9.1907000000e-01 3.2413000000e-01
2.9616699988e+00 9.2613000000e-01 3.3594000000e-01
2.9682300014e+00 9.3520000000e-01 3.4813000000e-01
2.9747999962e+00 9.4325000000e-01 3.6042000000e-01
2.9813700032e+00 9.5729000000e-01 3.7254000000e-01
2.9879299998e+00 9.6690000000e-01 3.8413000000e-01
2.9944999989e+00 9.8217000000e-01 3.9800000000e-01
3.0010600014e+00 1.0019400000e+00 4.1122000000e-01
3.0076300024e+00 1.0122400000e+00 4.2365000000e-01
3.0141900017e+00 1.0258400000e+00 4.3597000000e-01
3.0207600009e+00 1.0487600000e+00 4.4880000000e-01
3.0273299996e+00 1.0790300000e+00 4.5894000000e-01
3.0338899984e+00 1.0881600000e+00 4.6887000000e-01
3.0404600002e+00 1.1193500000e+00 4.7606000000e-01
3.0470199977e+00 1.1557100000e+00 4.8116000000e-01
3.0535900038e+00 1.1716400000e+00 4.8452000000e-01
3.0601499993e+00 1.1992700000e+00 4.8417000000e-01
3.0667199957e+00 1.2290700000e+00 4.8217000000e-01
3.0732900037e+00 1.2507300000e+00 4.7812000000e-01
3.0798499958e+00 1.2803500000e+00 4.7112000000e-01
3.0864200008e+00 1.3008100000e+00 4.6358000000e-01
3.0929800019e+00 1.3237400000e+00 4.5466000000e-01
3.0995500018e+00 1.3459600000e+00 4.4376000000e-01
3.1061099979e+00 1.3643700000e+00 4.3307000000e-01
3.1126800028e+00 1.3845500000e+00 4.2064000000e-01
3.1192500038e+00 1.4016800000e+00 4.0769000000e-01
3.1258100048e+00 1.4229600000e+00 3.9394000000e-01
3.1323800048e+00 1.4344500000e+00 3.7980000000e-01
3.1389400031e+00 1.4514800000e+00 3.6515000000e-01
3.1455100031e+00 1.4632200000e+00 3.4888000000e-01
3.1520699968e+00 1.4766600000e+00 3.3304000000e-01
3.1586399997e+00 1.4871900000e+00 3.1587000000e-01
3.1652099969e+00 1.4953500000e+00 2.9860000000e-01
3.1717699986e+00 1.5064900000e+00 2.8094000000e-01
3.1783400044e+00 1.5102800000e+00 2.6282000000e-01
3.1848999967e+00 1.5162400000e+00 2.4443000000e-01
3.1914700024e+00 1.5188900000e+00 2.2654000000e-01
3.1980300033e+00 1.5208100000e+00 2.0899000000e-01
3.2046000008e+00 1.5203800000e+00 1.9080000000e-01
3.2111700009e+00 1.5183800000e+00 1.7363000000e-01
3.2177300012e+00 1.5185300000e+00 1.5663000000e-01
3.2242999962e+00 1.5140000000e+00 1.4019000000e-01
3.2308599961e+00 1.5081800000e+00 1.2437000000e-01
3.2374299949e+00 1.5015400000e+00 1.1007000000e-01
3.2439899992e+00 1.4961900000e+00 9.6370000000e-02
3.2505600008e+00 1.4896900000e+00 8.3460000000e-02
3.2571200041e+00 1.4774700000e+00 7.2610000000e-02
3.2636899964e+00 1.4651900000e+00 6.2270000000e-02
3.2702600031e+00 1.4568900000e+00 5.3810000000e-02
3.2768199959e+00 1.4492100000e+00 4.6360000000e-02
3.2833900054e+00 1.4419500000e+00 4.0500000000e-02
3.2899500019e+00 1.4313000000e+00 3.4650000000e-02
3.2965199957e+00 1.4207300000e+00 3.0260000000e-02
3.3030800052e+00 1.4115600000e+00 2.6340000000e-02
3.3096499965e+00 1.4027400000e+00 2.2740000000e-02
3.3162200021e+00 1.3961300000e+00 1.9950000000e-02
3.3227799958e+00 1.3898300000e+00 1.7610000000e-02
3.3293499991e+00 1.3840300000e+00 1.5510000000e-02
3.3359100013e+00 1.3782200000e+00 1.3310000000e-02
3.3424799964e+00 1.3725200000e+00 1.2070000000e-02
3.3490399960e+00 1.3669700000e+00 1.0760000000e-02
3.3556099977e+00 1.3618000000e+00 9.5200000000e-03
3.3621799972e+00 1.3569700000e+00 8.3700000000e-03
3.3687400035e+00 1.3524000000e+00 7.4700000000e-03
3.3753100049e+00 1.3474000000e+00 6.4500000000e-03
3.3818699992e+00 1.3424400000e+00 5.5800000000e-03
3.3884399961e+00 1.3385400000e+00 5.3500000000e-03
3.3950000002e+00 1.3345300000e+00 4.4200000000e-03
3.4015699953e+00 1.3302300000e+00 4.0200000000e-03
3.4081399954e+00 1.3262500000e+00 3.8300000000e-03
3.4147000001e+00 1.3225200000e+00 3.1400000000e-03
3.4212699966e+00 1.3188400000e+00 3.2200000000e-03
3.4278300027e+00 1.3151000000e+00 2.8400000000e-03
3.4343999979e+00 1.3125000000e+00 2.5000000000e-03
3.4409600014e+00 1.3099000000e+00 2.3500000000e-03
3.4475299949e+00 1.3078000000e+00 2.4600000000e-03
3.4540999987e+00 1.3056900000e+00 2.1400000000e-03
3.4606600009e+00 1.3029300000e+00 2.2700000000e-03
3.4672300009e+00 1.2996500000e+00 2.0800000000e-03
3.4737899991e+00 1.2969200000e+00 1.8600000000e-03
3.4803600048e+00 1.2950500000e+00 1.7500000000e-03
3.4869200017e+00 1.2935100000e+00 1.9400000000e-03
3.4934899949e+00 1.2919300000e+00 1.6000000000e-03
3.5000599980e+00 1.2893400000e+00 1.9000000000e-03
3.5066199971e+00 1.2859500000e+00 1.3800000000e-03
3.5131899943e+00 1.2851100000e+00 1.6900000000e-03
3.5197500054e+00 1.2842900000e+00 1.6400000000e-03
3.5263199993e+00 1.2818700000e+00 1.6900000000e-03
3.5328800055e+00 1.2794600000e+00 1.4700000000e-03
3.5394499947e+00 1.2785100000e+00 1.5400000000e-03
3.5460199957e+00 1.2772000000e+00 1.6400000000e-03
3.5525800030e+00 1.2750500000e+00 1.8200000000e-03
3.5591499997e+00 1.2737000000e+00 1.8800000000e-03
3.5657100003e+00 1.2732600000e+00 1.3400000000e-03
3.5722799989e+00 1.2705500000e+00 1.4600000000e-03
3.5788400040e+00 1.2693200000e+00 1.7600000000e-03
3.5854100058e+00 1.2688500000e+00 1.4100000000e-03
3.5919799952e+00 1.2665200000e+00 1.8300000000e-03
3.5985399975e+00 1.2655400000e+00 1.8000000000e-03
3.6051099939e+00 1.2646000000e+00 1.9000000000e-03
3.6116700050e+00 1.2626600000e+00 1.8000000000e-03
3.6182400038e+00 1.2621700000e+00 2.0200000000e-03
3.6247999971e+00 1.2608200000e+00 1.9500000000e-03
3.6313700008e+00 1.2593600000e+00 1.8800000000e-03
3.6379299967e+00 1.2586700000e+00 1.7200000000e-03
3.6445000025e+00 1.2569800000e+00 1.9900000000e-03
3.6510700003e+00 1.2568700000e+00 1.8600000000e-03
3.6576300016e+00 1.2547300000e+00 1.6600000000e-03
3.6642000042e+00 1.2544600000e+00 1.9200000000e-03
3.6707600058e+00 1.2530300000e+00 1.8600000000e-03
3.6773300019e+00 1.2522500000e+00 2.0900000000e-03
3.6838899969e+00 1.2510100000e+00 2.1700000000e-03
3.6904599959e+00 1.2503500000e+00 2.3500000000e-03
3.6970300031e+00 1.2492000000e+00 2.3200000000e-03
3.7035900035e+00 1.2486900000e+00 2.1800000000e-03
3.7101600005e+00 1.2473900000e+00 2.3700000000e-03
3.7167200013e+00 1.2471500000e+00 2.4000000000e-03
3.7232900018e+00 1.2455900000e+00 2.5200000000e-03
3.7298499936e+00 1.2453900000e+00 2.4900000000e-03
3.7364200048e+00 1.2440300000e+00 2.4100000000e-03
3.7429900020e+00 1.2435900000e+00 2.6500000000e-03
3.7495499931e+00 1.2423200000e+00 2.7900000000e-03
3.7561199966e+00 1.2418200000e+00 2.9700000000e-03
3.7626800059e+00 1.2413100000e+00 2.7700000000e-03
3.7692499979e+00 1.2400100000e+00 3.1200000000e-03
3.7758099976e+00 1.2398700000e+00 2.9500000000e-03
3.7823799954e+00 1.2387700000e+00 3.1400000000e-03
3.7889499987e+00 1.2380400000e+00 3.2300000000e-03
3.7955100058e+00 1.2377800000e+00 3.2500000000e-03
3.8020800031e+00 1.2365700000e+00 3.4100000000e-03
3.8086400019e+00 1.2359100000e+00 3.3700000000e-03
3.8152099985e+00 1.2355600000e+00 3.6300000000e-03
3.8217699981e+00 1.2344200000e+00 3.6900000000e-03
3.8283400059e+00 1.2339800000e+00 3.8400000000e-03
3.8349099933e+00 1.2335600000e+00 4.0200000000e-03
3.8414700009e+00 1.2327500000e+00 3.9800000000e-03
3.8480400074e+00 1.2323300000e+00 4.1900000000e-03
3.8546000012e+00 1.2319900000e+00 4.1100000000e-03
3.8611699957e+00 1.2309500000e+00 4.3400000000e-03
3.8677299928e+00 1.2301500000e+00 4.3700000000e-03
3.8742999949e+00 1.2298100000e+00 4.7000000000e-03
3.8808700046e+00 1.2296900000e+00 4.4900000000e-03
3.8874299947e+00 1.2288900000e+00 4.8800000000e-03
3.8939999932e+00 1.2281000000e+00 4.9100000000e-03
3.9005599972e+00 1.2279700000e+00 5.0100000000e-03
3.9071300047e+00 1.2274800000e+00 4.9900000000e-03
3.9136900011e+00 1.2266600000e+00 5.2300000000e-03
3.9202599985e+00 1.2259800000e+00 5.4000000000e-03
3.9268299945e+00 1.2257000000e+00 5.4800000000e-03
3.9333900069e+00 1.2253800000e+00 5.6800000000e-03
3.9399600054e+00 1.2249500000e+00 5.7700000000e-03
3.9465199971e+00 1.2243600000e+00 5.9500000000e-03
3.9530899935e+00 1.2237100000e+00 6.0300000000e-03
3.9596499945e+00 1.2234500000e+00 5.9900000000e-03
3.9662200056e+00 1.2231300000e+00 6.0700000000e-03
3.9727800052e+00 1.2225800000e+00 6.3000000000e-03
3.9793500068e+00 1.2223000000e+00 6.4700000000e-03
3.9859199927e+00 1.2217300000e+00 6.3400000000e-03
3.9924800042e+00 1.2210400000e+00 6.6900000000e-03
3.9990500017e+00 1.2207800000e+00 6.8900000000e-03
4.0056100010e+00 1.2203000000e+00 6.8100000000e-03
4.0121799995e+00 1.2200600000e+00 7.0000000000e-03
4.0187399954e+00 1.2197000000e+00 7.3800000000e-03
4.0253100061e+00 1.2196100000e+00 7.2900000000e-03
4.0318799945e+00 1.2188000000e+00 7.5200000000e-03
4.0384400043e+00 1.2184900000e+00 7.8200000000e-03
4.0450100075e+00 1.2181300000e+00 7.9500000000e-03
4.0515700036e+00 1.2178200000e+00 8.2500000000e-03
4.0581399978e+00 1.2174400000e+00 8.2400000000e-03
4.0646999922e+00 1.2169600000e+00 8.1400000000e-03
4.0712700080e+00 1.2164600000e+00 7.8900000000e-03
4.0778399956e+00 1.2164400000e+00 8.4600000000e-03
4.0843999924e+00 1.2161200000e+00 8.5100000000e-03
4.0909699999e+00 1.2158800000e+00 8.4500000000e-03
4.0975299991e+00 1.2156200000e+00 8.9500000000e-03
4.1041000041e+00 1.2154500000e+00 8.8900000000e-03
4.1106600032e+00 1.2150800000e+00 8.9300000000e-03
4.1172300052e+00 1.2147300000e+00 9.0800000000e-03
4.1238000062e+00 1.2145700000e+00 9.0600000000e-03
4.1303599935e+00 1.2141100000e+00 9.2600000000e-03
4.1369300001e+00 1.2137600000e+00 9.3600000000e-03
4.1434900035e+00 1.2134700000e+00 9.6400000000e-03
4.1500599941e+00 1.2132700000e+00 9.6000000000e-03
4.1566199949e+00 1.2128400000e+00 9.8200000000e-03
4.1631900040e+00 1.2127700000e+00 1.0220000000e-02
4.1697600031e+00 1.2122900000e+00 9.8900000000e-03
4.1763200041e+00 1.2121100000e+00 1.0210000000e-02
4.1828900056e+00 1.2121600000e+00 1.0420000000e-02
4.1894499955e+00 1.2115400000e+00 1.0210000000e-02
4.1960199945e+00 1.2114300000e+00 1.0340000000e-02
4.2025800067e+00 1.2112400000e+00 1.0460000000e-02
4.2091500035e+00 1.2111600000e+00 1.0370000000e-02
4.2157199941e+00 1.2109100000e+00 1.0370000000e-02
4.2222800055e+00 1.2105300000e+00 1.0000000000e-02
4.2288500030e+00 1.2100400000e+00 1.0040000000e-02
4.2354100005e+00 1.2092200000e+00 9.9100000000e-03
4.2419799991e+00 1.2077200000e+00 1.0450000000e-02
4.2485399977e+00 1.2061000000e+00 1.1500000000e-02
4.2551099967e+00 1.2065900000e+00 1.3860000000e-02
4.2616800056e+00 1.2079900000e+00 1.4780000000e-02
4.2682400014e+00 1.2103100000e+00 1.5740000000e-02
4.2748100087e+00 1.2104700000e+00 1.3290000000e-02
4.2813699918e+00 1.2109600000e+00 1.1880000000e-02
4.2879400084e+00 1.2088800000e+00 1.2230000000e-02
4.2944999922e+00 1.2083800000e+00 1.2470000000e-02
4.3010699965e+00 1.2077700000e+00 1.2580000000e-02
4.3076299995e+00 1.2070900000e+00 1.2630000000e-02
4.3141999930e+00 1.2069800000e+00 1.3220000000e-02
4.3207700075e+00 1.2069800000e+00 1.3530000000e-02
4.3273300082e+00 1.2067400000e+00 1.3620000000e-02
4.3339000038e+00 1.2062100000e+00 1.3990000000e-02
4.3404600055e+00 1.2059400000e+00 1.4370000000e-02
4.3470299946e+00 1.2059600000e+00 1.4690000000e-02
4.3535899940e+00 1.2062300000e+00 1.4890000000e-02
4.3601599938e+00 1.2057600000e+00 1.4910000000e-02
4.3667300029e+00 1.2057400000e+00 1.5500000000e-02
4.3732900053e+00 1.2056500000e+00 1.5780000000e-02
4.3798600022e+00 1.2057900000e+00 1.5840000000e-02
4.3864200034e+00 1.2057300000e+00 1.6110000000e-02
4.3929899969e+00 1.2055600000e+00 1.6240000000e-02
4.3995500087e+00 1.2056300000e+00 1.6760000000e-02
4.4061199932e+00 1.2055200000e+00 1.6890000000e-02
4.4126900016e+00 1.2056900000e+00 1.7290000000e-02
4.4192500055e+00 1.2057900000e+00 1.7390000000e-02
4.4258200038e+00 1.2058100000e+00 1.7630000000e-02
4.4323799986e+00 1.2055900000e+00 1.7960000000e-02
4.4389499911e+00 1.2060100000e+00 1.8290000000e-02
4.4455100036e+00 1.2060300000e+00 1.8400000000e-02
4.4520799991e+00 1.2062200000e+00 1.8500000000e-02
4.4586500006e+00 1.2061100000e+00 1.8940000000e-02
4.4652099928e+00 1.2062900000e+00 1.9020000000e-02
4.4717799983e+00 1.2066100000e+00 1.9410000000e-02
4.4783400048e+00 1.2069300000e+00 1.9370000000e-02
4.4849099934e+00 1.2069200000e+00 1.9870000000e-02
4.4914699956e+00 1.2078000000e+00 1.9770000000e-02
4.4980399903e+00 1.2078800000e+00 1.9380000000e-02
4.5046099976e+00 1.2080600000e+00 1.9350000000e-02
4.5111700020e+00 1.2080500000e+00 1.9860000000e-02
4.5177399971e+00 1.2087200000e+00 2.0140000000e-02
4.5243000086e+00 1.2088600000e+00 1.9920000000e-02
4.5308700044e+00 1.2091300000e+00 1.9740000000e-02
4.5374299974e+00 1.2094900000e+00 1.9990000000e-02
4.5439999904e+00 1.2100000000e+00 1.9800000000e-02
4.5505700067e+00 1.2103600000e+00 1.9770000000e-02
4.5571299954e+00 1.2104900000e+00 1.9440000000e-02
4.5636999898e+00 1.2105500000e+00 1.9390000000e-02
4.5702600056e+00 1.2107900000e+00 1.8990000000e-02
4.5768300050e+00 1.2112000000e+00 1.9020000000e-02
4.5833899936e+00 1.2114900000e+00 1.8870000000e-02
4.5899600078e+00 1.2120400000e+00 1.8640000000e-02
4.5965299958e+00 1.2119700000e+00 1.8070000000e-02
4.6030900028e+00 1.2119100000e+00 1.8090000000e-02
4.6096600063e+00 1.2122400000e+00 1.7810000000e-02
4.6162200021e+00 1.2124200000e+00 1.7530000000e-02
4.6227899978e+00 1.2128100000e+00 1.7090000000e-02
4.6293500040e+00 1.2125200000e+00 1.6740000000e-02
4.6359199936e+00 1.2126300000e+00 1.6450000000e-02
4.6424899932e+00 1.2129800000e+00 1.6310000000e-02
4.6490500029e+00 1.2129900000e+00 1.5610000000e-02
4.6556199947e+00 1.2129300000e+00 1.5500000000e-02
4.6621799991e+00 1.2129500000e+00 1.5130000000e-02
4.6687499936e+00 1.2128000000e+00 1.4780000000e-02
4.6753100058e+00 1.2130500000e+00 1.4260000000e-02
4.6818799956e+00 1.2126800000e+00 1.4110000000e-02
4.6884400102e+00 1.2127400000e+00 1.3670000000e-02
4.6950099913e+00 1.2125500000e+00 1.3290000000e-02
4.7015799979e+00 1.2123300000e+00 1.3090000000e-02
4.7081400002e+00 1.2123600000e+00 1.2880000000e-02
4.7147099984e+00 1.2124500000e+00 1.2620000000e-02
4.7212700050e+00 1.2123000000e+00 1.1750000000e-02
4.7278399993e+00 1.2118400000e+00 1.1760000000e-02
4.7343999946e+00 1.2115500000e+00 1.1470000000e-02
4.7409699930e+00 1.2113000000e+00 1.1450000000e-02
4.7475399945e+00 1.2114100000e+00 1.1070000000e-02
4.7541000012e+00 1.2108600000e+00 1.0830000000e-02
4.7606700028e+00 1.2112300000e+00 1.0350000000e-02
4.7672300075e+00 1.2107600000e+00 1.0460000000e-02
4.7738000031e+00 1.2109600000e+00 9.7500000000e-03
4.7803600018e+00 1.2098100000e+00 9.7000000000e-03
4.7869300114e+00 1.2102700000e+00 9.4900000000e-03
4.7934999987e+00 1.2096500000e+00 9.2900000000e-03
4.8000600046e+00 1.2096800000e+00 9.1900000000e-03
4.8066299962e+00 1.2091100000e+00 8.7500000000e-03
4.8131899888e+00 1.2093100000e+00 8.7000000000e-03
4.8197599903e+00 1.2086400000e+00 8.0400000000e-03
4.8263200002e+00 1.2085200000e+00 8.2000000000e-03
4.8328899970e+00 1.2083200000e+00 7.8200000000e-03
4.8394599889e+00 1.2081000000e+00 7.8700000000e-03
4.8460199924e+00 1.2079400000e+00 7.4900000000e-03
4.8525900102e+00 1.2074000000e+00 7.3700000000e-03
4.8591500054e+00 1.2079200000e+00 7.0100000000e-03
4.8657199954e+00 1.2067000000e+00 6.8700000000e-03
4.8722800010e+00 1.2069200000e+00 6.6600000000e-03
4.8788500067e+00 1.2060400000e+00 6.3700000000e-03
4.8854199975e+00 1.2059100000e+00 6.5300000000e-03
4.8919799941e+00 1.2056000000e+00 6.3600000000e-03
4.8985500008e+00 1.2055500000e+00 6.1700000000e-03
4.9051100092e+00 1.2056500000e+00 5.9200000000e-03
4.9116800119e+00 1.2049700000e+00 5.7000000000e-03
4.9182399899e+00 1.2049700000e+00 5.2900000000e-03
4.9248099955e+00 1.2040400000e+00 5.2600000000e-03
4.9313799953e+00 1.2038600000e+00 5.0100000000e-03
4.9379399948e+00 1.2036700000e+00 5.0900000000e-03
4.9445099894e+00 1.2030400000e+00 4.9500000000e-03
4.9510700109e+00 1.2031500000e+00 4.7600000000e-03
4.9576399904e+00 1.2027500000e+00 4.6700000000e-03
4.9642000015e+00 1.2021000000e+00 4.5100000000e-03
4.9707700083e+00 1.2021300000e+00 4.5800000000e-03
4.9773399878e+00 1.2014700000e+00 4.4000000000e-03
4.9839000094e+00 1.2014500000e+00 4.4100000000e-03
4.9904699989e+00 1.2012300000e+00 4.2800000000e-03
4.9970299902e+00 1.2006000000e+00 3.9900000000e-03
5.0035999901e+00 1.2007300000e+00 3.7000000000e-03
5.0101600033e+00 1.2000900000e+00 3.5900000000e-03
5.0167299918e+00 1.1991600000e+00 3.7200000000e-03
5.0232900069e+00 1.1994500000e+00 3.6600000000e-03
5.0298599902e+00 1.1990500000e+00 3.8000000000e-03
5.0364300092e+00 1.1985500000e+00 3.7700000000e-03
5.0429900021e+00 1.1986800000e+00 3.6000000000e-03
5.0495599922e+00 1.1981400000e+00 3.5500000000e-03
5.0561199994e+00 1.1975200000e+00 3.1700000000e-03
5.0626899993e+00 1.1977000000e+00 3.3300000000e-03
5.0692500105e+00 1.1969700000e+00 3.2200000000e-03
5.0758200107e+00 1.1964300000e+00 2.7300000000e-03
5.0823899888e+00 1.1964500000e+00 3.0100000000e-03
5.0889500117e+00 1.1960200000e+00 2.9200000000e-03
5.0955200066e+00 1.1953900000e+00 2.9800000000e-03
5.1020799930e+00 1.1954600000e+00 2.6100000000e-03
5.1086500019e+00 1.1950400000e+00 3.1000000000e-03
5.1152100028e+00 1.1945200000e+00 3.0300000000e-03
5.1217799997e+00 1.1945000000e+00 2.5900000000e-03
5.1283500107e+00 1.1943400000e+00 2.4900000000e-03
5.1349100040e+00 1.1933100000e+00 2.6700000000e-03
5.1414800077e+00 1.1930400000e+00 2.6500000000e-03
5.1480399983e+00 1.1930200000e+00 2.5700000000e-03
5.1546100012e+00 1.1925700000e+00 2.4900000000e-03
5.1611699974e+00 1.1915100000e+00 2.3600000000e-03
5.1677400089e+00 1.1915400000e+00 2.6600000000e-03
5.1743100082e+00 1.1915900000e+00 2.6100000000e-03
5.1808700002e+00 1.1908000000e+00 2.2900000000e-03
5.1874400001e+00 1.1900100000e+00 2.5800000000e-03
5.1940000034e+00 1.1902100000e+00 2.6100000000e-03
5.2005699929e+00 1.1897600000e+00 2.8200000000e-03
5.2071299981e+00 1.1894100000e+00 2.4000000000e-03
5.2136999957e+00 1.1887600000e+00 2.6900000000e-03
5.2202699973e+00 1.1889500000e+00 2.7500000000e-03
5.2268299958e+00 1.1886500000e+00 2.5200000000e-03
5.2334000110e+00 1.1878200000e+00 2.9100000000e-03
5.2399600126e+00 1.1874200000e+00 2.4100000000e-03
5.2465300119e+00 1.1871900000e+00 2.7600000000e-03
5.2530899884e+00 1.1870500000e+00 3.0400000000e-03
5.2596599994e+00 1.1866900000e+00 2.6100000000e-03
5.2662299916e+00 1.1860900000e+00 2.8600000000e-03
5.2727900055e+00 1.1860000000e+00 2.9000000000e-03
5.2793600005e+00 1.1861700000e+00 2.8200000000e-03
5.2859200122e+00 1.1854300000e+00 2.5700000000e-03
5.2924899885e+00 1.1845000000e+00 2.4000000000e-03
5.2990500059e+00 1.1840100000e+00 2.7800000000e-03
5.3056200003e+00 1.1839900000e+00 2.8800000000e-03
5.3121899955e+00 1.1838700000e+00 2.9000000000e-03
5.3187500016e+00 1.1830400000e+00 2.8600000000e-03
5.3253199906e+00 1.1824000000e+00 2.9900000000e-03
5.3318799908e+00 1.1821600000e+00 3.2100000000e-03
5.3384499885e+00 1.1821200000e+00 3.4100000000e-03
5.3450099994e+00 1.1822700000e+00 3.0800000000e-03
5.3515799949e+00 1.1813500000e+00 3.3500000000e-03
5.3581499980e+00 1.1807700000e+00 3.3800000000e-03
5.3647099913e+00 1.1803600000e+00 3.3600000000e-03
5.3712800086e+00 1.1801600000e+00 3.2200000000e-03
5.3778399929e+00 1.1800300000e+00 3.4100000000e-03
5.3844099901e+00 1.1794600000e+00 3.7700000000e-03
5.3909699905e+00 1.1786600000e+00 3.6900000000e-03
5.3975399934e+00 1.1781900000e+00 3.4800000000e-03
5.4041000085e+00 1.1777500000e+00 3.6800000000e-03
5.4106699873e+00 1.1776400000e+00 3.8000000000e-03
5.4172399957e+00 1.1776600000e+00 3.9400000000e-03
5.4238000032e+00 1.1767000000e+00 3.9800000000e-03
5.4303699904e+00 1.1763500000e+00 3.9900000000e-03
5.4369299892e+00 1.1757600000e+00 4.3500000000e-03
5.4434999893e+00 1.1752300000e+00 4.3400000000e-03
5.4500599858e+00 1.1751400000e+00 4.2500000000e-03
5.4566300063e+00 1.1747800000e+00 4.2200000000e-03
5.4632000077e+00 1.1746400000e+00 4.5000000000e-03
5.4697599997e+00 1.1738800000e+00 4.8500000000e-03
5.4763300066e+00 1.1727700000e+00 4.7400000000e-03
5.4828899921e+00 1.1725000000e+00 4.7300000000e-03
5.4894599871e+00 1.1720600000e+00 5.0700000000e-03
5.4960200104e+00 1.1714600000e+00 4.7300000000e-03
5.5025900086e+00 1.1712200000e+00 5.1500000000e-03
5.5091600115e+00 1.1709200000e+00 5.3000000000e-03
5.5157200144e+00 1.1708400000e+00 5.1000000000e-03
5.5222899863e+00 1.1694100000e+00 5.7200000000e-03
5.5288500121e+00 1.1688700000e+00 6.0200000000e-03
5.5354200040e+00 1.1679900000e+00 6.1100000000e-03
5.5419800137e+00 1.1673200000e+00 5.9400000000e-03
5.5485499872e+00 1.1667400000e+00 6.1600000000e-03
5.5551200033e+00 1.1666700000e+00 6.7800000000e-03
5.5616799849e+00 1.1662700000e+00 6.8800000000e-03
5.5682499900e+00 1.1663300000e+00 6.8900000000e-03
5.5748099892e+00 1.1655700000e+00 7.3500000000e-03
5.5813800117e+00 1.1646900000e+00 7.4000000000e-03
5.5879399961e+00 1.1640200000e+00 7.6300000000e-03
5.5945100044e+00 1.1628800000e+00 7.7900000000e-03
5.6010800137e+00 1.1621400000e+00 8.1100000000e-03
5.6076400013e+00 1.1609500000e+00 8.3300000000e-03
5.6142100147e+00 1.1604300000e+00 8.6900000000e-03
5.6207700087e+00 1.1599700000e+00 9.1200000000e-03
5.6273399992e+00 1.1595500000e+00 9.5800000000e-03
5.6339000056e+00 1.1590500000e+00 1.0030000000e-02
5.6404700113e+00 1.1586700000e+00 1.0570000000e-02
5.6470399877e+00 1.1582600000e+00 1.0480000000e-02
5.6536000041e+00 1.1577900000e+00 1.1010000000e-02
5.6601699934e+00 1.1569100000e+00 1.1590000000e-02
5.6667299980e+00 1.1557000000e+00 1.1870000000e-02
5.6733000120e+00 1.1547600000e+00 1.2690000000e-02
5.6798599855e+00 1.1542100000e+00 1.3200000000e-02
5.6864300058e+00 1.1527700000e+00 1.3840000000e-02
5.6930000102e+00 1.1521400000e+00 1.4270000000e-02
5.6995600054e+00 1.1510200000e+00 1.5000000000e-02
5.7061299916e+00 1.1502200000e+00 1.5720000000e-02
5.7126900131e+00 1.1490600000e+00 1.6650000000e-02
5.7192599998e+00 1.1482100000e+00 1.7180000000e-02
5.7258200024e+00 1.1476100000e+00 1.8190000000e-02
5.7323900105e+00 1.1469900000e+00 1.9150000000e-02
5.7389500162e+00 1.1467500000e+00 2.0260000000e-02
5.7455200026e+00 1.1458400000e+00 2.1280000000e-02
5.7520899946e+00 1.1453500000e+00 2.2280000000e-02
5.7586499919e+00 1.1445600000e+00 2.3510000000e-02
5.7652200165e+00 1.1440400000e+00 2.4590000000e-02
5.7717799980e+00 1.1434600000e+00 2.5990000000e-02
5.7783499834e+00 1.1431300000e+00 2.7560000000e-02
5.7849100113e+00 1.1427600000e+00 2.8740000000e-02
5.7914799870e+00 1.1425400000e+00 3.0260000000e-02
5.7980500103e+00 1.1419400000e+00 3.1550000000e-02
5.8046099899e+00 1.1418000000e+00 3.3160000000e-02
5.8111800014e+00 1.1414800000e+00 3.5000000000e-02
5.8177399915e+00 1.1418800000e+00 3.6450000000e-02
5.8243099920e+00 1.1421400000e+00 3.8100000000e-02
5.8308699948e+00 1.1423400000e+00 3.9670000000e-02
5.8374399870e+00 1.1426600000e+00 4.1330000000e-02
5.8440100133e+00 1.1432600000e+00 4.2720000000e-02
5.8505699950e+00 1.1436800000e+00 4.4030000000e-02
5.8571399863e+00 1.1443800000e+00 4.5340000000e-02
5.8636999941e+00 1.1450500000e+00 4.6890000000e-02
5.8702699918e+00 1.1455700000e+00 4.8100000000e-02
5.8768300001e+00 1.1468300000e+00 4.9500000000e-02
5.8834000133e+00 1.1477500000e+00 5.0930000000e-02
5.8899699890e+00 1.1488000000e+00 5.2170000000e-02
5.8965300029e+00 1.1502900000e+00 5.3390000000e-02
5.9031000112e+00 1.1515100000e+00 5.4200000000e-02
5.9096599852e+00 1.1526100000e+00 5.5160000000e-02
5.9162300050e+00 1.1537900000e+00 5.6350000000e-02
5.9227899885e+00 1.1549500000e+00 5.7220000000e-02
5.9293600004e+00 1.1565600000e+00 5.8260000000e-02
5.9359300170e+00 1.1581200000e+00 5.8870000000e-02
5.9424899961e+00 1.1593100000e+00 5.9840000000e-02
5.9490599959e+00 1.1608500000e+00 5.9860000000e-02
5.9556199943e+00 1.1631200000e+00 6.0700000000e-02
5.9621899970e+00 1.1640400000e+00 6.1240000000e-02
5.9687500006e+00 1.1646800000e+00 6.1390000000e-02
5.9753199924e+00 1.1654200000e+00 6.1750000000e-02
5.9818900075e+00 1.1661600000e+00 6.2260000000e-02
5.9884499927e+00 1.1677500000e+00 6.2590000000e-02
5.9950199968e+00 1.1688500000e+00 6.2850000000e-02
6.0015800120e+00 1.1700600000e+00 6.2800000000e-02
6.0081499954e+00 1.1714300000e+00 6.3190000000e-02
6.0147099958e+00 1.1714100000e+00 6.3170000000e-02
6.0212799862e+00 1.1728500000e+00 6.3010000000e-02
6.0278499931e+00 1.1745800000e+00 6.3150000000e-02
6.0344099920e+00 1.1759500000e+00 6.3060000000e-02
6.0409800149e+00 1.1773300000e+00 6.3310000000e-02
6.0475400022e+00 1.1793100000e+00 6.3630000000e-02
6.0541100006e+00 1.1810400000e+00 6.3200000000e-02
6.0606700099e+00 1.1824400000e+00 6.2880000000e-02
6.0672400176e+00 1.1836800000e+00 6.2670000000e-02
6.0738000107e+00 1.1857300000e+00 6.2430000000e-02
6.0803699900e+00 1.1861600000e+00 6.1870000000e-02
6.0869400076e+00 1.1867000000e+00 6.1010000000e-02
6.0934999923e+00 1.1871500000e+00 6.0290000000e-02
6.1000700014e+00 1.1877500000e+00 5.9480000000e-02
6.1066299914e+00 1.1893500000e+00 5.8930000000e-02
6.1131999949e+00 1.1902900000e+00 5.8100000000e-02
6.1197599945e+00 1.1906900000e+00 5.6990000000e-02
6.1263299971e+00 1.1910000000e+00 5.6590000000e-02
6.1329000170e+00 1.1915900000e+00 5.6110000000e-02
6.1394599823e+00 1.1923600000e+00 5.5540000000e-02
6.1460299922e+00 1.1924400000e+00 5.4790000000e-02
6.1525900032e+00 1.1925000000e+00 5.4380000000e-02
6.1591600118e+00 1.1921400000e+00 5.3920000000e-02
6.1657200026e+00 1.1922100000e+00 5.3300000000e-02
6.1722899819e+00 1.1935000000e+00 5.3010000000e-02
6.1788600043e+00 1.1935000000e+00 5.2620000000e-02
6.1854200014e+00 1.1931300000e+00 5.1900000000e-02
6.1919899934e+00 1.1938700000e+00 5.2030000000e-02
6.1985499819e+00 1.1939100000e+00 5.1850000000e-02
6.2051199959e+00 1.1941400000e+00 5.1080000000e-02
6.2116799908e+00 1.1941500000e+00 5.0980000000e-02
6.2182500041e+00 1.1937700000e+00 5.0570000000e-02
6.2248199807e+00 1.1939700000e+00 5.0350000000e-02
6.2313800134e+00 1.1947900000e+00 5.0220000000e-02
6.2379499960e+00 1.1947600000e+00 4.9570000000e-02
6.2445099829e+00 1.1946500000e+00 4.9750000000e-02
6.2510799913e+00 1.1947400000e+00 4.9750000000e-02
6.2576399918e+00 1.1954600000e+00 4.8950000000e-02
6.2642100080e+00 1.1954800000e+00 4.8950000000e-02
6.2707799932e+00 1.1952000000e+00 4.8700000000e-02
6.2773400128e+00 1.1950700000e+00 4.8660000000e-02
6.2839099813e+00 1.1950900000e+00 4.8390000000e-02
6.2904700140e+00 1.1960300000e+00 4.8450000000e-02
6.2970399907e+00 1.1961600000e+00 4.8050000000e-02
6.3035999834e+00 1.1962000000e+00 4.7640000000e-02
6.3101699950e+00 1.1961400000e+00 4.7390000000e-02
6.3167399901e+00 1.1968800000e+00 4.7030000000e-02
6.3233000099e+00 1.1967500000e+00 4.7020000000e-02
6.3298699830e+00 1.1963000000e+00 4.7020000000e-02
6.3364300143e+00 1.1968200000e+00 4.6810000000e-02
6.3429999956e+00 1.1973800000e+00 4.6960000000e-02
6.3495599895e+00 1.1974400000e+00 4.6370000000e-02
6.3561300110e+00 1.1972100000e+00 4.6000000000e-02
6.3626999998e+00 1.1980800000e+00 4.5810000000e-02
6.3692600149e+00 1.1982000000e+00 4.5880000000e-02
6.3758299936e+00 1.1981100000e+00 4.5350000000e-02
6.3823899955e+00 1.1982100000e+00 4.5070000000e-02
6.3889599998e+00 1.1982100000e+00 4.4910000000e-02
6.3955199843e+00 1.1985000000e+00 4.4500000000e-02
6.4020900109e+00 1.1983300000e+00 4.4710000000e-02
6.4086599966e+00 1.1977900000e+00 4.4380000000e-02
6.4152199811e+00 1.1983300000e+00 4.3990000000e-02
6.4217899862e+00 1.1984200000e+00 4.3720000000e-02
6.4283499903e+00 1.1977700000e+00 4.3370000000e-02
6.4349200149e+00 1.1986100000e+00 4.3670000000e-02
6.4414799981e+00 1.1985900000e+00 4.1670000000e-02
6.4480500020e+00 1.1988700000e+00 4.1580000000e-02
6.4546100077e+00 1.1993700000e+00 4.1480000000e-02
6.4611799933e+00 1.1993400000e+00 4.1410000000e-02
6.4677499812e+00 1.1998700000e+00 4.1320000000e-02
6.4743099962e+00 1.1994800000e+00 4.1230000000e-02
6.4808800138e+00 1.1993600000e+00 4.1150000000e-02
6.4874400209e+00 1.1993300000e+00 4.1060000000e-02
6.4940099901e+00 1.1998900000e+00 4.0960000000e-02
6.5005699960e+00 1.1995300000e+00 4.0880000000e-02
6.5071400082e+00 1.1997800000e+00 4.0800000000e-02
6.5137099917e+00 1.2006800000e+00 4.0720000000e-02
6.5202700002e+00 1.2001300000e+00 4.0640000000e-02
6.5268399978e+00 1.2001600000e+00 4.0550000000e-02
6.5333999853e+00 1.1998300000e+00 4.0460000000e-02
6.5399700077e+00 1.1998500000e+00 4.0370000000e-02
6.5465299856e+00 1.1997200000e+00 4.0280000000e-02
6.5531000020e+00 1.1995500000e+00 4.0210000000e-02
6.5596700087e+00 1.2002000000e+00 4.0130000000e-02
6.5662300065e+00 1.1999400000e+00 4.0050000000e-02
6.5727999843e+00 1.2001900000e+00 3.9960000000e-02
6.5793600068e+00 1.2010800000e+00 3.9780000000e-02
6.5859300141e+00 1.2002900000e+00 3.9600000000e-02
6.5924899910e+00 1.2007400000e+00 3.9430000000e-02
6.5990600009e+00 1.2003900000e+00 3.9260000000e-02
6.6056299850e+00 1.2004800000e+00 3.9100000000e-02
6.6121899795e+00 1.2004300000e+00 3.8930000000e-02
6.6187599936e+00 1.2006000000e+00 3.8770000000e-02
6.6253199880e+00 1.2000800000e+00 3.8620000000e-02
6.6318900081e+00 1.2003200000e+00 3.8470000000e-02
6.6384499793e+00 1.2007800000e+00 3.8290000000e-02
6.6450199825e+00 1.2007000000e+00 3.8130000000e-02
6.6515899954e+00 1.2004800000e+00 3.7960000000e-02
6.6581500051e+00 1.2009200000e+00 3.7810000000e-02
6.6647199908e+00 1.2010600000e+00 3.7660000000e-02
6.6712799902e+00 1.2005300000e+00 3.7510000000e-02
6.6778500176e+00 1.2007500000e+00 3.7350000000e-02
6.6844099874e+00 1.2008700000e+00 3.7200000000e-02
6.6909799929e+00 1.2000900000e+00 3.7040000000e-02
6.6975500074e+00 1.2008300000e+00 3.6900000000e-02
6.7041100150e+00 1.2005200000e+00 3.6750000000e-02
6.7106800036e+00 1.2001400000e+00 3.6610000000e-02
6.7172400054e+00 1.2008800000e+00 3.6470000000e-02
6.7238099969e+00 1.2007100000e+00 3.6330000000e-02
6.7303699775e+00 1.2006500000e+00 3.6200000000e-02
6.7369400022e+00 1.2010900000e+00 3.6060000000e-02
6.7435099971e+00 1.2008300000e+00 3.5930000000e-02
6.7500699915e+00 1.2005200000e+00 3.5800000000e-02
6.7566400221e+00 1.2010900000e+00 3.5660000000e-02
6.7631999843e+00 1.2008200000e+00 3.5530000000e-02
6.7697699929e+00 1.2005300000e+00 3.5400000000e-02
6.7763300028e+00 1.2014600000e+00 3.5260000000e-02
6.7828999781e+00 1.2008200000e+00 3.5120000000e-02
6.7894599799e+00 1.2002200000e+00 3.4990000000e-02
6.7960300039e+00 1.2006500000e+00 3.4880000000e-02
6.8025999836e+00 1.2008200000e+00 3.4760000000e-02
6.8091600062e+00 1.2004600000e+00 3.4640000000e-02
6.8157299987e+00 1.2003600000e+00 3.4520000000e-02
6.8222900152e+00 1.2000300000e+00 3.4380000000e-02
6.8288600135e+00 1.2001100000e+00 3.4260000000e-02
6.8354200173e+00 1.2002600000e+00 3.4140000000e-02
6.8419900152e+00 1.2000600000e+00 3.4030000000e-02
6.8485599913e+00 1.2004000000e+00 3.3920000000e-02
6.8551199935e+00 1.2002700000e+00 3.3810000000e-02
6.8616899854e+00 1.2000700000e+00 3.3670000000e-02
6.8682499869e+00 1.2004300000e+00 3.3540000000e-02
6.8748199914e+00 1.2008100000e+00 3.3420000000e-02
6.8813799897e+00 1.2007000000e+00 3.3300000000e-02
6.8879500047e+00 1.2005500000e+00 3.3190000000e-02
6.8945199804e+00 1.2008700000e+00 3.3060000000e-02
6.9010800225e+00 1.2004100000e+00 3.2920000000e-02
6.9076499834e+00 1.2000500000e+00 3.2800000000e-02
6.9142099966e+00 1.2002700000e+00 3.2700000000e-02
6.9207799907e+00 1.2005000000e+00 3.2580000000e-02
6.9273399761e+00 1.2005100000e+00 3.2460000000e-02
6.9339100054e+00 1.2005200000e+00 3.2340000000e-02
6.9404799844e+00 1.2005400000e+00 3.2200000000e-02
6.9470399840e+00 1.2005400000e+00 3.2060000000e-02
6.9536099784e+00 1.2005400000e+00 3.1920000000e-02
6.9601699818e+00 1.2005600000e+00 3.1790000000e-02
6.9667399960e+00 1.2005600000e+00 3.1670000000e-02
6.9733000083e+00 1.2005700000e+00 3.1560000000e-02
6.9798699991e+00 1.2005300000e+00 3.1440000000e-02
6.9864399837e+00 1.2005000000e+00 3.1290000000e-02
6.9930000000e+00 1.2004800000e+00 3.1170000000e-02
6.9995699954e+00 1.2004600000e+00 3.1040000000e-02
7.0061300135e+00 1.2004300000e+00 3.0910000000e-02
7.0126999786e+00 1.2004200000e+00 3.0760000000e-02
7.0192600071e+00 1.2004100000e+00 3.0600000000e-02
7.0258300003e+00 1.2004600000e+00 3.0450000000e-02
7.0323999897e+00 1.2004400000e+00 3.0290000000e-02
7.0389599818e+00 1.2004500000e+00 3.0110000000e-02
7.0455299903e+00 1.2004500000e+00 2.9920000000e-02
7.0520899948e+00 1.2004600000e+00 2.9720000000e-02
7.0586599844e+00 1.2004900000e+00 2.9520000000e-02
7.0652200139e+00 1.2004700000e+00 2.9280000000e-02
7.0717899975e+00 1.2005100000e+00 2.9030000000e-02
7.0783599862e+00 1.2004800000e+00 2.8780000000e-02
7.0849200071e+00 1.2004800000e+00 2.8530000000e-02
7.0914899858e+00 1.2004800000e+00 2.8270000000e-02
7.0980499925e+00 1.2003900000e+00 2.8020000000e-02
7.1046199766e+00 1.2003100000e+00 2.7830000000e-02
7.1111799853e+00 1.2002400000e+00 2.7710000000e-02
7.1177499915e+00 1.2000200000e+00 2.7640000000e-02
7.1243100195e+00 1.1998000000e+00 2.7630000000e-02
7.1308800149e+00 1.1995700000e+00 2.7660000000e-02
7.1374500147e+00 1.1992300000e+00 2.7670000000e-02
7.1440099820e+00 1.1988900000e+00 2.7640000000e-02
7.1505800247e+00 1.1985300000e+00 2.7590000000e-02
7.1571399825e+00 1.1983400000e+00 2.7520000000e-02
7.1637099863e+00 1.1980400000e+00 2.7450000000e-02
7.1702700070e+00 1.1978900000e+00 2.7410000000e-02
7.1768399929e+00 1.1977500000e+00 2.7380000000e-02
7.1834100065e+00 1.1976900000e+00 2.7330000000e-02
7.1899699861e+00 1.1976100000e+00 2.7280000000e-02
7.1965399899e+00 1.1975300000e+00 2.7250000000e-02
7.2031000126e+00 1.1974600000e+00 2.7230000000e-02
7.2096699785e+00 1.1974100000e+00 2.7220000000e-02
7.2162300172e+00 1.1973100000e+00 2.7180000000e-02
7.2228000221e+00 1.1972400000e+00 2.7130000000e-02
7.2293699806e+00 1.1971600000e+00 2.7070000000e-02
7.2359300163e+00 1.1971100000e+00 2.6980000000e-02
7.2424999748e+00 1.1970700000e+00 2.6860000000e-02
7.2490600144e+00 1.1970300000e+00 2.6690000000e-02
7.2556300007e+00 1.1970300000e+00 2.6570000000e-02
7.2621900199e+00 1.1970300000e+00 2.6520000000e-02
7.2687600099e+00 1.1970500000e+00 2.6440000000e-02
7.2753299890e+00 1.1970200000e+00 2.6160000000e-02
7.2818900087e+00 1.1969400000e+00 2.5740000000e-02
7.2884600100e+00 1.1970600000e+00 2.5420000000e-02
7.2950200050e+00 1.1971000000e+00 2.5230000000e-02
7.3015900067e+00 1.1971700000e+00 2.5220000000e-02
7.3081500087e+00 1.1972700000e+00 2.5180000000e-02
7.3147199896e+00 1.1971500000e+00 2.5190000000e-02
7.3212900016e+00 1.1973600000e+00 2.5150000000e-02
7.3278500253e+00 1.1973100000e+00 2.5010000000e-02
7.3344199863e+00 1.1973000000e+00 2.4890000000e-02
7.3409800211e+00 1.1972500000e+00 2.4810000000e-02
7.3475500197e+00 1.1974500000e+00 2.4780000000e-02
7.3541099933e+00 1.1975700000e+00 2.4860000000e-02
7.3606800114e+00 1.1976600000e+00 2.4970000000e-02
7.3672500011e+00 1.1976100000e+00 2.5070000000e-02
7.3738099804e+00 1.1975700000e+00 2.5080000000e-02
7.3803800184e+00 1.1973800000e+00 2.5030000000e-02
7.3869400024e+00 1.1972100000e+00 2.4920000000e-02
7.3935100183e+00 1.1968800000e+00 2.4750000000e-02
7.4000699913e+00 1.1967300000e+00 2.4540000000e-02
7.4066400246e+00 1.1965500000e+00 2.4360000000e-02
7.4132099740e+00 1.1964100000e+00 2.4210000000e-02
7.4197700084e+00 1.1963100000e+00 2.4080000000e-02
7.4263400086e+00 1.1962000000e+00 2.3950000000e-02
7.4328999970e+00 1.1960500000e+00 2.3840000000e-02
7.4394699800e+00 1.1959400000e+00 2.3720000000e-02
7.4460300203e+00 1.1957700000e+00 2.3550000000e-02
7.4525999736e+00 1.1956000000e+00 2.3400000000e-02
7.4591700138e+00 1.1954200000e+00 2.3250000000e-02
7.4657300222e+00 1.1952400000e+00 2.3100000000e-02
7.4723000157e+00 1.1950400000e+00 2.2950000000e-02
7.4788599926e+00 1.1948500000e+00 2.2800000000e-02
7.4854299848e+00 1.1947500000e+00 2.2680000000e-02
7.4919899764e+00 1.1944500000e+00 2.2580000000e-02
7.4985600140e+00 1.1942000000e+00 2.2460000000e-02
7.5051200116e+00 1.1940200000e+00 2.2330000000e-02
7.5116899736e+00 1.1937900000e+00 2.2240000000e-02
7.5182599739e+00 1.1937900000e+00 2.2240000000e-02
7.5248200168e+00 1.1936100000e+00 2.2190000000e-02
7.5313899862e+00 1.1936400000e+00 2.2040000000e-02
7.5379500167e+00 1.1937000000e+00 2.1930000000e-02
7.5445200051e+00 1.1938800000e+00 2.2030000000e-02
7.5510800170e+00 1.1938200000e+00 2.2260000000e-02
7.5576500189e+00 1.1938400000e+00 2.2420000000e-02
7.5642200200e+00 1.1937400000e+00 2.2420000000e-02
7.5707800173e+00 1.1938700000e+00 2.2270000000e-02
7.5773500248e+00 1.1938600000e+00 2.2150000000e-02
7.5839099917e+00 1.1939700000e+00 2.2000000000e-02
7.5904800018e+00 1.1940200000e+00 2.1900000000e-02
7.5970399927e+00 1.1942400000e+00 2.1900000000e-02
7.6036100024e+00 1.1942900000e+00 2.1910000000e-02
7.6101799764e+00 1.1943100000e+00 2.1900000000e-02
7.6167400225e+00 1.1943300000e+00 2.1850000000e-02
7.6233099932e+00 1.1943000000e+00 2.1690000000e-02
7.6298700011e+00 1.1942600000e+00 2.1510000000e-02
7.6364400258e+00 1.1942200000e+00 2.1310000000e-02
7.6429999949e+00 1.1941500000e+00 2.1140000000e-02
7.6495700154e+00 1.1940900000e+00 2.0970000000e-02
7.6561400279e+00 1.1940300000e+00 2.0800000000e-02
7.6627000215e+00 1.1939500000e+00 2.0650000000e-02
7.6692699722e+00 1.1938400000e+00 2.0510000000e-02
7.6758299881e+00 1.1937700000e+00 2.0370000000e-02
7.6823999965e+00 1.1936700000e+00 2.0210000000e-02
7.6889599783e+00 1.1935700000e+00 2.0070000000e-02
7.6955299883e+00 1.1934700000e+00 1.9930000000e-02
7.7021000238e+00 1.1933800000e+00 1.9780000000e-02
7.7086600135e+00 1.1933000000e+00 1.9640000000e-02
7.7152299967e+00 1.1932000000e+00 1.9510000000e-02
7.7217900212e+00 1.1931200000e+00 1.9380000000e-02
7.7283600162e+00 1.1930100000e+00 1.9240000000e-02
7.7349200212e+00 1.1929400000e+00 1.9080000000e-02
7.7414899736e+00 1.1928100000e+00 1.8920000000e-02
7.7480599904e+00 1.1927300000e+00 1.8770000000e-02
7.7546200010e+00 1.1926300000e+00 1.8620000000e-02
7.7611899848e+00 1.1925200000e+00 1.8460000000e-02
7.7677499923e+00 1.1924200000e+00 1.8320000000e-02
7.7743200107e+00 1.1922800000e+00 1.8190000000e-02
7.7808800233e+00 1.1921900000e+00 1.8070000000e-02
7.7874500243e+00 1.1920500000e+00 1.7930000000e-02
7.7940200132e+00 1.1919200000e+00 1.7790000000e-02
7.8005799825e+00 1.1917700000e+00 1.7650000000e-02
7.8071500285e+00 1.1916200000e+00 1.7510000000e-02
7.8137100263e+00 1.1915100000e+00 1.7360000000e-02
7.8202800178e+00 1.1913500000e+00 1.7230000000e-02
7.8268399938e+00 1.1912500000e+00 1.7080000000e-02
7.8334100028e+00 1.1911200000e+00 1.6920000000e-02
7.8399700300e+00 1.1910200000e+00 1.6770000000e-02
7.8465400070e+00 1.1909100000e+00 1.6660000000e-02
7.8531100271e+00 1.1908200000e+00 1.6560000000e-02
7.8596699937e+00 1.1906600000e+00 1.6420000000e-02
7.8662400008e+00 1.1905500000e+00 1.6260000000e-02
7.8727999893e+00 1.1904400000e+00 1.6100000000e-02
7.8793699971e+00 1.1903200000e+00 1.5950000000e-02
7.8859300222e+00 1.1902000000e+00 1.5820000000e-02
7.8924999830e+00 1.1900400000e+00 1.5710000000e-02
7.8990699809e+00 1.1899200000e+00 1.5610000000e-02
7.9056299889e+00 1.1897800000e+00 1.5510000000e-02
7.9122000254e+00 1.1896200000e+00 1.5420000000e-02
7.9187599843e+00 1.1894700000e+00 1.5330000000e-02
7.9253300133e+00 1.1892600000e+00 1.5250000000e-02
7.9318900027e+00 1.1890600000e+00 1.5170000000e-02
7.9384599786e+00 1.1888800000e+00 1.5070000000e-02
7.9450299901e+00 1.1887200000e+00 1.4980000000e-02
7.9515900202e+00 1.1885500000e+00 1.4920000000e-02
7.9581600056e+00 1.1884000000e+00 1.4810000000e-02
7.9647199861e+00 1.1882500000e+00 1.4570000000e-02
7.9712900279e+00 1.1881500000e+00 1.4160000000e-02
7.9778499782e+00 1.1880800000e+00 1.3840000000e-02
7.9844199694e+00 1.1881800000e+00 1.3740000000e-02
7.9909899990e+00 1.1880300000e+00 1.3620000000e-02
7.9975499985e+00 1.1877200000e+00 1.3490000000e-02
8.0041200087e+00 1.1877200000e+00 1.3390000000e-02
8.0106800309e+00 1.1875900000e+00 1.3300000000e-02
8.0172499792e+00 1.1875500000e+00 1.3200000000e-02
8.0238099821e+00 1.1872400000e+00 1.3080000000e-02
8.0303800197e+00 1.1868900000e+00 1.2970000000e-02
8.0369499739e+00 1.1866800000e+00 1.2840000000e-02
8.0435099838e+00 1.1864500000e+00 1.2710000000e-02
8.0500799985e+00 1.1862300000e+00 1.2570000000e-02
8.0566399838e+00 1.1859900000e+00 1.2440000000e-02
8.0632100191e+00 1.1858500000e+00 1.2320000000e-02
8.0697700049e+00 1.1856400000e+00 1.2210000000e-02
8.0763400211e+00 1.1854500000e+00 1.2100000000e-02
8.0829100293e+00 1.1852300000e+00 1.2000000000e-02
8.0894699911e+00 1.1850300000e+00 1.1900000000e-02
8.0960400196e+00 1.1848700000e+00 1.1800000000e-02
8.1025999825e+00 1.1846600000e+00 1.1710000000e-02
8.1091699930e+00 1.1844800000e+00 1.1610000000e-02
8.1157299850e+00 1.1843300000e+00 1.1470000000e-02
8.1223000053e+00 1.1841500000e+00 1.1340000000e-02
8.1288699670e+00 1.1840300000e+00 1.1250000000e-02
8.1354299822e+00 1.1838700000e+00 1.1170000000e-02
8.1419999973e+00 1.1837200000e+00 1.1090000000e-02
8.1485599824e+00 1.1835400000e+00 1.0990000000e-02
8.1551300147e+00 1.1833700000e+00 1.0870000000e-02
8.1616900000e+00 1.1831400000e+00 1.0740000000e-02
8.1682600138e+00 1.1829500000e+00 1.0600000000e-02
8.1748299879e+00 1.1826600000e+00 1.0470000000e-02
8.1813899902e+00 1.1824000000e+00 1.0340000000e-02
8.1879599929e+00 1.1819200000e+00 1.0180000000e-02
8.1945200082e+00 1.1817200000e+00 1.0020000000e-02
8.2010900052e+00 1.1816600000e+00 9.8700000000e-03
8.2076499993e+00 1.1813100000e+00 9.7200000000e-03
8.2142200240e+00 1.1810600000e+00 9.5800000000e-03
8.2207800307e+00 1.1807200000e+00 9.4000000000e-03
8.2273499821e+00 1.1806400000e+00 9.2700000000e-03
8.2339200023e+00 1.1805900000e+00 9.3000000000e-03
8.2404800165e+00 1.1804100000e+00 9.5000000000e-03
8.2470500158e+00 1.1802300000e+00 9.6000000000e-03
8.2536099949e+00 1.1800300000e+00 9.4900000000e-03
8.2601800090e+00 1.1798400000e+00 9.3900000000e-03
8.2667399893e+00 1.1796400000e+00 9.2900000000e-03
8.2733099868e+00 1.1794300000e+00 9.1800000000e-03
8.2798800149e+00 1.1792200000e+00 9.0500000000e-03
8.2864400240e+00 1.1790500000e+00 8.9400000000e-03
8.2930100234e+00 1.1788700000e+00 8.8400000000e-03
8.2995699910e+00 1.1786900000e+00 8.7400000000e-03
8.3061400000e+00 1.1785300000e+00 8.6400000000e-03
8.3127000342e+00 1.1783400000e+00 8.5500000000e-03
8.3192700233e+00 1.1781500000e+00 8.4200000000e-03
8.3258400079e+00 1.1779300000e+00 8.3100000000e-03
8.3323999657e+00 1.1777300000e+00 8.2000000000e-03
8.3389699906e+00 1.1775300000e+00 8.0800000000e-03
8.3455299777e+00 1.1773500000e+00 7.9800000000e-03
8.3521000149e+00 1.1770900000e+00 7.8700000000e-03
8.3586600035e+00 1.1769100000e+00 7.7500000000e-03
8.3652300251e+00 1.1766900000e+00 7.6400000000e-03
8.3718000103e+00 1.1764800000e+00 7.5400000000e-03
8.3783599664e+00 1.1762700000e+00 7.4400000000e-03
8.3849300001e+00 1.1760400000e+00 7.3500000000e-03
8.3914899953e+00 1.1758000000e+00 7.2300000000e-03
8.3980599810e+00 1.1755800000e+00 7.1300000000e-03
8.4046199894e+00 1.1753700000e+00 7.0400000000e-03
8.4111899713e+00 1.1751600000e+00 6.9400000000e-03
8.4177600292e+00 1.1749700000e+00 6.8400000000e-03
8.4243199908e+00 1.1747600000e+00 6.7600000000e-03
8.4308899715e+00 1.1745700000e+00 6.6600000000e-03
8.4374499897e+00 1.1743000000e+00 6.5700000000e-03
8.4440200105e+00 1.1740700000e+00 6.4800000000e-03
8.4505799899e+00 1.1738300000e+00 6.3900000000e-03
8.4571500269e+00 1.1736400000e+00 6.3100000000e-03
8.4637199723e+00 1.1733900000e+00 6.2400000000e-03
8.4702799729e+00 1.1731600000e+00 6.1600000000e-03
8.4768500066e+00 1.1728900000e+00 6.0700000000e-03
8.4834100173e+00 1.1726500000e+00 5.9600000000e-03
8.4899799728e+00 1.1724100000e+00 5.8300000000e-03
8.4965399710e+00 1.1721600000e+00 5.7200000000e-03
8.5031099700e+00 1.1719100000e+00 5.6100000000e-03
8.5096799993e+00 1.1716500000e+00 5.5000000000e-03
8.5162400269e+00 1.1714000000e+00 5.3700000000e-03
8.5228100311e+00 1.1711000000e+00 5.2500000000e-03
8.5293700285e+00 1.1709100000e+00 5.1400000000e-03
8.5359399863e+00 1.1706100000e+00 5.0500000000e-03
8.5425000053e+00 1.1703700000e+00 4.9700000000e-03
8.5490699689e+00 1.1700200000e+00 4.9100000000e-03
8.5556299895e+00 1.1698300000e+00 4.8300000000e-03
8.5622000121e+00 1.1694900000e+00 4.7400000000e-03
8.5687700004e+00 1.1692300000e+00 4.6600000000e-03
8.5753300036e+00 1.1689600000e+00 4.5800000000e-03
8.5818999851e+00 1.1687000000e+00 4.5200000000e-03
8.5884599783e+00 1.1684200000e+00 4.4900000000e-03
8.5950300081e+00 1.1681500000e+00 4.4500000000e-03
8.6015899729e+00 1.1679000000e+00 4.3800000000e-03
8.6081600330e+00 1.1676200000e+00 4.3000000000e-03
8.6147299701e+00 1.1673800000e+00 4.2100000000e-03
8.6212900240e+00 1.1671000000e+00 4.1200000000e-03
8.6278600019e+00 1.1668300000e+00 4.0300000000e-03
8.6344200206e+00 1.1665500000e+00 3.9600000000e-03
8.6409900224e+00 1.1663500000e+00 3.9200000000e-03
8.6475499891e+00 1.1661100000e+00 3.8500000000e-03
8.6541199985e+00 1.1658600000e+00 3.7900000000e-03
8.6606900226e+00 1.1656000000e+00 3.7300000000e-03
8.6672499726e+00 1.1653600000e+00 3.6500000000e-03
8.6738200181e+00 1.1651000000e+00 3.5600000000e-03
8.6803799888e+00 1.1648600000e+00 3.4900000000e-03
8.6869499651e+00 1.1646100000e+00 3.4200000000e-03
8.6935100174e+00 1.1643200000e+00 3.3300000000e-03
8.7000799851e+00 1.1640600000e+00 3.2500000000e-03
8.7066500357e+00 1.1638000000e+00 3.1700000000e-03
8.7132099739e+00 1.1635100000e+00 3.1200000000e-03
8.7197800327e+00 1.1632600000e+00 3.0700000000e-03
8.7263399799e+00 1.1629400000e+00 3.0100000000e-03
8.7329100335e+00 1.1627600000e+00 2.9300000000e-03
8.7394699765e+00 1.1626500000e+00 2.8500000000e-03
8.7460400117e+00 1.1625000000e+00 2.7900000000e-03
8.7526099736e+00 1.1624200000e+00 2.7400000000e-03
8.7591700189e+00 1.1622600000e+00 2.7100000000e-03
8.7657399819e+00 1.1621600000e+00 2.6400000000e-03
8.7723000310e+00 1.1620400000e+00 2.5500000000e-03
8.7788699833e+00 1.1619200000e+00 2.4700000000e-03
8.7854300250e+00 1.1618000000e+00 2.4200000000e-03
8.7920000326e+00 1.1616900000e+00 2.3500000000e-03
8.7985699649e+00 1.1616000000e+00 2.2600000000e-03
8.8051300308e+00 1.1614400000e+00 2.1700000000e-03
8.8116999637e+00 1.1613400000e+00 2.0800000000e-03
8.8182600345e+00 1.1611700000e+00 1.9800000000e-03
8.8248300360e+00 1.1610400000e+00 1.8900000000e-03
8.8313900242e+00 1.1589800000e+00 1.8000000000e-03
8.8379600069e+00 1.1582400000e+00 1.7100000000e-03
8.8445299938e+00 1.1582000000e+00 1.6400000000e-03
8.8510900139e+00 1.1577200000e+00 1.5600000000e-03
8.8576600078e+00 1.1571900000e+00 1.4700000000e-03
8.8642199617e+00 1.1572100000e+00 1.3800000000e-03
8.8707900328e+00 1.1566100000e+00 1.3100000000e-03
8.8773499910e+00 1.1580200000e+00 1.2600000000e-03
8.8839199743e+00 1.1565300000e+00 1.2300000000e-03
8.8904800082e+00 1.1570000000e+00 1.2000000000e-03
8.8970499749e+00 1.1560900000e+00 1.1600000000e-03
8.9036199875e+00 1.1562600000e+00 1.0900000000e-03
8.9101800215e+00 1.1570500000e+00 9.9840400000e-04
8.9167499677e+00 1.1544400000e+00 9.2114500000e-04
8.9233100219e+00 1.1551100000e+00 8.3683300000e-04
8.9298799749e+00 1.1530200000e+00 7.7973700000e-04
8.9364399640e+00 1.1549400000e+00 7.3697800000e-04
8.9430099981e+00 1.1540100000e+00 6.9448000000e-04
8.9495800083e+00 1.1528400000e+00 6.5069100000e-04
8.9561400269e+00 1.1529300000e+00 6.0614800000e-04
8.9627099908e+00 1.1508800000e+00 5.6512400000e-04
8.9692699716e+00 1.1534300000e+00 4.9902700000e-04
8.9758399649e+00 1.1517000000e+00 4.1683200000e-04
8.9823999843e+00 1.1514600000e+00 3.1439300000e-04
8.9889700035e+00 1.1504800000e+00 2.0146600000e-04
8.9955400113e+00 1.1498900000e+00 1.0658800000e-04
9.0021000189e+00 1.1514000000e+00 2.4415100000e-06
9.0086700071e+00 1.1503700000e+00 0.0000000000e+00
9.0152300050e+00 1.1502200000e+00 0.0000000000e+00
9.0217999707e+00 1.1495600000e+00 0.0000000000e+00
9.0283600380e+00 1.1499600000e+00 0.0000000000e+00
9.0349299789e+00 1.1497200000e+00 0.0000000000e+00
9.0415000058e+00 1.1482600000e+00 0.0000000000e+00
9.0480600285e+00 1.1505900000e+00 0.0000000000e+00
9.0546299873e+00 1.1484600000e+00 0.0000000000e+00
9.0611900351e+00 1.1490000000e+00 0.0000000000e+00
9.0677600064e+00 1.1482800000e+00 0.0000000000e+00
9.0743199965e+00 1.1472300000e+00 0.0000000000e+00
9.0808899799e+00 1.1476100000e+00 0.0000000000e+00
9.0874599868e+00 1.1471600000e+00 0.0000000000e+00
9.0940199898e+00 1.1478200000e+00 0.0000000000e+00
9.1005899676e+00 1.1464500000e+00 0.0000000000e+00
9.1071500372e+00 1.1468700000e+00 0.0000000000e+00
9.1137199864e+00 1.1476900000e+00 0.0000000000e+00
9.1202800408e+00 1.1449400000e+00 0.0000000000e+00
9.1268499623e+00 1.1464100000e+00 0.0000000000e+00
9.1334200131e+00 1.1439700000e+00 0.0000000000e+00
9.1399799816e+00 1.1445100000e+00 0.0000000000e+00
9.1465499657e+00 1.1446400000e+00 0.0000000000e+00
9.1531099650e+00 1.1423600000e+00 0.0000000000e+00
9.1596799681e+00 1.1439400000e+00 0.0000000000e+00
9.1662400011e+00 1.1432000000e+00 0.0000000000e+00
9.1728100262e+00 1.1430400000e+00 0.0000000000e+00
9.1793800392e+00 1.1418400000e+00 0.0000000000e+00
9.1859399782e+00 1.1404100000e+00 0.0000000000e+00
9.1925099760e+00 1.1424900000e+00 0.0000000000e+00
9.1990699998e+00 1.1407300000e+00 0.0000000000e+00
9.2056399863e+00 1.1422100000e+00 0.0000000000e+00
9.2122000150e+00 1.1413700000e+00 0.0000000000e+00
9.2187699946e+00 1.1390700000e+00 0.0000000000e+00
9.2253399904e+00 1.1406700000e+00 0.0000000000e+00
9.2319000107e+00 1.1399300000e+00 0.0000000000e+00
9.2384699645e+00 1.1402400000e+00 0.0000000000e+00
9.2450299597e+00 1.1393400000e+00 0.0000000000e+00
9.2515999624e+00 1.1379800000e+00 0.0000000000e+00
9.2581600242e+00 1.1392000000e+00 0.0000000000e+00
9.2647299965e+00 1.1362100000e+00 0.0000000000e+00
9.2712899598e+00 1.1380000000e+00 0.0000000000e+00
9.2778599940e+00 1.1378600000e+00 0.0000000000e+00
9.2844300368e+00 1.1353000000e+00 0.0000000000e+00
9.2909899686e+00 1.1371900000e+00 0.0000000000e+00
9.2975600413e+00 1.1352000000e+00 0.0000000000e+00
9.3041200216e+00 1.1346400000e+00 0.0000000000e+00
9.3106899588e+00 1.1344400000e+00 0.0000000000e+00
9.3172499958e+00 1.1341700000e+00 0.0000000000e+00
9.3238199787e+00 1.1368400000e+00 0.0000000000e+00
9.3303900058e+00 1.1338200000e+00 0.0000000000e+00
9.3369500321e+00 1.1332400000e+00 0.0000000000e+00
9.3435199876e+00 1.1338300000e+00 0.0000000000e+00
9.3500799624e+00 1.1316600000e+00 0.0000000000e+00
9.3566500304e+00 1.1329600000e+00 0.0000000000e+00
9.3632099631e+00 1.1317100000e+00 0.0000000000e+00
9.3697799785e+00 1.1312300000e+00 0.0000000000e+00
9.3763499893e+00 1.1321200000e+00 0.0000000000e+00
9.3829100277e+00 1.1294000000e+00 0.0000000000e+00
9.3894799572e+00 1.1313600000e+00 0.0000000000e+00
9.3960400239e+00 1.1301400000e+00 0.0000000000e+00
9.4026099708e+00 1.1279100000e+00 0.0000000000e+00
9.4091699889e+00 1.1307900000e+00 0.0000000000e+00
9.4157399648e+00 1.1293500000e+00 0.0000000000e+00
9.4223099778e+00 1.1288000000e+00 0.0000000000e+00
9.4288699628e+00 1.1277900000e+00 0.0000000000e+00
9.4354399787e+00 1.1255500000e+00 0.0000000000e+00
9.4419999893e+00 1.1278200000e+00 0.0000000000e+00
9.4485700208e+00 1.1257000000e+00 0.0000000000e+00
9.4551299810e+00 1.1252700000e+00 0.0000000000e+00
9.4617000412e+00 1.1275300000e+00 0.0000000000e+00
9.4682700046e+00 1.1218300000e+00 0.0000000000e+00
9.4748299768e+00 1.1238800000e+00 0.0000000000e+00
9.4814000341e+00 1.1248800000e+00 0.0000000000e+00
9.4879600349e+00 1.1231000000e+00 0.0000000000e+00
9.4945300209e+00 1.1218700000e+00 0.0000000000e+00
9.5010899745e+00 1.1214200000e+00 0.0000000000e+00
9.5076599936e+00 1.1223500000e+00 0.0000000000e+00
9.5142299628e+00 1.1232800000e+00 0.0000000000e+00
9.5207899826e+00 1.1197600000e+00 0.0000000000e+00
9.5273599626e+00 1.1216600000e+00 0.0000000000e+00
9.5339200190e+00 1.1206100000e+00 0.0000000000e+00
9.5404900257e+00 1.1178100000e+00 0.0000000000e+00
9.5470500441e+00 1.1211800000e+00 0.0000000000e+00
9.5536200028e+00 1.1184300000e+00 0.0000000000e+00
9.5601899617e+00 1.1173200000e+00 0.0000000000e+00
9.5667500179e+00 1.1178900000e+00 0.0000000000e+00
9.5733199996e+00 1.1149800000e+00 0.0000000000e+00
9.5798800141e+00 1.1165000000e+00 0.0000000000e+00
9.5864500360e+00 1.1162900000e+00 0.0000000000e+00
9.5930100264e+00 1.1140700000e+00 0.0000000000e+00
9.5995800145e+00 1.1163300000e+00 0.0000000000e+00
9.6061399988e+00 1.1134100000e+00 0.0000000000e+00
9.6127099713e+00 1.1120300000e+00 0.0000000000e+00
9.6192799613e+00 1.1143100000e+00 0.0000000000e+00
9.6258400362e+00 1.1117600000e+00 0.0000000000e+00
9.6324099927e+00 1.1127400000e+00 0.0000000000e+00
9.6389699700e+00 1.1125800000e+00 0.0000000000e+00
9.6455400050e+00 1.1075100000e+00 0.0000000000e+00
9.6520999973e+00 1.1099900000e+00 0.0000000000e+00
9.6586700380e+00 1.1092300000e+00 0.0000000000e+00
9.6652399677e+00 1.1076700000e+00 0.0000000000e+00
9.6718000390e+00 1.1100700000e+00 0.0000000000e+00
9.6783699581e+00 1.1063400000e+00 0.0000000000e+00
9.6849299555e+00 1.1052800000e+00 0.0000000000e+00
9.6914999788e+00 1.1071400000e+00 0.0000000000e+00
9.6980600175e+00 1.1031500000e+00 0.0000000000e+00
9.7046299790e+00 1.1043500000e+00 0.0000000000e+00
9.7111999833e+00 1.1050700000e+00 0.0000000000e+00
9.7177600023e+00 1.1016300000e+00 0.0000000000e+00
9.7243300248e+00 1.1034300000e+00 0.0000000000e+00
9.7308899990e+00 1.1014100000e+00 0.0000000000e+00
9.7374599676e+00 1.0981100000e+00 0.0000000000e+00
9.7440200145e+00 1.1017700000e+00 0.0000000000e+00
9.7505900472e+00 1.0985900000e+00 0.0000000000e+00
9.7571599967e+00 1.0972600000e+00 0.0000000000e+00
9.7637200258e+00 1.1014500000e+00 0.0000000000e+00
9.7702900272e+00 1.0961500000e+00 0.0000000000e+00
9.7768500460e+00 1.0957500000e+00 0.0000000000e+00
9.7834200283e+00 1.0971000000e+00 0.0000000000e+00
9.7899799653e+00 1.0916100000e+00 0.0000000000e+00
9.7965499529e+00 1.0923800000e+00 0.0000000000e+00
9.8031200194e+00 1.0927100000e+00 0.0000000000e+00
9.8096800432e+00 1.0895500000e+00 0.0000000000e+00
9.8162500087e+00 1.0924900000e+00 0.0000000000e+00
9.8228099655e+00 1.0909900000e+00 0.0000000000e+00
9.8293799518e+00 1.0866800000e+00 0.0000000000e+00
9.8359399640e+00 1.0888700000e+00 0.0000000000e+00
9.8425099975e+00 1.0868700000e+00 0.0000000000e+00
9.8490799866e+00 1.0849400000e+00 0.0000000000e+00
9.8556400058e+00 1.0874800000e+00 0.0000000000e+00
9.8622100339e+00 1.0879000000e+00 0.0000000000e+00
9.8687700305e+00 1.0873100000e+00 0.0000000000e+00
9.8753400277e+00 1.0858200000e+00 0.0000000000e+00
9.8819000293e+00 1.0810500000e+00 0.0000000000e+00
9.8884700232e+00 1.0824200000e+00 0.0000000000e+00
9.8950400449e+00 1.0866900000e+00 0.0000000000e+00
9.9015999787e+00 1.0797200000e+00 0.0000000000e+00
9.9081699906e+00 1.0806200000e+00 0.0000000000e+00
9.9147299514e+00 1.0824000000e+00 0.0000000000e+00
9.9212999824e+00 1.0763600000e+00 0.0000000000e+00
9.9278599995e+00 1.0776300000e+00 0.0000000000e+00
9.9344299805e+00 1.0777500000e+00 0.0000000000e+00
9.9409899852e+00 1.0726100000e+00 0.0000000000e+00
9.9475600446e+00 1.0753300000e+00 0.0000000000e+00
9.9541299755e+00 1.0743700000e+00 0.0000000000e+00
9.9606900372e+00 1.0682000000e+00 0.0000000000e+00
9.9672600426e+00 1.0730600000e+00 0.0000000000e+00
9.9738200190e+00 1.0720800000e+00 0.0000000000e+00
9.9803900306e+00 1.0667700000e+00 0.0000000000e+00
9.9869499526e+00 1.0688300000e+00 0.0000000000e+00
9.9935200018e+00 1.0670200000e+00 0.0000000000e+00
1.0000090001e+01 1.0638400000e+00 0.0000000000e+00
1.0006650019e+01 1.0668500000e+00 0.0000000000e+00
1.0013219954e+01 1.0644300000e+00 0.0000000000e+00
1.0019780048e+01 1.0611900000e+00 0.0000000000e+00
1.0026350050e+01 1.0646800000e+00 0.0000000000e+00
1.0032909951e+01 1.0623300000e+00 0.0000000000e+00
1.0039479954e+01 1.0594100000e+00 0.0000000000e+00
1.0046049988e+01 1.0613300000e+00 0.0000000000e+00
1.0052610033e+01 1.0583900000e+00 0.0000000000e+00
1.0059179966e+01 1.0562700000e+00 0.0000000000e+00
1.0065739952e+01 1.0598400000e+00 0.0000000000e+00
1.0072310020e+01 1.0541000000e+00 0.0000000000e+00
1.0078869980e+01 1.0506400000e+00 0.0000000000e+00
1.0085440015e+01 1.0576300000e+00 0.0000000000e+00
1.0092009965e+01 1.0527600000e+00 0.0000000000e+00
1.0098570021e+01 1.0484400000e+00 0.0000000000e+00
1.0105140041e+01 1.0510500000e+00 0.0000000000e+00
1.0111700006e+01 1.0478400000e+00 0.0000000000e+00
1.0118270030e+01 1.0456100000e+00 0.0000000000e+00
1.0124830042e+01 1.0481500000e+00 0.0000000000e+00
1.0131400003e+01 1.0443100000e+00 0.0000000000e+00
1.0137969965e+01 1.0418400000e+00 0.0000000000e+00
1.0144530032e+01 1.0457900000e+00 0.0000000000e+00
1.0151100038e+01 1.0414700000e+00 0.0000000000e+00
1.0157659986e+01 1.0380200000e+00 0.0000000000e+00
1.0164229969e+01 1.0421900000e+00 0.0000000000e+00
1.0170790042e+01 1.0378000000e+00 0.0000000000e+00
1.0177360039e+01 1.0334500000e+00 0.0000000000e+00
1.0183930025e+01 1.0372500000e+00 0.0000000000e+00
1.0190490015e+01 1.0343500000e+00 0.0000000000e+00
1.0197060020e+01 1.0305400000e+00 0.0000000000e+00
1.0203619971e+01 1.0333900000e+00 0.0000000000e+00
1.0210190035e+01 1.0279600000e+00 0.0000000000e+00
1.0216749986e+01 1.0209400000e+00 0.0000000000e+00
1.0223320043e+01 1.0292800000e+00 0.0000000000e+00
1.0229889975e+01 1.0297000000e+00 0.0000000000e+00
1.0236450019e+01 1.0252400000e+00 0.0000000000e+00
1.0243019950e+01 1.0250900000e+00 1.9900000000e-03
1.0249580041e+01 1.0228400000e+00 3.2900000000e-03
1.0256150013e+01 1.0187200000e+00 1.4800000000e-03
1.0262709981e+01 1.0202900000e+00 4.7276300000e-04
1.0269280034e+01 1.0192600000e+00 0.0000000000e+00
1.0275849951e+01 1.0147700000e+00 0.0000000000e+00
1.0282409989e+01 1.0190100000e+00 4.3113200000e-04
1.0288979996e+01 1.0195900000e+00 1.7400000000e-03
1.0295539961e+01 1.0106100000e+00 1.6600000000e-03
1.0302109994e+01 1.0120900000e+00 2.4600000000e-03
1.0308670033e+01 1.0143500000e+00 3.2500000000e-03
1.0315240028e+01 1.0087700000e+00 3.0300000000e-03
1.0321799971e+01 1.0090400000e+00 4.8900000000e-03
1.0328369970e+01 1.0114500000e+00 7.5200000000e-03
1.0334940007e+01 1.0049500000e+00 7.1900000000e-03
1.0341500012e+01 1.0033900000e+00 7.5000000000e-03
1.0348069958e+01 1.0063300000e+00 8.3900000000e-03
1.0354630029e+01 1.0017000000e+00 8.2100000000e-03
1.0361200033e+01 9.9996000000e-01 8.9500000000e-03
1.0367759999e+01 1.0036000000e+00 1.1310000000e-02
1.0374329999e+01 1.0001400000e+00 1.2510000000e-02
1.0380900033e+01 9.9639000000e-01 1.3420000000e-02
1.0387460050e+01 9.9797000000e-01 1.4350000000e-02
1.0394029985e+01 9.9576000000e-01 1.4150000000e-02
1.0400589955e+01 9.9179000000e-01 1.3430000000e-02
1.0407160051e+01 9.9594000000e-01 1.5180000000e-02
1.0413720018e+01 9.9485000000e-01 1.5920000000e-02
1.0420289997e+01 9.8753000000e-01 1.5470000000e-02
1.0426860008e+01 9.9023000000e-01 1.7120000000e-02
1.0433420022e+01 9.9180000000e-01 1.8610000000e-02
1.0439990039e+01 9.8592000000e-01 1.8730000000e-02
1.0446550002e+01 9.8565000000e-01 2.0530000000e-02
1.0453119963e+01 9.8775000000e-01 2.3170000000e-02
1.0459680031e+01 9.8334000000e-01 2.5650000000e-02
1.0466249981e+01 9.8123000000e-01 2.6690000000e-02
1.0472819964e+01 9.8185000000e-01 2.6020000000e-02
1.0479379970e+01 9.7863000000e-01 2.4580000000e-02
1.0485949960e+01 9.7713000000e-01 2.4040000000e-02
1.0492510027e+01 9.8353000000e-01 2.6920000000e-02
1.0499079960e+01 9.7948000000e-01 2.7720000000e-02
1.0505640026e+01 9.6897000000e-01 2.7240000000e-02
1.0512209953e+01 9.7414000000e-01 3.0220000000e-02
1.0518780025e+01 9.7772000000e-01 3.3330000000e-02
1.0525340035e+01 9.7859000000e-01 3.6680000000e-02
1.0531910007e+01 9.7453000000e-01 4.0420000000e-02
1.0538469973e+01 9.6932000000e-01 4.3540000000e-02
1.0545040007e+01 9.6780000000e-01 4.1170000000e-02
1.0551599978e+01 9.6860000000e-01 3.8700000000e-02
1.0558170011e+01 9.7183000000e-01 3.6120000000e-02
1.0564739971e+01 9.6788000000e-01 3.7140000000e-02
1.0571300009e+01 9.6494000000e-01 3.8960000000e-02
1.0577869990e+01 9.7045000000e-01 4.1400000000e-02
1.0584429992e+01 9.6889000000e-01 4.2670000000e-02
1.0591000044e+01 9.6199000000e-01 4.3040000000e-02
1.0597559950e+01 9.6373000000e-01 4.5490000000e-02
1.0604130012e+01 9.6447000000e-01 4.7740000000e-02
1.0610700006e+01 9.6071000000e-01 4.8990000000e-02
1.0617259998e+01 9.5983000000e-01 5.0220000000e-02
1.0623830024e+01 9.6071000000e-01 5.1440000000e-02
1.0630389993e+01 9.5810000000e-01 5.1700000000e-02
1.0636959992e+01 9.5696000000e-01 5.2390000000e-02
1.0643519991e+01 9.5949000000e-01 5.4140000000e-02
1.0650090015e+01 9.5775000000e-01 5.5680000000e-02
1.0656649984e+01 9.5363000000e-01 5.7110000000e-02
1.0663219973e+01 9.5523000000e-01 5.7940000000e-02
1.0669789984e+01 9.5494000000e-01 5.8550000000e-02
1.0676349974e+01 9.5007000000e-01 5.8750000000e-02
1.0682919974e+01 9.5124000000e-01 5.9660000000e-02
1.0689480012e+01 9.5591000000e-01 6.0990000000e-02
1.0696050057e+01 9.4913000000e-01 5.8030000000e-02
1.0702609970e+01 9.4553000000e-01 5.7460000000e-02
1.0709179998e+01 9.5167000000e-01 6.3700000000e-02
1.0715749945e+01 9.4956000000e-01 6.8170000000e-02
1.0722310023e+01 9.4176000000e-01 7.1410000000e-02
1.0728879980e+01 9.3921000000e-01 7.2280000000e-02
1.0735440014e+01 9.3810000000e-01 7.3360000000e-02
1.0742010037e+01 9.4025000000e-01 7.6070000000e-02
1.0748569967e+01 9.4105000000e-01 7.8160000000e-02
1.0755139997e+01 9.4061000000e-01 7.9670000000e-02
1.0761709957e+01 9.3933000000e-01 8.0270000000e-02
1.0768269974e+01 9.3826000000e-01 8.0830000000e-02
1.0774839969e+01 9.4003000000e-01 8.2530000000e-02
1.0781399968e+01 9.4016000000e-01 8.4690000000e-02
1.0787970054e+01 9.3799000000e-01 8.7500000000e-02
1.0794529976e+01 9.3725000000e-01 8.8940000000e-02
1.0801099980e+01 9.3710000000e-01 8.9810000000e-02
1.0807670043e+01 9.3628000000e-01 9.1070000000e-02
1.0814229978e+01 9.3610000000e-01 9.2390000000e-02
1.0820799988e+01 9.3756000000e-01 9.3860000000e-02
1.0827360050e+01 9.3765000000e-01 9.5120000000e-02
1.0833929949e+01 9.3668000000e-01 9.6210000000e-02
1.0840489963e+01 9.3654000000e-01 9.8360000000e-02
1.0847060044e+01 9.3617000000e-01 1.0053000000e-01
1.0853629965e+01 9.3269000000e-01 1.0124000000e-01
1.0860190040e+01 9.3141000000e-01 1.0177000000e-01
1.0866760058e+01 9.3372000000e-01 1.0204000000e-01
1.0873320058e+01 9.3322000000e-01 1.0307000000e-01
1.0879889996e+01 9.3120000000e-01 1.0452000000e-01
1.0886449983e+01 9.3258000000e-01 1.0789000000e-01
1.0893020021e+01 9.3384000000e-01 1.1130000000e-01
1.0899590034e+01 9.3300000000e-01 1.1408000000e-01
1.0906150016e+01 9.3140000000e-01 1.1592000000e-01
1.0912720043e+01 9.2879000000e-01 1.1649000000e-01
1.0919279987e+01 9.2842000000e-01 1.1709000000e-01
1.0925849971e+01 9.2912000000e-01 1.1771000000e-01
1.0932410058e+01 9.3110000000e-01 1.1833000000e-01
1.0938979941e+01 9.3216000000e-01 1.1870000000e-01
1.0945550059e+01 9.2841000000e-01 1.1783000000e-01
1.0952109961e+01 9.2776000000e-01 1.1897000000e-01
1.0958680012e+01 9.3150000000e-01 1.2297000000e-01
1.0965240036e+01 9.3022000000e-01 1.2648000000e-01
1.0971809964e+01 9.2624000000e-01 1.2973000000e-01
1.0978370053e+01 9.2415000000e-01 1.3097000000e-01
1.0984940043e+01 9.2279000000e-01 1.3207000000e-01
1.0991510048e+01 9.2527000000e-01 1.3417000000e-01
1.0998070015e+01 9.2669000000e-01 1.3613000000e-01
1.1004639996e+01 9.2603000000e-01 1.3781000000e-01
1.1011200009e+01 9.2484000000e-01 1.3897000000e-01
1.1017770032e+01 9.2325000000e-01 1.3972000000e-01
1.1024330035e+01 9.2439000000e-01 1.4083000000e-01
1.1030900044e+01 9.2630000000e-01 1.4204000000e-01
1.1037459980e+01 9.2592000000e-01 1.4498000000e-01
1.1044030041e+01 9.2541000000e-01 1.4781000000e-01
1.1050599990e+01 9.2443000000e-01 1.5013000000e-01
1.1057160033e+01 9.2391000000e-01 1.5188000000e-01
1.1063729950e+01 9.2406000000e-01 1.5283000000e-01
1.1070290032e+01 9.2415000000e-01 1.5432000000e-01
1.1076859983e+01 9.2422000000e-01 1.5614000000e-01
1.1083420048e+01 9.2707000000e-01 1.5822000000e-01
1.1089989979e+01 9.3048000000e-01 1.6038000000e-01
1.1096559945e+01 9.2653000000e-01 1.6364000000e-01
1.1103119949e+01 9.2393000000e-01 1.6705000000e-01
1.1109690058e+01 9.2664000000e-01 1.7103000000e-01
1.1116250030e+01 9.2701000000e-01 1.7214000000e-01
1.1122819980e+01 9.2373000000e-01 1.6875000000e-01
1.1129379988e+01 9.2465000000e-01 1.6737000000e-01
1.1135949971e+01 9.2870000000e-01 1.6747000000e-01
1.1142520018e+01 9.3229000000e-01 1.7011000000e-01
1.1149080046e+01 9.3571000000e-01 1.7358000000e-01
1.1155650044e+01 9.3249000000e-01 1.7422000000e-01
1.1162209972e+01 9.2911000000e-01 1.7480000000e-01
1.1168779990e+01 9.2893000000e-01 1.7679000000e-01
1.1175340012e+01 9.2894000000e-01 1.7884000000e-01
1.1181909995e+01 9.2947000000e-01 1.8103000000e-01
1.1188479947e+01 9.2921000000e-01 1.8289000000e-01
1.1195039952e+01 9.2794000000e-01 1.8430000000e-01
1.1201610039e+01 9.2892000000e-01 1.8632000000e-01
1.1208170003e+01 9.3144000000e-01 1.8875000000e-01
1.1214740044e+01 9.3066000000e-01 1.9036000000e-01
1.1221300038e+01 9.2878000000e-01 1.9168000000e-01
1.1227869981e+01 9.3109000000e-01 1.9277000000e-01
1.1234440048e+01 9.3367000000e-01 1.9388000000e-01
1.1240999992e+01 9.3254000000e-01 1.9579000000e-01
1.1247570005e+01 9.3198000000e-01 1.9766000000e-01
1.1254129970e+01 9.3381000000e-01 1.9935000000e-01
1.1260700002e+01 9.3452000000e-01 2.0087000000e-01
1.1267260062e+01 9.3300000000e-01 2.0204000000e-01
1.1273830058e+01 9.3347000000e-01 2.0358000000e-01
1.1280399959e+01 9.3617000000e-01 2.0554000000e-01
1.1286959940e+01 9.3636000000e-01 2.0698000000e-01
1.1293529980e+01 9.3490000000e-01 2.0809000000e-01
1.1300090050e+01 9.3583000000e-01 2.0873000000e-01
1.1306660048e+01 9.3766000000e-01 2.0921000000e-01
1.1313220027e+01 9.3783000000e-01 2.1094000000e-01
1.1319790057e+01 9.3772000000e-01 2.1287000000e-01
1.1326360026e+01 9.3900000000e-01 2.1490000000e-01
1.1332920029e+01 9.4000000000e-01 2.1688000000e-01
1.1339489951e+01 9.3794000000e-01 2.1835000000e-01
1.1346049986e+01 9.3682000000e-01 2.1974000000e-01
1.1352619936e+01 9.3940000000e-01 2.2076000000e-01
1.1359179951e+01 9.4084000000e-01 2.2205000000e-01
1.1365750006e+01 9.3972000000e-01 2.2394000000e-01
1.1372309947e+01 9.4043000000e-01 2.2630000000e-01
1.1378880054e+01 9.4374000000e-01 2.2934000000e-01
1.1385449980e+01 9.4363000000e-01 2.3129000000e-01
1.1392009977e+01 9.4027000000e-01 2.3222000000e-01
1.1398580006e+01 9.4248000000e-01 2.3354000000e-01
1.1405140057e+01 9.4831000000e-01 2.3510000000e-01
1.1411710008e+01 9.4814000000e-01 2.3648000000e-01
1.1418270061e+01 9.4538000000e-01 2.3776000000e-01
1.1424840011e+01 9.4759000000e-01 2.3847000000e-01
1.1431409946e+01 9.5117000000e-01 2.3901000000e-01
1.1437970041e+01 9.5039000000e-01 2.3986000000e-01
1.1444540028e+01 9.4893000000e-01 2.4075000000e-01
1.1451099996e+01 9.5028000000e-01 2.4171000000e-01
1.1457669982e+01 9.5175000000e-01 2.4268000000e-01
1.1464230032e+01 9.5137000000e-01 2.4405000000e-01
1.1470799966e+01 9.5126000000e-01 2.4554000000e-01
1.1477370058e+01 9.5407000000e-01 2.4820000000e-01
1.1483930008e+01 9.5600000000e-01 2.5067000000e-01
1.1490499971e+01 9.5302000000e-01 2.5208000000e-01
1.1497060006e+01 9.5151000000e-01 2.5338000000e-01
1.1503630051e+01 9.5538000000e-01 2.5422000000e-01
1.1510189988e+01 9.5785000000e-01 2.5519000000e-01
1.1516760065e+01 9.5661000000e-01 2.5652000000e-01
1.1523329944e+01 9.5730000000e-01 2.5793000000e-01
1.1529890041e+01 9.6206000000e-01 2.5949000000e-01
1.1536460007e+01 9.6374000000e-01 2.6124000000e-01
1.1543020010e+01 9.6024000000e-01 2.6331000000e-01
1.1549590013e+01 9.5932000000e-01 2.6459000000e-01
1.1556150004e+01 9.6204000000e-01 2.6478000000e-01
1.1562719992e+01 9.6313000000e-01 2.6490000000e-01
1.1569289958e+01 9.6225000000e-01 2.6495000000e-01
1.1575849976e+01 9.6335000000e-01 2.6608000000e-01
1.1582419985e+01 9.6648000000e-01 2.6832000000e-01
1.1588979997e+01 9.6706000000e-01 2.7043000000e-01
1.1595549999e+01 9.6528000000e-01 2.7242000000e-01
1.1602109955e+01 9.6631000000e-01 2.7394000000e-01
1.1608680033e+01 9.6968000000e-01 2.7507000000e-01
1.1615250001e+01 9.6976000000e-01 2.7645000000e-01
1.1621809986e+01 9.6735000000e-01 2.7804000000e-01
1.1628379954e+01 9.6979000000e-01 2.7923000000e-01
1.1634940027e+01 9.7567000000e-01 2.8013000000e-01
1.1641509946e+01 9.7578000000e-01 2.8198000000e-01
1.1648070057e+01 9.7206000000e-01 2.8445000000e-01
1.1654640011e+01 9.7263000000e-01 2.8619000000e-01
1.1661210037e+01 9.7596000000e-01 2.8746000000e-01
1.1667770049e+01 9.7594000000e-01 2.8751000000e-01
1.1674340035e+01 9.7380000000e-01 2.8677000000e-01
1.1680899960e+01 9.7637000000e-01 2.8790000000e-01
1.1687469993e+01 9.8195000000e-01 2.9022000000e-01
1.1694030054e+01 9.8282000000e-01 2.9234000000e-01
1.1700599947e+01 9.8063000000e-01 2.9431000000e-01
1.1707159957e+01 9.8152000000e-01 2.9513000000e-01
1.1713729935e+01 9.8451000000e-01 2.9516000000e-01
1.1720300010e+01 9.8499000000e-01 2.9598000000e-01
1.1726859994e+01 9.8369000000e-01 2.9737000000e-01
1.1733429942e+01 9.8676000000e-01 2.9874000000e-01
1.1739990027e+01 9.9322000000e-01 3.0009000000e-01
1.1746559935e+01 9.9335000000e-01 3.0248000000e-01
1.1753119933e+01 9.8806000000e-01 3.0578000000e-01
1.1759690029e+01 9.8872000000e-01 3.0808000000e-01
1.1766259998e+01 9.9503000000e-01 3.0943000000e-01
1.1772819987e+01 9.9590000000e-01 3.0955000000e-01
1.1779389931e+01 9.9083000000e-01 3.0834000000e-01
1.1785949988e+01 9.9111000000e-01 3.0790000000e-01
1.1792519997e+01 9.9812000000e-01 3.0845000000e-01
1.1799079934e+01 1.0019200000e+00 3.0947000000e-01
1.1805649960e+01 1.0009300000e+00 3.1119000000e-01
1.1812220051e+01 1.0014200000e+00 3.1252000000e-01
1.1818779999e+01 1.0045800000e+00 3.1315000000e-01
1.1825350034e+01 1.0059700000e+00 3.1406000000e-01
1.1831910018e+01 1.0033400000e+00 3.1561000000e-01
1.1838479947e+01 1.0028000000e+00 3.1717000000e-01
1.1845040059e+01 1.0086400000e+00 3.1873000000e-01
1.1851609974e+01 1.0125600000e+00 3.2015000000e-01
1.1858180009e+01 1.0081800000e+00 3.2091000000e-01
1.1864740018e+01 1.0050200000e+00 3.2159000000e-01
1.1871309967e+01 1.0104300000e+00 3.2176000000e-01
1.1877869983e+01 1.0154600000e+00 3.2197000000e-01
1.1884439937e+01 1.0135400000e+00 3.2289000000e-01
1.1891000054e+01 1.0116200000e+00 3.2381000000e-01
1.1897569965e+01 1.0170500000e+00 3.2489000000e-01
1.1904140055e+01 1.0226300000e+00 3.2598000000e-01
1.1910699956e+01 1.0196200000e+00 3.2800000000e-01
1.1917269931e+01 1.0156300000e+00 3.3012000000e-01
1.1923829954e+01 1.0192900000e+00 3.3090000000e-01
1.1930400050e+01 1.0246900000e+00 3.3138000000e-01
1.1936960007e+01 1.0238000000e+00 3.3168000000e-01
1.1943530035e+01 1.0205400000e+00 3.3192000000e-01
1.1950100015e+01 1.0226000000e+00 3.3253000000e-01
1.1956659930e+01 1.0277500000e+00 3.3335000000e-01
1.1963230055e+01 1.0291200000e+00 3.3434000000e-01
1.1969790069e+01 1.0272000000e+00 3.3547000000e-01
1.1976360007e+01 1.0281400000e+00 3.3650000000e-01
1.1982919929e+01 1.0328900000e+00 3.3741000000e-01
1.1989490061e+01 1.0351000000e+00 3.3848000000e-01
1.1996060062e+01 1.0319400000e+00 3.3987000000e-01
1.2002619980e+01 1.0306200000e+00 3.4111000000e-01
1.2009189961e+01 1.0361700000e+00 3.4178000000e-01
1.2015749957e+01 1.0409000000e+00 3.4250000000e-01
1.2022320014e+01 1.0374400000e+00 3.4378000000e-01
1.2028880042e+01 1.0339700000e+00 3.4506000000e-01
1.2035449985e+01 1.0403700000e+00 3.4590000000e-01
1.2042020003e+01 1.0470900000e+00 3.4672000000e-01
1.2048580068e+01 1.0445400000e+00 3.4805000000e-01
1.2055150045e+01 1.0402200000e+00 3.4948000000e-01
1.2061710024e+01 1.0433800000e+00 3.5004000000e-01
1.2068280060e+01 1.0496200000e+00 3.5025000000e-01
1.2074840052e+01 1.0503900000e+00 3.5088000000e-01
1.2081409953e+01 1.0470000000e+00 3.5183000000e-01
1.2087970057e+01 1.0476900000e+00 3.5264000000e-01
1.2094540069e+01 1.0538500000e+00 3.5326000000e-01
1.2101110051e+01 1.0573800000e+00 3.5415000000e-01
1.2107670023e+01 1.0541300000e+00 3.5571000000e-01
1.2114240046e+01 1.0522800000e+00 3.5719000000e-01
1.2120800014e+01 1.0601800000e+00 3.5817000000e-01
1.2127370032e+01 1.0680900000e+00 3.5914000000e-01
1.2133929951e+01 1.0628300000e+00 3.6047000000e-01
1.2140500065e+01 1.0571400000e+00 3.6180000000e-01
1.2147070068e+01 1.0619300000e+00 3.6180000000e-01
1.2153630051e+01 1.0692800000e+00 3.6146000000e-01
1.2160199933e+01 1.0697200000e+00 3.6122000000e-01
1.2166760047e+01 1.0662300000e+00 3.6103000000e-01
1.2173330057e+01 1.0670400000e+00 3.6089000000e-01
1.2179889959e+01 1.0728000000e+00 3.6079000000e-01
1.2186460053e+01 1.0762500000e+00 3.6120000000e-01
1.2193029954e+01 1.0739300000e+00 3.6286000000e-01
1.2199589977e+01 1.0723600000e+00 3.6441000000e-01
1.2206160041e+01 1.0773600000e+00 3.6499000000e-01
1.2212720034e+01 1.0823500000e+00 3.6557000000e-01
1.2219290068e+01 1.0790600000e+00 3.6663000000e-01
1.2225849985e+01 1.0749700000e+00 3.6773000000e-01
1.2232419942e+01 1.0789500000e+00 3.6814000000e-01
1.2238990074e+01 1.0860500000e+00 3.6828000000e-01
1.2245550022e+01 1.0874400000e+00 3.6904000000e-01
1.2252120009e+01 1.0836000000e+00 3.7038000000e-01
1.2258680068e+01 1.0830400000e+00 3.7146000000e-01
1.2265250014e+01 1.0895200000e+00 3.7201000000e-01
1.2271809988e+01 1.0948500000e+00 3.7253000000e-01
1.2278379999e+01 1.0908000000e+00 3.7283000000e-01
1.2284949955e+01 1.0867500000e+00 3.7313000000e-01
1.2291510024e+01 1.0917100000e+00 3.7282000000e-01
1.2298079977e+01 1.0977500000e+00 3.7245000000e-01
1.2304640000e+01 1.0981700000e+00 3.7305000000e-01
1.2311210056e+01 1.0958900000e+00 3.7413000000e-01
1.2317769987e+01 1.0970900000e+00 3.7503000000e-01
1.2324339950e+01 1.1025300000e+00 3.7572000000e-01
1.2330909931e+01 1.1058900000e+00 3.7657000000e-01
1.2337470025e+01 1.1018400000e+00 3.7797000000e-01
1.2344039998e+01 1.0977900000e+00 3.7938000000e-01
1.2350600040e+01 1.1051600000e+00 3.7925000000e-01
1.2357169960e+01 1.1127100000e+00 3.7911000000e-01
1.2363730058e+01 1.1111400000e+00 3.8031000000e-01
1.2370300033e+01 1.1064100000e+00 3.8198000000e-01
1.2376869947e+01 1.1081000000e+00 3.8287000000e-01
1.2383429975e+01 1.1162900000e+00 3.8297000000e-01
1.2390000031e+01 1.1211700000e+00 3.8322000000e-01
1.2396560004e+01 1.1159300000e+00 3.8391000000e-01
1.2403130004e+01 1.1106900000e+00 3.8461000000e-01
1.2409690032e+01 1.1174200000e+00 3.8412000000e-01
1.2416259932e+01 1.1242900000e+00 3.8362000000e-01
1.2422819970e+01 1.1240700000e+00 3.8366000000e-01
1.2429390034e+01 1.1211700000e+00 3.8389000000e-01
1.2435959936e+01 1.1224200000e+00 3.8403000000e-01
1.2442520068e+01 1.1286000000e+00 3.8403000000e-01
1.2449090069e+01 1.1329900000e+00 3.8431000000e-01
1.2455649946e+01 1.1294900000e+00 3.8579000000e-01
1.2462220001e+01 1.1259900000e+00 3.8727000000e-01
1.2468780045e+01 1.1319200000e+00 3.8809000000e-01
1.2475349956e+01 1.1388100000e+00 3.8884000000e-01
1.2481919939e+01 1.1380800000e+00 3.8934000000e-01
1.2488480002e+01 1.1327200000e+00 3.8969000000e-01
1.2495049930e+01 1.1317700000e+00 3.8960000000e-01
1.2501610051e+01 1.1396800000e+00 3.8863000000e-01
1.2508180037e+01 1.1471900000e+00 3.8774000000e-01
1.2514740017e+01 1.1438400000e+00 3.8903000000e-01
1.2521310018e+01 1.1404900000e+00 3.9033000000e-01
1.2527880014e+01 1.1440100000e+00 3.9025000000e-01
1.2534439941e+01 1.1499800000e+00 3.8969000000e-01
1.2541010043e+01 1.1518100000e+00 3.8990000000e-01
1.2547570034e+01 1.1481600000e+00 3.9112000000e-01
1.2554140043e+01 1.1457500000e+00 3.9216000000e-01
1.2560700054e+01 1.1526100000e+00 3.9188000000e-01
1.2567269925e+01 1.1594800000e+00 3.9159000000e-01
1.2573840033e+01 1.1573000000e+00 3.9245000000e-01
1.2580400079e+01 1.1528700000e+00 3.9360000000e-01
1.2586969984e+01 1.1544000000e+00 3.9445000000e-01
1.2593529943e+01 1.1624800000e+00 3.9497000000e-01
1.2600100078e+01 1.1685300000e+00 3.9540000000e-01
1.2606660066e+01 1.1629100000e+00 3.9538000000e-01
1.2613230070e+01 1.1572800000e+00 3.9536000000e-01
1.2619800078e+01 1.1628900000e+00 3.9463000000e-01
1.2626360034e+01 1.1710400000e+00 3.9373000000e-01
1.2632930006e+01 1.1736300000e+00 3.9362000000e-01
1.2639490044e+01 1.1700300000e+00 3.9438000000e-01
1.2646059937e+01 1.1677200000e+00 3.9498000000e-01
1.2652620015e+01 1.1741100000e+00 3.9442000000e-01
1.2659189947e+01 1.1805000000e+00 3.9387000000e-01
1.2665759967e+01 1.1787300000e+00 3.9445000000e-01
1.2672319949e+01 1.1746100000e+00 3.9536000000e-01
1.2678889945e+01 1.1750500000e+00 3.9572000000e-01
1.2685450021e+01 1.1818400000e+00 3.9531000000e-01
1.2692019950e+01 1.1880300000e+00 3.9496000000e-01
1.2698580078e+01 1.1837100000e+00 3.9559000000e-01
1.2705150058e+01 1.1793900000e+00 3.9621000000e-01
1.2711720053e+01 1.1826600000e+00 3.9593000000e-01
1.2718280025e+01 1.1894100000e+00 3.9523000000e-01
1.2724850008e+01 1.1929700000e+00 3.9500000000e-01
1.2731409926e+01 1.1895300000e+00 3.9579000000e-01
1.2737980019e+01 1.1860900000e+00 3.9657000000e-01
1.2744540003e+01 1.1916900000e+00 3.9645000000e-01
1.2751110000e+01 1.1979600000e+00 3.9626000000e-01
1.2757679938e+01 1.1986500000e+00 3.9646000000e-01
1.2764240032e+01 1.1947000000e+00 3.9701000000e-01
1.2770809974e+01 1.1924700000e+00 3.9740000000e-01
1.2777370031e+01 1.1999600000e+00 3.9698000000e-01
1.2783939935e+01 1.2074400000e+00 3.9656000000e-01
1.2790500076e+01 1.2058600000e+00 3.9696000000e-01
1.2797070065e+01 1.2013400000e+00 3.9763000000e-01
1.2803629921e+01 1.2006600000e+00 3.9752000000e-01
1.2810199953e+01 1.2070900000e+00 3.9595000000e-01
1.2816769995e+01 1.2135200000e+00 3.9439000000e-01
1.2823330007e+01 1.2107900000e+00 3.9515000000e-01
1.2829900031e+01 1.2074700000e+00 3.9605000000e-01
1.2836459983e+01 1.2088100000e+00 3.9665000000e-01
1.2843029945e+01 1.2143700000e+00 3.9698000000e-01
1.2849589960e+01 1.2189400000e+00 3.9727000000e-01
1.2856159985e+01 1.2146700000e+00 3.9727000000e-01
1.2862729949e+01 1.2104100000e+00 3.9727000000e-01
1.2869290070e+01 1.2141800000e+00 3.9674000000e-01
1.2875860035e+01 1.2218300000e+00 3.9596000000e-01
1.2882419950e+01 1.2267500000e+00 3.9571000000e-01
1.2888990042e+01 1.2230800000e+00 3.9719000000e-01
1.2895550042e+01 1.2194100000e+00 3.9867000000e-01
1.2902120053e+01 1.2234800000e+00 3.9851000000e-01
1.2908689930e+01 1.2294700000e+00 3.9793000000e-01
1.2915249988e+01 1.2318200000e+00 3.9755000000e-01
1.2921820055e+01 1.2275300000e+00 3.9754000000e-01
1.2928379930e+01 1.2232300000e+00 3.9753000000e-01
1.2934949981e+01 1.2296800000e+00 3.9730000000e-01
1.2941509966e+01 1.2373100000e+00 3.9704000000e-01
1.2948079960e+01 1.2396400000e+00 3.9706000000e-01
1.2954649916e+01 1.2353200000e+00 3.9744000000e-01
1.2961210079e+01 1.2309900000e+00 3.9782000000e-01
1.2967779917e+01 1.2365900000e+00 3.9681000000e-01
1.2974339921e+01 1.2423900000e+00 3.9577000000e-01
1.2980909936e+01 1.2437400000e+00 3.9533000000e-01
1.2987470078e+01 1.2407900000e+00 3.9549000000e-01
1.2994040063e+01 1.2380600000e+00 3.9563000000e-01
1.3000609937e+01 1.2418600000e+00 3.9527000000e-01
1.3007170046e+01 1.2456700000e+00 3.9491000000e-01
1.3013739998e+01 1.2464600000e+00 3.9511000000e-01
1.3020299976e+01 1.2447500000e+00 3.9577000000e-01
1.3026869965e+01 1.2438100000e+00 3.9649000000e-01
1.3033429940e+01 1.2550600000e+00 3.9803000000e-01
1.3039999926e+01 1.2663100000e+00 3.9957000000e-01
1.3046570071e+01 1.2658300000e+00 4.0171000000e-01
1.3053129972e+01 1.2563000000e+00 4.0431000000e-01
1.3059700055e+01 1.2478300000e+00 4.0642000000e-01
1.3066260024e+01 1.2557600000e+00 4.0103000000e-01
1.3072830004e+01 1.2636900000e+00 3.9563000000e-01
1.3079390001e+01 1.2661700000e+00 3.9270000000e-01
1.3085960009e+01 1.2642400000e+00 3.9176000000e-01
1.3092529937e+01 1.2625700000e+00 3.9088000000e-01
1.3099089992e+01 1.2672800000e+00 3.9162000000e-01
1.3105660059e+01 1.2719900000e+00 3.9235000000e-01
1.3112220044e+01 1.2725000000e+00 3.9287000000e-01
1.3118790040e+01 1.2691000000e+00 3.9318000000e-01
1.3125350086e+01 1.2657000000e+00 3.9350000000e-01
1.3131919972e+01 1.2708500000e+00 3.9251000000e-01
1.3138480039e+01 1.2760900000e+00 3.9151000000e-01
1.3145049948e+01 1.2776600000e+00 3.9115000000e-01
1.3151620030e+01 1.2748400000e+00 3.9155000000e-01
1.3158180062e+01 1.2720200000e+00 3.9195000000e-01
1.3164749934e+01 1.2789000000e+00 3.9162000000e-01
1.3171310063e+01 1.2866500000e+00 3.9122000000e-01
1.3177880032e+01 1.2893600000e+00 3.9160000000e-01
1.3184440046e+01 1.2834500000e+00 3.9331000000e-01
1.3191010073e+01 1.2775500000e+00 3.9502000000e-01
1.3197580034e+01 1.2829900000e+00 3.9440000000e-01
1.3204139979e+01 1.2909900000e+00 3.9327000000e-01
1.3210709938e+01 1.2955000000e+00 3.9217000000e-01
1.3217270018e+01 1.2899100000e+00 3.9120000000e-01
1.3223839939e+01 1.2843200000e+00 3.9023000000e-01
1.3230399940e+01 1.2877600000e+00 3.8893000000e-01
1.3236969957e+01 1.2952300000e+00 3.8749000000e-01
1.3243540013e+01 1.3015000000e+00 3.8317000000e-01
1.3250099916e+01 1.2988800000e+00 3.8299000000e-01
1.3256670011e+01 1.2962700000e+00 3.8281000000e-01
1.3263229913e+01 1.2976000000e+00 3.8264000000e-01
1.3269800008e+01 1.3023200000e+00 3.8245000000e-01
1.3276360047e+01 1.3070400000e+00 3.8224000000e-01
1.3282929927e+01 1.3041600000e+00 3.8202000000e-01
1.3289499955e+01 1.3009000000e+00 3.8186000000e-01
1.3296060045e+01 1.3007600000e+00 3.8176000000e-01
1.3302629977e+01 1.3061700000e+00 3.8168000000e-01
1.3309189930e+01 1.3115800000e+00 3.8158000000e-01
1.3315760081e+01 1.3105400000e+00 3.8145000000e-01
1.3322320038e+01 1.3074800000e+00 3.8131000000e-01
1.3328890015e+01 1.3057400000e+00 3.8116000000e-01
1.3335460073e+01 1.3111200000e+00 3.8099000000e-01
1.3342020056e+01 1.3165000000e+00 3.8079000000e-01
1.3348590060e+01 1.3168100000e+00 3.8057000000e-01
1.3355149950e+01 1.3128400000e+00 3.8035000000e-01
1.3361720040e+01 1.3088800000e+00 3.8014000000e-01
1.3368279978e+01 1.3134900000e+00 3.7995000000e-01
1.3374849938e+01 1.3187900000e+00 3.7974000000e-01
1.3381419912e+01 1.3216200000e+00 3.7935000000e-01
1.3387980033e+01 1.3186100000e+00 3.7893000000e-01
1.3394549999e+01 1.3155900000e+00 3.7849000000e-01
1.3401110073e+01 1.3190100000e+00 3.7804000000e-01
1.3407679992e+01 1.3256800000e+00 3.7758000000e-01
1.3414239980e+01 1.3320700000e+00 3.7710000000e-01
1.3420809994e+01 1.3281800000e+00 3.7657000000e-01
1.3427379956e+01 1.3242900000e+00 3.7605000000e-01
1.3433939930e+01 1.3241500000e+00 3.7556000000e-01
1.3440509931e+01 1.3405600000e+00 3.7513000000e-01
1.3447070086e+01 1.3410600000e+00 3.7473000000e-01
1.3453640088e+01 1.3417200000e+00 3.7433000000e-01
1.3460200026e+01 1.3424200000e+00 3.7391000000e-01
1.3466769991e+01 1.3428800000e+00 3.7349000000e-01
1.3473330035e+01 1.3431200000e+00 3.7308000000e-01
1.3479899926e+01 1.3433800000e+00 3.7268000000e-01
1.3486470043e+01 1.3438300000e+00 3.7224000000e-01
1.3493030000e+01 1.3444600000e+00 3.7176000000e-01
1.3499599987e+01 1.3450200000e+00 3.7126000000e-01
1.3506159957e+01 1.3454400000e+00 3.7077000000e-01
1.3512729958e+01 1.3457800000e+00 3.7028000000e-01
1.3519290087e+01 1.3462200000e+00 3.6978000000e-01
1.3525860065e+01 1.3467600000e+00 3.6925000000e-01
1.3532430022e+01 1.3473300000e+00 3.6870000000e-01
1.3538990051e+01 1.3478100000e+00 3.6819000000e-01
1.3545559929e+01 1.3481900000e+00 3.6770000000e-01
1.3552120024e+01 1.3486200000e+00 3.6725000000e-01
1.3558689969e+01 1.3491500000e+00 3.6677000000e-01
1.3565249910e+01 1.3498000000e+00 3.6626000000e-01
1.3571820070e+01 1.3503300000e+00 3.6574000000e-01
1.3578389960e+01 1.3512100000e+00 3.6522000000e-01
1.3584949973e+01 1.3518600000e+00 3.6471000000e-01
1.3591520022e+01 1.3527100000e+00 3.6418000000e-01
1.3598079973e+01 1.3538300000e+00 3.6362000000e-01
1.3604649961e+01 1.3551400000e+00 3.6305000000e-01
1.3611209997e+01 1.3562000000e+00 3.6251000000e-01
1.3617780071e+01 1.3570200000e+00 3.6201000000e-01
1.3624349994e+01 1.3578000000e+00 3.6151000000e-01
1.3630909909e+01 1.3588000000e+00 3.6098000000e-01
1.3637480050e+01 1.3600000000e+00 3.6042000000e-01
1.3644039959e+01 1.3611000000e+00 3.5986000000e-01
1.3650609909e+01 1.3620000000e+00 3.5934000000e-01
1.3657169962e+01 1.3627100000e+00 3.5885000000e-01
1.3663740058e+01 1.3635900000e+00 3.5837000000e-01
1.3670309936e+01 1.3646600000e+00 3.5790000000e-01
1.3676870049e+01 1.3658100000e+00 3.5743000000e-01
1.3683440019e+01 1.3667900000e+00 3.5697000000e-01
1.3689999998e+01 1.3675700000e+00 3.5650000000e-01
1.3696570023e+01 1.3683400000e+00 3.5599000000e-01
1.3703130020e+01 1.3692500000e+00 3.5541000000e-01
1.3709700062e+01 1.3702900000e+00 3.5474000000e-01
1.3716270012e+01 1.3712700000e+00 3.5407000000e-01
1.3722830066e+01 1.3721300000e+00 3.5342000000e-01
1.3729399979e+01 1.3729300000e+00 3.5279000000e-01
1.3735959960e+01 1.3739000000e+00 3.5216000000e-01
1.3742529990e+01 1.3750800000e+00 3.5153000000e-01
1.3749090051e+01 1.3763100000e+00 3.5092000000e-01
1.3755659973e+01 1.3773000000e+00 3.5035000000e-01
1.3762229926e+01 1.3780300000e+00 3.4980000000e-01
1.3768790044e+01 1.3786900000e+00 3.4926000000e-01
1.3775360025e+01 1.3795300000e+00 3.4868000000e-01
1.3781919943e+01 1.3805400000e+00 3.4807000000e-01
1.3788489915e+01 1.3815200000e+00 3.4745000000e-01
1.3795049977e+01 1.3823600000e+00 3.4684000000e-01
1.3801620095e+01 1.3831000000e+00 3.4623000000e-01
1.3808189991e+01 1.3839000000e+00 3.4558000000e-01
1.3814749923e+01 1.3848400000e+00 3.4491000000e-01
1.3821319911e+01 1.3857900000e+00 3.4422000000e-01
1.3827880090e+01 1.3866200000e+00 3.4352000000e-01
1.3834449944e+01 1.3872800000e+00 3.4280000000e-01
1.3841009952e+01 1.3879700000e+00 3.4208000000e-01
1.3847580019e+01 1.3888100000e+00 3.4137000000e-01
1.3854140012e+01 1.3898100000e+00 3.4066000000e-01
1.3860710065e+01 1.3907200000e+00 3.3998000000e-01
1.3867280007e+01 1.3914400000e+00 3.3933000000e-01
1.3873840012e+01 1.3920300000e+00 3.3868000000e-01
1.3880410079e+01 1.3926400000e+00 3.3802000000e-01
1.3886969980e+01 1.3933500000e+00 3.3732000000e-01
1.3893539944e+01 1.3940400000e+00 3.3661000000e-01
1.3900100092e+01 1.3946300000e+00 3.3591000000e-01
1.3906669918e+01 1.3951100000e+00 3.3524000000e-01
1.3913239957e+01 1.3956600000e+00 3.3456000000e-01
1.3919799931e+01 1.3963300000e+00 3.3389000000e-01
1.3926369973e+01 1.3972700000e+00 3.3320000000e-01
1.3932929913e+01 1.3982700000e+00 3.3252000000e-01
1.3939499922e+01 1.3992600000e+00 3.3187000000e-01
1.3946059987e+01 1.4000000000e+00 3.3131000000e-01
1.3952629928e+01 1.4006400000e+00 3.3087000000e-01
1.3959200022e+01 1.4012900000e+00 3.3050000000e-01
1.3965759923e+01 1.4021200000e+00 3.3011000000e-01
1.3972330092e+01 1.4030000000e+00 3.2969000000e-01
1.3978890031e+01 1.4038300000e+00 3.2924000000e-01
1.3985460044e+01 1.4044900000e+00 3.2872000000e-01
1.3992019987e+01 1.4050400000e+00 3.2810000000e-01
1.3998590006e+01 1.4055300000e+00 3.2741000000e-01
1.4005159921e+01 1.4059600000e+00 3.2668000000e-01
1.4011719907e+01 1.4063200000e+00 3.2592000000e-01
1.4018289971e+01 1.4066400000e+00 3.2509000000e-01
1.4024850071e+01 1.4071600000e+00 3.2420000000e-01
1.4031420054e+01 1.4078900000e+00 3.2324000000e-01
1.4037980036e+01 1.4085100000e+00 3.2231000000e-01
1.4044549902e+01 1.4086200000e+00 3.2149000000e-01
1.4051119998e+01 1.4082200000e+00 3.2080000000e-01
1.4057680039e+01 1.4078100000e+00 3.2010000000e-01
1.4064249966e+01 1.4078000000e+00 3.1934000000e-01
1.4070810001e+01 1.4081800000e+00 3.1849000000e-01
1.4077379923e+01 1.4089500000e+00 3.1774000000e-01
1.4083939916e+01 1.4100800000e+00 3.1715000000e-01
1.4090509996e+01 1.4115700000e+00 3.1671000000e-01
1.4097080049e+01 1.4128500000e+00 3.1664000000e-01
1.4103639921e+01 1.4137300000e+00 3.1700000000e-01
1.4110210082e+01 1.4142000000e+00 3.1779000000e-01
1.4116770025e+01 1.4147900000e+00 3.1847000000e-01
1.4123340061e+01 1.4156600000e+00 3.1886000000e-01
1.4129900043e+01 1.4168200000e+00 3.1895000000e-01
1.4136469918e+01 1.4178500000e+00 3.1885000000e-01
1.4143039905e+01 1.4185900000e+00 3.1861000000e-01
1.4149599985e+01 1.4190600000e+00 3.1822000000e-01
1.4156169961e+01 1.4196600000e+00 3.1778000000e-01
1.4162729994e+01 1.4205300000e+00 3.1731000000e-01
1.4169299925e+01 1.4216800000e+00 3.1683000000e-01
1.4175860078e+01 1.4228800000e+00 3.1630000000e-01
1.4182429929e+01 1.4240400000e+00 3.1573000000e-01
1.4188989968e+01 1.4251400000e+00 3.1511000000e-01
1.4195559907e+01 1.4260400000e+00 3.1445000000e-01
1.4202130084e+01 1.4267100000e+00 3.1377000000e-01
1.4208689992e+01 1.4272500000e+00 3.1304000000e-01
1.4215260005e+01 1.4279600000e+00 3.1219000000e-01
1.4221819915e+01 1.4288800000e+00 3.1122000000e-01
1.4228389932e+01 1.4298900000e+00 3.1018000000e-01
1.4234950014e+01 1.4307600000e+00 3.0919000000e-01
1.4241520001e+01 1.4315000000e+00 3.0827000000e-01
1.4248089965e+01 1.4322300000e+00 3.0742000000e-01
1.4254649942e+01 1.4330600000e+00 3.0667000000e-01
1.4261220029e+01 1.4339900000e+00 3.0602000000e-01
1.4267780094e+01 1.4349400000e+00 3.0545000000e-01
1.4274350068e+01 1.4359200000e+00 3.0490000000e-01
1.4280909984e+01 1.4369600000e+00 3.0436000000e-01
1.4287480014e+01 1.4380200000e+00 3.0386000000e-01
1.4294049963e+01 1.4389500000e+00 3.0341000000e-01
1.4300610005e+01 1.4397200000e+00 3.0301000000e-01
1.4307179961e+01 1.4405900000e+00 3.0257000000e-01
1.4313739975e+01 1.4418700000e+00 3.0203000000e-01
1.4320309904e+01 1.4436400000e+00 3.0138000000e-01
1.4326870062e+01 1.4454000000e+00 3.0074000000e-01
1.4333439931e+01 1.4468600000e+00 3.0015000000e-01
1.4340010071e+01 1.4479300000e+00 2.9964000000e-01
1.4346569976e+01 1.4485700000e+00 2.9903000000e-01
1.4353140006e+01 1.4487700000e+00 2.9825000000e-01
1.4359699973e+01 1.4485700000e+00 2.9730000000e-01
1.4366270067e+01 1.4486000000e+00 2.9598000000e-01
1.4372830062e+01 1.4491000000e+00 2.9422000000e-01
1.4379399980e+01 1.4500300000e+00 2.9199000000e-01
1.4385969904e+01 1.4508000000e+00 2.8986000000e-01
1.4392530093e+01 1.4512200000e+00 2.8801000000e-01
1.4399099999e+01 1.4513300000e+00 2.8646000000e-01
1.4405659926e+01 1.4516400000e+00 2.8510000000e-01
1.4412229988e+01 1.4523200000e+00 2.8389000000e-01
1.4418790037e+01 1.4532700000e+00 2.8284000000e-01
1.4425360014e+01 1.4540300000e+00 2.8185000000e-01
1.4431929941e+01 1.4544500000e+00 2.8090000000e-01
1.4438490011e+01 1.4546000000e+00 2.7996000000e-01
1.4445060013e+01 1.4547100000e+00 2.7905000000e-01
1.4451619915e+01 1.4548600000e+00 2.7816000000e-01
1.4458189958e+01 1.4550100000e+00 2.7728000000e-01
1.4464750077e+01 1.4551800000e+00 2.7639000000e-01
1.4471319921e+01 1.4553700000e+00 2.7549000000e-01
1.4477890076e+01 1.4554700000e+00 2.7461000000e-01
1.4484450045e+01 1.4553900000e+00 2.7377000000e-01
1.4491019951e+01 1.4551100000e+00 2.7298000000e-01
1.4497580057e+01 1.4548500000e+00 2.7217000000e-01
1.4504150101e+01 1.4547500000e+00 2.7129000000e-01
1.4510710101e+01 1.4548000000e+00 2.7034000000e-01
1.4517280042e+01 1.4549800000e+00 2.6936000000e-01
1.4523839903e+01 1.4552600000e+00 2.6843000000e-01
1.4530409918e+01 1.4556800000e+00 2.6753000000e-01
1.4536979962e+01 1.4561600000e+00 2.6670000000e-01
1.4543540087e+01 1.4565000000e+00 2.6607000000e-01
1.4550109946e+01 1.4566600000e+00 2.6564000000e-01
1.4556670063e+01 1.4566700000e+00 2.6539000000e-01
1.4563239915e+01 1.4568300000e+00 2.6506000000e-01
1.4569799992e+01 1.4571800000e+00 2.6465000000e-01
1.4576370019e+01 1.4577500000e+00 2.6418000000e-01
1.4582940019e+01 1.4581400000e+00 2.6367000000e-01
1.4589499981e+01 1.4582600000e+00 2.6313000000e-01
1.4596069894e+01 1.4581200000e+00 2.6257000000e-01
1.4602629948e+01 1.4580400000e+00 2.6200000000e-01
1.4609199957e+01 1.4581700000e+00 2.6141000000e-01
1.4615760072e+01 1.4584900000e+00 2.6082000000e-01
1.4622329930e+01 1.4588800000e+00 2.6021000000e-01
1.4628899918e+01 1.4592100000e+00 2.5959000000e-01
1.4635459963e+01 1.4594900000e+00 2.5896000000e-01
1.4642029968e+01 1.4597500000e+00 2.5833000000e-01
1.4648589994e+01 1.4600500000e+00 2.5771000000e-01
1.4655159982e+01 1.4603900000e+00 2.5711000000e-01
1.4661719959e+01 1.4607600000e+00 2.5652000000e-01
1.4668289899e+01 1.4610500000e+00 2.5592000000e-01
1.4674859915e+01 1.4612700000e+00 2.5530000000e-01
1.4681420084e+01 1.4614200000e+00 2.5467000000e-01
1.4687990005e+01 1.4616100000e+00 2.5401000000e-01
1.4694550046e+01 1.4618300000e+00 2.5334000000e-01
1.4701120055e+01 1.4621000000e+00 2.5264000000e-01
1.4707679934e+01 1.4623600000e+00 2.5195000000e-01
1.4714250001e+01 1.4626200000e+00 2.5127000000e-01
1.4720820089e+01 1.4628800000e+00 2.5061000000e-01
1.4727379996e+01 1.4631600000e+00 2.4998000000e-01
1.4733950095e+01 1.4634900000e+00 2.4939000000e-01
1.4740509979e+01 1.4638400000e+00 2.4884000000e-01
1.4747080056e+01 1.4643200000e+00 2.4830000000e-01
1.4753640103e+01 1.4649500000e+00 2.4777000000e-01
1.4760209910e+01 1.4657000000e+00 2.4725000000e-01
1.4766779902e+01 1.4663800000e+00 2.4680000000e-01
1.4773340031e+01 1.4669300000e+00 2.4641000000e-01
1.4779909923e+01 1.4673500000e+00 2.4608000000e-01
1.4786469919e+01 1.4676900000e+00 2.4576000000e-01
1.4793039898e+01 1.4679100000e+00 2.4536000000e-01
1.4799599949e+01 1.4679700000e+00 2.4489000000e-01
1.4806169986e+01 1.4679400000e+00 2.4431000000e-01
1.4812739934e+01 1.4680300000e+00 2.4354000000e-01
1.4819299903e+01 1.4682800000e+00 2.4257000000e-01
1.4825870082e+01 1.4686800000e+00 2.4145000000e-01
1.4832430028e+01 1.4690000000e+00 2.4041000000e-01
1.4838999967e+01 1.4691500000e+00 2.3943000000e-01
1.4845560080e+01 1.4691500000e+00 2.3851000000e-01
1.4852129966e+01 1.4692900000e+00 2.3762000000e-01
1.4858699930e+01 1.4696300000e+00 2.3677000000e-01
1.4865260020e+01 1.4702000000e+00 2.3595000000e-01
1.4871830107e+01 1.4707200000e+00 2.3516000000e-01
1.4878390065e+01 1.4710800000e+00 2.3439000000e-01
1.4884960024e+01 1.4712700000e+00 2.3365000000e-01
1.4891520042e+01 1.4714000000e+00 2.3293000000e-01
1.4898090062e+01 1.4715400000e+00 2.3223000000e-01
1.4904650109e+01 1.4717100000e+00 2.3154000000e-01
1.4911219938e+01 1.4718900000e+00 2.3085000000e-01
1.4917789999e+01 1.4720600000e+00 2.3016000000e-01
1.4924350037e+01 1.4721900000e+00 2.2945000000e-01
1.4930920083e+01 1.4722900000e+00 2.2874000000e-01
1.4937480073e+01 1.4724000000e+00 2.2804000000e-01
1.4944050074e+01 1.4725200000e+00 2.2734000000e-01
1.4950609987e+01 1.4726200000e+00 2.2666000000e-01
1.4957179912e+01 1.4726900000e+00 2.2599000000e-01
1.4963750016e+01 1.4727400000e+00 2.2534000000e-01
1.4970309983e+01 1.4728400000e+00 2.2468000000e-01
1.4976879966e+01 1.4729700000e+00 2.2401000000e-01
1.4983440002e+01 1.4731100000e+00 2.2333000000e-01
1.4990010058e+01 1.4732300000e+00 2.2266000000e-01
1.4996569910e+01 1.4733500000e+00 2.2199000000e-01
1.5003140007e+01 1.4734600000e+00 2.2134000000e-01
1.5009710007e+01 1.4735500000e+00 2.2070000000e-01
1.5016269978e+01 1.4736300000e+00 2.2008000000e-01
1.5022839975e+01 1.4737300000e+00 2.1949000000e-01
1.5029399911e+01 1.4738600000e+00 2.1890000000e-01
1.5035970100e+01 1.4740800000e+00 2.1829000000e-01
1.5042529971e+01 1.4743000000e+00 2.1768000000e-01
1.5049100097e+01 1.4745100000e+00 2.1706000000e-01
1.5055670071e+01 1.4746200000e+00 2.1646000000e-01
1.5062229904e+01 1.4746900000e+00 2.1586000000e-01
1.5068799997e+01 1.4747300000e+00 2.1528000000e-01
1.5075359915e+01 1.4748300000e+00 2.1470000000e-01
1.5081930097e+01 1.4750200000e+00 2.1409000000e-01
1.5088490071e+01 1.4752400000e+00 2.1345000000e-01
1.5095060084e+01 1.4754900000e+00 2.1277000000e-01
1.5101629892e+01 1.4756500000e+00 2.1209000000e-01
1.5108189899e+01 1.4757900000e+00 2.1144000000e-01
1.5114759949e+01 1.4759200000e+00 2.1080000000e-01
1.5121319938e+01 1.4760300000e+00 2.1019000000e-01
1.5127889972e+01 1.4760700000e+00 2.0962000000e-01
1.5134449913e+01 1.4760200000e+00 2.0908000000e-01
1.5141019901e+01 1.4759100000e+00 2.0856000000e-01
1.5147590090e+01 1.4758100000e+00 2.0795000000e-01
1.5154149907e+01 1.4757600000e+00 2.0724000000e-01
1.5160720006e+01 1.4757600000e+00 2.0644000000e-01
1.5167279930e+01 1.4757500000e+00 2.0561000000e-01
1.5173849909e+01 1.4757100000e+00 2.0476000000e-01
1.5180409912e+01 1.4756500000e+00 2.0391000000e-01
1.5186979971e+01 1.4755900000e+00 2.0307000000e-01
1.5193549949e+01 1.4756400000e+00 2.0232000000e-01
1.5200109903e+01 1.4758000000e+00 2.0165000000e-01
1.5206679917e+01 1.4760700000e+00 2.0108000000e-01
1.5213240107e+01 1.4763300000e+00 2.0054000000e-01
1.5219809898e+01 1.4765900000e+00 2.0002000000e-01
1.5226370063e+01 1.4768500000e+00 1.9952000000e-01
1.5232940063e+01 1.4770500000e+00 1.9904000000e-01
1.5239499943e+01 1.4771300000e+00 1.9860000000e-01
1.5246069891e+01 1.4770800000e+00 1.9818000000e-01
1.5252639923e+01 1.4769000000e+00 1.9779000000e-01
1.5259200020e+01 1.4768000000e+00 1.9735000000e-01
1.5265769956e+01 1.4767900000e+00 1.9687000000e-01
1.5272329926e+01 1.4768700000e+00 1.9634000000e-01
1.5278899971e+01 1.4770000000e+00 1.9576000000e-01
1.5285460016e+01 1.4771200000e+00 1.9514000000e-01
1.5292029907e+01 1.4772100000e+00 1.9447000000e-01
1.5298600065e+01 1.4772700000e+00 1.9378000000e-01
1.5305159942e+01 1.4771300000e+00 1.9301000000e-01
1.5311729901e+01 1.4767700000e+00 1.9215000000e-01
1.5318290017e+01 1.4762100000e+00 1.9122000000e-01
1.5324859983e+01 1.4756900000e+00 1.9023000000e-01
1.5331420074e+01 1.4754200000e+00 1.8924000000e-01
1.5337990019e+01 1.4754100000e+00 1.8824000000e-01
1.5344559945e+01 1.4755700000e+00 1.8725000000e-01
1.5351119949e+01 1.4756500000e+00 1.8645000000e-01
1.5357690046e+01 1.4756200000e+00 1.8587000000e-01
1.5364249953e+01 1.4755000000e+00 1.8549000000e-01
1.5370819955e+01 1.4753600000e+00 1.8523000000e-01
1.5377379972e+01 1.4751000000e+00 1.8500000000e-01
1.5383950088e+01 1.4747200000e+00 1.8479000000e-01
1.5390519898e+01 1.4742200000e+00 1.8458000000e-01
1.5397079913e+01 1.4738800000e+00 1.8432000000e-01
1.5403650030e+01 1.4737600000e+00 1.8398000000e-01
1.5410210084e+01 1.4738300000e+00 1.8360000000e-01
1.5416780006e+01 1.4739600000e+00 1.8327000000e-01
1.5423340070e+01 1.4740200000e+00 1.8302000000e-01
1.5429910004e+01 1.4740200000e+00 1.8283000000e-01
1.5436480058e+01 1.4740000000e+00 1.8265000000e-01
1.5443039969e+01 1.4740300000e+00 1.8246000000e-01
1.5449609992e+01 1.4741100000e+00 1.8227000000e-01
1.5456170081e+01 1.4742300000e+00 1.8204000000e-01
1.5462740046e+01 1.4742800000e+00 1.8172000000e-01
1.5469300045e+01 1.4742300000e+00 1.8133000000e-01
1.5475869923e+01 1.4740900000e+00 1.8088000000e-01
1.5482440111e+01 1.4739800000e+00 1.8042000000e-01
1.5489000045e+01 1.4739000000e+00 1.7994000000e-01
1.5495570103e+01 1.4738100000e+00 1.7943000000e-01
1.5502130117e+01 1.4737500000e+00 1.7889000000e-01
1.5508700016e+01 1.4737300000e+00 1.7832000000e-01
1.5515260081e+01 1.4738200000e+00 1.7773000000e-01
1.5521830034e+01 1.4740000000e+00 1.7711000000e-01
1.5528400007e+01 1.4741100000e+00 1.7651000000e-01
1.5534960099e+01 1.4741200000e+00 1.7593000000e-01
1.5541530084e+01 1.4740200000e+00 1.7540000000e-01
1.5548089916e+01 1.4738600000e+00 1.7490000000e-01
1.5554659884e+01 1.4737300000e+00 1.7441000000e-01
1.5561219909e+01 1.4736400000e+00 1.7393000000e-01
1.5567790074e+01 1.4736000000e+00 1.7346000000e-01
1.5574359969e+01 1.4737100000e+00 1.7309000000e-01
1.5580920116e+01 1.4739800000e+00 1.7282000000e-01
1.5587489923e+01 1.4743900000e+00 1.7265000000e-01
1.5594049953e+01 1.4747900000e+00 1.7253000000e-01
1.5600619888e+01 1.4750000000e+00 1.7242000000e-01
1.5607180014e+01 1.4750300000e+00 1.7232000000e-01
1.5613750049e+01 1.4748600000e+00 1.7221000000e-01
1.5620310002e+01 1.4746900000e+00 1.7192000000e-01
1.5626880109e+01 1.4745200000e+00 1.7143000000e-01
1.5633449880e+01 1.4743100000e+00 1.7075000000e-01
1.5640010011e+01 1.4741300000e+00 1.6993000000e-01
1.5646580057e+01 1.4740900000e+00 1.6907000000e-01
1.5653139943e+01 1.4742000000e+00 1.6818000000e-01
1.5659709992e+01 1.4745500000e+00 1.6729000000e-01
1.5666270096e+01 1.4748200000e+00 1.6644000000e-01
1.5672840120e+01 1.4749900000e+00 1.6564000000e-01
1.5679410003e+01 1.4750000000e+00 1.6493000000e-01
1.5685969894e+01 1.4749000000e+00 1.6430000000e-01
1.5692539956e+01 1.4748200000e+00 1.6375000000e-01
1.5699099997e+01 1.4747600000e+00 1.6328000000e-01
1.5705669965e+01 1.4746700000e+00 1.6283000000e-01
1.5712229881e+01 1.4745100000e+00 1.6243000000e-01
1.5718799974e+01 1.4742700000e+00 1.6206000000e-01
1.5725370123e+01 1.4739700000e+00 1.6172000000e-01
1.5731929928e+01 1.4736900000e+00 1.6140000000e-01
1.5738499914e+01 1.4734700000e+00 1.6108000000e-01
1.5745060019e+01 1.4732900000e+00 1.6074000000e-01
1.5751630061e+01 1.4731200000e+00 1.6038000000e-01
1.5758189945e+01 1.4729500000e+00 1.6001000000e-01
1.5764760017e+01 1.4727800000e+00 1.5964000000e-01
1.5771330097e+01 1.4726300000e+00 1.5926000000e-01
1.5777889973e+01 1.4724800000e+00 1.5890000000e-01
1.5784460041e+01 1.4722700000e+00 1.5855000000e-01
1.5791020124e+01 1.4720000000e+00 1.5822000000e-01
1.5797589904e+01 1.4716900000e+00 1.5791000000e-01
1.5804149917e+01 1.4714500000e+00 1.5757000000e-01
1.5810719880e+01 1.4712900000e+00 1.5720000000e-01
1.5817290054e+01 1.4712200000e+00 1.5679000000e-01
1.5823849915e+01 1.4712200000e+00 1.5637000000e-01
1.5830419982e+01 1.4712300000e+00 1.5595000000e-01
1.5836979956e+01 1.4712700000e+00 1.5553000000e-01
1.5843549888e+01 1.4713200000e+00 1.5513000000e-01
1.5850109948e+01 1.4713600000e+00 1.5477000000e-01
1.5856679969e+01 1.4713800000e+00 1.5449000000e-01
1.5863249902e+01 1.4713800000e+00 1.5429000000e-01
1.5869809920e+01 1.4713600000e+00 1.5417000000e-01
1.5876379902e+01 1.4713800000e+00 1.5403000000e-01
1.5882939937e+01 1.4714500000e+00 1.5386000000e-01
1.5889509941e+01 1.4715500000e+00 1.5368000000e-01
1.5896069969e+01 1.4716800000e+00 1.5348000000e-01
1.5902639967e+01 1.4717800000e+00 1.5328000000e-01
1.5909210084e+01 1.4718500000e+00 1.5309000000e-01
1.5915769926e+01 1.4718900000e+00 1.5290000000e-01
1.5922339997e+01 1.4719400000e+00 1.5273000000e-01
1.5928900017e+01 1.4720000000e+00 1.5255000000e-01
1.5935470015e+01 1.4721000000e+00 1.5237000000e-01
1.5942029933e+01 1.4722200000e+00 1.5220000000e-01
1.5948600086e+01 1.4723400000e+00 1.5198000000e-01
1.5955159874e+01 1.4724400000e+00 1.5169000000e-01
1.5961729901e+01 1.4725100000e+00 1.5132000000e-01
1.5968299986e+01 1.4725500000e+00 1.5088000000e-01
1.5974859916e+01 1.4726300000e+00 1.5042000000e-01
1.5981430090e+01 1.4727400000e+00 1.4993000000e-01
1.5987990078e+01 1.4728900000e+00 1.4943000000e-01
1.5994560058e+01 1.4730500000e+00 1.4891000000e-01
1.6001120078e+01 1.4731900000e+00 1.4834000000e-01
1.6007690094e+01 1.4733300000e+00 1.4774000000e-01
1.6014260122e+01 1.4734500000e+00 1.4709000000e-01
1.6020819889e+01 1.4735900000e+00 1.4641000000e-01
1.6027389912e+01 1.4736200000e+00 1.4570000000e-01
1.6033949901e+01 1.4735400000e+00 1.4494000000e-01
1.6040519893e+01 1.4733500000e+00 1.4415000000e-01
1.6047080079e+01 1.4731600000e+00 1.4333000000e-01
1.6053650014e+01 1.4731600000e+00 1.4255000000e-01
1.6060219915e+01 1.4733600000e+00 1.4181000000e-01
1.6066779964e+01 1.4737300000e+00 1.4112000000e-01
1.6073350026e+01 1.4740700000e+00 1.4050000000e-01
1.6079909949e+01 1.4742400000e+00 1.3998000000e-01
1.6086479886e+01 1.4742300000e+00 1.3955000000e-01
1.6093039915e+01 1.4740700000e+00 1.3919000000e-01
1.6099609961e+01 1.4738100000e+00 1.3887000000e-01
1.6106179927e+01 1.4734700000e+00 1.3856000000e-01
1.6112739939e+01 1.4730500000e+00 1.3826000000e-01
1.6119309974e+01 1.4726000000e+00 1.3793000000e-01
1.6125870027e+01 1.4722100000e+00 1.3753000000e-01
1.6132440106e+01 1.4719200000e+00 1.3706000000e-01
1.6138999913e+01 1.4717200000e+00 1.3651000000e-01
1.6145570009e+01 1.4715600000e+00 1.3599000000e-01
1.6152139978e+01 1.4713400000e+00 1.3550000000e-01
1.6158699892e+01 1.4710500000e+00 1.3504000000e-01
1.6165270100e+01 1.4706900000e+00 1.3459000000e-01
1.6171829963e+01 1.4703600000e+00 1.3416000000e-01
1.6178400124e+01 1.4701400000e+00 1.3373000000e-01
1.6184959909e+01 1.4700400000e+00 1.3331000000e-01
1.6191529997e+01 1.4700000000e+00 1.3289000000e-01
1.6198099911e+01 1.4699100000e+00 1.3245000000e-01
1.6204659929e+01 1.4697400000e+00 1.3200000000e-01
1.6211229992e+01 1.4694700000e+00 1.3156000000e-01
1.6217790131e+01 1.4691900000e+00 1.3112000000e-01
1.6224360056e+01 1.4689400000e+00 1.3072000000e-01
1.6230920026e+01 1.4687000000e+00 1.3034000000e-01
1.6237490049e+01 1.4684900000e+00 1.2999000000e-01
1.6244060116e+01 1.4682700000e+00 1.2965000000e-01
1.6250619921e+01 1.4680500000e+00 1.2932000000e-01
1.6257190047e+01 1.4678500000e+00 1.2899000000e-01
1.6263749882e+01 1.4676700000e+00 1.2866000000e-01
1.6270320043e+01 1.4674700000e+00 1.2835000000e-01
1.6276879884e+01 1.4672300000e+00 1.2808000000e-01
1.6283450053e+01 1.4669300000e+00 1.2785000000e-01
1.6290009873e+01 1.4666000000e+00 1.2765000000e-01
1.6296580026e+01 1.4663900000e+00 1.2752000000e-01
1.6303149899e+01 1.4663100000e+00 1.2744000000e-01
1.6309709909e+01 1.4663900000e+00 1.2745000000e-01
1.6316279993e+01 1.4665300000e+00 1.2750000000e-01
1.6322839918e+01 1.4665300000e+00 1.2753000000e-01
1.6329409920e+01 1.4664000000e+00 1.2755000000e-01
1.6335970002e+01 1.4661300000e+00 1.2755000000e-01
1.6342539898e+01 1.4658400000e+00 1.2752000000e-01
1.6349110001e+01 1.4656600000e+00 1.2745000000e-01
1.6355669874e+01 1.4655900000e+00 1.2733000000e-01
1.6362240099e+01 1.4655600000e+00 1.2714000000e-01
1.6368800065e+01 1.4655600000e+00 1.2691000000e-01
1.6375370120e+01 1.4655500000e+00 1.2665000000e-01
1.6381929886e+01 1.4655700000e+00 1.2636000000e-01
1.6388500013e+01 1.4656700000e+00 1.2603000000e-01
1.6395070035e+01 1.4657500000e+00 1.2569000000e-01
1.6401629994e+01 1.4657800000e+00 1.2533000000e-01
1.6408200050e+01 1.4657700000e+00 1.2495000000e-01
1.6414760014e+01 1.4657000000e+00 1.2454000000e-01
1.6421330079e+01 1.4656600000e+00 1.2412000000e-01
1.6427890023e+01 1.4656800000e+00 1.2367000000e-01
1.6434460072e+01 1.4657500000e+00 1.2322000000e-01
1.6441029971e+01 1.4658600000e+00 1.2277000000e-01
1.6447589977e+01 1.4659200000e+00 1.2234000000e-01
1.6454160092e+01 1.4659300000e+00 1.2191000000e-01
1.6460720014e+01 1.4658900000e+00 1.2150000000e-01
1.6467290050e+01 1.4658200000e+00 1.2111000000e-01
1.6473850135e+01 1.4657800000e+00 1.2073000000e-01
1.6480420066e+01 1.4657600000e+00 1.2035000000e-01
1.6486990075e+01 1.4657500000e+00 1.1997000000e-01
1.6493550090e+01 1.4657200000e+00 1.1958000000e-01
1.6500119956e+01 1.4656600000e+00 1.1918000000e-01
1.6506680072e+01 1.4655800000e+00 1.1876000000e-01
1.6513250042e+01 1.4655000000e+00 1.1833000000e-01
1.6519809961e+01 1.4654400000e+00 1.1790000000e-01
1.6526380011e+01 1.4653900000e+00 1.1748000000e-01
1.6532950095e+01 1.4653400000e+00 1.1708000000e-01
1.6539510086e+01 1.4652900000e+00 1.1668000000e-01
1.6546079939e+01 1.4651100000e+00 1.1628000000e-01
1.6552639944e+01 1.4648300000e+00 1.1588000000e-01
1.6559210089e+01 1.4644300000e+00 1.1547000000e-01
1.6565770083e+01 1.4639200000e+00 1.1505000000e-01
1.6572339946e+01 1.4635200000e+00 1.1462000000e-01
1.6578910075e+01 1.4631900000e+00 1.1414000000e-01
1.6585470010e+01 1.4629600000e+00 1.1363000000e-01
1.6592040095e+01 1.4628200000e+00 1.1308000000e-01
1.6598599958e+01 1.4626700000e+00 1.1259000000e-01
1.6605169973e+01 1.4625100000e+00 1.1216000000e-01
1.6611730014e+01 1.4623400000e+00 1.1181000000e-01
1.6618299936e+01 1.4621500000e+00 1.1152000000e-01
1.6624870081e+01 1.4619200000e+00 1.1127000000e-01
1.6631429933e+01 1.4616700000e+00 1.1105000000e-01
1.6637999947e+01 1.4614200000e+00 1.1087000000e-01
1.6644559917e+01 1.4611500000e+00 1.1073000000e-01
1.6651130052e+01 1.4609100000e+00 1.1058000000e-01
1.6657690115e+01 1.4607000000e+00 1.1038000000e-01
1.6664260070e+01 1.4605100000e+00 1.1015000000e-01
1.6670819924e+01 1.4603500000e+00 1.0987000000e-01
1.6677389950e+01 1.4602000000e+00 1.0958000000e-01
1.6683959869e+01 1.4600400000e+00 1.0932000000e-01
1.6690519923e+01 1.4598700000e+00 1.0908000000e-01
1.6697089878e+01 1.4596900000e+00 1.0886000000e-01
1.6703649940e+01 1.4594800000e+00 1.0867000000e-01
1.6710219905e+01 1.4591900000e+00 1.0847000000e-01
1.6716779951e+01 1.4588400000e+00 1.0827000000e-01
1.6723349904e+01 1.4584100000e+00 1.0807000000e-01
1.6729919985e+01 1.4579300000e+00 1.0786000000e-01
1.6736480104e+01 1.4575000000e+00 1.0762000000e-01
1.6743050136e+01 1.4571300000e+00 1.0734000000e-01
1.6749609897e+01 1.4568100000e+00 1.0704000000e-01
1.6756180136e+01 1.4565700000e+00 1.0670000000e-01
1.6762740076e+01 1.4563100000e+00 1.0631000000e-01
1.6769309936e+01 1.4560300000e+00 1.0587000000e-01
1.6775879881e+01 1.4557300000e+00 1.0536000000e-01
1.6782440050e+01 1.4554100000e+00 1.0480000000e-01
1.6789009860e+01 1.4551200000e+00 1.0434000000e-01
1.6795569866e+01 1.4548900000e+00 1.0403000000e-01
1.6802140082e+01 1.4547100000e+00 1.0387000000e-01
1.6808699901e+01 1.4545900000e+00 1.0385000000e-01
1.6815269933e+01 1.4546300000e+00 1.0399000000e-01
1.6821840010e+01 1.4548000000e+00 1.0428000000e-01
1.6828399931e+01 1.4550800000e+00 1.0472000000e-01
1.6834970071e+01 1.4554900000e+00 1.0531000000e-01
1.6841530027e+01 1.4557200000e+00 1.0599000000e-01
1.6848099924e+01 1.4556200000e+00 1.0659000000e-01
1.6854659891e+01 1.4551800000e+00 1.0713000000e-01
1.6861230087e+01 1.4544000000e+00 1.0759000000e-01
1.6867800001e+01 1.4534200000e+00 1.0790000000e-01
1.6874359945e+01 1.4526900000e+00 1.0809000000e-01
1.6880930123e+01 1.4522000000e+00 1.0816000000e-01
1.6887490019e+01 1.4519700000e+00 1.0812000000e-01
1.6894059868e+01 1.4520300000e+00 1.0800000000e-01
1.6900619977e+01 1.4522000000e+00 1.0784000000e-01
1.6907190043e+01 1.4524600000e+00 1.0765000000e-01
1.6913760069e+01 1.4527900000e+00 1.0742000000e-01
1.6920320030e+01 1.4531300000e+00 1.0722000000e-01
1.6926889952e+01 1.4534400000e+00 1.0705000000e-01
1.6933450068e+01 1.4537000000e+00 1.0690000000e-01
1.6940019862e+01 1.4539100000e+00 1.0678000000e-01
1.6946580109e+01 1.4540900000e+00 1.0665000000e-01
1.6953150038e+01 1.4542700000e+00 1.0651000000e-01
1.6959719885e+01 1.4544300000e+00 1.0639000000e-01
1.6966279858e+01 1.4545800000e+00 1.0627000000e-01
1.6972850093e+01 1.4547400000e+00 1.0616000000e-01
1.6979410139e+01 1.4549600000e+00 1.0607000000e-01
1.6985979874e+01 1.4552300000e+00 1.0599000000e-01
1.6992539969e+01 1.4555700000e+00 1.0593000000e-01
1.6999110046e+01 1.4559300000e+00 1.0589000000e-01
1.7005669877e+01 1.4562100000e+00 1.0588000000e-01
1.7012239983e+01 1.4564000000e+00 1.0587000000e-01
1.7018809955e+01 1.4565100000e+00 1.0584000000e-01
1.7025369929e+01 1.4565400000e+00 1.0577000000e-01
1.7031939895e+01 1.4566200000e+00 1.0572000000e-01
1.7038500127e+01 1.4567500000e+00 1.0570000000e-01
1.7045070063e+01 1.4568900000e+00 1.0574000000e-01
1.7051629948e+01 1.4570600000e+00 1.0583000000e-01
1.7058200122e+01 1.4571500000e+00 1.0581000000e-01
1.7064770120e+01 1.4571400000e+00 1.0563000000e-01
1.7071330026e+01 1.4571400000e+00 1.0533000000e-01
1.7077899935e+01 1.4571500000e+00 1.0489000000e-01
1.7084460018e+01 1.4572000000e+00 1.0433000000e-01
1.7091030108e+01 1.4573500000e+00 1.0364000000e-01
1.7097590052e+01 1.4574700000e+00 1.0282000000e-01
1.7104160007e+01 1.4575300000e+00 1.0186000000e-01
1.7110730036e+01 1.4576000000e+00 1.0086000000e-01
1.7117289878e+01 1.4578400000e+00 9.9960000000e-02
1.7123860030e+01 1.4582600000e+00 9.9160000000e-02
1.7130419969e+01 1.4589200000e+00 9.8480000000e-02
1.7136989927e+01 1.4597700000e+00 9.7910000000e-02
1.7143549938e+01 1.4603600000e+00 9.7380000000e-02
1.7150119974e+01 1.4606900000e+00 9.6910000000e-02
1.7156690043e+01 1.4607900000e+00 9.6470000000e-02
1.7163250124e+01 1.4606500000e+00 9.6070000000e-02
1.7169819941e+01 1.4604700000e+00 9.5680000000e-02
1.7176380038e+01 1.4602900000e+00 9.5300000000e-02
1.7182949874e+01 1.4600800000e+00 9.4910000000e-02
1.7189509964e+01 1.4598200000e+00 9.4510000000e-02
1.7196080092e+01 1.4595400000e+00 9.4130000000e-02
1.7202649917e+01 1.4592300000e+00 9.3760000000e-02
1.7209209956e+01 1.4589100000e+00 9.3420000000e-02
1.7215780039e+01 1.4585900000e+00 9.3120000000e-02
1.7222340013e+01 1.4583000000e+00 9.2830000000e-02
1.7228910035e+01 1.4580300000e+00 9.2540000000e-02
1.7235469921e+01 1.4577900000e+00 9.2250000000e-02
1.7242039859e+01 1.4575800000e+00 9.1930000000e-02
1.7248610047e+01 1.4573800000e+00 9.1580000000e-02
1.7255170059e+01 1.4572100000e+00 9.1210000000e-02
1.7261740128e+01 1.4570700000e+00 9.0800000000e-02
1.7268299995e+01 1.4569400000e+00 9.0360000000e-02
1.7274869922e+01 1.4568300000e+00 8.9900000000e-02
1.7281429918e+01 1.4567100000e+00 8.9460000000e-02
1.7287999979e+01 1.4565900000e+00 8.9070000000e-02
1.7294569953e+01 1.4564600000e+00 8.8720000000e-02
1.7301129956e+01 1.4563500000e+00 8.8420000000e-02
1.7307700030e+01 1.4562900000e+00 8.8180000000e-02
1.7314260106e+01 1.4562900000e+00 8.7960000000e-02
1.7320829957e+01 1.4563400000e+00 8.7770000000e-02
1.7327390085e+01 1.4564300000e+00 8.7590000000e-02
1.7333959991e+01 1.4564800000e+00 8.7430000000e-02
1.7340530069e+01 1.4563800000e+00 8.7260000000e-02
1.7347090085e+01 1.4561300000e+00 8.7080000000e-02
1.7353659883e+01 1.4557300000e+00 8.6880000000e-02
1.7360219893e+01 1.4552700000e+00 8.6660000000e-02
1.7366789991e+01 1.4548700000e+00 8.6410000000e-02
1.7373349973e+01 1.4545700000e+00 8.6130000000e-02
1.7379920047e+01 1.4543800000e+00 8.5830000000e-02
1.7386479978e+01 1.4542500000e+00 8.5480000000e-02
1.7393050005e+01 1.4540600000e+00 8.5060000000e-02
1.7399619853e+01 1.4537900000e+00 8.4570000000e-02
1.7406180123e+01 1.4534200000e+00 8.4000000000e-02
1.7412749891e+01 1.4529600000e+00 8.3350000000e-02
1.7419310054e+01 1.4525900000e+00 8.2730000000e-02
1.7425880021e+01 1.4523100000e+00 8.2160000000e-02
1.7432440056e+01 1.4521400000e+00 8.1650000000e-02
1.7439009897e+01 1.4520600000e+00 8.1200000000e-02
1.7445580127e+01 1.4520300000e+00 8.0810000000e-02
1.7452140080e+01 1.4519700000e+00 8.0500000000e-02
1.7458710150e+01 1.4519100000e+00 8.0290000000e-02
1.7465269918e+01 1.4518300000e+00 8.0160000000e-02
1.7471840111e+01 1.4517400000e+00 8.0130000000e-02
1.7478399975e+01 1.4515800000e+00 8.0110000000e-02
1.7484969964e+01 1.4512800000e+00 8.0100000000e-02
1.7491539998e+01 1.4508600000e+00 8.0080000000e-02
1.7498099969e+01 1.4503100000e+00 8.0060000000e-02
1.7504670071e+01 1.4496800000e+00 8.0040000000e-02
1.7511230083e+01 1.4491700000e+00 8.0020000000e-02
1.7517799924e+01 1.4487700000e+00 8.0030000000e-02
1.7524359956e+01 1.4484800000e+00 8.0060000000e-02
1.7530930127e+01 1.4483100000e+00 8.0100000000e-02
1.7537499998e+01 1.4481500000e+00 8.0150000000e-02
1.7544060021e+01 1.4479800000e+00 8.0180000000e-02
1.7550629882e+01 1.4477800000e+00 8.0200000000e-02
1.7557189869e+01 1.4475600000e+00 8.0200000000e-02
1.7563760005e+01 1.4473300000e+00 8.0200000000e-02
1.7570319934e+01 1.4471100000e+00 8.0170000000e-02
1.7576890017e+01 1.4468900000e+00 8.0130000000e-02
1.7583460069e+01 1.4466700000e+00 8.0070000000e-02
1.7590019873e+01 1.4464600000e+00 7.9990000000e-02
1.7596590147e+01 1.4462800000e+00 7.9900000000e-02
1.7603150147e+01 1.4461700000e+00 7.9820000000e-02
1.7609720002e+01 1.4461400000e+00 7.9730000000e-02
1.7616279867e+01 1.4461800000e+00 7.9650000000e-02
1.7622849900e+01 1.4463000000e+00 7.9570000000e-02
1.7629419863e+01 1.4463600000e+00 7.9510000000e-02
1.7635980108e+01 1.4463500000e+00 7.9460000000e-02
1.7642549907e+01 1.4462500000e+00 7.9430000000e-02
1.7649109962e+01 1.4460800000e+00 7.9420000000e-02
1.7655679884e+01 1.4458800000e+00 7.9440000000e-02
1.7662240038e+01 1.4458100000e+00 7.9490000000e-02
1.7668810064e+01 1.4458500000e+00 7.9580000000e-02
1.7675379981e+01 1.4460100000e+00 7.9710000000e-02
1.7681940091e+01 1.4462900000e+00 7.9880000000e-02
1.7688510078e+01 1.4464700000e+00 7.9990000000e-02
1.7695069920e+01 1.4465100000e+00 8.0030000000e-02
1.7701639956e+01 1.4464000000e+00 8.0010000000e-02
1.7708200134e+01 1.4461500000e+00 7.9920000000e-02
1.7714769884e+01 1.4458000000e+00 7.9760000000e-02
1.7721330065e+01 1.4455100000e+00 7.9530000000e-02
1.7727900134e+01 1.4453100000e+00 7.9240000000e-02
1.7734470044e+01 1.4451800000e+00 7.8880000000e-02
1.7741030033e+01 1.4451400000e+00 7.8460000000e-02
1.7747599917e+01 1.4452200000e+00 7.8040000000e-02
1.7754159853e+01 1.4453900000e+00 7.7630000000e-02
1.7760730003e+01 1.4456500000e+00 7.7220000000e-02
1.7767289865e+01 1.4460000000e+00 7.6830000000e-02
1.7773859945e+01 1.4463900000e+00 7.6450000000e-02
1.7780430144e+01 1.4466400000e+00 7.6080000000e-02
1.7786990016e+01 1.4467500000e+00 7.5720000000e-02
1.7793560112e+01 1.4467200000e+00 7.5380000000e-02
1.7800119855e+01 1.4465600000e+00 7.5040000000e-02
1.7806690144e+01 1.4463600000e+00 7.4740000000e-02
1.7813250055e+01 1.4462000000e+00 7.4470000000e-02
1.7819819881e+01 1.4460800000e+00 7.4230000000e-02
1.7826390106e+01 1.4459900000e+00 7.4040000000e-02
1.7832949913e+01 1.4459400000e+00 7.3880000000e-02
1.7839519960e+01 1.4458600000e+00 7.3750000000e-02
1.7846079881e+01 1.4457400000e+00 7.3600000000e-02
1.7852650046e+01 1.4455900000e+00 7.3450000000e-02
1.7859210061e+01 1.4453900000e+00 7.3290000000e-02
1.7865780005e+01 1.4451600000e+00 7.3120000000e-02
1.7872349993e+01 1.4449100000e+00 7.2930000000e-02
1.7878910111e+01 1.4446600000e+00 7.2710000000e-02
1.7885479845e+01 1.4443900000e+00 7.2480000000e-02
1.7892040003e+01 1.4441100000e+00 7.2230000000e-02
1.7898610101e+01 1.4438600000e+00 7.1960000000e-02
1.7905169958e+01 1.4436700000e+00 7.1700000000e-02
1.7911740080e+01 1.4435600000e+00 7.1450000000e-02
1.7918309888e+01 1.4435200000e+00 7.1230000000e-02
1.7924870058e+01 1.4435400000e+00 7.1040000000e-02
1.7931439857e+01 1.4435800000e+00 7.0890000000e-02
1.7937999994e+01 1.4435800000e+00 7.0770000000e-02
1.7944570084e+01 1.4435200000e+00 7.0700000000e-02
1.7951129844e+01 1.4434000000e+00 7.0670000000e-02
1.7957699884e+01 1.4432600000e+00 7.0680000000e-02
1.7964269894e+01 1.4431200000e+00 7.0700000000e-02
1.7970829857e+01 1.4430100000e+00 7.0730000000e-02
1.7977400107e+01 1.4429100000e+00 7.0750000000e-02
1.7983959962e+01 1.4428300000e+00 7.0770000000e-02
1.7990530109e+01 1.4427000000e+00 7.0770000000e-02
1.7997090158e+01 1.4425200000e+00 7.0750000000e-02
1.8003659856e+01 1.4423600000e+00 7.0710000000e-02
1.8010230135e+01 1.4422100000e+00 7.0650000000e-02
1.8016789955e+01 1.4420900000e+00 7.0580000000e-02
1.8023360077e+01 1.4420600000e+00 7.0500000000e-02
1.8029920039e+01 1.4420800000e+00 7.0420000000e-02
1.8036489984e+01 1.4421000000e+00 7.0350000000e-02
1.8043050068e+01 1.4421100000e+00 7.0280000000e-02
1.8049620139e+01 1.4421200000e+00 7.0220000000e-02
1.8056179998e+01 1.4421100000e+00 7.0170000000e-02
1.8062749848e+01 1.4421000000e+00 7.0110000000e-02
1.8069319910e+01 1.4421000000e+00 7.0040000000e-02
1.8075880050e+01 1.4421100000e+00 6.9940000000e-02
1.8082449859e+01 1.4421100000e+00 6.9810000000e-02
1.8089010049e+01 1.4420900000e+00 6.9670000000e-02
1.8095579912e+01 1.4420700000e+00 6.9490000000e-02
1.8102140131e+01 1.4420500000e+00 6.9260000000e-02
1.8108710027e+01 1.4420300000e+00 6.8990000000e-02
1.8115280099e+01 1.4420300000e+00 6.8700000000e-02
1.8121840163e+01 1.4420400000e+00 6.8400000000e-02
1.8128409909e+01 1.4420300000e+00 6.8110000000e-02
1.8134969949e+01 1.4420000000e+00 6.7830000000e-02
1.8141540005e+01 1.4419500000e+00 6.7570000000e-02
1.8148100002e+01 1.4418500000e+00 6.7320000000e-02
1.8154670018e+01 1.4417300000e+00 6.7080000000e-02
1.8161239846e+01 1.4416400000e+00 6.6870000000e-02
1.8167799907e+01 1.4416100000e+00 6.6680000000e-02
1.8174369995e+01 1.4416200000e+00 6.6500000000e-02
1.8180929961e+01 1.4416600000e+00 6.6300000000e-02
1.8187499957e+01 1.4417100000e+00 6.6090000000e-02
1.8194060138e+01 1.4417000000e+00 6.5860000000e-02
1.8200630022e+01 1.4415900000e+00 6.5630000000e-02
1.8207200012e+01 1.4414300000e+00 6.5380000000e-02
1.8213760150e+01 1.4412600000e+00 6.5130000000e-02
1.8220329996e+01 1.4410500000e+00 6.4870000000e-02
1.8226889967e+01 1.4408900000e+00 6.4600000000e-02
1.8233459982e+01 1.4407800000e+00 6.4320000000e-02
1.8240020096e+01 1.4406900000e+00 6.4060000000e-02
1.8246589927e+01 1.4406400000e+00 6.3820000000e-02
1.8253160160e+01 1.4406100000e+00 6.3600000000e-02
1.8259720124e+01 1.4406000000e+00 6.3390000000e-02
1.8266290142e+01 1.4405900000e+00 6.3180000000e-02
1.8272849865e+01 1.4405200000e+00 6.2970000000e-02
1.8279419982e+01 1.4403900000e+00 6.2760000000e-02
1.8285980112e+01 1.4401900000e+00 6.2540000000e-02
1.8292549971e+01 1.4399300000e+00 6.2340000000e-02
1.8299119865e+01 1.4396300000e+00 6.2150000000e-02
1.8305680071e+01 1.4393600000e+00 6.1960000000e-02
1.8312250013e+01 1.4391100000e+00 6.1780000000e-02
1.8318809906e+01 1.4388900000e+00 6.1590000000e-02
1.8325379874e+01 1.4387200000e+00 6.1410000000e-02
1.8331940106e+01 1.4386000000e+00 6.1250000000e-02
1.8338510081e+01 1.4385000000e+00 6.1120000000e-02
1.8345080055e+01 1.4384300000e+00 6.1020000000e-02
1.8351639920e+01 1.4383900000e+00 6.0960000000e-02
1.8358209870e+01 1.4383300000e+00 6.0900000000e-02
1.8364770024e+01 1.4382200000e+00 6.0850000000e-02
1.8371339931e+01 1.4380600000e+00 6.0820000000e-02
1.8377900017e+01 1.4378600000e+00 6.0820000000e-02
1.8384469859e+01 1.4376100000e+00 6.0830000000e-02
1.8391040003e+01 1.4373900000e+00 6.0870000000e-02
1.8397599952e+01 1.4372400000e+00 6.0920000000e-02
1.8404170002e+01 1.4371800000e+00 6.0970000000e-02
1.8410729832e+01 1.4372000000e+00 6.1020000000e-02
1.8417300107e+01 1.4373000000e+00 6.1060000000e-02
1.8423860137e+01 1.4374300000e+00 6.1110000000e-02
1.8430429937e+01 1.4375300000e+00 6.1150000000e-02
1.8436990148e+01 1.4375600000e+00 6.1180000000e-02
1.8443560133e+01 1.4375400000e+00 6.1200000000e-02
1.8450130037e+01 1.4374500000e+00 6.1220000000e-02
1.8456689974e+01 1.4372900000e+00 6.1210000000e-02
1.8463260033e+01 1.4371500000e+00 6.1180000000e-02
1.8469820102e+01 1.4370500000e+00 6.1130000000e-02
1.8476389954e+01 1.4370000000e+00 6.1050000000e-02
1.8482950135e+01 1.4369800000e+00 6.0950000000e-02
1.8489520103e+01 1.4370400000e+00 6.0830000000e-02
1.8496089954e+01 1.4371100000e+00 6.0680000000e-02
1.8502650098e+01 1.4371800000e+00 6.0520000000e-02
1.8509220035e+01 1.4372700000e+00 6.0340000000e-02
1.8515779898e+01 1.4373600000e+00 6.0130000000e-02
1.8522349901e+01 1.4374100000e+00 5.9910000000e-02
1.8528910149e+01 1.4374200000e+00 5.9700000000e-02
1.8535479856e+01 1.4373900000e+00 5.9490000000e-02
1.8542050097e+01 1.4373100000e+00 5.9290000000e-02
1.8548609860e+01 1.4371900000e+00 5.9090000000e-02
1.8555180118e+01 1.4370700000e+00 5.8890000000e-02
1.8561739874e+01 1.4370000000e+00 5.8670000000e-02
1.8568310130e+01 1.4369600000e+00 5.8420000000e-02
1.8574869858e+01 1.4369600000e+00 5.8140000000e-02
1.8581440092e+01 1.4370100000e+00 5.7840000000e-02
1.8588010139e+01 1.4370600000e+00 5.7520000000e-02
1.8594569965e+01 1.4370400000e+00 5.7180000000e-02
1.8601139960e+01 1.4369600000e+00 5.6830000000e-02
1.8607700056e+01 1.4368000000e+00 5.6460000000e-02
1.8614269979e+01 1.4365800000e+00 5.6070000000e-02
1.8620829979e+01 1.4363100000e+00 5.5680000000e-02
1.8627400157e+01 1.4361000000e+00 5.5290000000e-02
1.8633970111e+01 1.4359700000e+00 5.4940000000e-02
1.8640530108e+01 1.4359100000e+00 5.4600000000e-02
1.8647099941e+01 1.4359200000e+00 5.4280000000e-02
1.8653660141e+01 1.4360000000e+00 5.3980000000e-02
1.8660229833e+01 1.4360000000e+00 5.3680000000e-02
1.8666789867e+01 1.4359100000e+00 5.3360000000e-02
1.8673360095e+01 1.4357300000e+00 5.3040000000e-02
1.8679930065e+01 1.4354700000e+00 5.2720000000e-02
1.8686489993e+01 1.4351200000e+00 5.2380000000e-02
1.8693060121e+01 1.4347800000e+00 5.2070000000e-02
1.8699619835e+01 1.4344700000e+00 5.1780000000e-02
1.8706190103e+01 1.4341900000e+00 5.1520000000e-02
1.8712749932e+01 1.4339400000e+00 5.1280000000e-02
1.8719319971e+01 1.4337100000e+00 5.1070000000e-02
1.8725890065e+01 1.4334000000e+00 5.0900000000e-02
1.8732450036e+01 1.4329300000e+00 5.0780000000e-02
1.8739019871e+01 1.4323000000e+00 5.0700000000e-02
1.8745579909e+01 1.4315100000e+00 5.0670000000e-02
1.8752150168e+01 1.4305700000e+00 5.0680000000e-02
1.8758709903e+01 1.4295600000e+00 5.0700000000e-02
1.8765279864e+01 1.4286600000e+00 5.0670000000e-02
1.8771839980e+01 1.4278600000e+00 5.0590000000e-02
1.8778409974e+01 1.4271700000e+00 5.0460000000e-02
1.8784979981e+01 1.4265700000e+00 5.0280000000e-02
1.8791540109e+01 1.4261300000e+00 5.0070000000e-02
1.8798110121e+01 1.4259200000e+00 4.9920000000e-02
1.8804669876e+01 1.4259200000e+00 4.9850000000e-02
1.8811239874e+01 1.4261500000e+00 4.9840000000e-02
1.8817799945e+01 1.4265900000e+00 4.9910000000e-02
1.8824369909e+01 1.4272200000e+00 5.0040000000e-02
1.8830939852e+01 1.4276900000e+00 5.0360000000e-02
1.8837499834e+01 1.4279600000e+00 5.0860000000e-02
1.8844070069e+01 1.4280500000e+00 5.1540000000e-02
1.8850629964e+01 1.4279500000e+00 5.2410000000e-02
1.8857200118e+01 1.4276900000e+00 5.3470000000e-02
1.8863759908e+01 1.4274700000e+00 5.4510000000e-02
1.8870329961e+01 1.4274000000e+00 5.5450000000e-02
1.8876899960e+01 1.4274700000e+00 5.6270000000e-02
1.8883459915e+01 1.4276800000e+00 5.6980000000e-02
1.8890030141e+01 1.4280100000e+00 5.7580000000e-02
1.8896589942e+01 1.4283300000e+00 5.8080000000e-02
1.8903160019e+01 1.4285200000e+00 5.8500000000e-02
1.8909720005e+01 1.4285700000e+00 5.8850000000e-02
1.8916289912e+01 1.4284800000e+00 5.9120000000e-02
1.8922860090e+01 1.4282600000e+00 5.9320000000e-02
1.8929420143e+01 1.4279600000e+00 5.9460000000e-02
1.8935990123e+01 1.4278100000e+00 5.9640000000e-02
1.8942549955e+01 1.4278100000e+00 5.9850000000e-02
1.8949120078e+01 1.4279500000e+00 6.0090000000e-02
1.8955680028e+01 1.4282400000e+00 6.0360000000e-02
1.8962249915e+01 1.4286200000e+00 6.0640000000e-02
1.8968820040e+01 1.4290100000e+00 6.0880000000e-02
1.8975379957e+01 1.4293700000e+00 6.1080000000e-02
1.8981950177e+01 1.4297000000e+00 6.1230000000e-02
1.8988510166e+01 1.4300000000e+00 6.1340000000e-02
1.8995080103e+01 1.4303900000e+00 6.1390000000e-02
1.9001640146e+01 1.4309600000e+00 6.1390000000e-02
1.9008210140e+01 1.4317000000e+00 6.1360000000e-02
1.9014779979e+01 1.4326200000e+00 6.1280000000e-02
1.9021339889e+01 1.4337000000e+00 6.1160000000e-02
1.9027910120e+01 1.4348300000e+00 6.1050000000e-02
1.9034470036e+01 1.4358400000e+00 6.0990000000e-02
1.9041039915e+01 1.4367300000e+00 6.0980000000e-02
1.9047599819e+01 1.4375200000e+00 6.1020000000e-02
1.9054170053e+01 1.4381900000e+00 6.1110000000e-02
1.9060740098e+01 1.4387400000e+00 6.1220000000e-02
1.9067300133e+01 1.4391300000e+00 6.1260000000e-02
1.9073870143e+01 1.4393400000e+00 6.1220000000e-02
1.9080430119e+01 1.4393300000e+00 6.1120000000e-02
1.9087000073e+01 1.4391100000e+00 6.0960000000e-02
1.9093559971e+01 1.4386800000e+00 6.0730000000e-02
1.9100129852e+01 1.4383400000e+00 6.0340000000e-02
1.9106690018e+01 1.4381200000e+00 5.9780000000e-02
1.9113260172e+01 1.4380700000e+00 5.9020000000e-02
1.9119830094e+01 1.4382100000e+00 5.8060000000e-02
1.9126389900e+01 1.4385100000e+00 5.6900000000e-02
1.9132960067e+01 1.4388400000e+00 5.5730000000e-02
1.9139520096e+01 1.4391000000e+00 5.4640000000e-02
1.9146090124e+01 1.4392800000e+00 5.3640000000e-02
1.9152649991e+01 1.4393400000e+00 5.2760000000e-02
1.9159219861e+01 1.4393100000e+00 5.1980000000e-02
1.9165789832e+01 1.4392400000e+00 5.1300000000e-02
1.9172349974e+01 1.4392600000e+00 5.0700000000e-02
1.9178920127e+01 1.4393900000e+00 5.0160000000e-02
1.9185480060e+01 1.4396400000e+00 4.9710000000e-02
1.9192050008e+01 1.4400100000e+00 4.9350000000e-02
1.9198610082e+01 1.4405000000e+00 4.9080000000e-02
1.9205180175e+01 1.4409000000e+00 4.8810000000e-02
1.9211749968e+01 1.4412000000e+00 4.8530000000e-02
1.9218309853e+01 1.4414100000e+00 4.8250000000e-02
1.9224880132e+01 1.4415100000e+00 4.7950000000e-02
1.9231440112e+01 1.4415000000e+00 4.7640000000e-02
1.9238010122e+01 1.4414600000e+00 4.7340000000e-02
1.9244570178e+01 1.4414300000e+00 4.7060000000e-02
1.9251139898e+01 1.4414000000e+00 4.6810000000e-02
1.9257710026e+01 1.4413500000e+00 4.6580000000e-02
1.9264270167e+01 1.4412800000e+00 4.6370000000e-02
1.9270839978e+01 1.4411800000e+00 4.6180000000e-02
1.9277400150e+01 1.4410700000e+00 4.5990000000e-02
1.9283969996e+01 1.4409200000e+00 4.5810000000e-02
1.9290530180e+01 1.4407800000e+00 4.5650000000e-02
1.9297100043e+01 1.4406700000e+00 4.5520000000e-02
1.9303669911e+01 1.4405900000e+00 4.5420000000e-02
1.9310230085e+01 1.4405200000e+00 4.5360000000e-02
1.9316799943e+01 1.4404600000e+00 4.5330000000e-02
1.9323360083e+01 1.4404100000e+00 4.5330000000e-02
1.9329929913e+01 1.4403400000e+00 4.5300000000e-02
1.9336490002e+01 1.4402400000e+00 4.5240000000e-02
1.9343060159e+01 1.4401300000e+00 4.5140000000e-02
1.9349629914e+01 1.4400400000e+00 4.5000000000e-02
1.9356189897e+01 1.4399800000e+00 4.4810000000e-02
1.9362759952e+01 1.4399400000e+00 4.4570000000e-02
1.9369319838e+01 1.4399500000e+00 4.4270000000e-02
1.9375890177e+01 1.4400100000e+00 4.3920000000e-02
1.9382449947e+01 1.4400500000e+00 4.3550000000e-02
1.9389020176e+01 1.4400800000e+00 4.3150000000e-02
1.9395589970e+01 1.4400900000e+00 4.2720000000e-02
1.9402149913e+01 1.4401400000e+00 4.2340000000e-02
1.9408719946e+01 1.4402200000e+00 4.2020000000e-02
1.9415280105e+01 1.4403700000e+00 4.1740000000e-02
1.9421849981e+01 1.4405800000e+00 4.1510000000e-02
1.9428409962e+01 1.4408700000e+00 4.1310000000e-02
1.9434980041e+01 1.4411900000e+00 4.1140000000e-02
1.9441550030e+01 1.4414800000e+00 4.0980000000e-02
1.9448110089e+01 1.4417300000e+00 4.0810000000e-02
1.9454679876e+01 1.4419200000e+00 4.0630000000e-02
1.9461240089e+01 1.4420500000e+00 4.0430000000e-02
1.9467810035e+01 1.4421200000e+00 4.0220000000e-02
1.9474370006e+01 1.4421400000e+00 3.9990000000e-02
1.9480940092e+01 1.4421100000e+00 3.9750000000e-02
1.9487500181e+01 1.4420400000e+00 3.9500000000e-02
1.9494070011e+01 1.4419300000e+00 3.9260000000e-02
1.9500640089e+01 1.4417800000e+00 3.9010000000e-02
1.9507200137e+01 1.4416000000e+00 3.8760000000e-02
1.9513769931e+01 1.4414700000e+00 3.8520000000e-02
1.9520330053e+01 1.4413700000e+00 3.8270000000e-02
1.9526899925e+01 1.4413600000e+00 3.8020000000e-02
1.9533460104e+01 1.4414100000e+00 3.7770000000e-02
1.9540030038e+01 1.4415300000e+00 3.7520000000e-02
1.9546600189e+01 1.4417100000e+00 3.7260000000e-02
1.9553159850e+01 1.4418800000e+00 3.7000000000e-02
1.9559730037e+01 1.4420300000e+00 3.6710000000e-02
1.9566290092e+01 1.4421300000e+00 3.6390000000e-02
1.9572859912e+01 1.4421700000e+00 3.6030000000e-02
1.9579419962e+01 1.4421700000e+00 3.5630000000e-02
1.9585990165e+01 1.4421300000e+00 3.5200000000e-02
1.9592560172e+01 1.4420600000e+00 3.4750000000e-02
1.9599119992e+01 1.4420000000e+00 3.4340000000e-02
1.9605689971e+01 1.4419400000e+00 3.3960000000e-02
1.9612250125e+01 1.4419000000e+00 3.3610000000e-02
1.9618820059e+01 1.4418600000e+00 3.3300000000e-02
1.9625380146e+01 1.4418600000e+00 3.3010000000e-02
1.9631950017e+01 1.4418900000e+00 3.2740000000e-02
1.9638520046e+01 1.4419400000e+00 3.2480000000e-02
1.9645079808e+01 1.4420100000e+00 3.2250000000e-02
1.9651650133e+01 1.4421000000e+00 3.2050000000e-02
1.9658210170e+01 1.4422000000e+00 3.1860000000e-02
1.9664780001e+01 1.4423100000e+00 3.1730000000e-02
1.9671339908e+01 1.4423900000e+00 3.1570000000e-02
1.9677910001e+01 1.4424300000e+00 3.1370000000e-02
1.9684479835e+01 1.4424300000e+00 3.1140000000e-02
1.9691040098e+01 1.4423900000e+00 3.0860000000e-02
1.9697610168e+01 1.4423000000e+00 3.0560000000e-02
1.9704169869e+01 1.4421600000e+00 3.0260000000e-02
1.9710740158e+01 1.4420500000e+00 2.9980000000e-02
1.9717300056e+01 1.4419800000e+00 2.9720000000e-02
1.9723870157e+01 1.4419400000e+00 2.9490000000e-02
1.9730439967e+01 1.4419400000e+00 2.9280000000e-02
1.9737000131e+01 1.4419800000e+00 2.9060000000e-02
1.9743570116e+01 1.4420600000e+00 2.8810000000e-02
1.9750130045e+01 1.4421900000e+00 2.8550000000e-02
1.9756700189e+01 1.4423600000e+00 2.8250000000e-02
1.9763259863e+01 1.4425700000e+00 2.7940000000e-02
1.9769830148e+01 1.4428200000e+00 2.7600000000e-02
1.9776400110e+01 1.4431100000e+00 2.7230000000e-02
1.9782959959e+01 1.4433500000e+00 2.6840000000e-02
1.9789530036e+01 1.4435500000e+00 2.6420000000e-02
1.9796089979e+01 1.4437000000e+00 2.5980000000e-02
1.9802660155e+01 1.4438100000e+00 2.5510000000e-02
1.9809220174e+01 1.4438800000e+00 2.5010000000e-02
1.9815790038e+01 1.4438500000e+00 2.4790000000e-02
1.9822350116e+01 1.4438500000e+00 2.4570000000e-02
1.9828920044e+01 1.4438800000e+00 2.4350000000e-02
1.9835490000e+01 1.4439400000e+00 2.4140000000e-02
1.9842050138e+01 1.4440200000e+00 2.3940000000e-02
1.9848620132e+01 1.4441500000e+00 2.3740000000e-02
1.9855179892e+01 1.4443000000e+00 2.3540000000e-02
1.9861749906e+01 1.4444700000e+00 2.3330000000e-02
1.9868310059e+01 1.4446600000e+00 2.3130000000e-02
1.9874880077e+01 1.4448700000e+00 2.2920000000e-02
1.9881450094e+01 1.4451100000e+00 2.2710000000e-02
1.9888009821e+01 1.4453800000e+00 2.2500000000e-02
1.9894579815e+01 1.4456300000e+00 2.2310000000e-02
1.9901139894e+01 1.4458700000e+00 2.2150000000e-02
1.9907709848e+01 1.4460700000e+00 2.2020000000e-02
1.9914269865e+01 1.4462500000e+00 2.1930000000e-02
1.9920840159e+01 1.4464000000e+00 2.1890000000e-02
1.9927410025e+01 1.4465200000e+00 2.1880000000e-02
1.9933969921e+01 1.4466100000e+00 2.1880000000e-02
1.9940540101e+01 1.4466700000e+00 2.1870000000e-02
